execution_date,market,realized_weight,source_run_id,source_artifact_sha256
2025-01-02,CN,0.1570027571870014,p12v4m6-B-ppo-s1024,416ff1829ee756ca42b2b3f3ac00d97021798aea8df9b30d5433071d80bc8eae
2025-01-02,HK,0.07558800233528018,p12v4m6-B-ppo-s1024,416ff1829ee756ca42b2b3f3ac00d97021798aea8df9b30d5433071d80bc8eae
2025-01-02,JP,0.0,p12v4m6-B-ppo-s1024,416ff1829ee756ca42b2b3f3ac00d97021798aea8df9b30d5433071d80bc8eae
2025-01-02,US,0.26412311056628823,p12v4m6-B-ppo-s1024,416ff1829ee756ca42b2b3f3ac00d97021798aea8df9b30d5433071d80bc8eae
2025-01-03,CN,0.16123263852205127,p12v4m6-B-ppo-s1024,416ff1829ee756ca42b2b3f3ac00d97021798aea8df9b30d5433071d80bc8eae
2025-01-03,HK,0.08031166484579444,p12v4m6-B-ppo-s1024,416ff1829ee756ca42b2b3f3ac00d97021798aea8df9b30d5433071d80bc8eae
2025-01-03,JP,0.0,p12v4m6-B-ppo-s1024,416ff1829ee756ca42b2b3f3ac00d97021798aea8df9b30d5433071d80bc8eae
2025-01-03,US,0.28654477884992957,p12v4m6-B-ppo-s1024,416ff1829ee756ca42b2b3f3ac00d97021798aea8df9b30d5433071d80bc8eae
2025-01-06,CN,0.18086468591354787,p12v4m6-B-ppo-s1024,416ff1829ee756ca42b2b3f3ac00d97021798aea8df9b30d5433071d80bc8eae
2025-01-06,HK,0.08151637110859156,p12v4m6-B-ppo-s1024,416ff1829ee756ca42b2b3f3ac00d97021798aea8df9b30d5433071d80bc8eae
2025-01-06,JP,0.17772548645734787,p12v4m6-B-ppo-s1024,416ff1829ee756ca42b2b3f3ac00d97021798aea8df9b30d5433071d80bc8eae
2025-01-06,US,0.2848333306610584,p12v4m6-B-ppo-s1024,416ff1829ee756ca42b2b3f3ac00d97021798aea8df9b30d5433071d80bc8eae
2025-01-07,CN,0.1840837801573798,p12v4m6-B-ppo-s1024,416ff1829ee756ca42b2b3f3ac00d97021798aea8df9b30d5433071d80bc8eae
2025-01-07,HK,0.08321091625839472,p12v4m6-B-ppo-s1024,416ff1829ee756ca42b2b3f3ac00d97021798aea8df9b30d5433071d80bc8eae
2025-01-07,JP,0.17902086675167084,p12v4m6-B-ppo-s1024,416ff1829ee756ca42b2b3f3ac00d97021798aea8df9b30d5433071d80bc8eae
2025-01-07,US,0.28101695887744427,p12v4m6-B-ppo-s1024,416ff1829ee756ca42b2b3f3ac00d97021798aea8df9b30d5433071d80bc8eae
2025-01-08,CN,0.18411654059309512,p12v4m6-B-ppo-s1024,416ff1829ee756ca42b2b3f3ac00d97021798aea8df9b30d5433071d80bc8eae
2025-01-08,HK,0.08223969489336014,p12v4m6-B-ppo-s1024,416ff1829ee756ca42b2b3f3ac00d97021798aea8df9b30d5433071d80bc8eae
2025-01-08,JP,0.17679619137197733,p12v4m6-B-ppo-s1024,416ff1829ee756ca42b2b3f3ac00d97021798aea8df9b30d5433071d80bc8eae
2025-01-08,US,0.2837602333165705,p12v4m6-B-ppo-s1024,416ff1829ee756ca42b2b3f3ac00d97021798aea8df9b30d5433071d80bc8eae
2025-01-09,CN,0.1853614755673334,p12v4m6-B-ppo-s1024,416ff1829ee756ca42b2b3f3ac00d97021798aea8df9b30d5433071d80bc8eae
2025-01-09,HK,0.08182572480291128,p12v4m6-B-ppo-s1024,416ff1829ee756ca42b2b3f3ac00d97021798aea8df9b30d5433071d80bc8eae
2025-01-09,JP,0.17793585639446974,p12v4m6-B-ppo-s1024,416ff1829ee756ca42b2b3f3ac00d97021798aea8df9b30d5433071d80bc8eae
2025-01-09,US,0.28370380494743586,p12v4m6-B-ppo-s1024,416ff1829ee756ca42b2b3f3ac00d97021798aea8df9b30d5433071d80bc8eae
2025-01-10,CN,0.17898263013921678,p12v4m6-B-ppo-s1024,416ff1829ee756ca42b2b3f3ac00d97021798aea8df9b30d5433071d80bc8eae
2025-01-10,HK,0.08240276668220758,p12v4m6-B-ppo-s1024,416ff1829ee756ca42b2b3f3ac00d97021798aea8df9b30d5433071d80bc8eae
2025-01-10,JP,0.17981030885130167,p12v4m6-B-ppo-s1024,416ff1829ee756ca42b2b3f3ac00d97021798aea8df9b30d5433071d80bc8eae
2025-01-10,US,0.2826072033494711,p12v4m6-B-ppo-s1024,416ff1829ee756ca42b2b3f3ac00d97021798aea8df9b30d5433071d80bc8eae
2025-01-13,CN,0.18323602341115475,p12v4m6-B-ppo-s1024,416ff1829ee756ca42b2b3f3ac00d97021798aea8df9b30d5433071d80bc8eae
2025-01-13,HK,0.08156563201919198,p12v4m6-B-ppo-s1024,416ff1829ee756ca42b2b3f3ac00d97021798aea8df9b30d5433071d80bc8eae
2025-01-13,JP,0.1804325534030795,p12v4m6-B-ppo-s1024,416ff1829ee756ca42b2b3f3ac00d97021798aea8df9b30d5433071d80bc8eae
2025-01-13,US,0.28452146193012595,p12v4m6-B-ppo-s1024,416ff1829ee756ca42b2b3f3ac00d97021798aea8df9b30d5433071d80bc8eae
2025-01-14,CN,0.1876614346401766,p12v4m6-B-ppo-s1024,416ff1829ee756ca42b2b3f3ac00d97021798aea8df9b30d5433071d80bc8eae
2025-01-14,HK,0.08348848251625896,p12v4m6-B-ppo-s1024,416ff1829ee756ca42b2b3f3ac00d97021798aea8df9b30d5433071d80bc8eae
2025-01-14,JP,0.17665140517055988,p12v4m6-B-ppo-s1024,416ff1829ee756ca42b2b3f3ac00d97021798aea8df9b30d5433071d80bc8eae
2025-01-14,US,0.2816220838576555,p12v4m6-B-ppo-s1024,416ff1829ee756ca42b2b3f3ac00d97021798aea8df9b30d5433071d80bc8eae
2025-01-15,CN,0.18294114037416875,p12v4m6-B-ppo-s1024,416ff1829ee756ca42b2b3f3ac00d97021798aea8df9b30d5433071d80bc8eae
2025-01-15,HK,0.08214759035035968,p12v4m6-B-ppo-s1024,416ff1829ee756ca42b2b3f3ac00d97021798aea8df9b30d5433071d80bc8eae
2025-01-15,JP,0.17843942996114492,p12v4m6-B-ppo-s1024,416ff1829ee756ca42b2b3f3ac00d97021798aea8df9b30d5433071d80bc8eae
2025-01-15,US,0.28263966739177704,p12v4m6-B-ppo-s1024,416ff1829ee756ca42b2b3f3ac00d97021798aea8df9b30d5433071d80bc8eae
2025-01-16,CN,0.18275458680000156,p12v4m6-B-ppo-s1024,416ff1829ee756ca42b2b3f3ac00d97021798aea8df9b30d5433071d80bc8eae
2025-01-16,HK,0.0821007271297276,p12v4m6-B-ppo-s1024,416ff1829ee756ca42b2b3f3ac00d97021798aea8df9b30d5433071d80bc8eae
2025-01-16,JP,0.17900509107857943,p12v4m6-B-ppo-s1024,416ff1829ee756ca42b2b3f3ac00d97021798aea8df9b30d5433071d80bc8eae
2025-01-16,US,0.28365523600950837,p12v4m6-B-ppo-s1024,416ff1829ee756ca42b2b3f3ac00d97021798aea8df9b30d5433071d80bc8eae
2025-01-17,CN,0.18281355465296656,p12v4m6-B-ppo-s1024,416ff1829ee756ca42b2b3f3ac00d97021798aea8df9b30d5433071d80bc8eae
2025-01-17,HK,0.08145397435873747,p12v4m6-B-ppo-s1024,416ff1829ee756ca42b2b3f3ac00d97021798aea8df9b30d5433071d80bc8eae
2025-01-17,JP,0.17988839652389288,p12v4m6-B-ppo-s1024,416ff1829ee756ca42b2b3f3ac00d97021798aea8df9b30d5433071d80bc8eae
2025-01-17,US,0.2827893830835819,p12v4m6-B-ppo-s1024,416ff1829ee756ca42b2b3f3ac00d97021798aea8df9b30d5433071d80bc8eae
2025-01-20,CN,0.18375532410573214,p12v4m6-B-ppo-s1024,416ff1829ee756ca42b2b3f3ac00d97021798aea8df9b30d5433071d80bc8eae
2025-01-20,HK,0.08152908133342862,p12v4m6-B-ppo-s1024,416ff1829ee756ca42b2b3f3ac00d97021798aea8df9b30d5433071d80bc8eae
2025-01-20,JP,0.17994767427444458,p12v4m6-B-ppo-s1024,416ff1829ee756ca42b2b3f3ac00d97021798aea8df9b30d5433071d80bc8eae
2025-01-20,US,0.28215194400399923,p12v4m6-B-ppo-s1024,416ff1829ee756ca42b2b3f3ac00d97021798aea8df9b30d5433071d80bc8eae
2025-01-21,CN,0.18230130418669432,p12v4m6-B-ppo-s1024,416ff1829ee756ca42b2b3f3ac00d97021798aea8df9b30d5433071d80bc8eae
2025-01-21,HK,0.08119220100343227,p12v4m6-B-ppo-s1024,416ff1829ee756ca42b2b3f3ac00d97021798aea8df9b30d5433071d80bc8eae
2025-01-21,JP,0.17983612697571516,p12v4m6-B-ppo-s1024,416ff1829ee756ca42b2b3f3ac00d97021798aea8df9b30d5433071d80bc8eae
2025-01-21,US,0.28449328197166324,p12v4m6-B-ppo-s1024,416ff1829ee756ca42b2b3f3ac00d97021798aea8df9b30d5433071d80bc8eae
2025-01-22,CN,0.1829323540441692,p12v4m6-B-ppo-s1024,416ff1829ee756ca42b2b3f3ac00d97021798aea8df9b30d5433071d80bc8eae
2025-01-22,HK,0.08099817018955946,p12v4m6-B-ppo-s1024,416ff1829ee756ca42b2b3f3ac00d97021798aea8df9b30d5433071d80bc8eae
2025-01-22,JP,0.1802237732335925,p12v4m6-B-ppo-s1024,416ff1829ee756ca42b2b3f3ac00d97021798aea8df9b30d5433071d80bc8eae
2025-01-22,US,0.2829897911287844,p12v4m6-B-ppo-s1024,416ff1829ee756ca42b2b3f3ac00d97021798aea8df9b30d5433071d80bc8eae
2025-01-23,CN,0.18072099762503058,p12v4m6-B-ppo-s1024,416ff1829ee756ca42b2b3f3ac00d97021798aea8df9b30d5433071d80bc8eae
2025-01-23,HK,0.08270036429166794,p12v4m6-B-ppo-s1024,416ff1829ee756ca42b2b3f3ac00d97021798aea8df9b30d5433071d80bc8eae
2025-01-23,JP,0.1786938514560461,p12v4m6-B-ppo-s1024,416ff1829ee756ca42b2b3f3ac00d97021798aea8df9b30d5433071d80bc8eae
2025-01-23,US,0.28463008254766464,p12v4m6-B-ppo-s1024,416ff1829ee756ca42b2b3f3ac00d97021798aea8df9b30d5433071d80bc8eae
2025-01-24,CN,0.183901478885673,p12v4m6-B-ppo-s1024,416ff1829ee756ca42b2b3f3ac00d97021798aea8df9b30d5433071d80bc8eae
2025-01-24,HK,0.08167682215571404,p12v4m6-B-ppo-s1024,416ff1829ee756ca42b2b3f3ac00d97021798aea8df9b30d5433071d80bc8eae
2025-01-24,JP,0.17825531493872404,p12v4m6-B-ppo-s1024,416ff1829ee756ca42b2b3f3ac00d97021798aea8df9b30d5433071d80bc8eae
2025-01-24,US,0.28423062060028315,p12v4m6-B-ppo-s1024,416ff1829ee756ca42b2b3f3ac00d97021798aea8df9b30d5433071d80bc8eae
2025-01-27,CN,0.18102063611149788,p12v4m6-B-ppo-s1024,416ff1829ee756ca42b2b3f3ac00d97021798aea8df9b30d5433071d80bc8eae
2025-01-27,HK,0.0819666562601924,p12v4m6-B-ppo-s1024,416ff1829ee756ca42b2b3f3ac00d97021798aea8df9b30d5433071d80bc8eae
2025-01-27,JP,0.18016674183309078,p12v4m6-B-ppo-s1024,416ff1829ee756ca42b2b3f3ac00d97021798aea8df9b30d5433071d80bc8eae
2025-01-27,US,0.2838262962177396,p12v4m6-B-ppo-s1024,416ff1829ee756ca42b2b3f3ac00d97021798aea8df9b30d5433071d80bc8eae
2025-01-28,CN,0.18180017359554768,p12v4m6-B-ppo-s1024,416ff1829ee756ca42b2b3f3ac00d97021798aea8df9b30d5433071d80bc8eae
2025-01-28,HK,0.08189214440062642,p12v4m6-B-ppo-s1024,416ff1829ee756ca42b2b3f3ac00d97021798aea8df9b30d5433071d80bc8eae
2025-01-28,JP,0.180458708666265,p12v4m6-B-ppo-s1024,416ff1829ee756ca42b2b3f3ac00d97021798aea8df9b30d5433071d80bc8eae
2025-01-28,US,0.2827107906341553,p12v4m6-B-ppo-s1024,416ff1829ee756ca42b2b3f3ac00d97021798aea8df9b30d5433071d80bc8eae
2025-01-29,CN,0.18282604648265988,p12v4m6-B-ppo-s1024,416ff1829ee756ca42b2b3f3ac00d97021798aea8df9b30d5433071d80bc8eae
2025-01-29,HK,0.08201386872678995,p12v4m6-B-ppo-s1024,416ff1829ee756ca42b2b3f3ac00d97021798aea8df9b30d5433071d80bc8eae
2025-01-29,JP,0.18041764851659536,p12v4m6-B-ppo-s1024,416ff1829ee756ca42b2b3f3ac00d97021798aea8df9b30d5433071d80bc8eae
2025-01-29,US,0.27996019972488284,p12v4m6-B-ppo-s1024,416ff1829ee756ca42b2b3f3ac00d97021798aea8df9b30d5433071d80bc8eae
2025-01-30,CN,0.18340781785082072,p12v4m6-B-ppo-s1024,416ff1829ee756ca42b2b3f3ac00d97021798aea8df9b30d5433071d80bc8eae
2025-01-30,HK,0.08205165294930339,p12v4m6-B-ppo-s1024,416ff1829ee756ca42b2b3f3ac00d97021798aea8df9b30d5433071d80bc8eae
2025-01-30,JP,0.181105419062078,p12v4m6-B-ppo-s1024,416ff1829ee756ca42b2b3f3ac00d97021798aea8df9b30d5433071d80bc8eae
2025-01-30,US,0.28194838110357523,p12v4m6-B-ppo-s1024,416ff1829ee756ca42b2b3f3ac00d97021798aea8df9b30d5433071d80bc8eae
2025-01-31,CN,0.18352837266866118,p12v4m6-B-ppo-s1024,416ff1829ee756ca42b2b3f3ac00d97021798aea8df9b30d5433071d80bc8eae
2025-01-31,HK,0.0819456148892641,p12v4m6-B-ppo-s1024,416ff1829ee756ca42b2b3f3ac00d97021798aea8df9b30d5433071d80bc8eae
2025-01-31,JP,0.17950160801410675,p12v4m6-B-ppo-s1024,416ff1829ee756ca42b2b3f3ac00d97021798aea8df9b30d5433071d80bc8eae
2025-01-31,US,0.28055335069075227,p12v4m6-B-ppo-s1024,416ff1829ee756ca42b2b3f3ac00d97021798aea8df9b30d5433071d80bc8eae
2025-02-03,CN,0.18326069985050708,p12v4m6-B-ppo-s1024,416ff1829ee756ca42b2b3f3ac00d97021798aea8df9b30d5433071d80bc8eae
2025-02-03,HK,0.08212322881445289,p12v4m6-B-ppo-s1024,416ff1829ee756ca42b2b3f3ac00d97021798aea8df9b30d5433071d80bc8eae
2025-02-03,JP,0.1789129627868533,p12v4m6-B-ppo-s1024,416ff1829ee756ca42b2b3f3ac00d97021798aea8df9b30d5433071d80bc8eae
2025-02-03,US,0.28425780590623617,p12v4m6-B-ppo-s1024,416ff1829ee756ca42b2b3f3ac00d97021798aea8df9b30d5433071d80bc8eae
2025-02-04,CN,0.18376291857566684,p12v4m6-B-ppo-s1024,416ff1829ee756ca42b2b3f3ac00d97021798aea8df9b30d5433071d80bc8eae
2025-02-04,HK,0.08210806734859943,p12v4m6-B-ppo-s1024,416ff1829ee756ca42b2b3f3ac00d97021798aea8df9b30d5433071d80bc8eae
2025-02-04,JP,0.17654654290527105,p12v4m6-B-ppo-s1024,416ff1829ee756ca42b2b3f3ac00d97021798aea8df9b30d5433071d80bc8eae
2025-02-04,US,0.2852338715456426,p12v4m6-B-ppo-s1024,416ff1829ee756ca42b2b3f3ac00d97021798aea8df9b30d5433071d80bc8eae
2025-02-05,CN,0.1824706590268761,p12v4m6-B-ppo-s1024,416ff1829ee756ca42b2b3f3ac00d97021798aea8df9b30d5433071d80bc8eae
2025-02-05,HK,0.08205408789217472,p12v4m6-B-ppo-s1024,416ff1829ee756ca42b2b3f3ac00d97021798aea8df9b30d5433071d80bc8eae
2025-02-05,JP,0.1780574768781662,p12v4m6-B-ppo-s1024,416ff1829ee756ca42b2b3f3ac00d97021798aea8df9b30d5433071d80bc8eae
2025-02-05,US,0.28492534067481756,p12v4m6-B-ppo-s1024,416ff1829ee756ca42b2b3f3ac00d97021798aea8df9b30d5433071d80bc8eae
2025-02-06,CN,0.1838258426869288,p12v4m6-B-ppo-s1024,416ff1829ee756ca42b2b3f3ac00d97021798aea8df9b30d5433071d80bc8eae
2025-02-06,HK,0.08264116011559963,p12v4m6-B-ppo-s1024,416ff1829ee756ca42b2b3f3ac00d97021798aea8df9b30d5433071d80bc8eae
2025-02-06,JP,0.18027152307331562,p12v4m6-B-ppo-s1024,416ff1829ee756ca42b2b3f3ac00d97021798aea8df9b30d5433071d80bc8eae
2025-02-06,US,0.2812083135358989,p12v4m6-B-ppo-s1024,416ff1829ee756ca42b2b3f3ac00d97021798aea8df9b30d5433071d80bc8eae
2025-02-07,CN,0.18579185847193003,p12v4m6-B-ppo-s1024,416ff1829ee756ca42b2b3f3ac00d97021798aea8df9b30d5433071d80bc8eae
2025-02-07,HK,0.08251809002831578,p12v4m6-B-ppo-s1024,416ff1829ee756ca42b2b3f3ac00d97021798aea8df9b30d5433071d80bc8eae
2025-02-07,JP,0.1798795098438859,p12v4m6-B-ppo-s1024,416ff1829ee756ca42b2b3f3ac00d97021798aea8df9b30d5433071d80bc8eae
2025-02-07,US,0.2792377471923828,p12v4m6-B-ppo-s1024,416ff1829ee756ca42b2b3f3ac00d97021798aea8df9b30d5433071d80bc8eae
2025-02-10,CN,0.18590702197980136,p12v4m6-B-ppo-s1024,416ff1829ee756ca42b2b3f3ac00d97021798aea8df9b30d5433071d80bc8eae
2025-02-10,HK,0.08310995949432254,p12v4m6-B-ppo-s1024,416ff1829ee756ca42b2b3f3ac00d97021798aea8df9b30d5433071d80bc8eae
2025-02-10,JP,0.17857665661722422,p12v4m6-B-ppo-s1024,416ff1829ee756ca42b2b3f3ac00d97021798aea8df9b30d5433071d80bc8eae
2025-02-10,US,0.2794727114960551,p12v4m6-B-ppo-s1024,416ff1829ee756ca42b2b3f3ac00d97021798aea8df9b30d5433071d80bc8eae
2025-02-11,CN,0.1852424485841766,p12v4m6-B-ppo-s1024,416ff1829ee756ca42b2b3f3ac00d97021798aea8df9b30d5433071d80bc8eae
2025-02-11,HK,0.08157974854111671,p12v4m6-B-ppo-s1024,416ff1829ee756ca42b2b3f3ac00d97021798aea8df9b30d5433071d80bc8eae
2025-02-11,JP,0.17769434489309788,p12v4m6-B-ppo-s1024,416ff1829ee756ca42b2b3f3ac00d97021798aea8df9b30d5433071d80bc8eae
2025-02-11,US,0.2833490506745875,p12v4m6-B-ppo-s1024,416ff1829ee756ca42b2b3f3ac00d97021798aea8df9b30d5433071d80bc8eae
2025-02-12,CN,0.18528495740611106,p12v4m6-B-ppo-s1024,416ff1829ee756ca42b2b3f3ac00d97021798aea8df9b30d5433071d80bc8eae
2025-02-12,HK,0.08366416115313768,p12v4m6-B-ppo-s1024,416ff1829ee756ca42b2b3f3ac00d97021798aea8df9b30d5433071d80bc8eae
2025-02-12,JP,0.17680510599166155,p12v4m6-B-ppo-s1024,416ff1829ee756ca42b2b3f3ac00d97021798aea8df9b30d5433071d80bc8eae
2025-02-12,US,0.2827398218214512,p12v4m6-B-ppo-s1024,416ff1829ee756ca42b2b3f3ac00d97021798aea8df9b30d5433071d80bc8eae
2025-02-13,CN,0.18275125848595053,p12v4m6-B-ppo-s1024,416ff1829ee756ca42b2b3f3ac00d97021798aea8df9b30d5433071d80bc8eae
2025-02-13,HK,0.08152255229651928,p12v4m6-B-ppo-s1024,416ff1829ee756ca42b2b3f3ac00d97021798aea8df9b30d5433071d80bc8eae
2025-02-13,JP,0.17984429374337196,p12v4m6-B-ppo-s1024,416ff1829ee756ca42b2b3f3ac00d97021798aea8df9b30d5433071d80bc8eae
2025-02-13,US,0.28339030174538493,p12v4m6-B-ppo-s1024,416ff1829ee756ca42b2b3f3ac00d97021798aea8df9b30d5433071d80bc8eae
2025-02-14,CN,0.18187645927537233,p12v4m6-B-ppo-s1024,416ff1829ee756ca42b2b3f3ac00d97021798aea8df9b30d5433071d80bc8eae
2025-02-14,HK,0.08210033690556884,p12v4m6-B-ppo-s1024,416ff1829ee756ca42b2b3f3ac00d97021798aea8df9b30d5433071d80bc8eae
2025-02-14,JP,0.1795995943248272,p12v4m6-B-ppo-s1024,416ff1829ee756ca42b2b3f3ac00d97021798aea8df9b30d5433071d80bc8eae
2025-02-14,US,0.28277223091572523,p12v4m6-B-ppo-s1024,416ff1829ee756ca42b2b3f3ac00d97021798aea8df9b30d5433071d80bc8eae
2025-02-17,CN,0.18430502444971353,p12v4m6-B-ppo-s1024,416ff1829ee756ca42b2b3f3ac00d97021798aea8df9b30d5433071d80bc8eae
2025-02-17,HK,0.08301742328330874,p12v4m6-B-ppo-s1024,416ff1829ee756ca42b2b3f3ac00d97021798aea8df9b30d5433071d80bc8eae
2025-02-17,JP,0.1791748208925128,p12v4m6-B-ppo-s1024,416ff1829ee756ca42b2b3f3ac00d97021798aea8df9b30d5433071d80bc8eae
2025-02-17,US,0.28104193042963743,p12v4m6-B-ppo-s1024,416ff1829ee756ca42b2b3f3ac00d97021798aea8df9b30d5433071d80bc8eae
2025-02-18,CN,0.178267985698767,p12v4m6-B-ppo-s1024,416ff1829ee756ca42b2b3f3ac00d97021798aea8df9b30d5433071d80bc8eae
2025-02-18,HK,0.08132168650627136,p12v4m6-B-ppo-s1024,416ff1829ee756ca42b2b3f3ac00d97021798aea8df9b30d5433071d80bc8eae
2025-02-18,JP,0.18114983662962914,p12v4m6-B-ppo-s1024,416ff1829ee756ca42b2b3f3ac00d97021798aea8df9b30d5433071d80bc8eae
2025-02-18,US,0.2848582458682358,p12v4m6-B-ppo-s1024,416ff1829ee756ca42b2b3f3ac00d97021798aea8df9b30d5433071d80bc8eae
2025-02-19,CN,0.1855948072625324,p12v4m6-B-ppo-s1024,416ff1829ee756ca42b2b3f3ac00d97021798aea8df9b30d5433071d80bc8eae
2025-02-19,HK,0.08150713238865137,p12v4m6-B-ppo-s1024,416ff1829ee756ca42b2b3f3ac00d97021798aea8df9b30d5433071d80bc8eae
2025-02-19,JP,0.17955068312585354,p12v4m6-B-ppo-s1024,416ff1829ee756ca42b2b3f3ac00d97021798aea8df9b30d5433071d80bc8eae
2025-02-19,US,0.2819128464907408,p12v4m6-B-ppo-s1024,416ff1829ee756ca42b2b3f3ac00d97021798aea8df9b30d5433071d80bc8eae
2025-02-20,CN,0.18247898726258427,p12v4m6-B-ppo-s1024,416ff1829ee756ca42b2b3f3ac00d97021798aea8df9b30d5433071d80bc8eae
2025-02-20,HK,0.08257873263210058,p12v4m6-B-ppo-s1024,416ff1829ee756ca42b2b3f3ac00d97021798aea8df9b30d5433071d80bc8eae
2025-02-20,JP,0.17830841895192862,p12v4m6-B-ppo-s1024,416ff1829ee756ca42b2b3f3ac00d97021798aea8df9b30d5433071d80bc8eae
2025-02-20,US,0.2838398711755872,p12v4m6-B-ppo-s1024,416ff1829ee756ca42b2b3f3ac00d97021798aea8df9b30d5433071d80bc8eae
2025-02-21,CN,0.18431912851519883,p12v4m6-B-ppo-s1024,416ff1829ee756ca42b2b3f3ac00d97021798aea8df9b30d5433071d80bc8eae
2025-02-21,HK,0.08280985383316875,p12v4m6-B-ppo-s1024,416ff1829ee756ca42b2b3f3ac00d97021798aea8df9b30d5433071d80bc8eae
2025-02-21,JP,0.1807662444189191,p12v4m6-B-ppo-s1024,416ff1829ee756ca42b2b3f3ac00d97021798aea8df9b30d5433071d80bc8eae
2025-02-21,US,0.2783552100881934,p12v4m6-B-ppo-s1024,416ff1829ee756ca42b2b3f3ac00d97021798aea8df9b30d5433071d80bc8eae
2025-02-24,CN,0.183524084626697,p12v4m6-B-ppo-s1024,416ff1829ee756ca42b2b3f3ac00d97021798aea8df9b30d5433071d80bc8eae
2025-02-24,HK,0.08222378417849541,p12v4m6-B-ppo-s1024,416ff1829ee756ca42b2b3f3ac00d97021798aea8df9b30d5433071d80bc8eae
2025-02-24,JP,0.18147860653698444,p12v4m6-B-ppo-s1024,416ff1829ee756ca42b2b3f3ac00d97021798aea8df9b30d5433071d80bc8eae
2025-02-24,US,0.28085653809830546,p12v4m6-B-ppo-s1024,416ff1829ee756ca42b2b3f3ac00d97021798aea8df9b30d5433071d80bc8eae
2025-02-25,CN,0.18459606159012765,p12v4m6-B-ppo-s1024,416ff1829ee756ca42b2b3f3ac00d97021798aea8df9b30d5433071d80bc8eae
2025-02-25,HK,0.08178832801058888,p12v4m6-B-ppo-s1024,416ff1829ee756ca42b2b3f3ac00d97021798aea8df9b30d5433071d80bc8eae
2025-02-25,JP,0.1807048786431551,p12v4m6-B-ppo-s1024,416ff1829ee756ca42b2b3f3ac00d97021798aea8df9b30d5433071d80bc8eae
2025-02-25,US,0.2798775602132082,p12v4m6-B-ppo-s1024,416ff1829ee756ca42b2b3f3ac00d97021798aea8df9b30d5433071d80bc8eae
2025-02-26,CN,0.18443798879161477,p12v4m6-B-ppo-s1024,416ff1829ee756ca42b2b3f3ac00d97021798aea8df9b30d5433071d80bc8eae
2025-02-26,HK,0.08251562900841236,p12v4m6-B-ppo-s1024,416ff1829ee756ca42b2b3f3ac00d97021798aea8df9b30d5433071d80bc8eae
2025-02-26,JP,0.17925930861383677,p12v4m6-B-ppo-s1024,416ff1829ee756ca42b2b3f3ac00d97021798aea8df9b30d5433071d80bc8eae
2025-02-26,US,0.2799108778126538,p12v4m6-B-ppo-s1024,416ff1829ee756ca42b2b3f3ac00d97021798aea8df9b30d5433071d80bc8eae
2025-02-27,CN,0.18367027339991182,p12v4m6-B-ppo-s1024,416ff1829ee756ca42b2b3f3ac00d97021798aea8df9b30d5433071d80bc8eae
2025-02-27,HK,0.08203431777656078,p12v4m6-B-ppo-s1024,416ff1829ee756ca42b2b3f3ac00d97021798aea8df9b30d5433071d80bc8eae
2025-02-27,JP,0.18055273685604334,p12v4m6-B-ppo-s1024,416ff1829ee756ca42b2b3f3ac00d97021798aea8df9b30d5433071d80bc8eae
2025-02-27,US,0.28033733693882823,p12v4m6-B-ppo-s1024,416ff1829ee756ca42b2b3f3ac00d97021798aea8df9b30d5433071d80bc8eae
2025-02-28,CN,0.18003378785215318,p12v4m6-B-ppo-s1024,416ff1829ee756ca42b2b3f3ac00d97021798aea8df9b30d5433071d80bc8eae
2025-02-28,HK,0.08131749462336302,p12v4m6-B-ppo-s1024,416ff1829ee756ca42b2b3f3ac00d97021798aea8df9b30d5433071d80bc8eae
2025-02-28,JP,0.1793245542794466,p12v4m6-B-ppo-s1024,416ff1829ee756ca42b2b3f3ac00d97021798aea8df9b30d5433071d80bc8eae
2025-02-28,US,0.2859470876865089,p12v4m6-B-ppo-s1024,416ff1829ee756ca42b2b3f3ac00d97021798aea8df9b30d5433071d80bc8eae
2025-03-03,CN,0.1829607600811869,p12v4m6-B-ppo-s1024,416ff1829ee756ca42b2b3f3ac00d97021798aea8df9b30d5433071d80bc8eae
2025-03-03,HK,0.08200035849586129,p12v4m6-B-ppo-s1024,416ff1829ee756ca42b2b3f3ac00d97021798aea8df9b30d5433071d80bc8eae
2025-03-03,JP,0.18092549312859774,p12v4m6-B-ppo-s1024,416ff1829ee756ca42b2b3f3ac00d97021798aea8df9b30d5433071d80bc8eae
2025-03-03,US,0.28131665848195553,p12v4m6-B-ppo-s1024,416ff1829ee756ca42b2b3f3ac00d97021798aea8df9b30d5433071d80bc8eae
2025-03-04,CN,0.18437347176950425,p12v4m6-B-ppo-s1024,416ff1829ee756ca42b2b3f3ac00d97021798aea8df9b30d5433071d80bc8eae
2025-03-04,HK,0.08240962354466319,p12v4m6-B-ppo-s1024,416ff1829ee756ca42b2b3f3ac00d97021798aea8df9b30d5433071d80bc8eae
2025-03-04,JP,0.18002802692353725,p12v4m6-B-ppo-s1024,416ff1829ee756ca42b2b3f3ac00d97021798aea8df9b30d5433071d80bc8eae
2025-03-04,US,0.28023027861490846,p12v4m6-B-ppo-s1024,416ff1829ee756ca42b2b3f3ac00d97021798aea8df9b30d5433071d80bc8eae
2025-03-05,CN,0.183211556985043,p12v4m6-B-ppo-s1024,416ff1829ee756ca42b2b3f3ac00d97021798aea8df9b30d5433071d80bc8eae
2025-03-05,HK,0.08294011000543833,p12v4m6-B-ppo-s1024,416ff1829ee756ca42b2b3f3ac00d97021798aea8df9b30d5433071d80bc8eae
2025-03-05,JP,0.17834601644426584,p12v4m6-B-ppo-s1024,416ff1829ee756ca42b2b3f3ac00d97021798aea8df9b30d5433071d80bc8eae
2025-03-05,US,0.28472854662686586,p12v4m6-B-ppo-s1024,416ff1829ee756ca42b2b3f3ac00d97021798aea8df9b30d5433071d80bc8eae
2025-03-06,CN,0.18394623312633485,p12v4m6-B-ppo-s1024,416ff1829ee756ca42b2b3f3ac00d97021798aea8df9b30d5433071d80bc8eae
2025-03-06,HK,0.08237474877387285,p12v4m6-B-ppo-s1024,416ff1829ee756ca42b2b3f3ac00d97021798aea8df9b30d5433071d80bc8eae
2025-03-06,JP,0.18018933944404125,p12v4m6-B-ppo-s1024,416ff1829ee756ca42b2b3f3ac00d97021798aea8df9b30d5433071d80bc8eae
2025-03-06,US,0.2814741195179522,p12v4m6-B-ppo-s1024,416ff1829ee756ca42b2b3f3ac00d97021798aea8df9b30d5433071d80bc8eae
2025-03-07,CN,0.18220926087815315,p12v4m6-B-ppo-s1024,416ff1829ee756ca42b2b3f3ac00d97021798aea8df9b30d5433071d80bc8eae
2025-03-07,HK,0.08057810319587588,p12v4m6-B-ppo-s1024,416ff1829ee756ca42b2b3f3ac00d97021798aea8df9b30d5433071d80bc8eae
2025-03-07,JP,0.17975985631346703,p12v4m6-B-ppo-s1024,416ff1829ee756ca42b2b3f3ac00d97021798aea8df9b30d5433071d80bc8eae
2025-03-07,US,0.28369761537760496,p12v4m6-B-ppo-s1024,416ff1829ee756ca42b2b3f3ac00d97021798aea8df9b30d5433071d80bc8eae
2025-03-10,CN,0.18361414619721472,p12v4m6-B-ppo-s1024,416ff1829ee756ca42b2b3f3ac00d97021798aea8df9b30d5433071d80bc8eae
2025-03-10,HK,0.08211307507008314,p12v4m6-B-ppo-s1024,416ff1829ee756ca42b2b3f3ac00d97021798aea8df9b30d5433071d80bc8eae
2025-03-10,JP,0.18022039160132408,p12v4m6-B-ppo-s1024,416ff1829ee756ca42b2b3f3ac00d97021798aea8df9b30d5433071d80bc8eae
2025-03-10,US,0.27973750373348594,p12v4m6-B-ppo-s1024,416ff1829ee756ca42b2b3f3ac00d97021798aea8df9b30d5433071d80bc8eae
2025-03-11,CN,0.18487884453497827,p12v4m6-B-ppo-s1024,416ff1829ee756ca42b2b3f3ac00d97021798aea8df9b30d5433071d80bc8eae
2025-03-11,HK,0.08393053570762277,p12v4m6-B-ppo-s1024,416ff1829ee756ca42b2b3f3ac00d97021798aea8df9b30d5433071d80bc8eae
2025-03-11,JP,0.18042678572237492,p12v4m6-B-ppo-s1024,416ff1829ee756ca42b2b3f3ac00d97021798aea8df9b30d5433071d80bc8eae
2025-03-11,US,0.27896101400256157,p12v4m6-B-ppo-s1024,416ff1829ee756ca42b2b3f3ac00d97021798aea8df9b30d5433071d80bc8eae
2025-03-12,CN,0.18328141001984477,p12v4m6-B-ppo-s1024,416ff1829ee756ca42b2b3f3ac00d97021798aea8df9b30d5433071d80bc8eae
2025-03-12,HK,0.08114853175356984,p12v4m6-B-ppo-s1024,416ff1829ee756ca42b2b3f3ac00d97021798aea8df9b30d5433071d80bc8eae
2025-03-12,JP,0.1805922770872712,p12v4m6-B-ppo-s1024,416ff1829ee756ca42b2b3f3ac00d97021798aea8df9b30d5433071d80bc8eae
2025-03-12,US,0.2816680809482932,p12v4m6-B-ppo-s1024,416ff1829ee756ca42b2b3f3ac00d97021798aea8df9b30d5433071d80bc8eae
2025-03-13,CN,0.1818156266817823,p12v4m6-B-ppo-s1024,416ff1829ee756ca42b2b3f3ac00d97021798aea8df9b30d5433071d80bc8eae
2025-03-13,HK,0.08160696690902114,p12v4m6-B-ppo-s1024,416ff1829ee756ca42b2b3f3ac00d97021798aea8df9b30d5433071d80bc8eae
2025-03-13,JP,0.1811735974624753,p12v4m6-B-ppo-s1024,416ff1829ee756ca42b2b3f3ac00d97021798aea8df9b30d5433071d80bc8eae
2025-03-13,US,0.28085101675242186,p12v4m6-B-ppo-s1024,416ff1829ee756ca42b2b3f3ac00d97021798aea8df9b30d5433071d80bc8eae
2025-03-14,CN,0.1857901883777231,p12v4m6-B-ppo-s1024,416ff1829ee756ca42b2b3f3ac00d97021798aea8df9b30d5433071d80bc8eae
2025-03-14,HK,0.08197838859632611,p12v4m6-B-ppo-s1024,416ff1829ee756ca42b2b3f3ac00d97021798aea8df9b30d5433071d80bc8eae
2025-03-14,JP,0.17916486877948046,p12v4m6-B-ppo-s1024,416ff1829ee756ca42b2b3f3ac00d97021798aea8df9b30d5433071d80bc8eae
2025-03-14,US,0.28254732117056847,p12v4m6-B-ppo-s1024,416ff1829ee756ca42b2b3f3ac00d97021798aea8df9b30d5433071d80bc8eae
2025-03-17,CN,0.18103327543940395,p12v4m6-B-ppo-s1024,416ff1829ee756ca42b2b3f3ac00d97021798aea8df9b30d5433071d80bc8eae
2025-03-17,HK,0.08182713715359569,p12v4m6-B-ppo-s1024,416ff1829ee756ca42b2b3f3ac00d97021798aea8df9b30d5433071d80bc8eae
2025-03-17,JP,0.17986636888235807,p12v4m6-B-ppo-s1024,416ff1829ee756ca42b2b3f3ac00d97021798aea8df9b30d5433071d80bc8eae
2025-03-17,US,0.2852874230593443,p12v4m6-B-ppo-s1024,416ff1829ee756ca42b2b3f3ac00d97021798aea8df9b30d5433071d80bc8eae
2025-03-18,CN,0.18258289073128253,p12v4m6-B-ppo-s1024,416ff1829ee756ca42b2b3f3ac00d97021798aea8df9b30d5433071d80bc8eae
2025-03-18,HK,0.08241645712405443,p12v4m6-B-ppo-s1024,416ff1829ee756ca42b2b3f3ac00d97021798aea8df9b30d5433071d80bc8eae
2025-03-18,JP,0.17993890773504972,p12v4m6-B-ppo-s1024,416ff1829ee756ca42b2b3f3ac00d97021798aea8df9b30d5433071d80bc8eae
2025-03-18,US,0.28247522469609976,p12v4m6-B-ppo-s1024,416ff1829ee756ca42b2b3f3ac00d97021798aea8df9b30d5433071d80bc8eae
2025-03-19,CN,0.18105621030554175,p12v4m6-B-ppo-s1024,416ff1829ee756ca42b2b3f3ac00d97021798aea8df9b30d5433071d80bc8eae
2025-03-19,HK,0.08253881661221385,p12v4m6-B-ppo-s1024,416ff1829ee756ca42b2b3f3ac00d97021798aea8df9b30d5433071d80bc8eae
2025-03-19,JP,0.18110132310539484,p12v4m6-B-ppo-s1024,416ff1829ee756ca42b2b3f3ac00d97021798aea8df9b30d5433071d80bc8eae
2025-03-19,US,0.28253450570628047,p12v4m6-B-ppo-s1024,416ff1829ee756ca42b2b3f3ac00d97021798aea8df9b30d5433071d80bc8eae
2025-03-20,CN,0.18196413398254663,p12v4m6-B-ppo-s1024,416ff1829ee756ca42b2b3f3ac00d97021798aea8df9b30d5433071d80bc8eae
2025-03-20,HK,0.08100993325933814,p12v4m6-B-ppo-s1024,416ff1829ee756ca42b2b3f3ac00d97021798aea8df9b30d5433071d80bc8eae
2025-03-20,JP,0.18258752021938562,p12v4m6-B-ppo-s1024,416ff1829ee756ca42b2b3f3ac00d97021798aea8df9b30d5433071d80bc8eae
2025-03-20,US,0.2834352273494005,p12v4m6-B-ppo-s1024,416ff1829ee756ca42b2b3f3ac00d97021798aea8df9b30d5433071d80bc8eae
2025-03-21,CN,0.18238717108033597,p12v4m6-B-ppo-s1024,416ff1829ee756ca42b2b3f3ac00d97021798aea8df9b30d5433071d80bc8eae
2025-03-21,HK,0.08155289432033896,p12v4m6-B-ppo-s1024,416ff1829ee756ca42b2b3f3ac00d97021798aea8df9b30d5433071d80bc8eae
2025-03-21,JP,0.1797115532681346,p12v4m6-B-ppo-s1024,416ff1829ee756ca42b2b3f3ac00d97021798aea8df9b30d5433071d80bc8eae
2025-03-21,US,0.28311350103467703,p12v4m6-B-ppo-s1024,416ff1829ee756ca42b2b3f3ac00d97021798aea8df9b30d5433071d80bc8eae
2025-03-24,CN,0.1817674442427233,p12v4m6-B-ppo-s1024,416ff1829ee756ca42b2b3f3ac00d97021798aea8df9b30d5433071d80bc8eae
2025-03-24,HK,0.08308987226337194,p12v4m6-B-ppo-s1024,416ff1829ee756ca42b2b3f3ac00d97021798aea8df9b30d5433071d80bc8eae
2025-03-24,JP,0.17849766090512276,p12v4m6-B-ppo-s1024,416ff1829ee756ca42b2b3f3ac00d97021798aea8df9b30d5433071d80bc8eae
2025-03-24,US,0.2837989921681583,p12v4m6-B-ppo-s1024,416ff1829ee756ca42b2b3f3ac00d97021798aea8df9b30d5433071d80bc8eae
2025-03-25,CN,0.1814605318941176,p12v4m6-B-ppo-s1024,416ff1829ee756ca42b2b3f3ac00d97021798aea8df9b30d5433071d80bc8eae
2025-03-25,HK,0.08193510212004185,p12v4m6-B-ppo-s1024,416ff1829ee756ca42b2b3f3ac00d97021798aea8df9b30d5433071d80bc8eae
2025-03-25,JP,0.1792701268568635,p12v4m6-B-ppo-s1024,416ff1829ee756ca42b2b3f3ac00d97021798aea8df9b30d5433071d80bc8eae
2025-03-25,US,0.2838112898170948,p12v4m6-B-ppo-s1024,416ff1829ee756ca42b2b3f3ac00d97021798aea8df9b30d5433071d80bc8eae
2025-03-26,CN,0.18257614597678185,p12v4m6-B-ppo-s1024,416ff1829ee756ca42b2b3f3ac00d97021798aea8df9b30d5433071d80bc8eae
2025-03-26,HK,0.08205680595710874,p12v4m6-B-ppo-s1024,416ff1829ee756ca42b2b3f3ac00d97021798aea8df9b30d5433071d80bc8eae
2025-03-26,JP,0.17905987799167633,p12v4m6-B-ppo-s1024,416ff1829ee756ca42b2b3f3ac00d97021798aea8df9b30d5433071d80bc8eae
2025-03-26,US,0.2827815115451813,p12v4m6-B-ppo-s1024,416ff1829ee756ca42b2b3f3ac00d97021798aea8df9b30d5433071d80bc8eae
2025-03-27,CN,0.18215163506101817,p12v4m6-B-ppo-s1024,416ff1829ee756ca42b2b3f3ac00d97021798aea8df9b30d5433071d80bc8eae
2025-03-27,HK,0.08148685470223427,p12v4m6-B-ppo-s1024,416ff1829ee756ca42b2b3f3ac00d97021798aea8df9b30d5433071d80bc8eae
2025-03-27,JP,0.1811299677938223,p12v4m6-B-ppo-s1024,416ff1829ee756ca42b2b3f3ac00d97021798aea8df9b30d5433071d80bc8eae
2025-03-27,US,0.28189733112230897,p12v4m6-B-ppo-s1024,416ff1829ee756ca42b2b3f3ac00d97021798aea8df9b30d5433071d80bc8eae
2025-03-28,CN,0.18327465560287237,p12v4m6-B-ppo-s1024,416ff1829ee756ca42b2b3f3ac00d97021798aea8df9b30d5433071d80bc8eae
2025-03-28,HK,0.08161884685978293,p12v4m6-B-ppo-s1024,416ff1829ee756ca42b2b3f3ac00d97021798aea8df9b30d5433071d80bc8eae
2025-03-28,JP,0.18039821926504374,p12v4m6-B-ppo-s1024,416ff1829ee756ca42b2b3f3ac00d97021798aea8df9b30d5433071d80bc8eae
2025-03-28,US,0.28052077954635024,p12v4m6-B-ppo-s1024,416ff1829ee756ca42b2b3f3ac00d97021798aea8df9b30d5433071d80bc8eae
2025-03-31,CN,0.18226859951391816,p12v4m6-B-ppo-s1024,416ff1829ee756ca42b2b3f3ac00d97021798aea8df9b30d5433071d80bc8eae
2025-03-31,HK,0.08180444035679102,p12v4m6-B-ppo-s1024,416ff1829ee756ca42b2b3f3ac00d97021798aea8df9b30d5433071d80bc8eae
2025-03-31,JP,0.1778171667829156,p12v4m6-B-ppo-s1024,416ff1829ee756ca42b2b3f3ac00d97021798aea8df9b30d5433071d80bc8eae
2025-03-31,US,0.2848543683066964,p12v4m6-B-ppo-s1024,416ff1829ee756ca42b2b3f3ac00d97021798aea8df9b30d5433071d80bc8eae
2025-04-01,CN,0.18380380037706345,p12v4m6-B-ppo-s1024,416ff1829ee756ca42b2b3f3ac00d97021798aea8df9b30d5433071d80bc8eae
2025-04-01,HK,0.08179192151874304,p12v4m6-B-ppo-s1024,416ff1829ee756ca42b2b3f3ac00d97021798aea8df9b30d5433071d80bc8eae
2025-04-01,JP,0.1771818995475769,p12v4m6-B-ppo-s1024,416ff1829ee756ca42b2b3f3ac00d97021798aea8df9b30d5433071d80bc8eae
2025-04-01,US,0.28445427026599646,p12v4m6-B-ppo-s1024,416ff1829ee756ca42b2b3f3ac00d97021798aea8df9b30d5433071d80bc8eae
2025-04-02,CN,0.18366196274291724,p12v4m6-B-ppo-s1024,416ff1829ee756ca42b2b3f3ac00d97021798aea8df9b30d5433071d80bc8eae
2025-04-02,HK,0.0831316988915205,p12v4m6-B-ppo-s1024,416ff1829ee756ca42b2b3f3ac00d97021798aea8df9b30d5433071d80bc8eae
2025-04-02,JP,0.1764342626556754,p12v4m6-B-ppo-s1024,416ff1829ee756ca42b2b3f3ac00d97021798aea8df9b30d5433071d80bc8eae
2025-04-02,US,0.28518656082451344,p12v4m6-B-ppo-s1024,416ff1829ee756ca42b2b3f3ac00d97021798aea8df9b30d5433071d80bc8eae
2025-04-03,CN,0.1843172019580379,p12v4m6-B-ppo-s1024,416ff1829ee756ca42b2b3f3ac00d97021798aea8df9b30d5433071d80bc8eae
2025-04-03,HK,0.08334149420261383,p12v4m6-B-ppo-s1024,416ff1829ee756ca42b2b3f3ac00d97021798aea8df9b30d5433071d80bc8eae
2025-04-03,JP,0.18165974505245686,p12v4m6-B-ppo-s1024,416ff1829ee756ca42b2b3f3ac00d97021798aea8df9b30d5433071d80bc8eae
2025-04-03,US,0.27778343856334686,p12v4m6-B-ppo-s1024,416ff1829ee756ca42b2b3f3ac00d97021798aea8df9b30d5433071d80bc8eae
2025-04-04,CN,0.18775576236657798,p12v4m6-B-ppo-s1024,416ff1829ee756ca42b2b3f3ac00d97021798aea8df9b30d5433071d80bc8eae
2025-04-04,HK,0.08537227241322398,p12v4m6-B-ppo-s1024,416ff1829ee756ca42b2b3f3ac00d97021798aea8df9b30d5433071d80bc8eae
2025-04-04,JP,0.18236355390399694,p12v4m6-B-ppo-s1024,416ff1829ee756ca42b2b3f3ac00d97021798aea8df9b30d5433071d80bc8eae
2025-04-04,US,0.2725100484676659,p12v4m6-B-ppo-s1024,416ff1829ee756ca42b2b3f3ac00d97021798aea8df9b30d5433071d80bc8eae
2025-04-07,CN,0.17982871015556157,p12v4m6-B-ppo-s1024,416ff1829ee756ca42b2b3f3ac00d97021798aea8df9b30d5433071d80bc8eae
2025-04-07,HK,0.07872293377295136,p12v4m6-B-ppo-s1024,416ff1829ee756ca42b2b3f3ac00d97021798aea8df9b30d5433071d80bc8eae
2025-04-07,JP,0.1814958257600665,p12v4m6-B-ppo-s1024,416ff1829ee756ca42b2b3f3ac00d97021798aea8df9b30d5433071d80bc8eae
2025-04-07,US,0.2874620510265231,p12v4m6-B-ppo-s1024,416ff1829ee756ca42b2b3f3ac00d97021798aea8df9b30d5433071d80bc8eae
2025-04-08,CN,0.1882457819301635,p12v4m6-B-ppo-s1024,416ff1829ee756ca42b2b3f3ac00d97021798aea8df9b30d5433071d80bc8eae
2025-04-08,HK,0.08246222091838717,p12v4m6-B-ppo-s1024,416ff1829ee756ca42b2b3f3ac00d97021798aea8df9b30d5433071d80bc8eae
2025-04-08,JP,0.18501019570976496,p12v4m6-B-ppo-s1024,416ff1829ee756ca42b2b3f3ac00d97021798aea8df9b30d5433071d80bc8eae
2025-04-08,US,0.27255556685850024,p12v4m6-B-ppo-s1024,416ff1829ee756ca42b2b3f3ac00d97021798aea8df9b30d5433071d80bc8eae
2025-04-09,CN,0.18510092271026224,p12v4m6-B-ppo-s1024,416ff1829ee756ca42b2b3f3ac00d97021798aea8df9b30d5433071d80bc8eae
2025-04-09,HK,0.08157549379393458,p12v4m6-B-ppo-s1024,416ff1829ee756ca42b2b3f3ac00d97021798aea8df9b30d5433071d80bc8eae
2025-04-09,JP,0.17345687933266163,p12v4m6-B-ppo-s1024,416ff1829ee756ca42b2b3f3ac00d97021798aea8df9b30d5433071d80bc8eae
2025-04-09,US,0.2970667164772749,p12v4m6-B-ppo-s1024,416ff1829ee756ca42b2b3f3ac00d97021798aea8df9b30d5433071d80bc8eae
2025-04-10,CN,0.1860927400412038,p12v4m6-B-ppo-s1024,416ff1829ee756ca42b2b3f3ac00d97021798aea8df9b30d5433071d80bc8eae
2025-04-10,HK,0.08160922257229686,p12v4m6-B-ppo-s1024,416ff1829ee756ca42b2b3f3ac00d97021798aea8df9b30d5433071d80bc8eae
2025-04-10,JP,0.18051933776587248,p12v4m6-B-ppo-s1024,416ff1829ee756ca42b2b3f3ac00d97021798aea8df9b30d5433071d80bc8eae
2025-04-10,US,0.2800179300829768,p12v4m6-B-ppo-s1024,416ff1829ee756ca42b2b3f3ac00d97021798aea8df9b30d5433071d80bc8eae
2025-04-11,CN,0.18472864420618862,p12v4m6-B-ppo-s1024,416ff1829ee756ca42b2b3f3ac00d97021798aea8df9b30d5433071d80bc8eae
2025-04-11,HK,0.08163683349266648,p12v4m6-B-ppo-s1024,416ff1829ee756ca42b2b3f3ac00d97021798aea8df9b30d5433071d80bc8eae
2025-04-11,JP,0.18188132718205452,p12v4m6-B-ppo-s1024,416ff1829ee756ca42b2b3f3ac00d97021798aea8df9b30d5433071d80bc8eae
2025-04-11,US,0.28288674214854836,p12v4m6-B-ppo-s1024,416ff1829ee756ca42b2b3f3ac00d97021798aea8df9b30d5433071d80bc8eae
2025-04-14,CN,0.18386734370142221,p12v4m6-B-ppo-s1024,416ff1829ee756ca42b2b3f3ac00d97021798aea8df9b30d5433071d80bc8eae
2025-04-14,HK,0.08274301467463374,p12v4m6-B-ppo-s1024,416ff1829ee756ca42b2b3f3ac00d97021798aea8df9b30d5433071d80bc8eae
2025-04-14,JP,0.17959911189973354,p12v4m6-B-ppo-s1024,416ff1829ee756ca42b2b3f3ac00d97021798aea8df9b30d5433071d80bc8eae
2025-04-14,US,0.2819818118587136,p12v4m6-B-ppo-s1024,416ff1829ee756ca42b2b3f3ac00d97021798aea8df9b30d5433071d80bc8eae
2025-04-15,CN,0.1862950031645596,p12v4m6-B-ppo-s1024,416ff1829ee756ca42b2b3f3ac00d97021798aea8df9b30d5433071d80bc8eae
2025-04-15,HK,0.08222147263586521,p12v4m6-B-ppo-s1024,416ff1829ee756ca42b2b3f3ac00d97021798aea8df9b30d5433071d80bc8eae
2025-04-15,JP,0.17794161476194859,p12v4m6-B-ppo-s1024,416ff1829ee756ca42b2b3f3ac00d97021798aea8df9b30d5433071d80bc8eae
2025-04-15,US,0.2818559748120606,p12v4m6-B-ppo-s1024,416ff1829ee756ca42b2b3f3ac00d97021798aea8df9b30d5433071d80bc8eae
2025-04-16,CN,0.18288078508339822,p12v4m6-B-ppo-s1024,416ff1829ee756ca42b2b3f3ac00d97021798aea8df9b30d5433071d80bc8eae
2025-04-16,HK,0.08291100850328803,p12v4m6-B-ppo-s1024,416ff1829ee756ca42b2b3f3ac00d97021798aea8df9b30d5433071d80bc8eae
2025-04-16,JP,0.180724885314703,p12v4m6-B-ppo-s1024,416ff1829ee756ca42b2b3f3ac00d97021798aea8df9b30d5433071d80bc8eae
2025-04-16,US,0.27963944524526596,p12v4m6-B-ppo-s1024,416ff1829ee756ca42b2b3f3ac00d97021798aea8df9b30d5433071d80bc8eae
2025-04-17,CN,0.18480179947800934,p12v4m6-B-ppo-s1024,416ff1829ee756ca42b2b3f3ac00d97021798aea8df9b30d5433071d80bc8eae
2025-04-17,HK,0.08173106610774994,p12v4m6-B-ppo-s1024,416ff1829ee756ca42b2b3f3ac00d97021798aea8df9b30d5433071d80bc8eae
2025-04-17,JP,0.18037359230220318,p12v4m6-B-ppo-s1024,416ff1829ee756ca42b2b3f3ac00d97021798aea8df9b30d5433071d80bc8eae
2025-04-17,US,0.28184589417651296,p12v4m6-B-ppo-s1024,416ff1829ee756ca42b2b3f3ac00d97021798aea8df9b30d5433071d80bc8eae
2025-04-18,CN,0.18552892678417265,p12v4m6-B-ppo-s1024,416ff1829ee756ca42b2b3f3ac00d97021798aea8df9b30d5433071d80bc8eae
2025-04-18,HK,0.08244934119284153,p12v4m6-B-ppo-s1024,416ff1829ee756ca42b2b3f3ac00d97021798aea8df9b30d5433071d80bc8eae
2025-04-18,JP,0.1799910943955183,p12v4m6-B-ppo-s1024,416ff1829ee756ca42b2b3f3ac00d97021798aea8df9b30d5433071d80bc8eae
2025-04-18,US,0.2808961309492588,p12v4m6-B-ppo-s1024,416ff1829ee756ca42b2b3f3ac00d97021798aea8df9b30d5433071d80bc8eae
2025-04-21,CN,0.18647412036079913,p12v4m6-B-ppo-s1024,416ff1829ee756ca42b2b3f3ac00d97021798aea8df9b30d5433071d80bc8eae
2025-04-21,HK,0.0826324000954628,p12v4m6-B-ppo-s1024,416ff1829ee756ca42b2b3f3ac00d97021798aea8df9b30d5433071d80bc8eae
2025-04-21,JP,0.17947236634790897,p12v4m6-B-ppo-s1024,416ff1829ee756ca42b2b3f3ac00d97021798aea8df9b30d5433071d80bc8eae
2025-04-21,US,0.2781806867569685,p12v4m6-B-ppo-s1024,416ff1829ee756ca42b2b3f3ac00d97021798aea8df9b30d5433071d80bc8eae
2025-04-22,CN,0.18303369544446468,p12v4m6-B-ppo-s1024,416ff1829ee756ca42b2b3f3ac00d97021798aea8df9b30d5433071d80bc8eae
2025-04-22,HK,0.0820150887593627,p12v4m6-B-ppo-s1024,416ff1829ee756ca42b2b3f3ac00d97021798aea8df9b30d5433071d80bc8eae
2025-04-22,JP,0.18033996876329184,p12v4m6-B-ppo-s1024,416ff1829ee756ca42b2b3f3ac00d97021798aea8df9b30d5433071d80bc8eae
2025-04-22,US,0.2843845612369478,p12v4m6-B-ppo-s1024,416ff1829ee756ca42b2b3f3ac00d97021798aea8df9b30d5433071d80bc8eae
2025-04-23,CN,0.1837566284229979,p12v4m6-B-ppo-s1024,416ff1829ee756ca42b2b3f3ac00d97021798aea8df9b30d5433071d80bc8eae
2025-04-23,HK,0.08210841566324234,p12v4m6-B-ppo-s1024,416ff1829ee756ca42b2b3f3ac00d97021798aea8df9b30d5433071d80bc8eae
2025-04-23,JP,0.178831591270864,p12v4m6-B-ppo-s1024,416ff1829ee756ca42b2b3f3ac00d97021798aea8df9b30d5433071d80bc8eae
2025-04-23,US,0.2831029505468905,p12v4m6-B-ppo-s1024,416ff1829ee756ca42b2b3f3ac00d97021798aea8df9b30d5433071d80bc8eae
2025-04-24,CN,0.18251748755574226,p12v4m6-B-ppo-s1024,416ff1829ee756ca42b2b3f3ac00d97021798aea8df9b30d5433071d80bc8eae
2025-04-24,HK,0.08199248742312193,p12v4m6-B-ppo-s1024,416ff1829ee756ca42b2b3f3ac00d97021798aea8df9b30d5433071d80bc8eae
2025-04-24,JP,0.1771893072873354,p12v4m6-B-ppo-s1024,416ff1829ee756ca42b2b3f3ac00d97021798aea8df9b30d5433071d80bc8eae
2025-04-24,US,0.28647227911278605,p12v4m6-B-ppo-s1024,416ff1829ee756ca42b2b3f3ac00d97021798aea8df9b30d5433071d80bc8eae
2025-04-25,CN,0.18431467202026397,p12v4m6-B-ppo-s1024,416ff1829ee756ca42b2b3f3ac00d97021798aea8df9b30d5433071d80bc8eae
2025-04-25,HK,0.08149272622540593,p12v4m6-B-ppo-s1024,416ff1829ee756ca42b2b3f3ac00d97021798aea8df9b30d5433071d80bc8eae
2025-04-25,JP,0.17879976890981197,p12v4m6-B-ppo-s1024,416ff1829ee756ca42b2b3f3ac00d97021798aea8df9b30d5433071d80bc8eae
2025-04-25,US,0.2844616649672389,p12v4m6-B-ppo-s1024,416ff1829ee756ca42b2b3f3ac00d97021798aea8df9b30d5433071d80bc8eae
2025-04-28,CN,0.182181125623174,p12v4m6-B-ppo-s1024,416ff1829ee756ca42b2b3f3ac00d97021798aea8df9b30d5433071d80bc8eae
2025-04-28,HK,0.08130323840305209,p12v4m6-B-ppo-s1024,416ff1829ee756ca42b2b3f3ac00d97021798aea8df9b30d5433071d80bc8eae
2025-04-28,JP,0.1804841998964548,p12v4m6-B-ppo-s1024,416ff1829ee756ca42b2b3f3ac00d97021798aea8df9b30d5433071d80bc8eae
2025-04-28,US,0.28369248984381557,p12v4m6-B-ppo-s1024,416ff1829ee756ca42b2b3f3ac00d97021798aea8df9b30d5433071d80bc8eae
2025-04-29,CN,0.1844109147787094,p12v4m6-B-ppo-s1024,416ff1829ee756ca42b2b3f3ac00d97021798aea8df9b30d5433071d80bc8eae
2025-04-29,HK,0.08175627933815122,p12v4m6-B-ppo-s1024,416ff1829ee756ca42b2b3f3ac00d97021798aea8df9b30d5433071d80bc8eae
2025-04-29,JP,0.18042278569191694,p12v4m6-B-ppo-s1024,416ff1829ee756ca42b2b3f3ac00d97021798aea8df9b30d5433071d80bc8eae
2025-04-29,US,0.28273645555600524,p12v4m6-B-ppo-s1024,416ff1829ee756ca42b2b3f3ac00d97021798aea8df9b30d5433071d80bc8eae
2025-04-30,CN,0.18403773033060133,p12v4m6-B-ppo-s1024,416ff1829ee756ca42b2b3f3ac00d97021798aea8df9b30d5433071d80bc8eae
2025-04-30,HK,0.0815761354751885,p12v4m6-B-ppo-s1024,416ff1829ee756ca42b2b3f3ac00d97021798aea8df9b30d5433071d80bc8eae
2025-04-30,JP,0.17867312487214804,p12v4m6-B-ppo-s1024,416ff1829ee756ca42b2b3f3ac00d97021798aea8df9b30d5433071d80bc8eae
2025-04-30,US,0.2847336125560105,p12v4m6-B-ppo-s1024,416ff1829ee756ca42b2b3f3ac00d97021798aea8df9b30d5433071d80bc8eae
2025-05-01,CN,0.1842389894882217,p12v4m6-B-ppo-s1024,416ff1829ee756ca42b2b3f3ac00d97021798aea8df9b30d5433071d80bc8eae
2025-05-01,HK,0.08143791602924466,p12v4m6-B-ppo-s1024,416ff1829ee756ca42b2b3f3ac00d97021798aea8df9b30d5433071d80bc8eae
2025-05-01,JP,0.17994043417274952,p12v4m6-B-ppo-s1024,416ff1829ee756ca42b2b3f3ac00d97021798aea8df9b30d5433071d80bc8eae
2025-05-01,US,0.2809612136334181,p12v4m6-B-ppo-s1024,416ff1829ee756ca42b2b3f3ac00d97021798aea8df9b30d5433071d80bc8eae
2025-05-02,CN,0.18297382164746523,p12v4m6-B-ppo-s1024,416ff1829ee756ca42b2b3f3ac00d97021798aea8df9b30d5433071d80bc8eae
2025-05-02,HK,0.08117386419326067,p12v4m6-B-ppo-s1024,416ff1829ee756ca42b2b3f3ac00d97021798aea8df9b30d5433071d80bc8eae
2025-05-02,JP,0.17903650179505348,p12v4m6-B-ppo-s1024,416ff1829ee756ca42b2b3f3ac00d97021798aea8df9b30d5433071d80bc8eae
2025-05-02,US,0.2837090785615146,p12v4m6-B-ppo-s1024,416ff1829ee756ca42b2b3f3ac00d97021798aea8df9b30d5433071d80bc8eae
2025-05-05,CN,0.18281654082238674,p12v4m6-B-ppo-s1024,416ff1829ee756ca42b2b3f3ac00d97021798aea8df9b30d5433071d80bc8eae
2025-05-05,HK,0.08107274770736694,p12v4m6-B-ppo-s1024,416ff1829ee756ca42b2b3f3ac00d97021798aea8df9b30d5433071d80bc8eae
2025-05-05,JP,0.17962463665753603,p12v4m6-B-ppo-s1024,416ff1829ee756ca42b2b3f3ac00d97021798aea8df9b30d5433071d80bc8eae
2025-05-05,US,0.2835956090129912,p12v4m6-B-ppo-s1024,416ff1829ee756ca42b2b3f3ac00d97021798aea8df9b30d5433071d80bc8eae
2025-05-06,CN,0.18571558932308108,p12v4m6-B-ppo-s1024,416ff1829ee756ca42b2b3f3ac00d97021798aea8df9b30d5433071d80bc8eae
2025-05-06,HK,0.08272882038727403,p12v4m6-B-ppo-s1024,416ff1829ee756ca42b2b3f3ac00d97021798aea8df9b30d5433071d80bc8eae
2025-05-06,JP,0.17982152942568064,p12v4m6-B-ppo-s1024,416ff1829ee756ca42b2b3f3ac00d97021798aea8df9b30d5433071d80bc8eae
2025-05-06,US,0.2808651113882661,p12v4m6-B-ppo-s1024,416ff1829ee756ca42b2b3f3ac00d97021798aea8df9b30d5433071d80bc8eae
2025-05-07,CN,0.181827254826203,p12v4m6-B-ppo-s1024,416ff1829ee756ca42b2b3f3ac00d97021798aea8df9b30d5433071d80bc8eae
2025-05-07,HK,0.08215636340901256,p12v4m6-B-ppo-s1024,416ff1829ee756ca42b2b3f3ac00d97021798aea8df9b30d5433071d80bc8eae
2025-05-07,JP,0.18127498775720596,p12v4m6-B-ppo-s1024,416ff1829ee756ca42b2b3f3ac00d97021798aea8df9b30d5433071d80bc8eae
2025-05-07,US,0.2820221711881459,p12v4m6-B-ppo-s1024,416ff1829ee756ca42b2b3f3ac00d97021798aea8df9b30d5433071d80bc8eae
2025-05-08,CN,0.18390392302535474,p12v4m6-B-ppo-s1024,416ff1829ee756ca42b2b3f3ac00d97021798aea8df9b30d5433071d80bc8eae
2025-05-08,HK,0.08170472970232368,p12v4m6-B-ppo-s1024,416ff1829ee756ca42b2b3f3ac00d97021798aea8df9b30d5433071d80bc8eae
2025-05-08,JP,0.18066859152168036,p12v4m6-B-ppo-s1024,416ff1829ee756ca42b2b3f3ac00d97021798aea8df9b30d5433071d80bc8eae
2025-05-08,US,0.28096463391557336,p12v4m6-B-ppo-s1024,416ff1829ee756ca42b2b3f3ac00d97021798aea8df9b30d5433071d80bc8eae
2025-05-09,CN,0.18246679997537285,p12v4m6-B-ppo-s1024,416ff1829ee756ca42b2b3f3ac00d97021798aea8df9b30d5433071d80bc8eae
2025-05-09,HK,0.08194902911782265,p12v4m6-B-ppo-s1024,416ff1829ee756ca42b2b3f3ac00d97021798aea8df9b30d5433071d80bc8eae
2025-05-09,JP,0.18025265261530876,p12v4m6-B-ppo-s1024,416ff1829ee756ca42b2b3f3ac00d97021798aea8df9b30d5433071d80bc8eae
2025-05-09,US,0.2817111127078533,p12v4m6-B-ppo-s1024,416ff1829ee756ca42b2b3f3ac00d97021798aea8df9b30d5433071d80bc8eae
2025-05-12,CN,0.1828651421237737,p12v4m6-B-ppo-s1024,416ff1829ee756ca42b2b3f3ac00d97021798aea8df9b30d5433071d80bc8eae
2025-05-12,HK,0.08251644438132644,p12v4m6-B-ppo-s1024,416ff1829ee756ca42b2b3f3ac00d97021798aea8df9b30d5433071d80bc8eae
2025-05-12,JP,0.17882398050278425,p12v4m6-B-ppo-s1024,416ff1829ee756ca42b2b3f3ac00d97021798aea8df9b30d5433071d80bc8eae
2025-05-12,US,0.2823848705738783,p12v4m6-B-ppo-s1024,416ff1829ee756ca42b2b3f3ac00d97021798aea8df9b30d5433071d80bc8eae
2025-05-13,CN,0.18114675453398377,p12v4m6-B-ppo-s1024,416ff1829ee756ca42b2b3f3ac00d97021798aea8df9b30d5433071d80bc8eae
2025-05-13,HK,0.08217266760766506,p12v4m6-B-ppo-s1024,416ff1829ee756ca42b2b3f3ac00d97021798aea8df9b30d5433071d80bc8eae
2025-05-13,JP,0.1789009403437376,p12v4m6-B-ppo-s1024,416ff1829ee756ca42b2b3f3ac00d97021798aea8df9b30d5433071d80bc8eae
2025-05-13,US,0.28371511632576585,p12v4m6-B-ppo-s1024,416ff1829ee756ca42b2b3f3ac00d97021798aea8df9b30d5433071d80bc8eae
2025-05-14,CN,0.18220968008972704,p12v4m6-B-ppo-s1024,416ff1829ee756ca42b2b3f3ac00d97021798aea8df9b30d5433071d80bc8eae
2025-05-14,HK,0.08274651365354657,p12v4m6-B-ppo-s1024,416ff1829ee756ca42b2b3f3ac00d97021798aea8df9b30d5433071d80bc8eae
2025-05-14,JP,0.1789376065135002,p12v4m6-B-ppo-s1024,416ff1829ee756ca42b2b3f3ac00d97021798aea8df9b30d5433071d80bc8eae
2025-05-14,US,0.28173843352124095,p12v4m6-B-ppo-s1024,416ff1829ee756ca42b2b3f3ac00d97021798aea8df9b30d5433071d80bc8eae
2025-05-15,CN,0.1797800640342757,p12v4m6-B-ppo-s1024,416ff1829ee756ca42b2b3f3ac00d97021798aea8df9b30d5433071d80bc8eae
2025-05-15,HK,0.08098930586129427,p12v4m6-B-ppo-s1024,416ff1829ee756ca42b2b3f3ac00d97021798aea8df9b30d5433071d80bc8eae
2025-05-15,JP,0.1801716722548008,p12v4m6-B-ppo-s1024,416ff1829ee756ca42b2b3f3ac00d97021798aea8df9b30d5433071d80bc8eae
2025-05-15,US,0.2856417768634856,p12v4m6-B-ppo-s1024,416ff1829ee756ca42b2b3f3ac00d97021798aea8df9b30d5433071d80bc8eae
2025-05-16,CN,0.18232419656123966,p12v4m6-B-ppo-s1024,416ff1829ee756ca42b2b3f3ac00d97021798aea8df9b30d5433071d80bc8eae
2025-05-16,HK,0.08077969634905457,p12v4m6-B-ppo-s1024,416ff1829ee756ca42b2b3f3ac00d97021798aea8df9b30d5433071d80bc8eae
2025-05-16,JP,0.1807757979258895,p12v4m6-B-ppo-s1024,416ff1829ee756ca42b2b3f3ac00d97021798aea8df9b30d5433071d80bc8eae
2025-05-16,US,0.28413868974894285,p12v4m6-B-ppo-s1024,416ff1829ee756ca42b2b3f3ac00d97021798aea8df9b30d5433071d80bc8eae
2025-05-19,CN,0.18361779674887657,p12v4m6-B-ppo-s1024,416ff1829ee756ca42b2b3f3ac00d97021798aea8df9b30d5433071d80bc8eae
2025-05-19,HK,0.08178364159539342,p12v4m6-B-ppo-s1024,416ff1829ee756ca42b2b3f3ac00d97021798aea8df9b30d5433071d80bc8eae
2025-05-19,JP,0.17998237814754248,p12v4m6-B-ppo-s1024,416ff1829ee756ca42b2b3f3ac00d97021798aea8df9b30d5433071d80bc8eae
2025-05-19,US,0.2830331325531006,p12v4m6-B-ppo-s1024,416ff1829ee756ca42b2b3f3ac00d97021798aea8df9b30d5433071d80bc8eae
2025-05-20,CN,0.18442237155977637,p12v4m6-B-ppo-s1024,416ff1829ee756ca42b2b3f3ac00d97021798aea8df9b30d5433071d80bc8eae
2025-05-20,HK,0.0820581465959549,p12v4m6-B-ppo-s1024,416ff1829ee756ca42b2b3f3ac00d97021798aea8df9b30d5433071d80bc8eae
2025-05-20,JP,0.1774194072932005,p12v4m6-B-ppo-s1024,416ff1829ee756ca42b2b3f3ac00d97021798aea8df9b30d5433071d80bc8eae
2025-05-20,US,0.2828428200446069,p12v4m6-B-ppo-s1024,416ff1829ee756ca42b2b3f3ac00d97021798aea8df9b30d5433071d80bc8eae
2025-05-21,CN,0.18257577996701002,p12v4m6-B-ppo-s1024,416ff1829ee756ca42b2b3f3ac00d97021798aea8df9b30d5433071d80bc8eae
2025-05-21,HK,0.0825870605185628,p12v4m6-B-ppo-s1024,416ff1829ee756ca42b2b3f3ac00d97021798aea8df9b30d5433071d80bc8eae
2025-05-21,JP,0.179515709169209,p12v4m6-B-ppo-s1024,416ff1829ee756ca42b2b3f3ac00d97021798aea8df9b30d5433071d80bc8eae
2025-05-21,US,0.2802700586616993,p12v4m6-B-ppo-s1024,416ff1829ee756ca42b2b3f3ac00d97021798aea8df9b30d5433071d80bc8eae
2025-05-22,CN,0.18241585744544864,p12v4m6-B-ppo-s1024,416ff1829ee756ca42b2b3f3ac00d97021798aea8df9b30d5433071d80bc8eae
2025-05-22,HK,0.08208806766197085,p12v4m6-B-ppo-s1024,416ff1829ee756ca42b2b3f3ac00d97021798aea8df9b30d5433071d80bc8eae
2025-05-22,JP,0.1796066351234913,p12v4m6-B-ppo-s1024,416ff1829ee756ca42b2b3f3ac00d97021798aea8df9b30d5433071d80bc8eae
2025-05-22,US,0.2813887861557305,p12v4m6-B-ppo-s1024,416ff1829ee756ca42b2b3f3ac00d97021798aea8df9b30d5433071d80bc8eae
2025-05-23,CN,0.1809839268680662,p12v4m6-B-ppo-s1024,416ff1829ee756ca42b2b3f3ac00d97021798aea8df9b30d5433071d80bc8eae
2025-05-23,HK,0.08094664942473173,p12v4m6-B-ppo-s1024,416ff1829ee756ca42b2b3f3ac00d97021798aea8df9b30d5433071d80bc8eae
2025-05-23,JP,0.18019223492592573,p12v4m6-B-ppo-s1024,416ff1829ee756ca42b2b3f3ac00d97021798aea8df9b30d5433071d80bc8eae
2025-05-23,US,0.28431379050016403,p12v4m6-B-ppo-s1024,416ff1829ee756ca42b2b3f3ac00d97021798aea8df9b30d5433071d80bc8eae
2025-05-26,CN,0.18499861098825932,p12v4m6-B-ppo-s1024,416ff1829ee756ca42b2b3f3ac00d97021798aea8df9b30d5433071d80bc8eae
2025-05-26,HK,0.08185998583212495,p12v4m6-B-ppo-s1024,416ff1829ee756ca42b2b3f3ac00d97021798aea8df9b30d5433071d80bc8eae
2025-05-26,JP,0.17896912153810263,p12v4m6-B-ppo-s1024,416ff1829ee756ca42b2b3f3ac00d97021798aea8df9b30d5433071d80bc8eae
2025-05-26,US,0.2834423859603703,p12v4m6-B-ppo-s1024,416ff1829ee756ca42b2b3f3ac00d97021798aea8df9b30d5433071d80bc8eae
2025-05-27,CN,0.18295021110679954,p12v4m6-B-ppo-s1024,416ff1829ee756ca42b2b3f3ac00d97021798aea8df9b30d5433071d80bc8eae
2025-05-27,HK,0.08153563318774104,p12v4m6-B-ppo-s1024,416ff1829ee756ca42b2b3f3ac00d97021798aea8df9b30d5433071d80bc8eae
2025-05-27,JP,0.1783283231779933,p12v4m6-B-ppo-s1024,416ff1829ee756ca42b2b3f3ac00d97021798aea8df9b30d5433071d80bc8eae
2025-05-27,US,0.2844063569791615,p12v4m6-B-ppo-s1024,416ff1829ee756ca42b2b3f3ac00d97021798aea8df9b30d5433071d80bc8eae
2025-05-28,CN,0.1840438242070377,p12v4m6-B-ppo-s1024,416ff1829ee756ca42b2b3f3ac00d97021798aea8df9b30d5433071d80bc8eae
2025-05-28,HK,0.08241096185520291,p12v4m6-B-ppo-s1024,416ff1829ee756ca42b2b3f3ac00d97021798aea8df9b30d5433071d80bc8eae
2025-05-28,JP,0.17902196291834116,p12v4m6-B-ppo-s1024,416ff1829ee756ca42b2b3f3ac00d97021798aea8df9b30d5433071d80bc8eae
2025-05-28,US,0.28072968451306224,p12v4m6-B-ppo-s1024,416ff1829ee756ca42b2b3f3ac00d97021798aea8df9b30d5433071d80bc8eae
2025-05-29,CN,0.18643092224374413,p12v4m6-B-ppo-s1024,416ff1829ee756ca42b2b3f3ac00d97021798aea8df9b30d5433071d80bc8eae
2025-05-29,HK,0.08223429694771767,p12v4m6-B-ppo-s1024,416ff1829ee756ca42b2b3f3ac00d97021798aea8df9b30d5433071d80bc8eae
2025-05-29,JP,0.17889535054564476,p12v4m6-B-ppo-s1024,416ff1829ee756ca42b2b3f3ac00d97021798aea8df9b30d5433071d80bc8eae
2025-05-29,US,0.28001624112948775,p12v4m6-B-ppo-s1024,416ff1829ee756ca42b2b3f3ac00d97021798aea8df9b30d5433071d80bc8eae
2025-05-30,CN,0.18040143116377294,p12v4m6-B-ppo-s1024,416ff1829ee756ca42b2b3f3ac00d97021798aea8df9b30d5433071d80bc8eae
2025-05-30,HK,0.08197681559249759,p12v4m6-B-ppo-s1024,416ff1829ee756ca42b2b3f3ac00d97021798aea8df9b30d5433071d80bc8eae
2025-05-30,JP,0.1808933624997735,p12v4m6-B-ppo-s1024,416ff1829ee756ca42b2b3f3ac00d97021798aea8df9b30d5433071d80bc8eae
2025-05-30,US,0.28214079793542624,p12v4m6-B-ppo-s1024,416ff1829ee756ca42b2b3f3ac00d97021798aea8df9b30d5433071d80bc8eae
2025-06-02,CN,0.1803848702693358,p12v4m6-B-ppo-s1024,416ff1829ee756ca42b2b3f3ac00d97021798aea8df9b30d5433071d80bc8eae
2025-06-02,HK,0.08183474978432059,p12v4m6-B-ppo-s1024,416ff1829ee756ca42b2b3f3ac00d97021798aea8df9b30d5433071d80bc8eae
2025-06-02,JP,0.17950822785496712,p12v4m6-B-ppo-s1024,416ff1829ee756ca42b2b3f3ac00d97021798aea8df9b30d5433071d80bc8eae
2025-06-02,US,0.2830123598687351,p12v4m6-B-ppo-s1024,416ff1829ee756ca42b2b3f3ac00d97021798aea8df9b30d5433071d80bc8eae
2025-06-03,CN,0.17698080325499177,p12v4m6-B-ppo-s1024,416ff1829ee756ca42b2b3f3ac00d97021798aea8df9b30d5433071d80bc8eae
2025-06-03,HK,0.08337957505136728,p12v4m6-B-ppo-s1024,416ff1829ee756ca42b2b3f3ac00d97021798aea8df9b30d5433071d80bc8eae
2025-06-03,JP,0.1804697634652257,p12v4m6-B-ppo-s1024,416ff1829ee756ca42b2b3f3ac00d97021798aea8df9b30d5433071d80bc8eae
2025-06-03,US,0.28389081405475736,p12v4m6-B-ppo-s1024,416ff1829ee756ca42b2b3f3ac00d97021798aea8df9b30d5433071d80bc8eae
2025-06-04,CN,0.18387976614758372,p12v4m6-B-ppo-s1024,416ff1829ee756ca42b2b3f3ac00d97021798aea8df9b30d5433071d80bc8eae
2025-06-04,HK,0.0818964228965342,p12v4m6-B-ppo-s1024,416ff1829ee756ca42b2b3f3ac00d97021798aea8df9b30d5433071d80bc8eae
2025-06-04,JP,0.17960440646857023,p12v4m6-B-ppo-s1024,416ff1829ee756ca42b2b3f3ac00d97021798aea8df9b30d5433071d80bc8eae
2025-06-04,US,0.28161429380998015,p12v4m6-B-ppo-s1024,416ff1829ee756ca42b2b3f3ac00d97021798aea8df9b30d5433071d80bc8eae
2025-06-05,CN,0.18445031950250268,p12v4m6-B-ppo-s1024,416ff1829ee756ca42b2b3f3ac00d97021798aea8df9b30d5433071d80bc8eae
2025-06-05,HK,0.08201200421899557,p12v4m6-B-ppo-s1024,416ff1829ee756ca42b2b3f3ac00d97021798aea8df9b30d5433071d80bc8eae
2025-06-05,JP,0.17865739483386278,p12v4m6-B-ppo-s1024,416ff1829ee756ca42b2b3f3ac00d97021798aea8df9b30d5433071d80bc8eae
2025-06-05,US,0.28092475794255733,p12v4m6-B-ppo-s1024,416ff1829ee756ca42b2b3f3ac00d97021798aea8df9b30d5433071d80bc8eae
2025-06-06,CN,0.179908586316742,p12v4m6-B-ppo-s1024,416ff1829ee756ca42b2b3f3ac00d97021798aea8df9b30d5433071d80bc8eae
2025-06-06,HK,0.08187159802764654,p12v4m6-B-ppo-s1024,416ff1829ee756ca42b2b3f3ac00d97021798aea8df9b30d5433071d80bc8eae
2025-06-06,JP,0.17969797365367413,p12v4m6-B-ppo-s1024,416ff1829ee756ca42b2b3f3ac00d97021798aea8df9b30d5433071d80bc8eae
2025-06-06,US,0.28396541392430663,p12v4m6-B-ppo-s1024,416ff1829ee756ca42b2b3f3ac00d97021798aea8df9b30d5433071d80bc8eae
2025-06-09,CN,0.18416019494179636,p12v4m6-B-ppo-s1024,416ff1829ee756ca42b2b3f3ac00d97021798aea8df9b30d5433071d80bc8eae
2025-06-09,HK,0.08201571041718125,p12v4m6-B-ppo-s1024,416ff1829ee756ca42b2b3f3ac00d97021798aea8df9b30d5433071d80bc8eae
2025-06-09,JP,0.179125408641994,p12v4m6-B-ppo-s1024,416ff1829ee756ca42b2b3f3ac00d97021798aea8df9b30d5433071d80bc8eae
2025-06-09,US,0.2816643533296883,p12v4m6-B-ppo-s1024,416ff1829ee756ca42b2b3f3ac00d97021798aea8df9b30d5433071d80bc8eae
2025-06-10,CN,0.18017093383241445,p12v4m6-B-ppo-s1024,416ff1829ee756ca42b2b3f3ac00d97021798aea8df9b30d5433071d80bc8eae
2025-06-10,HK,0.08159764902666211,p12v4m6-B-ppo-s1024,416ff1829ee756ca42b2b3f3ac00d97021798aea8df9b30d5433071d80bc8eae
2025-06-10,JP,0.17927062325179577,p12v4m6-B-ppo-s1024,416ff1829ee756ca42b2b3f3ac00d97021798aea8df9b30d5433071d80bc8eae
2025-06-10,US,0.2852694890461862,p12v4m6-B-ppo-s1024,416ff1829ee756ca42b2b3f3ac00d97021798aea8df9b30d5433071d80bc8eae
2025-06-11,CN,0.1827115201158449,p12v4m6-B-ppo-s1024,416ff1829ee756ca42b2b3f3ac00d97021798aea8df9b30d5433071d80bc8eae
2025-06-11,HK,0.08238275768235326,p12v4m6-B-ppo-s1024,416ff1829ee756ca42b2b3f3ac00d97021798aea8df9b30d5433071d80bc8eae
2025-06-11,JP,0.18057390488684177,p12v4m6-B-ppo-s1024,416ff1829ee756ca42b2b3f3ac00d97021798aea8df9b30d5433071d80bc8eae
2025-06-11,US,0.2806137534789741,p12v4m6-B-ppo-s1024,416ff1829ee756ca42b2b3f3ac00d97021798aea8df9b30d5433071d80bc8eae
2025-06-12,CN,0.18380953196901828,p12v4m6-B-ppo-s1024,416ff1829ee756ca42b2b3f3ac00d97021798aea8df9b30d5433071d80bc8eae
2025-06-12,HK,0.0816304194740951,p12v4m6-B-ppo-s1024,416ff1829ee756ca42b2b3f3ac00d97021798aea8df9b30d5433071d80bc8eae
2025-06-12,JP,0.1776920771226287,p12v4m6-B-ppo-s1024,416ff1829ee756ca42b2b3f3ac00d97021798aea8df9b30d5433071d80bc8eae
2025-06-12,US,0.28285172022879124,p12v4m6-B-ppo-s1024,416ff1829ee756ca42b2b3f3ac00d97021798aea8df9b30d5433071d80bc8eae
2025-06-13,CN,0.18322879425249994,p12v4m6-B-ppo-s1024,416ff1829ee756ca42b2b3f3ac00d97021798aea8df9b30d5433071d80bc8eae
2025-06-13,HK,0.08155370969325304,p12v4m6-B-ppo-s1024,416ff1829ee756ca42b2b3f3ac00d97021798aea8df9b30d5433071d80bc8eae
2025-06-13,JP,0.177490696310997,p12v4m6-B-ppo-s1024,416ff1829ee756ca42b2b3f3ac00d97021798aea8df9b30d5433071d80bc8eae
2025-06-13,US,0.2829089229926467,p12v4m6-B-ppo-s1024,416ff1829ee756ca42b2b3f3ac00d97021798aea8df9b30d5433071d80bc8eae
2025-06-16,CN,0.18468915147241205,p12v4m6-B-ppo-s1024,416ff1829ee756ca42b2b3f3ac00d97021798aea8df9b30d5433071d80bc8eae
2025-06-16,HK,0.08249005023390055,p12v4m6-B-ppo-s1024,416ff1829ee756ca42b2b3f3ac00d97021798aea8df9b30d5433071d80bc8eae
2025-06-16,JP,0.17892853450030088,p12v4m6-B-ppo-s1024,416ff1829ee756ca42b2b3f3ac00d97021798aea8df9b30d5433071d80bc8eae
2025-06-16,US,0.2806047801859677,p12v4m6-B-ppo-s1024,416ff1829ee756ca42b2b3f3ac00d97021798aea8df9b30d5433071d80bc8eae
2025-06-17,CN,0.17966434510890394,p12v4m6-B-ppo-s1024,416ff1829ee756ca42b2b3f3ac00d97021798aea8df9b30d5433071d80bc8eae
2025-06-17,HK,0.08252808637917042,p12v4m6-B-ppo-s1024,416ff1829ee756ca42b2b3f3ac00d97021798aea8df9b30d5433071d80bc8eae
2025-06-17,JP,0.18058559950441122,p12v4m6-B-ppo-s1024,416ff1829ee756ca42b2b3f3ac00d97021798aea8df9b30d5433071d80bc8eae
2025-06-17,US,0.282013600692153,p12v4m6-B-ppo-s1024,416ff1829ee756ca42b2b3f3ac00d97021798aea8df9b30d5433071d80bc8eae
2025-06-18,CN,0.178782713948749,p12v4m6-B-ppo-s1024,416ff1829ee756ca42b2b3f3ac00d97021798aea8df9b30d5433071d80bc8eae
2025-06-18,HK,0.08206039108335972,p12v4m6-B-ppo-s1024,416ff1829ee756ca42b2b3f3ac00d97021798aea8df9b30d5433071d80bc8eae
2025-06-18,JP,0.18130561616271734,p12v4m6-B-ppo-s1024,416ff1829ee756ca42b2b3f3ac00d97021798aea8df9b30d5433071d80bc8eae
2025-06-18,US,0.28277768287807703,p12v4m6-B-ppo-s1024,416ff1829ee756ca42b2b3f3ac00d97021798aea8df9b30d5433071d80bc8eae
2025-06-19,CN,0.18126692448277026,p12v4m6-B-ppo-s1024,416ff1829ee756ca42b2b3f3ac00d97021798aea8df9b30d5433071d80bc8eae
2025-06-19,HK,0.0816472927108407,p12v4m6-B-ppo-s1024,416ff1829ee756ca42b2b3f3ac00d97021798aea8df9b30d5433071d80bc8eae
2025-06-19,JP,0.17949179466813803,p12v4m6-B-ppo-s1024,416ff1829ee756ca42b2b3f3ac00d97021798aea8df9b30d5433071d80bc8eae
2025-06-19,US,0.2838126583956182,p12v4m6-B-ppo-s1024,416ff1829ee756ca42b2b3f3ac00d97021798aea8df9b30d5433071d80bc8eae
2025-06-20,CN,0.18178795231506228,p12v4m6-B-ppo-s1024,416ff1829ee756ca42b2b3f3ac00d97021798aea8df9b30d5433071d80bc8eae
2025-06-20,HK,0.08281622594222426,p12v4m6-B-ppo-s1024,416ff1829ee756ca42b2b3f3ac00d97021798aea8df9b30d5433071d80bc8eae
2025-06-20,JP,0.1793870236724615,p12v4m6-B-ppo-s1024,416ff1829ee756ca42b2b3f3ac00d97021798aea8df9b30d5433071d80bc8eae
2025-06-20,US,0.28172782668843865,p12v4m6-B-ppo-s1024,416ff1829ee756ca42b2b3f3ac00d97021798aea8df9b30d5433071d80bc8eae
2025-06-23,CN,0.18437229946721345,p12v4m6-B-ppo-s1024,416ff1829ee756ca42b2b3f3ac00d97021798aea8df9b30d5433071d80bc8eae
2025-06-23,HK,0.08283268753439188,p12v4m6-B-ppo-s1024,416ff1829ee756ca42b2b3f3ac00d97021798aea8df9b30d5433071d80bc8eae
2025-06-23,JP,0.17933155316859484,p12v4m6-B-ppo-s1024,416ff1829ee756ca42b2b3f3ac00d97021798aea8df9b30d5433071d80bc8eae
2025-06-23,US,0.281567616853863,p12v4m6-B-ppo-s1024,416ff1829ee756ca42b2b3f3ac00d97021798aea8df9b30d5433071d80bc8eae
2025-06-24,CN,0.1822964184684679,p12v4m6-B-ppo-s1024,416ff1829ee756ca42b2b3f3ac00d97021798aea8df9b30d5433071d80bc8eae
2025-06-24,HK,0.0831128885038197,p12v4m6-B-ppo-s1024,416ff1829ee756ca42b2b3f3ac00d97021798aea8df9b30d5433071d80bc8eae
2025-06-24,JP,0.17788733262568712,p12v4m6-B-ppo-s1024,416ff1829ee756ca42b2b3f3ac00d97021798aea8df9b30d5433071d80bc8eae
2025-06-24,US,0.2838054238818586,p12v4m6-B-ppo-s1024,416ff1829ee756ca42b2b3f3ac00d97021798aea8df9b30d5433071d80bc8eae
2025-06-25,CN,0.18212104658596218,p12v4m6-B-ppo-s1024,416ff1829ee756ca42b2b3f3ac00d97021798aea8df9b30d5433071d80bc8eae
2025-06-25,HK,0.08312631724402308,p12v4m6-B-ppo-s1024,416ff1829ee756ca42b2b3f3ac00d97021798aea8df9b30d5433071d80bc8eae
2025-06-25,JP,0.1799786640331149,p12v4m6-B-ppo-s1024,416ff1829ee756ca42b2b3f3ac00d97021798aea8df9b30d5433071d80bc8eae
2025-06-25,US,0.2804939108900726,p12v4m6-B-ppo-s1024,416ff1829ee756ca42b2b3f3ac00d97021798aea8df9b30d5433071d80bc8eae
2025-06-26,CN,0.18366383225657046,p12v4m6-B-ppo-s1024,416ff1829ee756ca42b2b3f3ac00d97021798aea8df9b30d5433071d80bc8eae
2025-06-26,HK,0.08179706195369363,p12v4m6-B-ppo-s1024,416ff1829ee756ca42b2b3f3ac00d97021798aea8df9b30d5433071d80bc8eae
2025-06-26,JP,0.1797500178217888,p12v4m6-B-ppo-s1024,416ff1829ee756ca42b2b3f3ac00d97021798aea8df9b30d5433071d80bc8eae
2025-06-26,US,0.28194560669362545,p12v4m6-B-ppo-s1024,416ff1829ee756ca42b2b3f3ac00d97021798aea8df9b30d5433071d80bc8eae
2025-06-27,CN,0.1827806697692722,p12v4m6-B-ppo-s1024,416ff1829ee756ca42b2b3f3ac00d97021798aea8df9b30d5433071d80bc8eae
2025-06-27,HK,0.08085546921938658,p12v4m6-B-ppo-s1024,416ff1829ee756ca42b2b3f3ac00d97021798aea8df9b30d5433071d80bc8eae
2025-06-27,JP,0.18012662511318922,p12v4m6-B-ppo-s1024,416ff1829ee756ca42b2b3f3ac00d97021798aea8df9b30d5433071d80bc8eae
2025-06-27,US,0.28219117503613234,p12v4m6-B-ppo-s1024,416ff1829ee756ca42b2b3f3ac00d97021798aea8df9b30d5433071d80bc8eae
2025-06-30,CN,0.18299249233677983,p12v4m6-B-ppo-s1024,416ff1829ee756ca42b2b3f3ac00d97021798aea8df9b30d5433071d80bc8eae
2025-06-30,HK,0.08155677514150739,p12v4m6-B-ppo-s1024,416ff1829ee756ca42b2b3f3ac00d97021798aea8df9b30d5433071d80bc8eae
2025-06-30,JP,0.1783238034695387,p12v4m6-B-ppo-s1024,416ff1829ee756ca42b2b3f3ac00d97021798aea8df9b30d5433071d80bc8eae
2025-06-30,US,0.28361344803124666,p12v4m6-B-ppo-s1024,416ff1829ee756ca42b2b3f3ac00d97021798aea8df9b30d5433071d80bc8eae
2025-07-01,CN,0.18019355612341315,p12v4m6-B-ppo-s1024,416ff1829ee756ca42b2b3f3ac00d97021798aea8df9b30d5433071d80bc8eae
2025-07-01,HK,0.08205095026642084,p12v4m6-B-ppo-s1024,416ff1829ee756ca42b2b3f3ac00d97021798aea8df9b30d5433071d80bc8eae
2025-07-01,JP,0.17832156643271446,p12v4m6-B-ppo-s1024,416ff1829ee756ca42b2b3f3ac00d97021798aea8df9b30d5433071d80bc8eae
2025-07-01,US,0.28549331333488226,p12v4m6-B-ppo-s1024,416ff1829ee756ca42b2b3f3ac00d97021798aea8df9b30d5433071d80bc8eae
2025-07-02,CN,0.18171951232943684,p12v4m6-B-ppo-s1024,416ff1829ee756ca42b2b3f3ac00d97021798aea8df9b30d5433071d80bc8eae
2025-07-02,HK,0.08176764659583569,p12v4m6-B-ppo-s1024,416ff1829ee756ca42b2b3f3ac00d97021798aea8df9b30d5433071d80bc8eae
2025-07-02,JP,0.18072697333991528,p12v4m6-B-ppo-s1024,416ff1829ee756ca42b2b3f3ac00d97021798aea8df9b30d5433071d80bc8eae
2025-07-02,US,0.2825113604776561,p12v4m6-B-ppo-s1024,416ff1829ee756ca42b2b3f3ac00d97021798aea8df9b30d5433071d80bc8eae
2025-07-03,CN,0.18173623026814312,p12v4m6-B-ppo-s1024,416ff1829ee756ca42b2b3f3ac00d97021798aea8df9b30d5433071d80bc8eae
2025-07-03,HK,0.08178476942703128,p12v4m6-B-ppo-s1024,416ff1829ee756ca42b2b3f3ac00d97021798aea8df9b30d5433071d80bc8eae
2025-07-03,JP,0.17952454555779696,p12v4m6-B-ppo-s1024,416ff1829ee756ca42b2b3f3ac00d97021798aea8df9b30d5433071d80bc8eae
2025-07-03,US,0.28271274315193295,p12v4m6-B-ppo-s1024,416ff1829ee756ca42b2b3f3ac00d97021798aea8df9b30d5433071d80bc8eae
2025-07-04,CN,0.18030933244153857,p12v4m6-B-ppo-s1024,416ff1829ee756ca42b2b3f3ac00d97021798aea8df9b30d5433071d80bc8eae
2025-07-04,HK,0.08248931588605046,p12v4m6-B-ppo-s1024,416ff1829ee756ca42b2b3f3ac00d97021798aea8df9b30d5433071d80bc8eae
2025-07-04,JP,0.17945015523582697,p12v4m6-B-ppo-s1024,416ff1829ee756ca42b2b3f3ac00d97021798aea8df9b30d5433071d80bc8eae
2025-07-04,US,0.28321100026369095,p12v4m6-B-ppo-s1024,416ff1829ee756ca42b2b3f3ac00d97021798aea8df9b30d5433071d80bc8eae
2025-07-07,CN,0.18425533105619252,p12v4m6-B-ppo-s1024,416ff1829ee756ca42b2b3f3ac00d97021798aea8df9b30d5433071d80bc8eae
2025-07-07,HK,0.08190898224711418,p12v4m6-B-ppo-s1024,416ff1829ee756ca42b2b3f3ac00d97021798aea8df9b30d5433071d80bc8eae
2025-07-07,JP,0.17920776829123497,p12v4m6-B-ppo-s1024,416ff1829ee756ca42b2b3f3ac00d97021798aea8df9b30d5433071d80bc8eae
2025-07-07,US,0.2806295841000974,p12v4m6-B-ppo-s1024,416ff1829ee756ca42b2b3f3ac00d97021798aea8df9b30d5433071d80bc8eae
2025-07-08,CN,0.18389968166593462,p12v4m6-B-ppo-s1024,416ff1829ee756ca42b2b3f3ac00d97021798aea8df9b30d5433071d80bc8eae
2025-07-08,HK,0.08207888435572386,p12v4m6-B-ppo-s1024,416ff1829ee756ca42b2b3f3ac00d97021798aea8df9b30d5433071d80bc8eae
2025-07-08,JP,0.1779213435947895,p12v4m6-B-ppo-s1024,416ff1829ee756ca42b2b3f3ac00d97021798aea8df9b30d5433071d80bc8eae
2025-07-08,US,0.2831126470118761,p12v4m6-B-ppo-s1024,416ff1829ee756ca42b2b3f3ac00d97021798aea8df9b30d5433071d80bc8eae
2025-07-09,CN,0.18046771769877523,p12v4m6-B-ppo-s1024,416ff1829ee756ca42b2b3f3ac00d97021798aea8df9b30d5433071d80bc8eae
2025-07-09,HK,0.08237327076494694,p12v4m6-B-ppo-s1024,416ff1829ee756ca42b2b3f3ac00d97021798aea8df9b30d5433071d80bc8eae
2025-07-09,JP,0.180103893391788,p12v4m6-B-ppo-s1024,416ff1829ee756ca42b2b3f3ac00d97021798aea8df9b30d5433071d80bc8eae
2025-07-09,US,0.2822901979088783,p12v4m6-B-ppo-s1024,416ff1829ee756ca42b2b3f3ac00d97021798aea8df9b30d5433071d80bc8eae
2025-07-10,CN,0.18236807559151202,p12v4m6-B-ppo-s1024,416ff1829ee756ca42b2b3f3ac00d97021798aea8df9b30d5433071d80bc8eae
2025-07-10,HK,0.08233537105843425,p12v4m6-B-ppo-s1024,416ff1829ee756ca42b2b3f3ac00d97021798aea8df9b30d5433071d80bc8eae
2025-07-10,JP,0.17838875856250525,p12v4m6-B-ppo-s1024,416ff1829ee756ca42b2b3f3ac00d97021798aea8df9b30d5433071d80bc8eae
2025-07-10,US,0.28304433450102806,p12v4m6-B-ppo-s1024,416ff1829ee756ca42b2b3f3ac00d97021798aea8df9b30d5433071d80bc8eae
2025-07-11,CN,0.18204408418387175,p12v4m6-B-ppo-s1024,416ff1829ee756ca42b2b3f3ac00d97021798aea8df9b30d5433071d80bc8eae
2025-07-11,HK,0.081514498218894,p12v4m6-B-ppo-s1024,416ff1829ee756ca42b2b3f3ac00d97021798aea8df9b30d5433071d80bc8eae
2025-07-11,JP,0.17911552917212248,p12v4m6-B-ppo-s1024,416ff1829ee756ca42b2b3f3ac00d97021798aea8df9b30d5433071d80bc8eae
2025-07-11,US,0.28319194354116917,p12v4m6-B-ppo-s1024,416ff1829ee756ca42b2b3f3ac00d97021798aea8df9b30d5433071d80bc8eae
2025-07-14,CN,0.18045339174568653,p12v4m6-B-ppo-s1024,416ff1829ee756ca42b2b3f3ac00d97021798aea8df9b30d5433071d80bc8eae
2025-07-14,HK,0.0821328996680677,p12v4m6-B-ppo-s1024,416ff1829ee756ca42b2b3f3ac00d97021798aea8df9b30d5433071d80bc8eae
2025-07-14,JP,0.17986774817109108,p12v4m6-B-ppo-s1024,416ff1829ee756ca42b2b3f3ac00d97021798aea8df9b30d5433071d80bc8eae
2025-07-14,US,0.2834154302254319,p12v4m6-B-ppo-s1024,416ff1829ee756ca42b2b3f3ac00d97021798aea8df9b30d5433071d80bc8eae
2025-07-15,CN,0.18191809416748583,p12v4m6-B-ppo-s1024,416ff1829ee756ca42b2b3f3ac00d97021798aea8df9b30d5433071d80bc8eae
2025-07-15,HK,0.08235598867759109,p12v4m6-B-ppo-s1024,416ff1829ee756ca42b2b3f3ac00d97021798aea8df9b30d5433071d80bc8eae
2025-07-15,JP,0.17980238143354654,p12v4m6-B-ppo-s1024,416ff1829ee756ca42b2b3f3ac00d97021798aea8df9b30d5433071d80bc8eae
2025-07-15,US,0.27954022493213415,p12v4m6-B-ppo-s1024,416ff1829ee756ca42b2b3f3ac00d97021798aea8df9b30d5433071d80bc8eae
2025-07-16,CN,0.1825285186059773,p12v4m6-B-ppo-s1024,416ff1829ee756ca42b2b3f3ac00d97021798aea8df9b30d5433071d80bc8eae
2025-07-16,HK,0.08166440948843956,p12v4m6-B-ppo-s1024,416ff1829ee756ca42b2b3f3ac00d97021798aea8df9b30d5433071d80bc8eae
2025-07-16,JP,0.17977685946971178,p12v4m6-B-ppo-s1024,416ff1829ee756ca42b2b3f3ac00d97021798aea8df9b30d5433071d80bc8eae
2025-07-16,US,0.28222072357311845,p12v4m6-B-ppo-s1024,416ff1829ee756ca42b2b3f3ac00d97021798aea8df9b30d5433071d80bc8eae
2025-07-17,CN,0.1824999275850132,p12v4m6-B-ppo-s1024,416ff1829ee756ca42b2b3f3ac00d97021798aea8df9b30d5433071d80bc8eae
2025-07-17,HK,0.08154729614034295,p12v4m6-B-ppo-s1024,416ff1829ee756ca42b2b3f3ac00d97021798aea8df9b30d5433071d80bc8eae
2025-07-17,JP,0.18005980737507343,p12v4m6-B-ppo-s1024,416ff1829ee756ca42b2b3f3ac00d97021798aea8df9b30d5433071d80bc8eae
2025-07-17,US,0.2832242287695408,p12v4m6-B-ppo-s1024,416ff1829ee756ca42b2b3f3ac00d97021798aea8df9b30d5433071d80bc8eae
2025-07-18,CN,0.18239297345280647,p12v4m6-B-ppo-s1024,416ff1829ee756ca42b2b3f3ac00d97021798aea8df9b30d5433071d80bc8eae
2025-07-18,HK,0.08212239062413573,p12v4m6-B-ppo-s1024,416ff1829ee756ca42b2b3f3ac00d97021798aea8df9b30d5433071d80bc8eae
2025-07-18,JP,0.17887614201754332,p12v4m6-B-ppo-s1024,416ff1829ee756ca42b2b3f3ac00d97021798aea8df9b30d5433071d80bc8eae
2025-07-18,US,0.2820029417052865,p12v4m6-B-ppo-s1024,416ff1829ee756ca42b2b3f3ac00d97021798aea8df9b30d5433071d80bc8eae
2025-07-21,CN,0.1832106519723311,p12v4m6-B-ppo-s1024,416ff1829ee756ca42b2b3f3ac00d97021798aea8df9b30d5433071d80bc8eae
2025-07-21,HK,0.08167140744626522,p12v4m6-B-ppo-s1024,416ff1829ee756ca42b2b3f3ac00d97021798aea8df9b30d5433071d80bc8eae
2025-07-21,JP,0.17886155378073454,p12v4m6-B-ppo-s1024,416ff1829ee756ca42b2b3f3ac00d97021798aea8df9b30d5433071d80bc8eae
2025-07-21,US,0.28212716430425644,p12v4m6-B-ppo-s1024,416ff1829ee756ca42b2b3f3ac00d97021798aea8df9b30d5433071d80bc8eae
2025-07-22,CN,0.18394155462738127,p12v4m6-B-ppo-s1024,416ff1829ee756ca42b2b3f3ac00d97021798aea8df9b30d5433071d80bc8eae
2025-07-22,HK,0.08143022609874606,p12v4m6-B-ppo-s1024,416ff1829ee756ca42b2b3f3ac00d97021798aea8df9b30d5433071d80bc8eae
2025-07-22,JP,0.17939584981650114,p12v4m6-B-ppo-s1024,416ff1829ee756ca42b2b3f3ac00d97021798aea8df9b30d5433071d80bc8eae
2025-07-22,US,0.2822131090797484,p12v4m6-B-ppo-s1024,416ff1829ee756ca42b2b3f3ac00d97021798aea8df9b30d5433071d80bc8eae
2025-07-23,CN,0.17656722583342344,p12v4m6-B-ppo-s1024,416ff1829ee756ca42b2b3f3ac00d97021798aea8df9b30d5433071d80bc8eae
2025-07-23,HK,0.08154923329129815,p12v4m6-B-ppo-s1024,416ff1829ee756ca42b2b3f3ac00d97021798aea8df9b30d5433071d80bc8eae
2025-07-23,JP,0.18139730766415596,p12v4m6-B-ppo-s1024,416ff1829ee756ca42b2b3f3ac00d97021798aea8df9b30d5433071d80bc8eae
2025-07-23,US,0.28573385579511523,p12v4m6-B-ppo-s1024,416ff1829ee756ca42b2b3f3ac00d97021798aea8df9b30d5433071d80bc8eae
2025-07-24,CN,0.1833287924528122,p12v4m6-B-ppo-s1024,416ff1829ee756ca42b2b3f3ac00d97021798aea8df9b30d5433071d80bc8eae
2025-07-24,HK,0.08217122917994857,p12v4m6-B-ppo-s1024,416ff1829ee756ca42b2b3f3ac00d97021798aea8df9b30d5433071d80bc8eae
2025-07-24,JP,0.17986636329442263,p12v4m6-B-ppo-s1024,416ff1829ee756ca42b2b3f3ac00d97021798aea8df9b30d5433071d80bc8eae
2025-07-24,US,0.28035620180889964,p12v4m6-B-ppo-s1024,416ff1829ee756ca42b2b3f3ac00d97021798aea8df9b30d5433071d80bc8eae
2025-07-25,CN,0.18088320340029895,p12v4m6-B-ppo-s1024,416ff1829ee756ca42b2b3f3ac00d97021798aea8df9b30d5433071d80bc8eae
2025-07-25,HK,0.08236818015575409,p12v4m6-B-ppo-s1024,416ff1829ee756ca42b2b3f3ac00d97021798aea8df9b30d5433071d80bc8eae
2025-07-25,JP,0.17919301986694336,p12v4m6-B-ppo-s1024,416ff1829ee756ca42b2b3f3ac00d97021798aea8df9b30d5433071d80bc8eae
2025-07-25,US,0.28219944378361106,p12v4m6-B-ppo-s1024,416ff1829ee756ca42b2b3f3ac00d97021798aea8df9b30d5433071d80bc8eae
2025-07-28,CN,0.18278763082344085,p12v4m6-B-ppo-s1024,416ff1829ee756ca42b2b3f3ac00d97021798aea8df9b30d5433071d80bc8eae
2025-07-28,HK,0.08159298077225685,p12v4m6-B-ppo-s1024,416ff1829ee756ca42b2b3f3ac00d97021798aea8df9b30d5433071d80bc8eae
2025-07-28,JP,0.1799088390544057,p12v4m6-B-ppo-s1024,416ff1829ee756ca42b2b3f3ac00d97021798aea8df9b30d5433071d80bc8eae
2025-07-28,US,0.28045102022588253,p12v4m6-B-ppo-s1024,416ff1829ee756ca42b2b3f3ac00d97021798aea8df9b30d5433071d80bc8eae
2025-07-29,CN,0.18253978539723903,p12v4m6-B-ppo-s1024,416ff1829ee756ca42b2b3f3ac00d97021798aea8df9b30d5433071d80bc8eae
2025-07-29,HK,0.08196045411750674,p12v4m6-B-ppo-s1024,416ff1829ee756ca42b2b3f3ac00d97021798aea8df9b30d5433071d80bc8eae
2025-07-29,JP,0.1789344446733594,p12v4m6-B-ppo-s1024,416ff1829ee756ca42b2b3f3ac00d97021798aea8df9b30d5433071d80bc8eae
2025-07-29,US,0.2814757996238768,p12v4m6-B-ppo-s1024,416ff1829ee756ca42b2b3f3ac00d97021798aea8df9b30d5433071d80bc8eae
2025-07-30,CN,0.18225905823055655,p12v4m6-B-ppo-s1024,416ff1829ee756ca42b2b3f3ac00d97021798aea8df9b30d5433071d80bc8eae
2025-07-30,HK,0.08126563299447298,p12v4m6-B-ppo-s1024,416ff1829ee756ca42b2b3f3ac00d97021798aea8df9b30d5433071d80bc8eae
2025-07-30,JP,0.18055537808686495,p12v4m6-B-ppo-s1024,416ff1829ee756ca42b2b3f3ac00d97021798aea8df9b30d5433071d80bc8eae
2025-07-30,US,0.2818611431866884,p12v4m6-B-ppo-s1024,416ff1829ee756ca42b2b3f3ac00d97021798aea8df9b30d5433071d80bc8eae
2025-07-31,CN,0.18229848251212388,p12v4m6-B-ppo-s1024,416ff1829ee756ca42b2b3f3ac00d97021798aea8df9b30d5433071d80bc8eae
2025-07-31,HK,0.08190785720944405,p12v4m6-B-ppo-s1024,416ff1829ee756ca42b2b3f3ac00d97021798aea8df9b30d5433071d80bc8eae
2025-07-31,JP,0.18086943589150906,p12v4m6-B-ppo-s1024,416ff1829ee756ca42b2b3f3ac00d97021798aea8df9b30d5433071d80bc8eae
2025-07-31,US,0.2801530505530536,p12v4m6-B-ppo-s1024,416ff1829ee756ca42b2b3f3ac00d97021798aea8df9b30d5433071d80bc8eae
2025-08-01,CN,0.18155017553362995,p12v4m6-B-ppo-s1024,416ff1829ee756ca42b2b3f3ac00d97021798aea8df9b30d5433071d80bc8eae
2025-08-01,HK,0.08178405277431011,p12v4m6-B-ppo-s1024,416ff1829ee756ca42b2b3f3ac00d97021798aea8df9b30d5433071d80bc8eae
2025-08-01,JP,0.18101562466472387,p12v4m6-B-ppo-s1024,416ff1829ee756ca42b2b3f3ac00d97021798aea8df9b30d5433071d80bc8eae
2025-08-01,US,0.281201817560941,p12v4m6-B-ppo-s1024,416ff1829ee756ca42b2b3f3ac00d97021798aea8df9b30d5433071d80bc8eae
2025-08-04,CN,0.18340353877283633,p12v4m6-B-ppo-s1024,416ff1829ee756ca42b2b3f3ac00d97021798aea8df9b30d5433071d80bc8eae
2025-08-04,HK,0.08214226318523288,p12v4m6-B-ppo-s1024,416ff1829ee756ca42b2b3f3ac00d97021798aea8df9b30d5433071d80bc8eae
2025-08-04,JP,0.17917852383106947,p12v4m6-B-ppo-s1024,416ff1829ee756ca42b2b3f3ac00d97021798aea8df9b30d5433071d80bc8eae
2025-08-04,US,0.2820290899835527,p12v4m6-B-ppo-s1024,416ff1829ee756ca42b2b3f3ac00d97021798aea8df9b30d5433071d80bc8eae
2025-08-05,CN,0.18215073843020946,p12v4m6-B-ppo-s1024,416ff1829ee756ca42b2b3f3ac00d97021798aea8df9b30d5433071d80bc8eae
2025-08-05,HK,0.08239709073677659,p12v4m6-B-ppo-s1024,416ff1829ee756ca42b2b3f3ac00d97021798aea8df9b30d5433071d80bc8eae
2025-08-05,JP,0.1802214551717043,p12v4m6-B-ppo-s1024,416ff1829ee756ca42b2b3f3ac00d97021798aea8df9b30d5433071d80bc8eae
2025-08-05,US,0.282108124345541,p12v4m6-B-ppo-s1024,416ff1829ee756ca42b2b3f3ac00d97021798aea8df9b30d5433071d80bc8eae
2025-08-06,CN,0.18326771049760282,p12v4m6-B-ppo-s1024,416ff1829ee756ca42b2b3f3ac00d97021798aea8df9b30d5433071d80bc8eae
2025-08-06,HK,0.08197221392765641,p12v4m6-B-ppo-s1024,416ff1829ee756ca42b2b3f3ac00d97021798aea8df9b30d5433071d80bc8eae
2025-08-06,JP,0.18064745794981718,p12v4m6-B-ppo-s1024,416ff1829ee756ca42b2b3f3ac00d97021798aea8df9b30d5433071d80bc8eae
2025-08-06,US,0.2799163111485541,p12v4m6-B-ppo-s1024,416ff1829ee756ca42b2b3f3ac00d97021798aea8df9b30d5433071d80bc8eae
2025-08-07,CN,0.18484519282355905,p12v4m6-B-ppo-s1024,416ff1829ee756ca42b2b3f3ac00d97021798aea8df9b30d5433071d80bc8eae
2025-08-07,HK,0.08201621938496828,p12v4m6-B-ppo-s1024,416ff1829ee756ca42b2b3f3ac00d97021798aea8df9b30d5433071d80bc8eae
2025-08-07,JP,0.18065815046429634,p12v4m6-B-ppo-s1024,416ff1829ee756ca42b2b3f3ac00d97021798aea8df9b30d5433071d80bc8eae
2025-08-07,US,0.2789251976646483,p12v4m6-B-ppo-s1024,416ff1829ee756ca42b2b3f3ac00d97021798aea8df9b30d5433071d80bc8eae
2025-08-08,CN,0.1818282884778455,p12v4m6-B-ppo-s1024,416ff1829ee756ca42b2b3f3ac00d97021798aea8df9b30d5433071d80bc8eae
2025-08-08,HK,0.08167425217106938,p12v4m6-B-ppo-s1024,416ff1829ee756ca42b2b3f3ac00d97021798aea8df9b30d5433071d80bc8eae
2025-08-08,JP,0.18110787868499756,p12v4m6-B-ppo-s1024,416ff1829ee756ca42b2b3f3ac00d97021798aea8df9b30d5433071d80bc8eae
2025-08-08,US,0.2811436029151082,p12v4m6-B-ppo-s1024,416ff1829ee756ca42b2b3f3ac00d97021798aea8df9b30d5433071d80bc8eae
2025-08-11,CN,0.18203162867575884,p12v4m6-B-ppo-s1024,416ff1829ee756ca42b2b3f3ac00d97021798aea8df9b30d5433071d80bc8eae
2025-08-11,HK,0.0822362513281405,p12v4m6-B-ppo-s1024,416ff1829ee756ca42b2b3f3ac00d97021798aea8df9b30d5433071d80bc8eae
2025-08-11,JP,0.1810827422887087,p12v4m6-B-ppo-s1024,416ff1829ee756ca42b2b3f3ac00d97021798aea8df9b30d5433071d80bc8eae
2025-08-11,US,0.28105021733790636,p12v4m6-B-ppo-s1024,416ff1829ee756ca42b2b3f3ac00d97021798aea8df9b30d5433071d80bc8eae
2025-08-12,CN,0.18110576132312417,p12v4m6-B-ppo-s1024,416ff1829ee756ca42b2b3f3ac00d97021798aea8df9b30d5433071d80bc8eae
2025-08-12,HK,0.08168247016146779,p12v4m6-B-ppo-s1024,416ff1829ee756ca42b2b3f3ac00d97021798aea8df9b30d5433071d80bc8eae
2025-08-12,JP,0.1812794702127576,p12v4m6-B-ppo-s1024,416ff1829ee756ca42b2b3f3ac00d97021798aea8df9b30d5433071d80bc8eae
2025-08-12,US,0.28334470093250275,p12v4m6-B-ppo-s1024,416ff1829ee756ca42b2b3f3ac00d97021798aea8df9b30d5433071d80bc8eae
2025-08-13,CN,0.18159230996388942,p12v4m6-B-ppo-s1024,416ff1829ee756ca42b2b3f3ac00d97021798aea8df9b30d5433071d80bc8eae
2025-08-13,HK,0.08120659226551652,p12v4m6-B-ppo-s1024,416ff1829ee756ca42b2b3f3ac00d97021798aea8df9b30d5433071d80bc8eae
2025-08-13,JP,0.17913453187793493,p12v4m6-B-ppo-s1024,416ff1829ee756ca42b2b3f3ac00d97021798aea8df9b30d5433071d80bc8eae
2025-08-13,US,0.28429629001766443,p12v4m6-B-ppo-s1024,416ff1829ee756ca42b2b3f3ac00d97021798aea8df9b30d5433071d80bc8eae
2025-08-14,CN,0.17867325386032462,p12v4m6-B-ppo-s1024,416ff1829ee756ca42b2b3f3ac00d97021798aea8df9b30d5433071d80bc8eae
2025-08-14,HK,0.08239196706563234,p12v4m6-B-ppo-s1024,416ff1829ee756ca42b2b3f3ac00d97021798aea8df9b30d5433071d80bc8eae
2025-08-14,JP,0.17900596279650927,p12v4m6-B-ppo-s1024,416ff1829ee756ca42b2b3f3ac00d97021798aea8df9b30d5433071d80bc8eae
2025-08-14,US,0.2835352439433336,p12v4m6-B-ppo-s1024,416ff1829ee756ca42b2b3f3ac00d97021798aea8df9b30d5433071d80bc8eae
2025-08-15,CN,0.1835523466579616,p12v4m6-B-ppo-s1024,416ff1829ee756ca42b2b3f3ac00d97021798aea8df9b30d5433071d80bc8eae
2025-08-15,HK,0.08153843460604548,p12v4m6-B-ppo-s1024,416ff1829ee756ca42b2b3f3ac00d97021798aea8df9b30d5433071d80bc8eae
2025-08-15,JP,0.18026338890194893,p12v4m6-B-ppo-s1024,416ff1829ee756ca42b2b3f3ac00d97021798aea8df9b30d5433071d80bc8eae
2025-08-15,US,0.28082737419754267,p12v4m6-B-ppo-s1024,416ff1829ee756ca42b2b3f3ac00d97021798aea8df9b30d5433071d80bc8eae
2025-08-18,CN,0.18332115409430116,p12v4m6-B-ppo-s1024,416ff1829ee756ca42b2b3f3ac00d97021798aea8df9b30d5433071d80bc8eae
2025-08-18,HK,0.08188455458730459,p12v4m6-B-ppo-s1024,416ff1829ee756ca42b2b3f3ac00d97021798aea8df9b30d5433071d80bc8eae
2025-08-18,JP,0.1800770852714777,p12v4m6-B-ppo-s1024,416ff1829ee756ca42b2b3f3ac00d97021798aea8df9b30d5433071d80bc8eae
2025-08-18,US,0.28112931549549103,p12v4m6-B-ppo-s1024,416ff1829ee756ca42b2b3f3ac00d97021798aea8df9b30d5433071d80bc8eae
2025-08-19,CN,0.1799656986258924,p12v4m6-B-ppo-s1024,416ff1829ee756ca42b2b3f3ac00d97021798aea8df9b30d5433071d80bc8eae
2025-08-19,HK,0.08222097298130393,p12v4m6-B-ppo-s1024,416ff1829ee756ca42b2b3f3ac00d97021798aea8df9b30d5433071d80bc8eae
2025-08-19,JP,0.18140125088393688,p12v4m6-B-ppo-s1024,416ff1829ee756ca42b2b3f3ac00d97021798aea8df9b30d5433071d80bc8eae
2025-08-19,US,0.2826898191124201,p12v4m6-B-ppo-s1024,416ff1829ee756ca42b2b3f3ac00d97021798aea8df9b30d5433071d80bc8eae
2025-08-20,CN,0.18336599448230118,p12v4m6-B-ppo-s1024,416ff1829ee756ca42b2b3f3ac00d97021798aea8df9b30d5433071d80bc8eae
2025-08-20,HK,0.08275487925857306,p12v4m6-B-ppo-s1024,416ff1829ee756ca42b2b3f3ac00d97021798aea8df9b30d5433071d80bc8eae
2025-08-20,JP,0.17947564739733934,p12v4m6-B-ppo-s1024,416ff1829ee756ca42b2b3f3ac00d97021798aea8df9b30d5433071d80bc8eae
2025-08-20,US,0.2798933940939605,p12v4m6-B-ppo-s1024,416ff1829ee756ca42b2b3f3ac00d97021798aea8df9b30d5433071d80bc8eae
2025-08-21,CN,0.18184602994006127,p12v4m6-B-ppo-s1024,416ff1829ee756ca42b2b3f3ac00d97021798aea8df9b30d5433071d80bc8eae
2025-08-21,HK,0.0814996580593288,p12v4m6-B-ppo-s1024,416ff1829ee756ca42b2b3f3ac00d97021798aea8df9b30d5433071d80bc8eae
2025-08-21,JP,0.17926990799605846,p12v4m6-B-ppo-s1024,416ff1829ee756ca42b2b3f3ac00d97021798aea8df9b30d5433071d80bc8eae
2025-08-21,US,0.2827445799484849,p12v4m6-B-ppo-s1024,416ff1829ee756ca42b2b3f3ac00d97021798aea8df9b30d5433071d80bc8eae
2025-08-22,CN,0.18140571715775877,p12v4m6-B-ppo-s1024,416ff1829ee756ca42b2b3f3ac00d97021798aea8df9b30d5433071d80bc8eae
2025-08-22,HK,0.08189110271632671,p12v4m6-B-ppo-s1024,416ff1829ee756ca42b2b3f3ac00d97021798aea8df9b30d5433071d80bc8eae
2025-08-22,JP,0.17869020625948906,p12v4m6-B-ppo-s1024,416ff1829ee756ca42b2b3f3ac00d97021798aea8df9b30d5433071d80bc8eae
2025-08-22,US,0.2841970189474523,p12v4m6-B-ppo-s1024,416ff1829ee756ca42b2b3f3ac00d97021798aea8df9b30d5433071d80bc8eae
2025-08-25,CN,0.1814644739497453,p12v4m6-B-ppo-s1024,416ff1829ee756ca42b2b3f3ac00d97021798aea8df9b30d5433071d80bc8eae
2025-08-25,HK,0.08272130135446787,p12v4m6-B-ppo-s1024,416ff1829ee756ca42b2b3f3ac00d97021798aea8df9b30d5433071d80bc8eae
2025-08-25,JP,0.17867816891521215,p12v4m6-B-ppo-s1024,416ff1829ee756ca42b2b3f3ac00d97021798aea8df9b30d5433071d80bc8eae
2025-08-25,US,0.2816732474602759,p12v4m6-B-ppo-s1024,416ff1829ee756ca42b2b3f3ac00d97021798aea8df9b30d5433071d80bc8eae
2025-08-26,CN,0.18246886122506112,p12v4m6-B-ppo-s1024,416ff1829ee756ca42b2b3f3ac00d97021798aea8df9b30d5433071d80bc8eae
2025-08-26,HK,0.08186301263049245,p12v4m6-B-ppo-s1024,416ff1829ee756ca42b2b3f3ac00d97021798aea8df9b30d5433071d80bc8eae
2025-08-26,JP,0.17920565325766802,p12v4m6-B-ppo-s1024,416ff1829ee756ca42b2b3f3ac00d97021798aea8df9b30d5433071d80bc8eae
2025-08-26,US,0.2817559000104666,p12v4m6-B-ppo-s1024,416ff1829ee756ca42b2b3f3ac00d97021798aea8df9b30d5433071d80bc8eae
2025-08-27,CN,0.17833276104647666,p12v4m6-B-ppo-s1024,416ff1829ee756ca42b2b3f3ac00d97021798aea8df9b30d5433071d80bc8eae
2025-08-27,HK,0.08168920315802097,p12v4m6-B-ppo-s1024,416ff1829ee756ca42b2b3f3ac00d97021798aea8df9b30d5433071d80bc8eae
2025-08-27,JP,0.18058403488248587,p12v4m6-B-ppo-s1024,416ff1829ee756ca42b2b3f3ac00d97021798aea8df9b30d5433071d80bc8eae
2025-08-27,US,0.2842039689421654,p12v4m6-B-ppo-s1024,416ff1829ee756ca42b2b3f3ac00d97021798aea8df9b30d5433071d80bc8eae
2025-08-28,CN,0.18305215507280082,p12v4m6-B-ppo-s1024,416ff1829ee756ca42b2b3f3ac00d97021798aea8df9b30d5433071d80bc8eae
2025-08-28,HK,0.08233690215274692,p12v4m6-B-ppo-s1024,416ff1829ee756ca42b2b3f3ac00d97021798aea8df9b30d5433071d80bc8eae
2025-08-28,JP,0.1801416864618659,p12v4m6-B-ppo-s1024,416ff1829ee756ca42b2b3f3ac00d97021798aea8df9b30d5433071d80bc8eae
2025-08-28,US,0.28125996328890324,p12v4m6-B-ppo-s1024,416ff1829ee756ca42b2b3f3ac00d97021798aea8df9b30d5433071d80bc8eae
2025-08-29,CN,0.18000087013933808,p12v4m6-B-ppo-s1024,416ff1829ee756ca42b2b3f3ac00d97021798aea8df9b30d5433071d80bc8eae
2025-08-29,HK,0.08143075928092003,p12v4m6-B-ppo-s1024,416ff1829ee756ca42b2b3f3ac00d97021798aea8df9b30d5433071d80bc8eae
2025-08-29,JP,0.18023991212248802,p12v4m6-B-ppo-s1024,416ff1829ee756ca42b2b3f3ac00d97021798aea8df9b30d5433071d80bc8eae
2025-08-29,US,0.28352842712774873,p12v4m6-B-ppo-s1024,416ff1829ee756ca42b2b3f3ac00d97021798aea8df9b30d5433071d80bc8eae
2025-09-01,CN,0.185534474439919,p12v4m6-B-ppo-s1024,416ff1829ee756ca42b2b3f3ac00d97021798aea8df9b30d5433071d80bc8eae
2025-09-01,HK,0.08124224422499537,p12v4m6-B-ppo-s1024,416ff1829ee756ca42b2b3f3ac00d97021798aea8df9b30d5433071d80bc8eae
2025-09-01,JP,0.17990010604262352,p12v4m6-B-ppo-s1024,416ff1829ee756ca42b2b3f3ac00d97021798aea8df9b30d5433071d80bc8eae
2025-09-01,US,0.28167926566675305,p12v4m6-B-ppo-s1024,416ff1829ee756ca42b2b3f3ac00d97021798aea8df9b30d5433071d80bc8eae
2025-09-02,CN,0.1783937580185011,p12v4m6-B-ppo-s1024,416ff1829ee756ca42b2b3f3ac00d97021798aea8df9b30d5433071d80bc8eae
2025-09-02,HK,0.08174536796286702,p12v4m6-B-ppo-s1024,416ff1829ee756ca42b2b3f3ac00d97021798aea8df9b30d5433071d80bc8eae
2025-09-02,JP,0.180234482511878,p12v4m6-B-ppo-s1024,416ff1829ee756ca42b2b3f3ac00d97021798aea8df9b30d5433071d80bc8eae
2025-09-02,US,0.28459716867655516,p12v4m6-B-ppo-s1024,416ff1829ee756ca42b2b3f3ac00d97021798aea8df9b30d5433071d80bc8eae
2025-09-03,CN,0.17797835206147283,p12v4m6-B-ppo-s1024,416ff1829ee756ca42b2b3f3ac00d97021798aea8df9b30d5433071d80bc8eae
2025-09-03,HK,0.08271016040816903,p12v4m6-B-ppo-s1024,416ff1829ee756ca42b2b3f3ac00d97021798aea8df9b30d5433071d80bc8eae
2025-09-03,JP,0.18059065099805593,p12v4m6-B-ppo-s1024,416ff1829ee756ca42b2b3f3ac00d97021798aea8df9b30d5433071d80bc8eae
2025-09-03,US,0.2831979338079691,p12v4m6-B-ppo-s1024,416ff1829ee756ca42b2b3f3ac00d97021798aea8df9b30d5433071d80bc8eae
2025-09-04,CN,0.18279359035659581,p12v4m6-B-ppo-s1024,416ff1829ee756ca42b2b3f3ac00d97021798aea8df9b30d5433071d80bc8eae
2025-09-04,HK,0.08141932357102633,p12v4m6-B-ppo-s1024,416ff1829ee756ca42b2b3f3ac00d97021798aea8df9b30d5433071d80bc8eae
2025-09-04,JP,0.17937718518078327,p12v4m6-B-ppo-s1024,416ff1829ee756ca42b2b3f3ac00d97021798aea8df9b30d5433071d80bc8eae
2025-09-04,US,0.2829873776063323,p12v4m6-B-ppo-s1024,416ff1829ee756ca42b2b3f3ac00d97021798aea8df9b30d5433071d80bc8eae
2025-09-05,CN,0.18046900595072657,p12v4m6-B-ppo-s1024,416ff1829ee756ca42b2b3f3ac00d97021798aea8df9b30d5433071d80bc8eae
2025-09-05,HK,0.08297872403636575,p12v4m6-B-ppo-s1024,416ff1829ee756ca42b2b3f3ac00d97021798aea8df9b30d5433071d80bc8eae
2025-09-05,JP,0.1796523593366146,p12v4m6-B-ppo-s1024,416ff1829ee756ca42b2b3f3ac00d97021798aea8df9b30d5433071d80bc8eae
2025-09-05,US,0.28156350599601865,p12v4m6-B-ppo-s1024,416ff1829ee756ca42b2b3f3ac00d97021798aea8df9b30d5433071d80bc8eae
2025-09-08,CN,0.18147795728873461,p12v4m6-B-ppo-s1024,416ff1829ee756ca42b2b3f3ac00d97021798aea8df9b30d5433071d80bc8eae
2025-09-08,HK,0.08153920527547598,p12v4m6-B-ppo-s1024,416ff1829ee756ca42b2b3f3ac00d97021798aea8df9b30d5433071d80bc8eae
2025-09-08,JP,0.17865796200931072,p12v4m6-B-ppo-s1024,416ff1829ee756ca42b2b3f3ac00d97021798aea8df9b30d5433071d80bc8eae
2025-09-08,US,0.2844302412122488,p12v4m6-B-ppo-s1024,416ff1829ee756ca42b2b3f3ac00d97021798aea8df9b30d5433071d80bc8eae
2025-09-09,CN,0.18074539792723954,p12v4m6-B-ppo-s1024,416ff1829ee756ca42b2b3f3ac00d97021798aea8df9b30d5433071d80bc8eae
2025-09-09,HK,0.08159157494083047,p12v4m6-B-ppo-s1024,416ff1829ee756ca42b2b3f3ac00d97021798aea8df9b30d5433071d80bc8eae
2025-09-09,JP,0.18082620203495026,p12v4m6-B-ppo-s1024,416ff1829ee756ca42b2b3f3ac00d97021798aea8df9b30d5433071d80bc8eae
2025-09-09,US,0.2807781472802162,p12v4m6-B-ppo-s1024,416ff1829ee756ca42b2b3f3ac00d97021798aea8df9b30d5433071d80bc8eae
2025-09-10,CN,0.18241683603264391,p12v4m6-B-ppo-s1024,416ff1829ee756ca42b2b3f3ac00d97021798aea8df9b30d5433071d80bc8eae
2025-09-10,HK,0.0822780430316925,p12v4m6-B-ppo-s1024,416ff1829ee756ca42b2b3f3ac00d97021798aea8df9b30d5433071d80bc8eae
2025-09-10,JP,0.17893312312662601,p12v4m6-B-ppo-s1024,416ff1829ee756ca42b2b3f3ac00d97021798aea8df9b30d5433071d80bc8eae
2025-09-10,US,0.28249975107610226,p12v4m6-B-ppo-s1024,416ff1829ee756ca42b2b3f3ac00d97021798aea8df9b30d5433071d80bc8eae
2025-09-11,CN,0.1813058975385502,p12v4m6-B-ppo-s1024,416ff1829ee756ca42b2b3f3ac00d97021798aea8df9b30d5433071d80bc8eae
2025-09-11,HK,0.08264850359410048,p12v4m6-B-ppo-s1024,416ff1829ee756ca42b2b3f3ac00d97021798aea8df9b30d5433071d80bc8eae
2025-09-11,JP,0.17908669542521238,p12v4m6-B-ppo-s1024,416ff1829ee756ca42b2b3f3ac00d97021798aea8df9b30d5433071d80bc8eae
2025-09-11,US,0.2837739451788366,p12v4m6-B-ppo-s1024,416ff1829ee756ca42b2b3f3ac00d97021798aea8df9b30d5433071d80bc8eae
2025-09-12,CN,0.18160624033771455,p12v4m6-B-ppo-s1024,416ff1829ee756ca42b2b3f3ac00d97021798aea8df9b30d5433071d80bc8eae
2025-09-12,HK,0.08151888754218817,p12v4m6-B-ppo-s1024,416ff1829ee756ca42b2b3f3ac00d97021798aea8df9b30d5433071d80bc8eae
2025-09-12,JP,0.17837099451571703,p12v4m6-B-ppo-s1024,416ff1829ee756ca42b2b3f3ac00d97021798aea8df9b30d5433071d80bc8eae
2025-09-12,US,0.28215174097567797,p12v4m6-B-ppo-s1024,416ff1829ee756ca42b2b3f3ac00d97021798aea8df9b30d5433071d80bc8eae
2025-09-15,CN,0.1811277805827558,p12v4m6-B-ppo-s1024,416ff1829ee756ca42b2b3f3ac00d97021798aea8df9b30d5433071d80bc8eae
2025-09-15,HK,0.08229286642745137,p12v4m6-B-ppo-s1024,416ff1829ee756ca42b2b3f3ac00d97021798aea8df9b30d5433071d80bc8eae
2025-09-15,JP,0.17922326736152172,p12v4m6-B-ppo-s1024,416ff1829ee756ca42b2b3f3ac00d97021798aea8df9b30d5433071d80bc8eae
2025-09-15,US,0.2815096634440124,p12v4m6-B-ppo-s1024,416ff1829ee756ca42b2b3f3ac00d97021798aea8df9b30d5433071d80bc8eae
2025-09-16,CN,0.1804603700293228,p12v4m6-B-ppo-s1024,416ff1829ee756ca42b2b3f3ac00d97021798aea8df9b30d5433071d80bc8eae
2025-09-16,HK,0.08260810980573297,p12v4m6-B-ppo-s1024,416ff1829ee756ca42b2b3f3ac00d97021798aea8df9b30d5433071d80bc8eae
2025-09-16,JP,0.1801299685612321,p12v4m6-B-ppo-s1024,416ff1829ee756ca42b2b3f3ac00d97021798aea8df9b30d5433071d80bc8eae
2025-09-16,US,0.2810835135169327,p12v4m6-B-ppo-s1024,416ff1829ee756ca42b2b3f3ac00d97021798aea8df9b30d5433071d80bc8eae
2025-09-17,CN,0.18080705462489277,p12v4m6-B-ppo-s1024,416ff1829ee756ca42b2b3f3ac00d97021798aea8df9b30d5433071d80bc8eae
2025-09-17,HK,0.08199552400037646,p12v4m6-B-ppo-s1024,416ff1829ee756ca42b2b3f3ac00d97021798aea8df9b30d5433071d80bc8eae
2025-09-17,JP,0.17952520865947008,p12v4m6-B-ppo-s1024,416ff1829ee756ca42b2b3f3ac00d97021798aea8df9b30d5433071d80bc8eae
2025-09-17,US,0.2830004459246993,p12v4m6-B-ppo-s1024,416ff1829ee756ca42b2b3f3ac00d97021798aea8df9b30d5433071d80bc8eae
2025-09-18,CN,0.18082012503873557,p12v4m6-B-ppo-s1024,416ff1829ee756ca42b2b3f3ac00d97021798aea8df9b30d5433071d80bc8eae
2025-09-18,HK,0.08091205824166536,p12v4m6-B-ppo-s1024,416ff1829ee756ca42b2b3f3ac00d97021798aea8df9b30d5433071d80bc8eae
2025-09-18,JP,0.17979332711547613,p12v4m6-B-ppo-s1024,416ff1829ee756ca42b2b3f3ac00d97021798aea8df9b30d5433071d80bc8eae
2025-09-18,US,0.282548388466239,p12v4m6-B-ppo-s1024,416ff1829ee756ca42b2b3f3ac00d97021798aea8df9b30d5433071d80bc8eae
2025-09-19,CN,0.18225022277329117,p12v4m6-B-ppo-s1024,416ff1829ee756ca42b2b3f3ac00d97021798aea8df9b30d5433071d80bc8eae
2025-09-19,HK,0.08180422941222787,p12v4m6-B-ppo-s1024,416ff1829ee756ca42b2b3f3ac00d97021798aea8df9b30d5433071d80bc8eae
2025-09-19,JP,0.1780541418120265,p12v4m6-B-ppo-s1024,416ff1829ee756ca42b2b3f3ac00d97021798aea8df9b30d5433071d80bc8eae
2025-09-19,US,0.2822686629369855,p12v4m6-B-ppo-s1024,416ff1829ee756ca42b2b3f3ac00d97021798aea8df9b30d5433071d80bc8eae
2025-09-22,CN,0.18085465184412897,p12v4m6-B-ppo-s1024,416ff1829ee756ca42b2b3f3ac00d97021798aea8df9b30d5433071d80bc8eae
2025-09-22,HK,0.08113667462021112,p12v4m6-B-ppo-s1024,416ff1829ee756ca42b2b3f3ac00d97021798aea8df9b30d5433071d80bc8eae
2025-09-22,JP,0.17822647001594305,p12v4m6-B-ppo-s1024,416ff1829ee756ca42b2b3f3ac00d97021798aea8df9b30d5433071d80bc8eae
2025-09-22,US,0.2848686329089105,p12v4m6-B-ppo-s1024,416ff1829ee756ca42b2b3f3ac00d97021798aea8df9b30d5433071d80bc8eae
2025-09-23,CN,0.1791727098170668,p12v4m6-B-ppo-s1024,416ff1829ee756ca42b2b3f3ac00d97021798aea8df9b30d5433071d80bc8eae
2025-09-23,HK,0.08155663963407278,p12v4m6-B-ppo-s1024,416ff1829ee756ca42b2b3f3ac00d97021798aea8df9b30d5433071d80bc8eae
2025-09-23,JP,0.1782874148339033,p12v4m6-B-ppo-s1024,416ff1829ee756ca42b2b3f3ac00d97021798aea8df9b30d5433071d80bc8eae
2025-09-23,US,0.2853164914995432,p12v4m6-B-ppo-s1024,416ff1829ee756ca42b2b3f3ac00d97021798aea8df9b30d5433071d80bc8eae
2025-09-24,CN,0.18248823937028646,p12v4m6-B-ppo-s1024,416ff1829ee756ca42b2b3f3ac00d97021798aea8df9b30d5433071d80bc8eae
2025-09-24,HK,0.0821372140198946,p12v4m6-B-ppo-s1024,416ff1829ee756ca42b2b3f3ac00d97021798aea8df9b30d5433071d80bc8eae
2025-09-24,JP,0.1791106080636382,p12v4m6-B-ppo-s1024,416ff1829ee756ca42b2b3f3ac00d97021798aea8df9b30d5433071d80bc8eae
2025-09-24,US,0.28155733132734895,p12v4m6-B-ppo-s1024,416ff1829ee756ca42b2b3f3ac00d97021798aea8df9b30d5433071d80bc8eae
2025-09-25,CN,0.17923934501595795,p12v4m6-B-ppo-s1024,416ff1829ee756ca42b2b3f3ac00d97021798aea8df9b30d5433071d80bc8eae
2025-09-25,HK,0.08233391866087914,p12v4m6-B-ppo-s1024,416ff1829ee756ca42b2b3f3ac00d97021798aea8df9b30d5433071d80bc8eae
2025-09-25,JP,0.1797791039571166,p12v4m6-B-ppo-s1024,416ff1829ee756ca42b2b3f3ac00d97021798aea8df9b30d5433071d80bc8eae
2025-09-25,US,0.2831810344941914,p12v4m6-B-ppo-s1024,416ff1829ee756ca42b2b3f3ac00d97021798aea8df9b30d5433071d80bc8eae
2025-09-26,CN,0.18210986978374422,p12v4m6-B-ppo-s1024,416ff1829ee756ca42b2b3f3ac00d97021798aea8df9b30d5433071d80bc8eae
2025-09-26,HK,0.08137581497430801,p12v4m6-B-ppo-s1024,416ff1829ee756ca42b2b3f3ac00d97021798aea8df9b30d5433071d80bc8eae
2025-09-26,JP,0.1798433903604746,p12v4m6-B-ppo-s1024,416ff1829ee756ca42b2b3f3ac00d97021798aea8df9b30d5433071d80bc8eae
2025-09-26,US,0.28293414087966084,p12v4m6-B-ppo-s1024,416ff1829ee756ca42b2b3f3ac00d97021798aea8df9b30d5433071d80bc8eae
2025-09-29,CN,0.18285349558573216,p12v4m6-B-ppo-s1024,416ff1829ee756ca42b2b3f3ac00d97021798aea8df9b30d5433071d80bc8eae
2025-09-29,HK,0.0820023026317358,p12v4m6-B-ppo-s1024,416ff1829ee756ca42b2b3f3ac00d97021798aea8df9b30d5433071d80bc8eae
2025-09-29,JP,0.17746214289218187,p12v4m6-B-ppo-s1024,416ff1829ee756ca42b2b3f3ac00d97021798aea8df9b30d5433071d80bc8eae
2025-09-29,US,0.2825292283669114,p12v4m6-B-ppo-s1024,416ff1829ee756ca42b2b3f3ac00d97021798aea8df9b30d5433071d80bc8eae
2025-09-30,CN,0.1809077652869746,p12v4m6-B-ppo-s1024,416ff1829ee756ca42b2b3f3ac00d97021798aea8df9b30d5433071d80bc8eae
2025-09-30,HK,0.08142746426165104,p12v4m6-B-ppo-s1024,416ff1829ee756ca42b2b3f3ac00d97021798aea8df9b30d5433071d80bc8eae
2025-09-30,JP,0.1794139463454485,p12v4m6-B-ppo-s1024,416ff1829ee756ca42b2b3f3ac00d97021798aea8df9b30d5433071d80bc8eae
2025-09-30,US,0.2837576768361032,p12v4m6-B-ppo-s1024,416ff1829ee756ca42b2b3f3ac00d97021798aea8df9b30d5433071d80bc8eae
2025-01-02,CN,0.1570027571870014,p12v4m6-B-ppo-s1024,416ff1829ee756ca42b2b3f3ac00d97021798aea8df9b30d5433071d80bc8eae
2025-01-02,HK,0.07558800233528018,p12v4m6-B-ppo-s1024,416ff1829ee756ca42b2b3f3ac00d97021798aea8df9b30d5433071d80bc8eae
2025-01-02,JP,0.0,p12v4m6-B-ppo-s1024,416ff1829ee756ca42b2b3f3ac00d97021798aea8df9b30d5433071d80bc8eae
2025-01-02,US,0.26412311056628823,p12v4m6-B-ppo-s1024,416ff1829ee756ca42b2b3f3ac00d97021798aea8df9b30d5433071d80bc8eae
2025-01-03,CN,0.16123263852205127,p12v4m6-B-ppo-s1024,416ff1829ee756ca42b2b3f3ac00d97021798aea8df9b30d5433071d80bc8eae
2025-01-03,HK,0.08031166484579444,p12v4m6-B-ppo-s1024,416ff1829ee756ca42b2b3f3ac00d97021798aea8df9b30d5433071d80bc8eae
2025-01-03,JP,0.0,p12v4m6-B-ppo-s1024,416ff1829ee756ca42b2b3f3ac00d97021798aea8df9b30d5433071d80bc8eae
2025-01-03,US,0.28654477884992957,p12v4m6-B-ppo-s1024,416ff1829ee756ca42b2b3f3ac00d97021798aea8df9b30d5433071d80bc8eae
2025-01-06,CN,0.18086468591354787,p12v4m6-B-ppo-s1024,416ff1829ee756ca42b2b3f3ac00d97021798aea8df9b30d5433071d80bc8eae
2025-01-06,HK,0.08151637110859156,p12v4m6-B-ppo-s1024,416ff1829ee756ca42b2b3f3ac00d97021798aea8df9b30d5433071d80bc8eae
2025-01-06,JP,0.17772548645734787,p12v4m6-B-ppo-s1024,416ff1829ee756ca42b2b3f3ac00d97021798aea8df9b30d5433071d80bc8eae
2025-01-06,US,0.2848333306610584,p12v4m6-B-ppo-s1024,416ff1829ee756ca42b2b3f3ac00d97021798aea8df9b30d5433071d80bc8eae
2025-01-07,CN,0.1840837801573798,p12v4m6-B-ppo-s1024,416ff1829ee756ca42b2b3f3ac00d97021798aea8df9b30d5433071d80bc8eae
2025-01-07,HK,0.08321091625839472,p12v4m6-B-ppo-s1024,416ff1829ee756ca42b2b3f3ac00d97021798aea8df9b30d5433071d80bc8eae
2025-01-07,JP,0.17902086675167084,p12v4m6-B-ppo-s1024,416ff1829ee756ca42b2b3f3ac00d97021798aea8df9b30d5433071d80bc8eae
2025-01-07,US,0.28101695887744427,p12v4m6-B-ppo-s1024,416ff1829ee756ca42b2b3f3ac00d97021798aea8df9b30d5433071d80bc8eae
2025-01-08,CN,0.18411654059309512,p12v4m6-B-ppo-s1024,416ff1829ee756ca42b2b3f3ac00d97021798aea8df9b30d5433071d80bc8eae
2025-01-08,HK,0.08223969489336014,p12v4m6-B-ppo-s1024,416ff1829ee756ca42b2b3f3ac00d97021798aea8df9b30d5433071d80bc8eae
2025-01-08,JP,0.17679619137197733,p12v4m6-B-ppo-s1024,416ff1829ee756ca42b2b3f3ac00d97021798aea8df9b30d5433071d80bc8eae
2025-01-08,US,0.2837602333165705,p12v4m6-B-ppo-s1024,416ff1829ee756ca42b2b3f3ac00d97021798aea8df9b30d5433071d80bc8eae
2025-01-09,CN,0.1853614755673334,p12v4m6-B-ppo-s1024,416ff1829ee756ca42b2b3f3ac00d97021798aea8df9b30d5433071d80bc8eae
2025-01-09,HK,0.08182572480291128,p12v4m6-B-ppo-s1024,416ff1829ee756ca42b2b3f3ac00d97021798aea8df9b30d5433071d80bc8eae
2025-01-09,JP,0.17793585639446974,p12v4m6-B-ppo-s1024,416ff1829ee756ca42b2b3f3ac00d97021798aea8df9b30d5433071d80bc8eae
2025-01-09,US,0.28370380494743586,p12v4m6-B-ppo-s1024,416ff1829ee756ca42b2b3f3ac00d97021798aea8df9b30d5433071d80bc8eae
2025-01-10,CN,0.17898263013921678,p12v4m6-B-ppo-s1024,416ff1829ee756ca42b2b3f3ac00d97021798aea8df9b30d5433071d80bc8eae
2025-01-10,HK,0.08240276668220758,p12v4m6-B-ppo-s1024,416ff1829ee756ca42b2b3f3ac00d97021798aea8df9b30d5433071d80bc8eae
2025-01-10,JP,0.17981030885130167,p12v4m6-B-ppo-s1024,416ff1829ee756ca42b2b3f3ac00d97021798aea8df9b30d5433071d80bc8eae
2025-01-10,US,0.2826072033494711,p12v4m6-B-ppo-s1024,416ff1829ee756ca42b2b3f3ac00d97021798aea8df9b30d5433071d80bc8eae
2025-01-13,CN,0.18323602341115475,p12v4m6-B-ppo-s1024,416ff1829ee756ca42b2b3f3ac00d97021798aea8df9b30d5433071d80bc8eae
2025-01-13,HK,0.08156563201919198,p12v4m6-B-ppo-s1024,416ff1829ee756ca42b2b3f3ac00d97021798aea8df9b30d5433071d80bc8eae
2025-01-13,JP,0.1804325534030795,p12v4m6-B-ppo-s1024,416ff1829ee756ca42b2b3f3ac00d97021798aea8df9b30d5433071d80bc8eae
2025-01-13,US,0.28452146193012595,p12v4m6-B-ppo-s1024,416ff1829ee756ca42b2b3f3ac00d97021798aea8df9b30d5433071d80bc8eae
2025-01-14,CN,0.1876614346401766,p12v4m6-B-ppo-s1024,416ff1829ee756ca42b2b3f3ac00d97021798aea8df9b30d5433071d80bc8eae
2025-01-14,HK,0.08348848251625896,p12v4m6-B-ppo-s1024,416ff1829ee756ca42b2b3f3ac00d97021798aea8df9b30d5433071d80bc8eae
2025-01-14,JP,0.17665140517055988,p12v4m6-B-ppo-s1024,416ff1829ee756ca42b2b3f3ac00d97021798aea8df9b30d5433071d80bc8eae
2025-01-14,US,0.2816220838576555,p12v4m6-B-ppo-s1024,416ff1829ee756ca42b2b3f3ac00d97021798aea8df9b30d5433071d80bc8eae
2025-01-15,CN,0.18294114037416875,p12v4m6-B-ppo-s1024,416ff1829ee756ca42b2b3f3ac00d97021798aea8df9b30d5433071d80bc8eae
2025-01-15,HK,0.08214759035035968,p12v4m6-B-ppo-s1024,416ff1829ee756ca42b2b3f3ac00d97021798aea8df9b30d5433071d80bc8eae
2025-01-15,JP,0.17843942996114492,p12v4m6-B-ppo-s1024,416ff1829ee756ca42b2b3f3ac00d97021798aea8df9b30d5433071d80bc8eae
2025-01-15,US,0.28263966739177704,p12v4m6-B-ppo-s1024,416ff1829ee756ca42b2b3f3ac00d97021798aea8df9b30d5433071d80bc8eae
2025-01-16,CN,0.18275458680000156,p12v4m6-B-ppo-s1024,416ff1829ee756ca42b2b3f3ac00d97021798aea8df9b30d5433071d80bc8eae
2025-01-16,HK,0.0821007271297276,p12v4m6-B-ppo-s1024,416ff1829ee756ca42b2b3f3ac00d97021798aea8df9b30d5433071d80bc8eae
2025-01-16,JP,0.17900509107857943,p12v4m6-B-ppo-s1024,416ff1829ee756ca42b2b3f3ac00d97021798aea8df9b30d5433071d80bc8eae
2025-01-16,US,0.28365523600950837,p12v4m6-B-ppo-s1024,416ff1829ee756ca42b2b3f3ac00d97021798aea8df9b30d5433071d80bc8eae
2025-01-17,CN,0.18281355465296656,p12v4m6-B-ppo-s1024,416ff1829ee756ca42b2b3f3ac00d97021798aea8df9b30d5433071d80bc8eae
2025-01-17,HK,0.08145397435873747,p12v4m6-B-ppo-s1024,416ff1829ee756ca42b2b3f3ac00d97021798aea8df9b30d5433071d80bc8eae
2025-01-17,JP,0.17988839652389288,p12v4m6-B-ppo-s1024,416ff1829ee756ca42b2b3f3ac00d97021798aea8df9b30d5433071d80bc8eae
2025-01-17,US,0.2827893830835819,p12v4m6-B-ppo-s1024,416ff1829ee756ca42b2b3f3ac00d97021798aea8df9b30d5433071d80bc8eae
2025-01-20,CN,0.18375532410573214,p12v4m6-B-ppo-s1024,416ff1829ee756ca42b2b3f3ac00d97021798aea8df9b30d5433071d80bc8eae
2025-01-20,HK,0.08152908133342862,p12v4m6-B-ppo-s1024,416ff1829ee756ca42b2b3f3ac00d97021798aea8df9b30d5433071d80bc8eae
2025-01-20,JP,0.17994767427444458,p12v4m6-B-ppo-s1024,416ff1829ee756ca42b2b3f3ac00d97021798aea8df9b30d5433071d80bc8eae
2025-01-20,US,0.28215194400399923,p12v4m6-B-ppo-s1024,416ff1829ee756ca42b2b3f3ac00d97021798aea8df9b30d5433071d80bc8eae
2025-01-21,CN,0.18230130418669432,p12v4m6-B-ppo-s1024,416ff1829ee756ca42b2b3f3ac00d97021798aea8df9b30d5433071d80bc8eae
2025-01-21,HK,0.08119220100343227,p12v4m6-B-ppo-s1024,416ff1829ee756ca42b2b3f3ac00d97021798aea8df9b30d5433071d80bc8eae
2025-01-21,JP,0.17983612697571516,p12v4m6-B-ppo-s1024,416ff1829ee756ca42b2b3f3ac00d97021798aea8df9b30d5433071d80bc8eae
2025-01-21,US,0.28449328197166324,p12v4m6-B-ppo-s1024,416ff1829ee756ca42b2b3f3ac00d97021798aea8df9b30d5433071d80bc8eae
2025-01-22,CN,0.1829323540441692,p12v4m6-B-ppo-s1024,416ff1829ee756ca42b2b3f3ac00d97021798aea8df9b30d5433071d80bc8eae
2025-01-22,HK,0.08099817018955946,p12v4m6-B-ppo-s1024,416ff1829ee756ca42b2b3f3ac00d97021798aea8df9b30d5433071d80bc8eae
2025-01-22,JP,0.1802237732335925,p12v4m6-B-ppo-s1024,416ff1829ee756ca42b2b3f3ac00d97021798aea8df9b30d5433071d80bc8eae
2025-01-22,US,0.2829897911287844,p12v4m6-B-ppo-s1024,416ff1829ee756ca42b2b3f3ac00d97021798aea8df9b30d5433071d80bc8eae
2025-01-23,CN,0.18072099762503058,p12v4m6-B-ppo-s1024,416ff1829ee756ca42b2b3f3ac00d97021798aea8df9b30d5433071d80bc8eae
2025-01-23,HK,0.08270036429166794,p12v4m6-B-ppo-s1024,416ff1829ee756ca42b2b3f3ac00d97021798aea8df9b30d5433071d80bc8eae
2025-01-23,JP,0.1786938514560461,p12v4m6-B-ppo-s1024,416ff1829ee756ca42b2b3f3ac00d97021798aea8df9b30d5433071d80bc8eae
2025-01-23,US,0.28463008254766464,p12v4m6-B-ppo-s1024,416ff1829ee756ca42b2b3f3ac00d97021798aea8df9b30d5433071d80bc8eae
2025-01-24,CN,0.183901478885673,p12v4m6-B-ppo-s1024,416ff1829ee756ca42b2b3f3ac00d97021798aea8df9b30d5433071d80bc8eae
2025-01-24,HK,0.08167682215571404,p12v4m6-B-ppo-s1024,416ff1829ee756ca42b2b3f3ac00d97021798aea8df9b30d5433071d80bc8eae
2025-01-24,JP,0.17825531493872404,p12v4m6-B-ppo-s1024,416ff1829ee756ca42b2b3f3ac00d97021798aea8df9b30d5433071d80bc8eae
2025-01-24,US,0.28423062060028315,p12v4m6-B-ppo-s1024,416ff1829ee756ca42b2b3f3ac00d97021798aea8df9b30d5433071d80bc8eae
2025-01-27,CN,0.18102063611149788,p12v4m6-B-ppo-s1024,416ff1829ee756ca42b2b3f3ac00d97021798aea8df9b30d5433071d80bc8eae
2025-01-27,HK,0.0819666562601924,p12v4m6-B-ppo-s1024,416ff1829ee756ca42b2b3f3ac00d97021798aea8df9b30d5433071d80bc8eae
2025-01-27,JP,0.18016674183309078,p12v4m6-B-ppo-s1024,416ff1829ee756ca42b2b3f3ac00d97021798aea8df9b30d5433071d80bc8eae
2025-01-27,US,0.2838262962177396,p12v4m6-B-ppo-s1024,416ff1829ee756ca42b2b3f3ac00d97021798aea8df9b30d5433071d80bc8eae
2025-01-28,CN,0.18180017359554768,p12v4m6-B-ppo-s1024,416ff1829ee756ca42b2b3f3ac00d97021798aea8df9b30d5433071d80bc8eae
2025-01-28,HK,0.08189214440062642,p12v4m6-B-ppo-s1024,416ff1829ee756ca42b2b3f3ac00d97021798aea8df9b30d5433071d80bc8eae
2025-01-28,JP,0.180458708666265,p12v4m6-B-ppo-s1024,416ff1829ee756ca42b2b3f3ac00d97021798aea8df9b30d5433071d80bc8eae
2025-01-28,US,0.2827107906341553,p12v4m6-B-ppo-s1024,416ff1829ee756ca42b2b3f3ac00d97021798aea8df9b30d5433071d80bc8eae
2025-01-29,CN,0.18282604648265988,p12v4m6-B-ppo-s1024,416ff1829ee756ca42b2b3f3ac00d97021798aea8df9b30d5433071d80bc8eae
2025-01-29,HK,0.08201386872678995,p12v4m6-B-ppo-s1024,416ff1829ee756ca42b2b3f3ac00d97021798aea8df9b30d5433071d80bc8eae
2025-01-29,JP,0.18041764851659536,p12v4m6-B-ppo-s1024,416ff1829ee756ca42b2b3f3ac00d97021798aea8df9b30d5433071d80bc8eae
2025-01-29,US,0.27996019972488284,p12v4m6-B-ppo-s1024,416ff1829ee756ca42b2b3f3ac00d97021798aea8df9b30d5433071d80bc8eae
2025-01-30,CN,0.18340781785082072,p12v4m6-B-ppo-s1024,416ff1829ee756ca42b2b3f3ac00d97021798aea8df9b30d5433071d80bc8eae
2025-01-30,HK,0.08205165294930339,p12v4m6-B-ppo-s1024,416ff1829ee756ca42b2b3f3ac00d97021798aea8df9b30d5433071d80bc8eae
2025-01-30,JP,0.181105419062078,p12v4m6-B-ppo-s1024,416ff1829ee756ca42b2b3f3ac00d97021798aea8df9b30d5433071d80bc8eae
2025-01-30,US,0.28194838110357523,p12v4m6-B-ppo-s1024,416ff1829ee756ca42b2b3f3ac00d97021798aea8df9b30d5433071d80bc8eae
2025-01-31,CN,0.18352837266866118,p12v4m6-B-ppo-s1024,416ff1829ee756ca42b2b3f3ac00d97021798aea8df9b30d5433071d80bc8eae
2025-01-31,HK,0.0819456148892641,p12v4m6-B-ppo-s1024,416ff1829ee756ca42b2b3f3ac00d97021798aea8df9b30d5433071d80bc8eae
2025-01-31,JP,0.17950160801410675,p12v4m6-B-ppo-s1024,416ff1829ee756ca42b2b3f3ac00d97021798aea8df9b30d5433071d80bc8eae
2025-01-31,US,0.28055335069075227,p12v4m6-B-ppo-s1024,416ff1829ee756ca42b2b3f3ac00d97021798aea8df9b30d5433071d80bc8eae
2025-02-03,CN,0.18326069985050708,p12v4m6-B-ppo-s1024,416ff1829ee756ca42b2b3f3ac00d97021798aea8df9b30d5433071d80bc8eae
2025-02-03,HK,0.08212322881445289,p12v4m6-B-ppo-s1024,416ff1829ee756ca42b2b3f3ac00d97021798aea8df9b30d5433071d80bc8eae
2025-02-03,JP,0.1789129627868533,p12v4m6-B-ppo-s1024,416ff1829ee756ca42b2b3f3ac00d97021798aea8df9b30d5433071d80bc8eae
2025-02-03,US,0.28425780590623617,p12v4m6-B-ppo-s1024,416ff1829ee756ca42b2b3f3ac00d97021798aea8df9b30d5433071d80bc8eae
2025-02-04,CN,0.18376291857566684,p12v4m6-B-ppo-s1024,416ff1829ee756ca42b2b3f3ac00d97021798aea8df9b30d5433071d80bc8eae
2025-02-04,HK,0.08210806734859943,p12v4m6-B-ppo-s1024,416ff1829ee756ca42b2b3f3ac00d97021798aea8df9b30d5433071d80bc8eae
2025-02-04,JP,0.17654654290527105,p12v4m6-B-ppo-s1024,416ff1829ee756ca42b2b3f3ac00d97021798aea8df9b30d5433071d80bc8eae
2025-02-04,US,0.2852338715456426,p12v4m6-B-ppo-s1024,416ff1829ee756ca42b2b3f3ac00d97021798aea8df9b30d5433071d80bc8eae
2025-02-05,CN,0.1824706590268761,p12v4m6-B-ppo-s1024,416ff1829ee756ca42b2b3f3ac00d97021798aea8df9b30d5433071d80bc8eae
2025-02-05,HK,0.08205408789217472,p12v4m6-B-ppo-s1024,416ff1829ee756ca42b2b3f3ac00d97021798aea8df9b30d5433071d80bc8eae
2025-02-05,JP,0.1780574768781662,p12v4m6-B-ppo-s1024,416ff1829ee756ca42b2b3f3ac00d97021798aea8df9b30d5433071d80bc8eae
2025-02-05,US,0.28492534067481756,p12v4m6-B-ppo-s1024,416ff1829ee756ca42b2b3f3ac00d97021798aea8df9b30d5433071d80bc8eae
2025-02-06,CN,0.1838258426869288,p12v4m6-B-ppo-s1024,416ff1829ee756ca42b2b3f3ac00d97021798aea8df9b30d5433071d80bc8eae
2025-02-06,HK,0.08264116011559963,p12v4m6-B-ppo-s1024,416ff1829ee756ca42b2b3f3ac00d97021798aea8df9b30d5433071d80bc8eae
2025-02-06,JP,0.18027152307331562,p12v4m6-B-ppo-s1024,416ff1829ee756ca42b2b3f3ac00d97021798aea8df9b30d5433071d80bc8eae
2025-02-06,US,0.2812083135358989,p12v4m6-B-ppo-s1024,416ff1829ee756ca42b2b3f3ac00d97021798aea8df9b30d5433071d80bc8eae
2025-02-07,CN,0.18579185847193003,p12v4m6-B-ppo-s1024,416ff1829ee756ca42b2b3f3ac00d97021798aea8df9b30d5433071d80bc8eae
2025-02-07,HK,0.08251809002831578,p12v4m6-B-ppo-s1024,416ff1829ee756ca42b2b3f3ac00d97021798aea8df9b30d5433071d80bc8eae
2025-02-07,JP,0.1798795098438859,p12v4m6-B-ppo-s1024,416ff1829ee756ca42b2b3f3ac00d97021798aea8df9b30d5433071d80bc8eae
2025-02-07,US,0.2792377471923828,p12v4m6-B-ppo-s1024,416ff1829ee756ca42b2b3f3ac00d97021798aea8df9b30d5433071d80bc8eae
2025-02-10,CN,0.18590702197980136,p12v4m6-B-ppo-s1024,416ff1829ee756ca42b2b3f3ac00d97021798aea8df9b30d5433071d80bc8eae
2025-02-10,HK,0.08310995949432254,p12v4m6-B-ppo-s1024,416ff1829ee756ca42b2b3f3ac00d97021798aea8df9b30d5433071d80bc8eae
2025-02-10,JP,0.17857665661722422,p12v4m6-B-ppo-s1024,416ff1829ee756ca42b2b3f3ac00d97021798aea8df9b30d5433071d80bc8eae
2025-02-10,US,0.2794727114960551,p12v4m6-B-ppo-s1024,416ff1829ee756ca42b2b3f3ac00d97021798aea8df9b30d5433071d80bc8eae
2025-02-11,CN,0.1852424485841766,p12v4m6-B-ppo-s1024,416ff1829ee756ca42b2b3f3ac00d97021798aea8df9b30d5433071d80bc8eae
2025-02-11,HK,0.08157974854111671,p12v4m6-B-ppo-s1024,416ff1829ee756ca42b2b3f3ac00d97021798aea8df9b30d5433071d80bc8eae
2025-02-11,JP,0.17769434489309788,p12v4m6-B-ppo-s1024,416ff1829ee756ca42b2b3f3ac00d97021798aea8df9b30d5433071d80bc8eae
2025-02-11,US,0.2833490506745875,p12v4m6-B-ppo-s1024,416ff1829ee756ca42b2b3f3ac00d97021798aea8df9b30d5433071d80bc8eae
2025-02-12,CN,0.18528495740611106,p12v4m6-B-ppo-s1024,416ff1829ee756ca42b2b3f3ac00d97021798aea8df9b30d5433071d80bc8eae
2025-02-12,HK,0.08366416115313768,p12v4m6-B-ppo-s1024,416ff1829ee756ca42b2b3f3ac00d97021798aea8df9b30d5433071d80bc8eae
2025-02-12,JP,0.17680510599166155,p12v4m6-B-ppo-s1024,416ff1829ee756ca42b2b3f3ac00d97021798aea8df9b30d5433071d80bc8eae
2025-02-12,US,0.2827398218214512,p12v4m6-B-ppo-s1024,416ff1829ee756ca42b2b3f3ac00d97021798aea8df9b30d5433071d80bc8eae
2025-02-13,CN,0.18275125848595053,p12v4m6-B-ppo-s1024,416ff1829ee756ca42b2b3f3ac00d97021798aea8df9b30d5433071d80bc8eae
2025-02-13,HK,0.08152255229651928,p12v4m6-B-ppo-s1024,416ff1829ee756ca42b2b3f3ac00d97021798aea8df9b30d5433071d80bc8eae
2025-02-13,JP,0.17984429374337196,p12v4m6-B-ppo-s1024,416ff1829ee756ca42b2b3f3ac00d97021798aea8df9b30d5433071d80bc8eae
2025-02-13,US,0.28339030174538493,p12v4m6-B-ppo-s1024,416ff1829ee756ca42b2b3f3ac00d97021798aea8df9b30d5433071d80bc8eae
2025-02-14,CN,0.18187645927537233,p12v4m6-B-ppo-s1024,416ff1829ee756ca42b2b3f3ac00d97021798aea8df9b30d5433071d80bc8eae
2025-02-14,HK,0.08210033690556884,p12v4m6-B-ppo-s1024,416ff1829ee756ca42b2b3f3ac00d97021798aea8df9b30d5433071d80bc8eae
2025-02-14,JP,0.1795995943248272,p12v4m6-B-ppo-s1024,416ff1829ee756ca42b2b3f3ac00d97021798aea8df9b30d5433071d80bc8eae
2025-02-14,US,0.28277223091572523,p12v4m6-B-ppo-s1024,416ff1829ee756ca42b2b3f3ac00d97021798aea8df9b30d5433071d80bc8eae
2025-02-17,CN,0.18430502444971353,p12v4m6-B-ppo-s1024,416ff1829ee756ca42b2b3f3ac00d97021798aea8df9b30d5433071d80bc8eae
2025-02-17,HK,0.08301742328330874,p12v4m6-B-ppo-s1024,416ff1829ee756ca42b2b3f3ac00d97021798aea8df9b30d5433071d80bc8eae
2025-02-17,JP,0.1791748208925128,p12v4m6-B-ppo-s1024,416ff1829ee756ca42b2b3f3ac00d97021798aea8df9b30d5433071d80bc8eae
2025-02-17,US,0.28104193042963743,p12v4m6-B-ppo-s1024,416ff1829ee756ca42b2b3f3ac00d97021798aea8df9b30d5433071d80bc8eae
2025-02-18,CN,0.178267985698767,p12v4m6-B-ppo-s1024,416ff1829ee756ca42b2b3f3ac00d97021798aea8df9b30d5433071d80bc8eae
2025-02-18,HK,0.08132168650627136,p12v4m6-B-ppo-s1024,416ff1829ee756ca42b2b3f3ac00d97021798aea8df9b30d5433071d80bc8eae
2025-02-18,JP,0.18114983662962914,p12v4m6-B-ppo-s1024,416ff1829ee756ca42b2b3f3ac00d97021798aea8df9b30d5433071d80bc8eae
2025-02-18,US,0.2848582458682358,p12v4m6-B-ppo-s1024,416ff1829ee756ca42b2b3f3ac00d97021798aea8df9b30d5433071d80bc8eae
2025-02-19,CN,0.1855948072625324,p12v4m6-B-ppo-s1024,416ff1829ee756ca42b2b3f3ac00d97021798aea8df9b30d5433071d80bc8eae
2025-02-19,HK,0.08150713238865137,p12v4m6-B-ppo-s1024,416ff1829ee756ca42b2b3f3ac00d97021798aea8df9b30d5433071d80bc8eae
2025-02-19,JP,0.17955068312585354,p12v4m6-B-ppo-s1024,416ff1829ee756ca42b2b3f3ac00d97021798aea8df9b30d5433071d80bc8eae
2025-02-19,US,0.2819128464907408,p12v4m6-B-ppo-s1024,416ff1829ee756ca42b2b3f3ac00d97021798aea8df9b30d5433071d80bc8eae
2025-02-20,CN,0.18247898726258427,p12v4m6-B-ppo-s1024,416ff1829ee756ca42b2b3f3ac00d97021798aea8df9b30d5433071d80bc8eae
2025-02-20,HK,0.08257873263210058,p12v4m6-B-ppo-s1024,416ff1829ee756ca42b2b3f3ac00d97021798aea8df9b30d5433071d80bc8eae
2025-02-20,JP,0.17830841895192862,p12v4m6-B-ppo-s1024,416ff1829ee756ca42b2b3f3ac00d97021798aea8df9b30d5433071d80bc8eae
2025-02-20,US,0.2838398711755872,p12v4m6-B-ppo-s1024,416ff1829ee756ca42b2b3f3ac00d97021798aea8df9b30d5433071d80bc8eae
2025-02-21,CN,0.18431912851519883,p12v4m6-B-ppo-s1024,416ff1829ee756ca42b2b3f3ac00d97021798aea8df9b30d5433071d80bc8eae
2025-02-21,HK,0.08280985383316875,p12v4m6-B-ppo-s1024,416ff1829ee756ca42b2b3f3ac00d97021798aea8df9b30d5433071d80bc8eae
2025-02-21,JP,0.1807662444189191,p12v4m6-B-ppo-s1024,416ff1829ee756ca42b2b3f3ac00d97021798aea8df9b30d5433071d80bc8eae
2025-02-21,US,0.2783552100881934,p12v4m6-B-ppo-s1024,416ff1829ee756ca42b2b3f3ac00d97021798aea8df9b30d5433071d80bc8eae
2025-02-24,CN,0.183524084626697,p12v4m6-B-ppo-s1024,416ff1829ee756ca42b2b3f3ac00d97021798aea8df9b30d5433071d80bc8eae
2025-02-24,HK,0.08222378417849541,p12v4m6-B-ppo-s1024,416ff1829ee756ca42b2b3f3ac00d97021798aea8df9b30d5433071d80bc8eae
2025-02-24,JP,0.18147860653698444,p12v4m6-B-ppo-s1024,416ff1829ee756ca42b2b3f3ac00d97021798aea8df9b30d5433071d80bc8eae
2025-02-24,US,0.28085653809830546,p12v4m6-B-ppo-s1024,416ff1829ee756ca42b2b3f3ac00d97021798aea8df9b30d5433071d80bc8eae
2025-02-25,CN,0.18459606159012765,p12v4m6-B-ppo-s1024,416ff1829ee756ca42b2b3f3ac00d97021798aea8df9b30d5433071d80bc8eae
2025-02-25,HK,0.08178832801058888,p12v4m6-B-ppo-s1024,416ff1829ee756ca42b2b3f3ac00d97021798aea8df9b30d5433071d80bc8eae
2025-02-25,JP,0.1807048786431551,p12v4m6-B-ppo-s1024,416ff1829ee756ca42b2b3f3ac00d97021798aea8df9b30d5433071d80bc8eae
2025-02-25,US,0.2798775602132082,p12v4m6-B-ppo-s1024,416ff1829ee756ca42b2b3f3ac00d97021798aea8df9b30d5433071d80bc8eae
2025-02-26,CN,0.18443798879161477,p12v4m6-B-ppo-s1024,416ff1829ee756ca42b2b3f3ac00d97021798aea8df9b30d5433071d80bc8eae
2025-02-26,HK,0.08251562900841236,p12v4m6-B-ppo-s1024,416ff1829ee756ca42b2b3f3ac00d97021798aea8df9b30d5433071d80bc8eae
2025-02-26,JP,0.17925930861383677,p12v4m6-B-ppo-s1024,416ff1829ee756ca42b2b3f3ac00d97021798aea8df9b30d5433071d80bc8eae
2025-02-26,US,0.2799108778126538,p12v4m6-B-ppo-s1024,416ff1829ee756ca42b2b3f3ac00d97021798aea8df9b30d5433071d80bc8eae
2025-02-27,CN,0.18367027339991182,p12v4m6-B-ppo-s1024,416ff1829ee756ca42b2b3f3ac00d97021798aea8df9b30d5433071d80bc8eae
2025-02-27,HK,0.08203431777656078,p12v4m6-B-ppo-s1024,416ff1829ee756ca42b2b3f3ac00d97021798aea8df9b30d5433071d80bc8eae
2025-02-27,JP,0.18055273685604334,p12v4m6-B-ppo-s1024,416ff1829ee756ca42b2b3f3ac00d97021798aea8df9b30d5433071d80bc8eae
2025-02-27,US,0.28033733693882823,p12v4m6-B-ppo-s1024,416ff1829ee756ca42b2b3f3ac00d97021798aea8df9b30d5433071d80bc8eae
2025-02-28,CN,0.18003378785215318,p12v4m6-B-ppo-s1024,416ff1829ee756ca42b2b3f3ac00d97021798aea8df9b30d5433071d80bc8eae
2025-02-28,HK,0.08131749462336302,p12v4m6-B-ppo-s1024,416ff1829ee756ca42b2b3f3ac00d97021798aea8df9b30d5433071d80bc8eae
2025-02-28,JP,0.1793245542794466,p12v4m6-B-ppo-s1024,416ff1829ee756ca42b2b3f3ac00d97021798aea8df9b30d5433071d80bc8eae
2025-02-28,US,0.2859470876865089,p12v4m6-B-ppo-s1024,416ff1829ee756ca42b2b3f3ac00d97021798aea8df9b30d5433071d80bc8eae
2025-03-03,CN,0.1829607600811869,p12v4m6-B-ppo-s1024,416ff1829ee756ca42b2b3f3ac00d97021798aea8df9b30d5433071d80bc8eae
2025-03-03,HK,0.08200035849586129,p12v4m6-B-ppo-s1024,416ff1829ee756ca42b2b3f3ac00d97021798aea8df9b30d5433071d80bc8eae
2025-03-03,JP,0.18092549312859774,p12v4m6-B-ppo-s1024,416ff1829ee756ca42b2b3f3ac00d97021798aea8df9b30d5433071d80bc8eae
2025-03-03,US,0.28131665848195553,p12v4m6-B-ppo-s1024,416ff1829ee756ca42b2b3f3ac00d97021798aea8df9b30d5433071d80bc8eae
2025-03-04,CN,0.18437347176950425,p12v4m6-B-ppo-s1024,416ff1829ee756ca42b2b3f3ac00d97021798aea8df9b30d5433071d80bc8eae
2025-03-04,HK,0.08240962354466319,p12v4m6-B-ppo-s1024,416ff1829ee756ca42b2b3f3ac00d97021798aea8df9b30d5433071d80bc8eae
2025-03-04,JP,0.18002802692353725,p12v4m6-B-ppo-s1024,416ff1829ee756ca42b2b3f3ac00d97021798aea8df9b30d5433071d80bc8eae
2025-03-04,US,0.28023027861490846,p12v4m6-B-ppo-s1024,416ff1829ee756ca42b2b3f3ac00d97021798aea8df9b30d5433071d80bc8eae
2025-03-05,CN,0.183211556985043,p12v4m6-B-ppo-s1024,416ff1829ee756ca42b2b3f3ac00d97021798aea8df9b30d5433071d80bc8eae
2025-03-05,HK,0.08294011000543833,p12v4m6-B-ppo-s1024,416ff1829ee756ca42b2b3f3ac00d97021798aea8df9b30d5433071d80bc8eae
2025-03-05,JP,0.17834601644426584,p12v4m6-B-ppo-s1024,416ff1829ee756ca42b2b3f3ac00d97021798aea8df9b30d5433071d80bc8eae
2025-03-05,US,0.28472854662686586,p12v4m6-B-ppo-s1024,416ff1829ee756ca42b2b3f3ac00d97021798aea8df9b30d5433071d80bc8eae
2025-03-06,CN,0.18394623312633485,p12v4m6-B-ppo-s1024,416ff1829ee756ca42b2b3f3ac00d97021798aea8df9b30d5433071d80bc8eae
2025-03-06,HK,0.08237474877387285,p12v4m6-B-ppo-s1024,416ff1829ee756ca42b2b3f3ac00d97021798aea8df9b30d5433071d80bc8eae
2025-03-06,JP,0.18018933944404125,p12v4m6-B-ppo-s1024,416ff1829ee756ca42b2b3f3ac00d97021798aea8df9b30d5433071d80bc8eae
2025-03-06,US,0.2814741195179522,p12v4m6-B-ppo-s1024,416ff1829ee756ca42b2b3f3ac00d97021798aea8df9b30d5433071d80bc8eae
2025-03-07,CN,0.18220926087815315,p12v4m6-B-ppo-s1024,416ff1829ee756ca42b2b3f3ac00d97021798aea8df9b30d5433071d80bc8eae
2025-03-07,HK,0.08057810319587588,p12v4m6-B-ppo-s1024,416ff1829ee756ca42b2b3f3ac00d97021798aea8df9b30d5433071d80bc8eae
2025-03-07,JP,0.17975985631346703,p12v4m6-B-ppo-s1024,416ff1829ee756ca42b2b3f3ac00d97021798aea8df9b30d5433071d80bc8eae
2025-03-07,US,0.28369761537760496,p12v4m6-B-ppo-s1024,416ff1829ee756ca42b2b3f3ac00d97021798aea8df9b30d5433071d80bc8eae
2025-03-10,CN,0.18361414619721472,p12v4m6-B-ppo-s1024,416ff1829ee756ca42b2b3f3ac00d97021798aea8df9b30d5433071d80bc8eae
2025-03-10,HK,0.08211307507008314,p12v4m6-B-ppo-s1024,416ff1829ee756ca42b2b3f3ac00d97021798aea8df9b30d5433071d80bc8eae
2025-03-10,JP,0.18022039160132408,p12v4m6-B-ppo-s1024,416ff1829ee756ca42b2b3f3ac00d97021798aea8df9b30d5433071d80bc8eae
2025-03-10,US,0.27973750373348594,p12v4m6-B-ppo-s1024,416ff1829ee756ca42b2b3f3ac00d97021798aea8df9b30d5433071d80bc8eae
2025-03-11,CN,0.18487884453497827,p12v4m6-B-ppo-s1024,416ff1829ee756ca42b2b3f3ac00d97021798aea8df9b30d5433071d80bc8eae
2025-03-11,HK,0.08393053570762277,p12v4m6-B-ppo-s1024,416ff1829ee756ca42b2b3f3ac00d97021798aea8df9b30d5433071d80bc8eae
2025-03-11,JP,0.18042678572237492,p12v4m6-B-ppo-s1024,416ff1829ee756ca42b2b3f3ac00d97021798aea8df9b30d5433071d80bc8eae
2025-03-11,US,0.27896101400256157,p12v4m6-B-ppo-s1024,416ff1829ee756ca42b2b3f3ac00d97021798aea8df9b30d5433071d80bc8eae
2025-03-12,CN,0.18328141001984477,p12v4m6-B-ppo-s1024,416ff1829ee756ca42b2b3f3ac00d97021798aea8df9b30d5433071d80bc8eae
2025-03-12,HK,0.08114853175356984,p12v4m6-B-ppo-s1024,416ff1829ee756ca42b2b3f3ac00d97021798aea8df9b30d5433071d80bc8eae
2025-03-12,JP,0.1805922770872712,p12v4m6-B-ppo-s1024,416ff1829ee756ca42b2b3f3ac00d97021798aea8df9b30d5433071d80bc8eae
2025-03-12,US,0.2816680809482932,p12v4m6-B-ppo-s1024,416ff1829ee756ca42b2b3f3ac00d97021798aea8df9b30d5433071d80bc8eae
2025-03-13,CN,0.1818156266817823,p12v4m6-B-ppo-s1024,416ff1829ee756ca42b2b3f3ac00d97021798aea8df9b30d5433071d80bc8eae
2025-03-13,HK,0.08160696690902114,p12v4m6-B-ppo-s1024,416ff1829ee756ca42b2b3f3ac00d97021798aea8df9b30d5433071d80bc8eae
2025-03-13,JP,0.1811735974624753,p12v4m6-B-ppo-s1024,416ff1829ee756ca42b2b3f3ac00d97021798aea8df9b30d5433071d80bc8eae
2025-03-13,US,0.28085101675242186,p12v4m6-B-ppo-s1024,416ff1829ee756ca42b2b3f3ac00d97021798aea8df9b30d5433071d80bc8eae
2025-03-14,CN,0.1857901883777231,p12v4m6-B-ppo-s1024,416ff1829ee756ca42b2b3f3ac00d97021798aea8df9b30d5433071d80bc8eae
2025-03-14,HK,0.08197838859632611,p12v4m6-B-ppo-s1024,416ff1829ee756ca42b2b3f3ac00d97021798aea8df9b30d5433071d80bc8eae
2025-03-14,JP,0.17916486877948046,p12v4m6-B-ppo-s1024,416ff1829ee756ca42b2b3f3ac00d97021798aea8df9b30d5433071d80bc8eae
2025-03-14,US,0.28254732117056847,p12v4m6-B-ppo-s1024,416ff1829ee756ca42b2b3f3ac00d97021798aea8df9b30d5433071d80bc8eae
2025-03-17,CN,0.18103327543940395,p12v4m6-B-ppo-s1024,416ff1829ee756ca42b2b3f3ac00d97021798aea8df9b30d5433071d80bc8eae
2025-03-17,HK,0.08182713715359569,p12v4m6-B-ppo-s1024,416ff1829ee756ca42b2b3f3ac00d97021798aea8df9b30d5433071d80bc8eae
2025-03-17,JP,0.17986636888235807,p12v4m6-B-ppo-s1024,416ff1829ee756ca42b2b3f3ac00d97021798aea8df9b30d5433071d80bc8eae
2025-03-17,US,0.2852874230593443,p12v4m6-B-ppo-s1024,416ff1829ee756ca42b2b3f3ac00d97021798aea8df9b30d5433071d80bc8eae
2025-03-18,CN,0.18258289073128253,p12v4m6-B-ppo-s1024,416ff1829ee756ca42b2b3f3ac00d97021798aea8df9b30d5433071d80bc8eae
2025-03-18,HK,0.08241645712405443,p12v4m6-B-ppo-s1024,416ff1829ee756ca42b2b3f3ac00d97021798aea8df9b30d5433071d80bc8eae
2025-03-18,JP,0.17993890773504972,p12v4m6-B-ppo-s1024,416ff1829ee756ca42b2b3f3ac00d97021798aea8df9b30d5433071d80bc8eae
2025-03-18,US,0.28247522469609976,p12v4m6-B-ppo-s1024,416ff1829ee756ca42b2b3f3ac00d97021798aea8df9b30d5433071d80bc8eae
2025-03-19,CN,0.18105621030554175,p12v4m6-B-ppo-s1024,416ff1829ee756ca42b2b3f3ac00d97021798aea8df9b30d5433071d80bc8eae
2025-03-19,HK,0.08253881661221385,p12v4m6-B-ppo-s1024,416ff1829ee756ca42b2b3f3ac00d97021798aea8df9b30d5433071d80bc8eae
2025-03-19,JP,0.18110132310539484,p12v4m6-B-ppo-s1024,416ff1829ee756ca42b2b3f3ac00d97021798aea8df9b30d5433071d80bc8eae
2025-03-19,US,0.28253450570628047,p12v4m6-B-ppo-s1024,416ff1829ee756ca42b2b3f3ac00d97021798aea8df9b30d5433071d80bc8eae
2025-03-20,CN,0.18196413398254663,p12v4m6-B-ppo-s1024,416ff1829ee756ca42b2b3f3ac00d97021798aea8df9b30d5433071d80bc8eae
2025-03-20,HK,0.08100993325933814,p12v4m6-B-ppo-s1024,416ff1829ee756ca42b2b3f3ac00d97021798aea8df9b30d5433071d80bc8eae
2025-03-20,JP,0.18258752021938562,p12v4m6-B-ppo-s1024,416ff1829ee756ca42b2b3f3ac00d97021798aea8df9b30d5433071d80bc8eae
2025-03-20,US,0.2834352273494005,p12v4m6-B-ppo-s1024,416ff1829ee756ca42b2b3f3ac00d97021798aea8df9b30d5433071d80bc8eae
2025-03-21,CN,0.18238717108033597,p12v4m6-B-ppo-s1024,416ff1829ee756ca42b2b3f3ac00d97021798aea8df9b30d5433071d80bc8eae
2025-03-21,HK,0.08155289432033896,p12v4m6-B-ppo-s1024,416ff1829ee756ca42b2b3f3ac00d97021798aea8df9b30d5433071d80bc8eae
2025-03-21,JP,0.1797115532681346,p12v4m6-B-ppo-s1024,416ff1829ee756ca42b2b3f3ac00d97021798aea8df9b30d5433071d80bc8eae
2025-03-21,US,0.28311350103467703,p12v4m6-B-ppo-s1024,416ff1829ee756ca42b2b3f3ac00d97021798aea8df9b30d5433071d80bc8eae
2025-03-24,CN,0.1817674442427233,p12v4m6-B-ppo-s1024,416ff1829ee756ca42b2b3f3ac00d97021798aea8df9b30d5433071d80bc8eae
2025-03-24,HK,0.08308987226337194,p12v4m6-B-ppo-s1024,416ff1829ee756ca42b2b3f3ac00d97021798aea8df9b30d5433071d80bc8eae
2025-03-24,JP,0.17849766090512276,p12v4m6-B-ppo-s1024,416ff1829ee756ca42b2b3f3ac00d97021798aea8df9b30d5433071d80bc8eae
2025-03-24,US,0.2837989921681583,p12v4m6-B-ppo-s1024,416ff1829ee756ca42b2b3f3ac00d97021798aea8df9b30d5433071d80bc8eae
2025-03-25,CN,0.1814605318941176,p12v4m6-B-ppo-s1024,416ff1829ee756ca42b2b3f3ac00d97021798aea8df9b30d5433071d80bc8eae
2025-03-25,HK,0.08193510212004185,p12v4m6-B-ppo-s1024,416ff1829ee756ca42b2b3f3ac00d97021798aea8df9b30d5433071d80bc8eae
2025-03-25,JP,0.1792701268568635,p12v4m6-B-ppo-s1024,416ff1829ee756ca42b2b3f3ac00d97021798aea8df9b30d5433071d80bc8eae
2025-03-25,US,0.2838112898170948,p12v4m6-B-ppo-s1024,416ff1829ee756ca42b2b3f3ac00d97021798aea8df9b30d5433071d80bc8eae
2025-03-26,CN,0.18257614597678185,p12v4m6-B-ppo-s1024,416ff1829ee756ca42b2b3f3ac00d97021798aea8df9b30d5433071d80bc8eae
2025-03-26,HK,0.08205680595710874,p12v4m6-B-ppo-s1024,416ff1829ee756ca42b2b3f3ac00d97021798aea8df9b30d5433071d80bc8eae
2025-03-26,JP,0.17905987799167633,p12v4m6-B-ppo-s1024,416ff1829ee756ca42b2b3f3ac00d97021798aea8df9b30d5433071d80bc8eae
2025-03-26,US,0.2827815115451813,p12v4m6-B-ppo-s1024,416ff1829ee756ca42b2b3f3ac00d97021798aea8df9b30d5433071d80bc8eae
2025-03-27,CN,0.18215163506101817,p12v4m6-B-ppo-s1024,416ff1829ee756ca42b2b3f3ac00d97021798aea8df9b30d5433071d80bc8eae
2025-03-27,HK,0.08148685470223427,p12v4m6-B-ppo-s1024,416ff1829ee756ca42b2b3f3ac00d97021798aea8df9b30d5433071d80bc8eae
2025-03-27,JP,0.1811299677938223,p12v4m6-B-ppo-s1024,416ff1829ee756ca42b2b3f3ac00d97021798aea8df9b30d5433071d80bc8eae
2025-03-27,US,0.28189733112230897,p12v4m6-B-ppo-s1024,416ff1829ee756ca42b2b3f3ac00d97021798aea8df9b30d5433071d80bc8eae
2025-03-28,CN,0.18327465560287237,p12v4m6-B-ppo-s1024,416ff1829ee756ca42b2b3f3ac00d97021798aea8df9b30d5433071d80bc8eae
2025-03-28,HK,0.08161884685978293,p12v4m6-B-ppo-s1024,416ff1829ee756ca42b2b3f3ac00d97021798aea8df9b30d5433071d80bc8eae
2025-03-28,JP,0.18039821926504374,p12v4m6-B-ppo-s1024,416ff1829ee756ca42b2b3f3ac00d97021798aea8df9b30d5433071d80bc8eae
2025-03-28,US,0.28052077954635024,p12v4m6-B-ppo-s1024,416ff1829ee756ca42b2b3f3ac00d97021798aea8df9b30d5433071d80bc8eae
2025-03-31,CN,0.18226859951391816,p12v4m6-B-ppo-s1024,416ff1829ee756ca42b2b3f3ac00d97021798aea8df9b30d5433071d80bc8eae
2025-03-31,HK,0.08180444035679102,p12v4m6-B-ppo-s1024,416ff1829ee756ca42b2b3f3ac00d97021798aea8df9b30d5433071d80bc8eae
2025-03-31,JP,0.1778171667829156,p12v4m6-B-ppo-s1024,416ff1829ee756ca42b2b3f3ac00d97021798aea8df9b30d5433071d80bc8eae
2025-03-31,US,0.2848543683066964,p12v4m6-B-ppo-s1024,416ff1829ee756ca42b2b3f3ac00d97021798aea8df9b30d5433071d80bc8eae
2025-04-01,CN,0.18380380037706345,p12v4m6-B-ppo-s1024,416ff1829ee756ca42b2b3f3ac00d97021798aea8df9b30d5433071d80bc8eae
2025-04-01,HK,0.08179192151874304,p12v4m6-B-ppo-s1024,416ff1829ee756ca42b2b3f3ac00d97021798aea8df9b30d5433071d80bc8eae
2025-04-01,JP,0.1771818995475769,p12v4m6-B-ppo-s1024,416ff1829ee756ca42b2b3f3ac00d97021798aea8df9b30d5433071d80bc8eae
2025-04-01,US,0.28445427026599646,p12v4m6-B-ppo-s1024,416ff1829ee756ca42b2b3f3ac00d97021798aea8df9b30d5433071d80bc8eae
2025-04-02,CN,0.18366196274291724,p12v4m6-B-ppo-s1024,416ff1829ee756ca42b2b3f3ac00d97021798aea8df9b30d5433071d80bc8eae
2025-04-02,HK,0.0831316988915205,p12v4m6-B-ppo-s1024,416ff1829ee756ca42b2b3f3ac00d97021798aea8df9b30d5433071d80bc8eae
2025-04-02,JP,0.1764342626556754,p12v4m6-B-ppo-s1024,416ff1829ee756ca42b2b3f3ac00d97021798aea8df9b30d5433071d80bc8eae
2025-04-02,US,0.28518656082451344,p12v4m6-B-ppo-s1024,416ff1829ee756ca42b2b3f3ac00d97021798aea8df9b30d5433071d80bc8eae
2025-04-03,CN,0.1843172019580379,p12v4m6-B-ppo-s1024,416ff1829ee756ca42b2b3f3ac00d97021798aea8df9b30d5433071d80bc8eae
2025-04-03,HK,0.08334149420261383,p12v4m6-B-ppo-s1024,416ff1829ee756ca42b2b3f3ac00d97021798aea8df9b30d5433071d80bc8eae
2025-04-03,JP,0.18165974505245686,p12v4m6-B-ppo-s1024,416ff1829ee756ca42b2b3f3ac00d97021798aea8df9b30d5433071d80bc8eae
2025-04-03,US,0.27778343856334686,p12v4m6-B-ppo-s1024,416ff1829ee756ca42b2b3f3ac00d97021798aea8df9b30d5433071d80bc8eae
2025-04-04,CN,0.18775576236657798,p12v4m6-B-ppo-s1024,416ff1829ee756ca42b2b3f3ac00d97021798aea8df9b30d5433071d80bc8eae
2025-04-04,HK,0.08537227241322398,p12v4m6-B-ppo-s1024,416ff1829ee756ca42b2b3f3ac00d97021798aea8df9b30d5433071d80bc8eae
2025-04-04,JP,0.18236355390399694,p12v4m6-B-ppo-s1024,416ff1829ee756ca42b2b3f3ac00d97021798aea8df9b30d5433071d80bc8eae
2025-04-04,US,0.2725100484676659,p12v4m6-B-ppo-s1024,416ff1829ee756ca42b2b3f3ac00d97021798aea8df9b30d5433071d80bc8eae
2025-04-07,CN,0.17982871015556157,p12v4m6-B-ppo-s1024,416ff1829ee756ca42b2b3f3ac00d97021798aea8df9b30d5433071d80bc8eae
2025-04-07,HK,0.07872293377295136,p12v4m6-B-ppo-s1024,416ff1829ee756ca42b2b3f3ac00d97021798aea8df9b30d5433071d80bc8eae
2025-04-07,JP,0.1814958257600665,p12v4m6-B-ppo-s1024,416ff1829ee756ca42b2b3f3ac00d97021798aea8df9b30d5433071d80bc8eae
2025-04-07,US,0.2874620510265231,p12v4m6-B-ppo-s1024,416ff1829ee756ca42b2b3f3ac00d97021798aea8df9b30d5433071d80bc8eae
2025-04-08,CN,0.1882457819301635,p12v4m6-B-ppo-s1024,416ff1829ee756ca42b2b3f3ac00d97021798aea8df9b30d5433071d80bc8eae
2025-04-08,HK,0.08246222091838717,p12v4m6-B-ppo-s1024,416ff1829ee756ca42b2b3f3ac00d97021798aea8df9b30d5433071d80bc8eae
2025-04-08,JP,0.18501019570976496,p12v4m6-B-ppo-s1024,416ff1829ee756ca42b2b3f3ac00d97021798aea8df9b30d5433071d80bc8eae
2025-04-08,US,0.27255556685850024,p12v4m6-B-ppo-s1024,416ff1829ee756ca42b2b3f3ac00d97021798aea8df9b30d5433071d80bc8eae
2025-04-09,CN,0.18510092271026224,p12v4m6-B-ppo-s1024,416ff1829ee756ca42b2b3f3ac00d97021798aea8df9b30d5433071d80bc8eae
2025-04-09,HK,0.08157549379393458,p12v4m6-B-ppo-s1024,416ff1829ee756ca42b2b3f3ac00d97021798aea8df9b30d5433071d80bc8eae
2025-04-09,JP,0.17345687933266163,p12v4m6-B-ppo-s1024,416ff1829ee756ca42b2b3f3ac00d97021798aea8df9b30d5433071d80bc8eae
2025-04-09,US,0.2970667164772749,p12v4m6-B-ppo-s1024,416ff1829ee756ca42b2b3f3ac00d97021798aea8df9b30d5433071d80bc8eae
2025-04-10,CN,0.1860927400412038,p12v4m6-B-ppo-s1024,416ff1829ee756ca42b2b3f3ac00d97021798aea8df9b30d5433071d80bc8eae
2025-04-10,HK,0.08160922257229686,p12v4m6-B-ppo-s1024,416ff1829ee756ca42b2b3f3ac00d97021798aea8df9b30d5433071d80bc8eae
2025-04-10,JP,0.18051933776587248,p12v4m6-B-ppo-s1024,416ff1829ee756ca42b2b3f3ac00d97021798aea8df9b30d5433071d80bc8eae
2025-04-10,US,0.2800179300829768,p12v4m6-B-ppo-s1024,416ff1829ee756ca42b2b3f3ac00d97021798aea8df9b30d5433071d80bc8eae
2025-04-11,CN,0.18472864420618862,p12v4m6-B-ppo-s1024,416ff1829ee756ca42b2b3f3ac00d97021798aea8df9b30d5433071d80bc8eae
2025-04-11,HK,0.08163683349266648,p12v4m6-B-ppo-s1024,416ff1829ee756ca42b2b3f3ac00d97021798aea8df9b30d5433071d80bc8eae
2025-04-11,JP,0.18188132718205452,p12v4m6-B-ppo-s1024,416ff1829ee756ca42b2b3f3ac00d97021798aea8df9b30d5433071d80bc8eae
2025-04-11,US,0.28288674214854836,p12v4m6-B-ppo-s1024,416ff1829ee756ca42b2b3f3ac00d97021798aea8df9b30d5433071d80bc8eae
2025-04-14,CN,0.18386734370142221,p12v4m6-B-ppo-s1024,416ff1829ee756ca42b2b3f3ac00d97021798aea8df9b30d5433071d80bc8eae
2025-04-14,HK,0.08274301467463374,p12v4m6-B-ppo-s1024,416ff1829ee756ca42b2b3f3ac00d97021798aea8df9b30d5433071d80bc8eae
2025-04-14,JP,0.17959911189973354,p12v4m6-B-ppo-s1024,416ff1829ee756ca42b2b3f3ac00d97021798aea8df9b30d5433071d80bc8eae
2025-04-14,US,0.2819818118587136,p12v4m6-B-ppo-s1024,416ff1829ee756ca42b2b3f3ac00d97021798aea8df9b30d5433071d80bc8eae
2025-04-15,CN,0.1862950031645596,p12v4m6-B-ppo-s1024,416ff1829ee756ca42b2b3f3ac00d97021798aea8df9b30d5433071d80bc8eae
2025-04-15,HK,0.08222147263586521,p12v4m6-B-ppo-s1024,416ff1829ee756ca42b2b3f3ac00d97021798aea8df9b30d5433071d80bc8eae
2025-04-15,JP,0.17794161476194859,p12v4m6-B-ppo-s1024,416ff1829ee756ca42b2b3f3ac00d97021798aea8df9b30d5433071d80bc8eae
2025-04-15,US,0.2818559748120606,p12v4m6-B-ppo-s1024,416ff1829ee756ca42b2b3f3ac00d97021798aea8df9b30d5433071d80bc8eae
2025-04-16,CN,0.18288078508339822,p12v4m6-B-ppo-s1024,416ff1829ee756ca42b2b3f3ac00d97021798aea8df9b30d5433071d80bc8eae
2025-04-16,HK,0.08291100850328803,p12v4m6-B-ppo-s1024,416ff1829ee756ca42b2b3f3ac00d97021798aea8df9b30d5433071d80bc8eae
2025-04-16,JP,0.180724885314703,p12v4m6-B-ppo-s1024,416ff1829ee756ca42b2b3f3ac00d97021798aea8df9b30d5433071d80bc8eae
2025-04-16,US,0.27963944524526596,p12v4m6-B-ppo-s1024,416ff1829ee756ca42b2b3f3ac00d97021798aea8df9b30d5433071d80bc8eae
2025-04-17,CN,0.18480179947800934,p12v4m6-B-ppo-s1024,416ff1829ee756ca42b2b3f3ac00d97021798aea8df9b30d5433071d80bc8eae
2025-04-17,HK,0.08173106610774994,p12v4m6-B-ppo-s1024,416ff1829ee756ca42b2b3f3ac00d97021798aea8df9b30d5433071d80bc8eae
2025-04-17,JP,0.18037359230220318,p12v4m6-B-ppo-s1024,416ff1829ee756ca42b2b3f3ac00d97021798aea8df9b30d5433071d80bc8eae
2025-04-17,US,0.28184589417651296,p12v4m6-B-ppo-s1024,416ff1829ee756ca42b2b3f3ac00d97021798aea8df9b30d5433071d80bc8eae
2025-04-18,CN,0.18552892678417265,p12v4m6-B-ppo-s1024,416ff1829ee756ca42b2b3f3ac00d97021798aea8df9b30d5433071d80bc8eae
2025-04-18,HK,0.08244934119284153,p12v4m6-B-ppo-s1024,416ff1829ee756ca42b2b3f3ac00d97021798aea8df9b30d5433071d80bc8eae
2025-04-18,JP,0.1799910943955183,p12v4m6-B-ppo-s1024,416ff1829ee756ca42b2b3f3ac00d97021798aea8df9b30d5433071d80bc8eae
2025-04-18,US,0.2808961309492588,p12v4m6-B-ppo-s1024,416ff1829ee756ca42b2b3f3ac00d97021798aea8df9b30d5433071d80bc8eae
2025-04-21,CN,0.18647412036079913,p12v4m6-B-ppo-s1024,416ff1829ee756ca42b2b3f3ac00d97021798aea8df9b30d5433071d80bc8eae
2025-04-21,HK,0.0826324000954628,p12v4m6-B-ppo-s1024,416ff1829ee756ca42b2b3f3ac00d97021798aea8df9b30d5433071d80bc8eae
2025-04-21,JP,0.17947236634790897,p12v4m6-B-ppo-s1024,416ff1829ee756ca42b2b3f3ac00d97021798aea8df9b30d5433071d80bc8eae
2025-04-21,US,0.2781806867569685,p12v4m6-B-ppo-s1024,416ff1829ee756ca42b2b3f3ac00d97021798aea8df9b30d5433071d80bc8eae
2025-04-22,CN,0.18303369544446468,p12v4m6-B-ppo-s1024,416ff1829ee756ca42b2b3f3ac00d97021798aea8df9b30d5433071d80bc8eae
2025-04-22,HK,0.0820150887593627,p12v4m6-B-ppo-s1024,416ff1829ee756ca42b2b3f3ac00d97021798aea8df9b30d5433071d80bc8eae
2025-04-22,JP,0.18033996876329184,p12v4m6-B-ppo-s1024,416ff1829ee756ca42b2b3f3ac00d97021798aea8df9b30d5433071d80bc8eae
2025-04-22,US,0.2843845612369478,p12v4m6-B-ppo-s1024,416ff1829ee756ca42b2b3f3ac00d97021798aea8df9b30d5433071d80bc8eae
2025-04-23,CN,0.1837566284229979,p12v4m6-B-ppo-s1024,416ff1829ee756ca42b2b3f3ac00d97021798aea8df9b30d5433071d80bc8eae
2025-04-23,HK,0.08210841566324234,p12v4m6-B-ppo-s1024,416ff1829ee756ca42b2b3f3ac00d97021798aea8df9b30d5433071d80bc8eae
2025-04-23,JP,0.178831591270864,p12v4m6-B-ppo-s1024,416ff1829ee756ca42b2b3f3ac00d97021798aea8df9b30d5433071d80bc8eae
2025-04-23,US,0.2831029505468905,p12v4m6-B-ppo-s1024,416ff1829ee756ca42b2b3f3ac00d97021798aea8df9b30d5433071d80bc8eae
2025-04-24,CN,0.18251748755574226,p12v4m6-B-ppo-s1024,416ff1829ee756ca42b2b3f3ac00d97021798aea8df9b30d5433071d80bc8eae
2025-04-24,HK,0.08199248742312193,p12v4m6-B-ppo-s1024,416ff1829ee756ca42b2b3f3ac00d97021798aea8df9b30d5433071d80bc8eae
2025-04-24,JP,0.1771893072873354,p12v4m6-B-ppo-s1024,416ff1829ee756ca42b2b3f3ac00d97021798aea8df9b30d5433071d80bc8eae
2025-04-24,US,0.28647227911278605,p12v4m6-B-ppo-s1024,416ff1829ee756ca42b2b3f3ac00d97021798aea8df9b30d5433071d80bc8eae
2025-04-25,CN,0.18431467202026397,p12v4m6-B-ppo-s1024,416ff1829ee756ca42b2b3f3ac00d97021798aea8df9b30d5433071d80bc8eae
2025-04-25,HK,0.08149272622540593,p12v4m6-B-ppo-s1024,416ff1829ee756ca42b2b3f3ac00d97021798aea8df9b30d5433071d80bc8eae
2025-04-25,JP,0.17879976890981197,p12v4m6-B-ppo-s1024,416ff1829ee756ca42b2b3f3ac00d97021798aea8df9b30d5433071d80bc8eae
2025-04-25,US,0.2844616649672389,p12v4m6-B-ppo-s1024,416ff1829ee756ca42b2b3f3ac00d97021798aea8df9b30d5433071d80bc8eae
2025-04-28,CN,0.182181125623174,p12v4m6-B-ppo-s1024,416ff1829ee756ca42b2b3f3ac00d97021798aea8df9b30d5433071d80bc8eae
2025-04-28,HK,0.08130323840305209,p12v4m6-B-ppo-s1024,416ff1829ee756ca42b2b3f3ac00d97021798aea8df9b30d5433071d80bc8eae
2025-04-28,JP,0.1804841998964548,p12v4m6-B-ppo-s1024,416ff1829ee756ca42b2b3f3ac00d97021798aea8df9b30d5433071d80bc8eae
2025-04-28,US,0.28369248984381557,p12v4m6-B-ppo-s1024,416ff1829ee756ca42b2b3f3ac00d97021798aea8df9b30d5433071d80bc8eae
2025-04-29,CN,0.1844109147787094,p12v4m6-B-ppo-s1024,416ff1829ee756ca42b2b3f3ac00d97021798aea8df9b30d5433071d80bc8eae
2025-04-29,HK,0.08175627933815122,p12v4m6-B-ppo-s1024,416ff1829ee756ca42b2b3f3ac00d97021798aea8df9b30d5433071d80bc8eae
2025-04-29,JP,0.18042278569191694,p12v4m6-B-ppo-s1024,416ff1829ee756ca42b2b3f3ac00d97021798aea8df9b30d5433071d80bc8eae
2025-04-29,US,0.28273645555600524,p12v4m6-B-ppo-s1024,416ff1829ee756ca42b2b3f3ac00d97021798aea8df9b30d5433071d80bc8eae
2025-04-30,CN,0.18403773033060133,p12v4m6-B-ppo-s1024,416ff1829ee756ca42b2b3f3ac00d97021798aea8df9b30d5433071d80bc8eae
2025-04-30,HK,0.0815761354751885,p12v4m6-B-ppo-s1024,416ff1829ee756ca42b2b3f3ac00d97021798aea8df9b30d5433071d80bc8eae
2025-04-30,JP,0.17867312487214804,p12v4m6-B-ppo-s1024,416ff1829ee756ca42b2b3f3ac00d97021798aea8df9b30d5433071d80bc8eae
2025-04-30,US,0.2847336125560105,p12v4m6-B-ppo-s1024,416ff1829ee756ca42b2b3f3ac00d97021798aea8df9b30d5433071d80bc8eae
2025-05-01,CN,0.1842389894882217,p12v4m6-B-ppo-s1024,416ff1829ee756ca42b2b3f3ac00d97021798aea8df9b30d5433071d80bc8eae
2025-05-01,HK,0.08143791602924466,p12v4m6-B-ppo-s1024,416ff1829ee756ca42b2b3f3ac00d97021798aea8df9b30d5433071d80bc8eae
2025-05-01,JP,0.17994043417274952,p12v4m6-B-ppo-s1024,416ff1829ee756ca42b2b3f3ac00d97021798aea8df9b30d5433071d80bc8eae
2025-05-01,US,0.2809612136334181,p12v4m6-B-ppo-s1024,416ff1829ee756ca42b2b3f3ac00d97021798aea8df9b30d5433071d80bc8eae
2025-05-02,CN,0.18297382164746523,p12v4m6-B-ppo-s1024,416ff1829ee756ca42b2b3f3ac00d97021798aea8df9b30d5433071d80bc8eae
2025-05-02,HK,0.08117386419326067,p12v4m6-B-ppo-s1024,416ff1829ee756ca42b2b3f3ac00d97021798aea8df9b30d5433071d80bc8eae
2025-05-02,JP,0.17903650179505348,p12v4m6-B-ppo-s1024,416ff1829ee756ca42b2b3f3ac00d97021798aea8df9b30d5433071d80bc8eae
2025-05-02,US,0.2837090785615146,p12v4m6-B-ppo-s1024,416ff1829ee756ca42b2b3f3ac00d97021798aea8df9b30d5433071d80bc8eae
2025-05-05,CN,0.18281654082238674,p12v4m6-B-ppo-s1024,416ff1829ee756ca42b2b3f3ac00d97021798aea8df9b30d5433071d80bc8eae
2025-05-05,HK,0.08107274770736694,p12v4m6-B-ppo-s1024,416ff1829ee756ca42b2b3f3ac00d97021798aea8df9b30d5433071d80bc8eae
2025-05-05,JP,0.17962463665753603,p12v4m6-B-ppo-s1024,416ff1829ee756ca42b2b3f3ac00d97021798aea8df9b30d5433071d80bc8eae
2025-05-05,US,0.2835956090129912,p12v4m6-B-ppo-s1024,416ff1829ee756ca42b2b3f3ac00d97021798aea8df9b30d5433071d80bc8eae
2025-05-06,CN,0.18571558932308108,p12v4m6-B-ppo-s1024,416ff1829ee756ca42b2b3f3ac00d97021798aea8df9b30d5433071d80bc8eae
2025-05-06,HK,0.08272882038727403,p12v4m6-B-ppo-s1024,416ff1829ee756ca42b2b3f3ac00d97021798aea8df9b30d5433071d80bc8eae
2025-05-06,JP,0.17982152942568064,p12v4m6-B-ppo-s1024,416ff1829ee756ca42b2b3f3ac00d97021798aea8df9b30d5433071d80bc8eae
2025-05-06,US,0.2808651113882661,p12v4m6-B-ppo-s1024,416ff1829ee756ca42b2b3f3ac00d97021798aea8df9b30d5433071d80bc8eae
2025-05-07,CN,0.181827254826203,p12v4m6-B-ppo-s1024,416ff1829ee756ca42b2b3f3ac00d97021798aea8df9b30d5433071d80bc8eae
2025-05-07,HK,0.08215636340901256,p12v4m6-B-ppo-s1024,416ff1829ee756ca42b2b3f3ac00d97021798aea8df9b30d5433071d80bc8eae
2025-05-07,JP,0.18127498775720596,p12v4m6-B-ppo-s1024,416ff1829ee756ca42b2b3f3ac00d97021798aea8df9b30d5433071d80bc8eae
2025-05-07,US,0.2820221711881459,p12v4m6-B-ppo-s1024,416ff1829ee756ca42b2b3f3ac00d97021798aea8df9b30d5433071d80bc8eae
2025-05-08,CN,0.18390392302535474,p12v4m6-B-ppo-s1024,416ff1829ee756ca42b2b3f3ac00d97021798aea8df9b30d5433071d80bc8eae
2025-05-08,HK,0.08170472970232368,p12v4m6-B-ppo-s1024,416ff1829ee756ca42b2b3f3ac00d97021798aea8df9b30d5433071d80bc8eae
2025-05-08,JP,0.18066859152168036,p12v4m6-B-ppo-s1024,416ff1829ee756ca42b2b3f3ac00d97021798aea8df9b30d5433071d80bc8eae
2025-05-08,US,0.28096463391557336,p12v4m6-B-ppo-s1024,416ff1829ee756ca42b2b3f3ac00d97021798aea8df9b30d5433071d80bc8eae
2025-05-09,CN,0.18246679997537285,p12v4m6-B-ppo-s1024,416ff1829ee756ca42b2b3f3ac00d97021798aea8df9b30d5433071d80bc8eae
2025-05-09,HK,0.08194902911782265,p12v4m6-B-ppo-s1024,416ff1829ee756ca42b2b3f3ac00d97021798aea8df9b30d5433071d80bc8eae
2025-05-09,JP,0.18025265261530876,p12v4m6-B-ppo-s1024,416ff1829ee756ca42b2b3f3ac00d97021798aea8df9b30d5433071d80bc8eae
2025-05-09,US,0.2817111127078533,p12v4m6-B-ppo-s1024,416ff1829ee756ca42b2b3f3ac00d97021798aea8df9b30d5433071d80bc8eae
2025-05-12,CN,0.1828651421237737,p12v4m6-B-ppo-s1024,416ff1829ee756ca42b2b3f3ac00d97021798aea8df9b30d5433071d80bc8eae
2025-05-12,HK,0.08251644438132644,p12v4m6-B-ppo-s1024,416ff1829ee756ca42b2b3f3ac00d97021798aea8df9b30d5433071d80bc8eae
2025-05-12,JP,0.17882398050278425,p12v4m6-B-ppo-s1024,416ff1829ee756ca42b2b3f3ac00d97021798aea8df9b30d5433071d80bc8eae
2025-05-12,US,0.2823848705738783,p12v4m6-B-ppo-s1024,416ff1829ee756ca42b2b3f3ac00d97021798aea8df9b30d5433071d80bc8eae
2025-05-13,CN,0.18114675453398377,p12v4m6-B-ppo-s1024,416ff1829ee756ca42b2b3f3ac00d97021798aea8df9b30d5433071d80bc8eae
2025-05-13,HK,0.08217266760766506,p12v4m6-B-ppo-s1024,416ff1829ee756ca42b2b3f3ac00d97021798aea8df9b30d5433071d80bc8eae
2025-05-13,JP,0.1789009403437376,p12v4m6-B-ppo-s1024,416ff1829ee756ca42b2b3f3ac00d97021798aea8df9b30d5433071d80bc8eae
2025-05-13,US,0.28371511632576585,p12v4m6-B-ppo-s1024,416ff1829ee756ca42b2b3f3ac00d97021798aea8df9b30d5433071d80bc8eae
2025-05-14,CN,0.18220968008972704,p12v4m6-B-ppo-s1024,416ff1829ee756ca42b2b3f3ac00d97021798aea8df9b30d5433071d80bc8eae
2025-05-14,HK,0.08274651365354657,p12v4m6-B-ppo-s1024,416ff1829ee756ca42b2b3f3ac00d97021798aea8df9b30d5433071d80bc8eae
2025-05-14,JP,0.1789376065135002,p12v4m6-B-ppo-s1024,416ff1829ee756ca42b2b3f3ac00d97021798aea8df9b30d5433071d80bc8eae
2025-05-14,US,0.28173843352124095,p12v4m6-B-ppo-s1024,416ff1829ee756ca42b2b3f3ac00d97021798aea8df9b30d5433071d80bc8eae
2025-05-15,CN,0.1797800640342757,p12v4m6-B-ppo-s1024,416ff1829ee756ca42b2b3f3ac00d97021798aea8df9b30d5433071d80bc8eae
2025-05-15,HK,0.08098930586129427,p12v4m6-B-ppo-s1024,416ff1829ee756ca42b2b3f3ac00d97021798aea8df9b30d5433071d80bc8eae
2025-05-15,JP,0.1801716722548008,p12v4m6-B-ppo-s1024,416ff1829ee756ca42b2b3f3ac00d97021798aea8df9b30d5433071d80bc8eae
2025-05-15,US,0.2856417768634856,p12v4m6-B-ppo-s1024,416ff1829ee756ca42b2b3f3ac00d97021798aea8df9b30d5433071d80bc8eae
2025-05-16,CN,0.18232419656123966,p12v4m6-B-ppo-s1024,416ff1829ee756ca42b2b3f3ac00d97021798aea8df9b30d5433071d80bc8eae
2025-05-16,HK,0.08077969634905457,p12v4m6-B-ppo-s1024,416ff1829ee756ca42b2b3f3ac00d97021798aea8df9b30d5433071d80bc8eae
2025-05-16,JP,0.1807757979258895,p12v4m6-B-ppo-s1024,416ff1829ee756ca42b2b3f3ac00d97021798aea8df9b30d5433071d80bc8eae
2025-05-16,US,0.28413868974894285,p12v4m6-B-ppo-s1024,416ff1829ee756ca42b2b3f3ac00d97021798aea8df9b30d5433071d80bc8eae
2025-05-19,CN,0.18361779674887657,p12v4m6-B-ppo-s1024,416ff1829ee756ca42b2b3f3ac00d97021798aea8df9b30d5433071d80bc8eae
2025-05-19,HK,0.08178364159539342,p12v4m6-B-ppo-s1024,416ff1829ee756ca42b2b3f3ac00d97021798aea8df9b30d5433071d80bc8eae
2025-05-19,JP,0.17998237814754248,p12v4m6-B-ppo-s1024,416ff1829ee756ca42b2b3f3ac00d97021798aea8df9b30d5433071d80bc8eae
2025-05-19,US,0.2830331325531006,p12v4m6-B-ppo-s1024,416ff1829ee756ca42b2b3f3ac00d97021798aea8df9b30d5433071d80bc8eae
2025-05-20,CN,0.18442237155977637,p12v4m6-B-ppo-s1024,416ff1829ee756ca42b2b3f3ac00d97021798aea8df9b30d5433071d80bc8eae
2025-05-20,HK,0.0820581465959549,p12v4m6-B-ppo-s1024,416ff1829ee756ca42b2b3f3ac00d97021798aea8df9b30d5433071d80bc8eae
2025-05-20,JP,0.1774194072932005,p12v4m6-B-ppo-s1024,416ff1829ee756ca42b2b3f3ac00d97021798aea8df9b30d5433071d80bc8eae
2025-05-20,US,0.2828428200446069,p12v4m6-B-ppo-s1024,416ff1829ee756ca42b2b3f3ac00d97021798aea8df9b30d5433071d80bc8eae
2025-05-21,CN,0.18257577996701002,p12v4m6-B-ppo-s1024,416ff1829ee756ca42b2b3f3ac00d97021798aea8df9b30d5433071d80bc8eae
2025-05-21,HK,0.0825870605185628,p12v4m6-B-ppo-s1024,416ff1829ee756ca42b2b3f3ac00d97021798aea8df9b30d5433071d80bc8eae
2025-05-21,JP,0.179515709169209,p12v4m6-B-ppo-s1024,416ff1829ee756ca42b2b3f3ac00d97021798aea8df9b30d5433071d80bc8eae
2025-05-21,US,0.2802700586616993,p12v4m6-B-ppo-s1024,416ff1829ee756ca42b2b3f3ac00d97021798aea8df9b30d5433071d80bc8eae
2025-05-22,CN,0.18241585744544864,p12v4m6-B-ppo-s1024,416ff1829ee756ca42b2b3f3ac00d97021798aea8df9b30d5433071d80bc8eae
2025-05-22,HK,0.08208806766197085,p12v4m6-B-ppo-s1024,416ff1829ee756ca42b2b3f3ac00d97021798aea8df9b30d5433071d80bc8eae
2025-05-22,JP,0.1796066351234913,p12v4m6-B-ppo-s1024,416ff1829ee756ca42b2b3f3ac00d97021798aea8df9b30d5433071d80bc8eae
2025-05-22,US,0.2813887861557305,p12v4m6-B-ppo-s1024,416ff1829ee756ca42b2b3f3ac00d97021798aea8df9b30d5433071d80bc8eae
2025-05-23,CN,0.1809839268680662,p12v4m6-B-ppo-s1024,416ff1829ee756ca42b2b3f3ac00d97021798aea8df9b30d5433071d80bc8eae
2025-05-23,HK,0.08094664942473173,p12v4m6-B-ppo-s1024,416ff1829ee756ca42b2b3f3ac00d97021798aea8df9b30d5433071d80bc8eae
2025-05-23,JP,0.18019223492592573,p12v4m6-B-ppo-s1024,416ff1829ee756ca42b2b3f3ac00d97021798aea8df9b30d5433071d80bc8eae
2025-05-23,US,0.28431379050016403,p12v4m6-B-ppo-s1024,416ff1829ee756ca42b2b3f3ac00d97021798aea8df9b30d5433071d80bc8eae
2025-05-26,CN,0.18499861098825932,p12v4m6-B-ppo-s1024,416ff1829ee756ca42b2b3f3ac00d97021798aea8df9b30d5433071d80bc8eae
2025-05-26,HK,0.08185998583212495,p12v4m6-B-ppo-s1024,416ff1829ee756ca42b2b3f3ac00d97021798aea8df9b30d5433071d80bc8eae
2025-05-26,JP,0.17896912153810263,p12v4m6-B-ppo-s1024,416ff1829ee756ca42b2b3f3ac00d97021798aea8df9b30d5433071d80bc8eae
2025-05-26,US,0.2834423859603703,p12v4m6-B-ppo-s1024,416ff1829ee756ca42b2b3f3ac00d97021798aea8df9b30d5433071d80bc8eae
2025-05-27,CN,0.18295021110679954,p12v4m6-B-ppo-s1024,416ff1829ee756ca42b2b3f3ac00d97021798aea8df9b30d5433071d80bc8eae
2025-05-27,HK,0.08153563318774104,p12v4m6-B-ppo-s1024,416ff1829ee756ca42b2b3f3ac00d97021798aea8df9b30d5433071d80bc8eae
2025-05-27,JP,0.1783283231779933,p12v4m6-B-ppo-s1024,416ff1829ee756ca42b2b3f3ac00d97021798aea8df9b30d5433071d80bc8eae
2025-05-27,US,0.2844063569791615,p12v4m6-B-ppo-s1024,416ff1829ee756ca42b2b3f3ac00d97021798aea8df9b30d5433071d80bc8eae
2025-05-28,CN,0.1840438242070377,p12v4m6-B-ppo-s1024,416ff1829ee756ca42b2b3f3ac00d97021798aea8df9b30d5433071d80bc8eae
2025-05-28,HK,0.08241096185520291,p12v4m6-B-ppo-s1024,416ff1829ee756ca42b2b3f3ac00d97021798aea8df9b30d5433071d80bc8eae
2025-05-28,JP,0.17902196291834116,p12v4m6-B-ppo-s1024,416ff1829ee756ca42b2b3f3ac00d97021798aea8df9b30d5433071d80bc8eae
2025-05-28,US,0.28072968451306224,p12v4m6-B-ppo-s1024,416ff1829ee756ca42b2b3f3ac00d97021798aea8df9b30d5433071d80bc8eae
2025-05-29,CN,0.18643092224374413,p12v4m6-B-ppo-s1024,416ff1829ee756ca42b2b3f3ac00d97021798aea8df9b30d5433071d80bc8eae
2025-05-29,HK,0.08223429694771767,p12v4m6-B-ppo-s1024,416ff1829ee756ca42b2b3f3ac00d97021798aea8df9b30d5433071d80bc8eae
2025-05-29,JP,0.17889535054564476,p12v4m6-B-ppo-s1024,416ff1829ee756ca42b2b3f3ac00d97021798aea8df9b30d5433071d80bc8eae
2025-05-29,US,0.28001624112948775,p12v4m6-B-ppo-s1024,416ff1829ee756ca42b2b3f3ac00d97021798aea8df9b30d5433071d80bc8eae
2025-05-30,CN,0.18040143116377294,p12v4m6-B-ppo-s1024,416ff1829ee756ca42b2b3f3ac00d97021798aea8df9b30d5433071d80bc8eae
2025-05-30,HK,0.08197681559249759,p12v4m6-B-ppo-s1024,416ff1829ee756ca42b2b3f3ac00d97021798aea8df9b30d5433071d80bc8eae
2025-05-30,JP,0.1808933624997735,p12v4m6-B-ppo-s1024,416ff1829ee756ca42b2b3f3ac00d97021798aea8df9b30d5433071d80bc8eae
2025-05-30,US,0.28214079793542624,p12v4m6-B-ppo-s1024,416ff1829ee756ca42b2b3f3ac00d97021798aea8df9b30d5433071d80bc8eae
2025-06-02,CN,0.1803848702693358,p12v4m6-B-ppo-s1024,416ff1829ee756ca42b2b3f3ac00d97021798aea8df9b30d5433071d80bc8eae
2025-06-02,HK,0.08183474978432059,p12v4m6-B-ppo-s1024,416ff1829ee756ca42b2b3f3ac00d97021798aea8df9b30d5433071d80bc8eae
2025-06-02,JP,0.17950822785496712,p12v4m6-B-ppo-s1024,416ff1829ee756ca42b2b3f3ac00d97021798aea8df9b30d5433071d80bc8eae
2025-06-02,US,0.2830123598687351,p12v4m6-B-ppo-s1024,416ff1829ee756ca42b2b3f3ac00d97021798aea8df9b30d5433071d80bc8eae
2025-06-03,CN,0.17698080325499177,p12v4m6-B-ppo-s1024,416ff1829ee756ca42b2b3f3ac00d97021798aea8df9b30d5433071d80bc8eae
2025-06-03,HK,0.08337957505136728,p12v4m6-B-ppo-s1024,416ff1829ee756ca42b2b3f3ac00d97021798aea8df9b30d5433071d80bc8eae
2025-06-03,JP,0.1804697634652257,p12v4m6-B-ppo-s1024,416ff1829ee756ca42b2b3f3ac00d97021798aea8df9b30d5433071d80bc8eae
2025-06-03,US,0.28389081405475736,p12v4m6-B-ppo-s1024,416ff1829ee756ca42b2b3f3ac00d97021798aea8df9b30d5433071d80bc8eae
2025-06-04,CN,0.18387976614758372,p12v4m6-B-ppo-s1024,416ff1829ee756ca42b2b3f3ac00d97021798aea8df9b30d5433071d80bc8eae
2025-06-04,HK,0.0818964228965342,p12v4m6-B-ppo-s1024,416ff1829ee756ca42b2b3f3ac00d97021798aea8df9b30d5433071d80bc8eae
2025-06-04,JP,0.17960440646857023,p12v4m6-B-ppo-s1024,416ff1829ee756ca42b2b3f3ac00d97021798aea8df9b30d5433071d80bc8eae
2025-06-04,US,0.28161429380998015,p12v4m6-B-ppo-s1024,416ff1829ee756ca42b2b3f3ac00d97021798aea8df9b30d5433071d80bc8eae
2025-06-05,CN,0.18445031950250268,p12v4m6-B-ppo-s1024,416ff1829ee756ca42b2b3f3ac00d97021798aea8df9b30d5433071d80bc8eae
2025-06-05,HK,0.08201200421899557,p12v4m6-B-ppo-s1024,416ff1829ee756ca42b2b3f3ac00d97021798aea8df9b30d5433071d80bc8eae
2025-06-05,JP,0.17865739483386278,p12v4m6-B-ppo-s1024,416ff1829ee756ca42b2b3f3ac00d97021798aea8df9b30d5433071d80bc8eae
2025-06-05,US,0.28092475794255733,p12v4m6-B-ppo-s1024,416ff1829ee756ca42b2b3f3ac00d97021798aea8df9b30d5433071d80bc8eae
2025-06-06,CN,0.179908586316742,p12v4m6-B-ppo-s1024,416ff1829ee756ca42b2b3f3ac00d97021798aea8df9b30d5433071d80bc8eae
2025-06-06,HK,0.08187159802764654,p12v4m6-B-ppo-s1024,416ff1829ee756ca42b2b3f3ac00d97021798aea8df9b30d5433071d80bc8eae
2025-06-06,JP,0.17969797365367413,p12v4m6-B-ppo-s1024,416ff1829ee756ca42b2b3f3ac00d97021798aea8df9b30d5433071d80bc8eae
2025-06-06,US,0.28396541392430663,p12v4m6-B-ppo-s1024,416ff1829ee756ca42b2b3f3ac00d97021798aea8df9b30d5433071d80bc8eae
2025-06-09,CN,0.18416019494179636,p12v4m6-B-ppo-s1024,416ff1829ee756ca42b2b3f3ac00d97021798aea8df9b30d5433071d80bc8eae
2025-06-09,HK,0.08201571041718125,p12v4m6-B-ppo-s1024,416ff1829ee756ca42b2b3f3ac00d97021798aea8df9b30d5433071d80bc8eae
2025-06-09,JP,0.179125408641994,p12v4m6-B-ppo-s1024,416ff1829ee756ca42b2b3f3ac00d97021798aea8df9b30d5433071d80bc8eae
2025-06-09,US,0.2816643533296883,p12v4m6-B-ppo-s1024,416ff1829ee756ca42b2b3f3ac00d97021798aea8df9b30d5433071d80bc8eae
2025-06-10,CN,0.18017093383241445,p12v4m6-B-ppo-s1024,416ff1829ee756ca42b2b3f3ac00d97021798aea8df9b30d5433071d80bc8eae
2025-06-10,HK,0.08159764902666211,p12v4m6-B-ppo-s1024,416ff1829ee756ca42b2b3f3ac00d97021798aea8df9b30d5433071d80bc8eae
2025-06-10,JP,0.17927062325179577,p12v4m6-B-ppo-s1024,416ff1829ee756ca42b2b3f3ac00d97021798aea8df9b30d5433071d80bc8eae
2025-06-10,US,0.2852694890461862,p12v4m6-B-ppo-s1024,416ff1829ee756ca42b2b3f3ac00d97021798aea8df9b30d5433071d80bc8eae
2025-06-11,CN,0.1827115201158449,p12v4m6-B-ppo-s1024,416ff1829ee756ca42b2b3f3ac00d97021798aea8df9b30d5433071d80bc8eae
2025-06-11,HK,0.08238275768235326,p12v4m6-B-ppo-s1024,416ff1829ee756ca42b2b3f3ac00d97021798aea8df9b30d5433071d80bc8eae
2025-06-11,JP,0.18057390488684177,p12v4m6-B-ppo-s1024,416ff1829ee756ca42b2b3f3ac00d97021798aea8df9b30d5433071d80bc8eae
2025-06-11,US,0.2806137534789741,p12v4m6-B-ppo-s1024,416ff1829ee756ca42b2b3f3ac00d97021798aea8df9b30d5433071d80bc8eae
2025-06-12,CN,0.18380953196901828,p12v4m6-B-ppo-s1024,416ff1829ee756ca42b2b3f3ac00d97021798aea8df9b30d5433071d80bc8eae
2025-06-12,HK,0.0816304194740951,p12v4m6-B-ppo-s1024,416ff1829ee756ca42b2b3f3ac00d97021798aea8df9b30d5433071d80bc8eae
2025-06-12,JP,0.1776920771226287,p12v4m6-B-ppo-s1024,416ff1829ee756ca42b2b3f3ac00d97021798aea8df9b30d5433071d80bc8eae
2025-06-12,US,0.28285172022879124,p12v4m6-B-ppo-s1024,416ff1829ee756ca42b2b3f3ac00d97021798aea8df9b30d5433071d80bc8eae
2025-06-13,CN,0.18322879425249994,p12v4m6-B-ppo-s1024,416ff1829ee756ca42b2b3f3ac00d97021798aea8df9b30d5433071d80bc8eae
2025-06-13,HK,0.08155370969325304,p12v4m6-B-ppo-s1024,416ff1829ee756ca42b2b3f3ac00d97021798aea8df9b30d5433071d80bc8eae
2025-06-13,JP,0.177490696310997,p12v4m6-B-ppo-s1024,416ff1829ee756ca42b2b3f3ac00d97021798aea8df9b30d5433071d80bc8eae
2025-06-13,US,0.2829089229926467,p12v4m6-B-ppo-s1024,416ff1829ee756ca42b2b3f3ac00d97021798aea8df9b30d5433071d80bc8eae
2025-06-16,CN,0.18468915147241205,p12v4m6-B-ppo-s1024,416ff1829ee756ca42b2b3f3ac00d97021798aea8df9b30d5433071d80bc8eae
2025-06-16,HK,0.08249005023390055,p12v4m6-B-ppo-s1024,416ff1829ee756ca42b2b3f3ac00d97021798aea8df9b30d5433071d80bc8eae
2025-06-16,JP,0.17892853450030088,p12v4m6-B-ppo-s1024,416ff1829ee756ca42b2b3f3ac00d97021798aea8df9b30d5433071d80bc8eae
2025-06-16,US,0.2806047801859677,p12v4m6-B-ppo-s1024,416ff1829ee756ca42b2b3f3ac00d97021798aea8df9b30d5433071d80bc8eae
2025-06-17,CN,0.17966434510890394,p12v4m6-B-ppo-s1024,416ff1829ee756ca42b2b3f3ac00d97021798aea8df9b30d5433071d80bc8eae
2025-06-17,HK,0.08252808637917042,p12v4m6-B-ppo-s1024,416ff1829ee756ca42b2b3f3ac00d97021798aea8df9b30d5433071d80bc8eae
2025-06-17,JP,0.18058559950441122,p12v4m6-B-ppo-s1024,416ff1829ee756ca42b2b3f3ac00d97021798aea8df9b30d5433071d80bc8eae
2025-06-17,US,0.282013600692153,p12v4m6-B-ppo-s1024,416ff1829ee756ca42b2b3f3ac00d97021798aea8df9b30d5433071d80bc8eae
2025-06-18,CN,0.178782713948749,p12v4m6-B-ppo-s1024,416ff1829ee756ca42b2b3f3ac00d97021798aea8df9b30d5433071d80bc8eae
2025-06-18,HK,0.08206039108335972,p12v4m6-B-ppo-s1024,416ff1829ee756ca42b2b3f3ac00d97021798aea8df9b30d5433071d80bc8eae
2025-06-18,JP,0.18130561616271734,p12v4m6-B-ppo-s1024,416ff1829ee756ca42b2b3f3ac00d97021798aea8df9b30d5433071d80bc8eae
2025-06-18,US,0.28277768287807703,p12v4m6-B-ppo-s1024,416ff1829ee756ca42b2b3f3ac00d97021798aea8df9b30d5433071d80bc8eae
2025-06-19,CN,0.18126692448277026,p12v4m6-B-ppo-s1024,416ff1829ee756ca42b2b3f3ac00d97021798aea8df9b30d5433071d80bc8eae
2025-06-19,HK,0.0816472927108407,p12v4m6-B-ppo-s1024,416ff1829ee756ca42b2b3f3ac00d97021798aea8df9b30d5433071d80bc8eae
2025-06-19,JP,0.17949179466813803,p12v4m6-B-ppo-s1024,416ff1829ee756ca42b2b3f3ac00d97021798aea8df9b30d5433071d80bc8eae
2025-06-19,US,0.2838126583956182,p12v4m6-B-ppo-s1024,416ff1829ee756ca42b2b3f3ac00d97021798aea8df9b30d5433071d80bc8eae
2025-06-20,CN,0.18178795231506228,p12v4m6-B-ppo-s1024,416ff1829ee756ca42b2b3f3ac00d97021798aea8df9b30d5433071d80bc8eae
2025-06-20,HK,0.08281622594222426,p12v4m6-B-ppo-s1024,416ff1829ee756ca42b2b3f3ac00d97021798aea8df9b30d5433071d80bc8eae
2025-06-20,JP,0.1793870236724615,p12v4m6-B-ppo-s1024,416ff1829ee756ca42b2b3f3ac00d97021798aea8df9b30d5433071d80bc8eae
2025-06-20,US,0.28172782668843865,p12v4m6-B-ppo-s1024,416ff1829ee756ca42b2b3f3ac00d97021798aea8df9b30d5433071d80bc8eae
2025-06-23,CN,0.18437229946721345,p12v4m6-B-ppo-s1024,416ff1829ee756ca42b2b3f3ac00d97021798aea8df9b30d5433071d80bc8eae
2025-06-23,HK,0.08283268753439188,p12v4m6-B-ppo-s1024,416ff1829ee756ca42b2b3f3ac00d97021798aea8df9b30d5433071d80bc8eae
2025-06-23,JP,0.17933155316859484,p12v4m6-B-ppo-s1024,416ff1829ee756ca42b2b3f3ac00d97021798aea8df9b30d5433071d80bc8eae
2025-06-23,US,0.281567616853863,p12v4m6-B-ppo-s1024,416ff1829ee756ca42b2b3f3ac00d97021798aea8df9b30d5433071d80bc8eae
2025-06-24,CN,0.1822964184684679,p12v4m6-B-ppo-s1024,416ff1829ee756ca42b2b3f3ac00d97021798aea8df9b30d5433071d80bc8eae
2025-06-24,HK,0.0831128885038197,p12v4m6-B-ppo-s1024,416ff1829ee756ca42b2b3f3ac00d97021798aea8df9b30d5433071d80bc8eae
2025-06-24,JP,0.17788733262568712,p12v4m6-B-ppo-s1024,416ff1829ee756ca42b2b3f3ac00d97021798aea8df9b30d5433071d80bc8eae
2025-06-24,US,0.2838054238818586,p12v4m6-B-ppo-s1024,416ff1829ee756ca42b2b3f3ac00d97021798aea8df9b30d5433071d80bc8eae
2025-06-25,CN,0.18212104658596218,p12v4m6-B-ppo-s1024,416ff1829ee756ca42b2b3f3ac00d97021798aea8df9b30d5433071d80bc8eae
2025-06-25,HK,0.08312631724402308,p12v4m6-B-ppo-s1024,416ff1829ee756ca42b2b3f3ac00d97021798aea8df9b30d5433071d80bc8eae
2025-06-25,JP,0.1799786640331149,p12v4m6-B-ppo-s1024,416ff1829ee756ca42b2b3f3ac00d97021798aea8df9b30d5433071d80bc8eae
2025-06-25,US,0.2804939108900726,p12v4m6-B-ppo-s1024,416ff1829ee756ca42b2b3f3ac00d97021798aea8df9b30d5433071d80bc8eae
2025-06-26,CN,0.18366383225657046,p12v4m6-B-ppo-s1024,416ff1829ee756ca42b2b3f3ac00d97021798aea8df9b30d5433071d80bc8eae
2025-06-26,HK,0.08179706195369363,p12v4m6-B-ppo-s1024,416ff1829ee756ca42b2b3f3ac00d97021798aea8df9b30d5433071d80bc8eae
2025-06-26,JP,0.1797500178217888,p12v4m6-B-ppo-s1024,416ff1829ee756ca42b2b3f3ac00d97021798aea8df9b30d5433071d80bc8eae
2025-06-26,US,0.28194560669362545,p12v4m6-B-ppo-s1024,416ff1829ee756ca42b2b3f3ac00d97021798aea8df9b30d5433071d80bc8eae
2025-06-27,CN,0.1827806697692722,p12v4m6-B-ppo-s1024,416ff1829ee756ca42b2b3f3ac00d97021798aea8df9b30d5433071d80bc8eae
2025-06-27,HK,0.08085546921938658,p12v4m6-B-ppo-s1024,416ff1829ee756ca42b2b3f3ac00d97021798aea8df9b30d5433071d80bc8eae
2025-06-27,JP,0.18012662511318922,p12v4m6-B-ppo-s1024,416ff1829ee756ca42b2b3f3ac00d97021798aea8df9b30d5433071d80bc8eae
2025-06-27,US,0.28219117503613234,p12v4m6-B-ppo-s1024,416ff1829ee756ca42b2b3f3ac00d97021798aea8df9b30d5433071d80bc8eae
2025-06-30,CN,0.18299249233677983,p12v4m6-B-ppo-s1024,416ff1829ee756ca42b2b3f3ac00d97021798aea8df9b30d5433071d80bc8eae
2025-06-30,HK,0.08155677514150739,p12v4m6-B-ppo-s1024,416ff1829ee756ca42b2b3f3ac00d97021798aea8df9b30d5433071d80bc8eae
2025-06-30,JP,0.1783238034695387,p12v4m6-B-ppo-s1024,416ff1829ee756ca42b2b3f3ac00d97021798aea8df9b30d5433071d80bc8eae
2025-06-30,US,0.28361344803124666,p12v4m6-B-ppo-s1024,416ff1829ee756ca42b2b3f3ac00d97021798aea8df9b30d5433071d80bc8eae
2025-07-01,CN,0.18019355612341315,p12v4m6-B-ppo-s1024,416ff1829ee756ca42b2b3f3ac00d97021798aea8df9b30d5433071d80bc8eae
2025-07-01,HK,0.08205095026642084,p12v4m6-B-ppo-s1024,416ff1829ee756ca42b2b3f3ac00d97021798aea8df9b30d5433071d80bc8eae
2025-07-01,JP,0.17832156643271446,p12v4m6-B-ppo-s1024,416ff1829ee756ca42b2b3f3ac00d97021798aea8df9b30d5433071d80bc8eae
2025-07-01,US,0.28549331333488226,p12v4m6-B-ppo-s1024,416ff1829ee756ca42b2b3f3ac00d97021798aea8df9b30d5433071d80bc8eae
2025-07-02,CN,0.18171951232943684,p12v4m6-B-ppo-s1024,416ff1829ee756ca42b2b3f3ac00d97021798aea8df9b30d5433071d80bc8eae
2025-07-02,HK,0.08176764659583569,p12v4m6-B-ppo-s1024,416ff1829ee756ca42b2b3f3ac00d97021798aea8df9b30d5433071d80bc8eae
2025-07-02,JP,0.18072697333991528,p12v4m6-B-ppo-s1024,416ff1829ee756ca42b2b3f3ac00d97021798aea8df9b30d5433071d80bc8eae
2025-07-02,US,0.2825113604776561,p12v4m6-B-ppo-s1024,416ff1829ee756ca42b2b3f3ac00d97021798aea8df9b30d5433071d80bc8eae
2025-07-03,CN,0.18173623026814312,p12v4m6-B-ppo-s1024,416ff1829ee756ca42b2b3f3ac00d97021798aea8df9b30d5433071d80bc8eae
2025-07-03,HK,0.08178476942703128,p12v4m6-B-ppo-s1024,416ff1829ee756ca42b2b3f3ac00d97021798aea8df9b30d5433071d80bc8eae
2025-07-03,JP,0.17952454555779696,p12v4m6-B-ppo-s1024,416ff1829ee756ca42b2b3f3ac00d97021798aea8df9b30d5433071d80bc8eae
2025-07-03,US,0.28271274315193295,p12v4m6-B-ppo-s1024,416ff1829ee756ca42b2b3f3ac00d97021798aea8df9b30d5433071d80bc8eae
2025-07-04,CN,0.18030933244153857,p12v4m6-B-ppo-s1024,416ff1829ee756ca42b2b3f3ac00d97021798aea8df9b30d5433071d80bc8eae
2025-07-04,HK,0.08248931588605046,p12v4m6-B-ppo-s1024,416ff1829ee756ca42b2b3f3ac00d97021798aea8df9b30d5433071d80bc8eae
2025-07-04,JP,0.17945015523582697,p12v4m6-B-ppo-s1024,416ff1829ee756ca42b2b3f3ac00d97021798aea8df9b30d5433071d80bc8eae
2025-07-04,US,0.28321100026369095,p12v4m6-B-ppo-s1024,416ff1829ee756ca42b2b3f3ac00d97021798aea8df9b30d5433071d80bc8eae
2025-07-07,CN,0.18425533105619252,p12v4m6-B-ppo-s1024,416ff1829ee756ca42b2b3f3ac00d97021798aea8df9b30d5433071d80bc8eae
2025-07-07,HK,0.08190898224711418,p12v4m6-B-ppo-s1024,416ff1829ee756ca42b2b3f3ac00d97021798aea8df9b30d5433071d80bc8eae
2025-07-07,JP,0.17920776829123497,p12v4m6-B-ppo-s1024,416ff1829ee756ca42b2b3f3ac00d97021798aea8df9b30d5433071d80bc8eae
2025-07-07,US,0.2806295841000974,p12v4m6-B-ppo-s1024,416ff1829ee756ca42b2b3f3ac00d97021798aea8df9b30d5433071d80bc8eae
2025-07-08,CN,0.18389968166593462,p12v4m6-B-ppo-s1024,416ff1829ee756ca42b2b3f3ac00d97021798aea8df9b30d5433071d80bc8eae
2025-07-08,HK,0.08207888435572386,p12v4m6-B-ppo-s1024,416ff1829ee756ca42b2b3f3ac00d97021798aea8df9b30d5433071d80bc8eae
2025-07-08,JP,0.1779213435947895,p12v4m6-B-ppo-s1024,416ff1829ee756ca42b2b3f3ac00d97021798aea8df9b30d5433071d80bc8eae
2025-07-08,US,0.2831126470118761,p12v4m6-B-ppo-s1024,416ff1829ee756ca42b2b3f3ac00d97021798aea8df9b30d5433071d80bc8eae
2025-07-09,CN,0.18046771769877523,p12v4m6-B-ppo-s1024,416ff1829ee756ca42b2b3f3ac00d97021798aea8df9b30d5433071d80bc8eae
2025-07-09,HK,0.08237327076494694,p12v4m6-B-ppo-s1024,416ff1829ee756ca42b2b3f3ac00d97021798aea8df9b30d5433071d80bc8eae
2025-07-09,JP,0.180103893391788,p12v4m6-B-ppo-s1024,416ff1829ee756ca42b2b3f3ac00d97021798aea8df9b30d5433071d80bc8eae
2025-07-09,US,0.2822901979088783,p12v4m6-B-ppo-s1024,416ff1829ee756ca42b2b3f3ac00d97021798aea8df9b30d5433071d80bc8eae
2025-07-10,CN,0.18236807559151202,p12v4m6-B-ppo-s1024,416ff1829ee756ca42b2b3f3ac00d97021798aea8df9b30d5433071d80bc8eae
2025-07-10,HK,0.08233537105843425,p12v4m6-B-ppo-s1024,416ff1829ee756ca42b2b3f3ac00d97021798aea8df9b30d5433071d80bc8eae
2025-07-10,JP,0.17838875856250525,p12v4m6-B-ppo-s1024,416ff1829ee756ca42b2b3f3ac00d97021798aea8df9b30d5433071d80bc8eae
2025-07-10,US,0.28304433450102806,p12v4m6-B-ppo-s1024,416ff1829ee756ca42b2b3f3ac00d97021798aea8df9b30d5433071d80bc8eae
2025-07-11,CN,0.18204408418387175,p12v4m6-B-ppo-s1024,416ff1829ee756ca42b2b3f3ac00d97021798aea8df9b30d5433071d80bc8eae
2025-07-11,HK,0.081514498218894,p12v4m6-B-ppo-s1024,416ff1829ee756ca42b2b3f3ac00d97021798aea8df9b30d5433071d80bc8eae
2025-07-11,JP,0.17911552917212248,p12v4m6-B-ppo-s1024,416ff1829ee756ca42b2b3f3ac00d97021798aea8df9b30d5433071d80bc8eae
2025-07-11,US,0.28319194354116917,p12v4m6-B-ppo-s1024,416ff1829ee756ca42b2b3f3ac00d97021798aea8df9b30d5433071d80bc8eae
2025-07-14,CN,0.18045339174568653,p12v4m6-B-ppo-s1024,416ff1829ee756ca42b2b3f3ac00d97021798aea8df9b30d5433071d80bc8eae
2025-07-14,HK,0.0821328996680677,p12v4m6-B-ppo-s1024,416ff1829ee756ca42b2b3f3ac00d97021798aea8df9b30d5433071d80bc8eae
2025-07-14,JP,0.17986774817109108,p12v4m6-B-ppo-s1024,416ff1829ee756ca42b2b3f3ac00d97021798aea8df9b30d5433071d80bc8eae
2025-07-14,US,0.2834154302254319,p12v4m6-B-ppo-s1024,416ff1829ee756ca42b2b3f3ac00d97021798aea8df9b30d5433071d80bc8eae
2025-07-15,CN,0.18191809416748583,p12v4m6-B-ppo-s1024,416ff1829ee756ca42b2b3f3ac00d97021798aea8df9b30d5433071d80bc8eae
2025-07-15,HK,0.08235598867759109,p12v4m6-B-ppo-s1024,416ff1829ee756ca42b2b3f3ac00d97021798aea8df9b30d5433071d80bc8eae
2025-07-15,JP,0.17980238143354654,p12v4m6-B-ppo-s1024,416ff1829ee756ca42b2b3f3ac00d97021798aea8df9b30d5433071d80bc8eae
2025-07-15,US,0.27954022493213415,p12v4m6-B-ppo-s1024,416ff1829ee756ca42b2b3f3ac00d97021798aea8df9b30d5433071d80bc8eae
2025-07-16,CN,0.1825285186059773,p12v4m6-B-ppo-s1024,416ff1829ee756ca42b2b3f3ac00d97021798aea8df9b30d5433071d80bc8eae
2025-07-16,HK,0.08166440948843956,p12v4m6-B-ppo-s1024,416ff1829ee756ca42b2b3f3ac00d97021798aea8df9b30d5433071d80bc8eae
2025-07-16,JP,0.17977685946971178,p12v4m6-B-ppo-s1024,416ff1829ee756ca42b2b3f3ac00d97021798aea8df9b30d5433071d80bc8eae
2025-07-16,US,0.28222072357311845,p12v4m6-B-ppo-s1024,416ff1829ee756ca42b2b3f3ac00d97021798aea8df9b30d5433071d80bc8eae
2025-07-17,CN,0.1824999275850132,p12v4m6-B-ppo-s1024,416ff1829ee756ca42b2b3f3ac00d97021798aea8df9b30d5433071d80bc8eae
2025-07-17,HK,0.08154729614034295,p12v4m6-B-ppo-s1024,416ff1829ee756ca42b2b3f3ac00d97021798aea8df9b30d5433071d80bc8eae
2025-07-17,JP,0.18005980737507343,p12v4m6-B-ppo-s1024,416ff1829ee756ca42b2b3f3ac00d97021798aea8df9b30d5433071d80bc8eae
2025-07-17,US,0.2832242287695408,p12v4m6-B-ppo-s1024,416ff1829ee756ca42b2b3f3ac00d97021798aea8df9b30d5433071d80bc8eae
2025-07-18,CN,0.18239297345280647,p12v4m6-B-ppo-s1024,416ff1829ee756ca42b2b3f3ac00d97021798aea8df9b30d5433071d80bc8eae
2025-07-18,HK,0.08212239062413573,p12v4m6-B-ppo-s1024,416ff1829ee756ca42b2b3f3ac00d97021798aea8df9b30d5433071d80bc8eae
2025-07-18,JP,0.17887614201754332,p12v4m6-B-ppo-s1024,416ff1829ee756ca42b2b3f3ac00d97021798aea8df9b30d5433071d80bc8eae
2025-07-18,US,0.2820029417052865,p12v4m6-B-ppo-s1024,416ff1829ee756ca42b2b3f3ac00d97021798aea8df9b30d5433071d80bc8eae
2025-07-21,CN,0.1832106519723311,p12v4m6-B-ppo-s1024,416ff1829ee756ca42b2b3f3ac00d97021798aea8df9b30d5433071d80bc8eae
2025-07-21,HK,0.08167140744626522,p12v4m6-B-ppo-s1024,416ff1829ee756ca42b2b3f3ac00d97021798aea8df9b30d5433071d80bc8eae
2025-07-21,JP,0.17886155378073454,p12v4m6-B-ppo-s1024,416ff1829ee756ca42b2b3f3ac00d97021798aea8df9b30d5433071d80bc8eae
2025-07-21,US,0.28212716430425644,p12v4m6-B-ppo-s1024,416ff1829ee756ca42b2b3f3ac00d97021798aea8df9b30d5433071d80bc8eae
2025-07-22,CN,0.18394155462738127,p12v4m6-B-ppo-s1024,416ff1829ee756ca42b2b3f3ac00d97021798aea8df9b30d5433071d80bc8eae
2025-07-22,HK,0.08143022609874606,p12v4m6-B-ppo-s1024,416ff1829ee756ca42b2b3f3ac00d97021798aea8df9b30d5433071d80bc8eae
2025-07-22,JP,0.17939584981650114,p12v4m6-B-ppo-s1024,416ff1829ee756ca42b2b3f3ac00d97021798aea8df9b30d5433071d80bc8eae
2025-07-22,US,0.2822131090797484,p12v4m6-B-ppo-s1024,416ff1829ee756ca42b2b3f3ac00d97021798aea8df9b30d5433071d80bc8eae
2025-07-23,CN,0.17656722583342344,p12v4m6-B-ppo-s1024,416ff1829ee756ca42b2b3f3ac00d97021798aea8df9b30d5433071d80bc8eae
2025-07-23,HK,0.08154923329129815,p12v4m6-B-ppo-s1024,416ff1829ee756ca42b2b3f3ac00d97021798aea8df9b30d5433071d80bc8eae
2025-07-23,JP,0.18139730766415596,p12v4m6-B-ppo-s1024,416ff1829ee756ca42b2b3f3ac00d97021798aea8df9b30d5433071d80bc8eae
2025-07-23,US,0.28573385579511523,p12v4m6-B-ppo-s1024,416ff1829ee756ca42b2b3f3ac00d97021798aea8df9b30d5433071d80bc8eae
2025-07-24,CN,0.1833287924528122,p12v4m6-B-ppo-s1024,416ff1829ee756ca42b2b3f3ac00d97021798aea8df9b30d5433071d80bc8eae
2025-07-24,HK,0.08217122917994857,p12v4m6-B-ppo-s1024,416ff1829ee756ca42b2b3f3ac00d97021798aea8df9b30d5433071d80bc8eae
2025-07-24,JP,0.17986636329442263,p12v4m6-B-ppo-s1024,416ff1829ee756ca42b2b3f3ac00d97021798aea8df9b30d5433071d80bc8eae
2025-07-24,US,0.28035620180889964,p12v4m6-B-ppo-s1024,416ff1829ee756ca42b2b3f3ac00d97021798aea8df9b30d5433071d80bc8eae
2025-07-25,CN,0.18088320340029895,p12v4m6-B-ppo-s1024,416ff1829ee756ca42b2b3f3ac00d97021798aea8df9b30d5433071d80bc8eae
2025-07-25,HK,0.08236818015575409,p12v4m6-B-ppo-s1024,416ff1829ee756ca42b2b3f3ac00d97021798aea8df9b30d5433071d80bc8eae
2025-07-25,JP,0.17919301986694336,p12v4m6-B-ppo-s1024,416ff1829ee756ca42b2b3f3ac00d97021798aea8df9b30d5433071d80bc8eae
2025-07-25,US,0.28219944378361106,p12v4m6-B-ppo-s1024,416ff1829ee756ca42b2b3f3ac00d97021798aea8df9b30d5433071d80bc8eae
2025-07-28,CN,0.18278763082344085,p12v4m6-B-ppo-s1024,416ff1829ee756ca42b2b3f3ac00d97021798aea8df9b30d5433071d80bc8eae
2025-07-28,HK,0.08159298077225685,p12v4m6-B-ppo-s1024,416ff1829ee756ca42b2b3f3ac00d97021798aea8df9b30d5433071d80bc8eae
2025-07-28,JP,0.1799088390544057,p12v4m6-B-ppo-s1024,416ff1829ee756ca42b2b3f3ac00d97021798aea8df9b30d5433071d80bc8eae
2025-07-28,US,0.28045102022588253,p12v4m6-B-ppo-s1024,416ff1829ee756ca42b2b3f3ac00d97021798aea8df9b30d5433071d80bc8eae
2025-07-29,CN,0.18253978539723903,p12v4m6-B-ppo-s1024,416ff1829ee756ca42b2b3f3ac00d97021798aea8df9b30d5433071d80bc8eae
2025-07-29,HK,0.08196045411750674,p12v4m6-B-ppo-s1024,416ff1829ee756ca42b2b3f3ac00d97021798aea8df9b30d5433071d80bc8eae
2025-07-29,JP,0.1789344446733594,p12v4m6-B-ppo-s1024,416ff1829ee756ca42b2b3f3ac00d97021798aea8df9b30d5433071d80bc8eae
2025-07-29,US,0.2814757996238768,p12v4m6-B-ppo-s1024,416ff1829ee756ca42b2b3f3ac00d97021798aea8df9b30d5433071d80bc8eae
2025-07-30,CN,0.18225905823055655,p12v4m6-B-ppo-s1024,416ff1829ee756ca42b2b3f3ac00d97021798aea8df9b30d5433071d80bc8eae
2025-07-30,HK,0.08126563299447298,p12v4m6-B-ppo-s1024,416ff1829ee756ca42b2b3f3ac00d97021798aea8df9b30d5433071d80bc8eae
2025-07-30,JP,0.18055537808686495,p12v4m6-B-ppo-s1024,416ff1829ee756ca42b2b3f3ac00d97021798aea8df9b30d5433071d80bc8eae
2025-07-30,US,0.2818611431866884,p12v4m6-B-ppo-s1024,416ff1829ee756ca42b2b3f3ac00d97021798aea8df9b30d5433071d80bc8eae
2025-07-31,CN,0.18229848251212388,p12v4m6-B-ppo-s1024,416ff1829ee756ca42b2b3f3ac00d97021798aea8df9b30d5433071d80bc8eae
2025-07-31,HK,0.08190785720944405,p12v4m6-B-ppo-s1024,416ff1829ee756ca42b2b3f3ac00d97021798aea8df9b30d5433071d80bc8eae
2025-07-31,JP,0.18086943589150906,p12v4m6-B-ppo-s1024,416ff1829ee756ca42b2b3f3ac00d97021798aea8df9b30d5433071d80bc8eae
2025-07-31,US,0.2801530505530536,p12v4m6-B-ppo-s1024,416ff1829ee756ca42b2b3f3ac00d97021798aea8df9b30d5433071d80bc8eae
2025-08-01,CN,0.18155017553362995,p12v4m6-B-ppo-s1024,416ff1829ee756ca42b2b3f3ac00d97021798aea8df9b30d5433071d80bc8eae
2025-08-01,HK,0.08178405277431011,p12v4m6-B-ppo-s1024,416ff1829ee756ca42b2b3f3ac00d97021798aea8df9b30d5433071d80bc8eae
2025-08-01,JP,0.18101562466472387,p12v4m6-B-ppo-s1024,416ff1829ee756ca42b2b3f3ac00d97021798aea8df9b30d5433071d80bc8eae
2025-08-01,US,0.281201817560941,p12v4m6-B-ppo-s1024,416ff1829ee756ca42b2b3f3ac00d97021798aea8df9b30d5433071d80bc8eae
2025-08-04,CN,0.18340353877283633,p12v4m6-B-ppo-s1024,416ff1829ee756ca42b2b3f3ac00d97021798aea8df9b30d5433071d80bc8eae
2025-08-04,HK,0.08214226318523288,p12v4m6-B-ppo-s1024,416ff1829ee756ca42b2b3f3ac00d97021798aea8df9b30d5433071d80bc8eae
2025-08-04,JP,0.17917852383106947,p12v4m6-B-ppo-s1024,416ff1829ee756ca42b2b3f3ac00d97021798aea8df9b30d5433071d80bc8eae
2025-08-04,US,0.2820290899835527,p12v4m6-B-ppo-s1024,416ff1829ee756ca42b2b3f3ac00d97021798aea8df9b30d5433071d80bc8eae
2025-08-05,CN,0.18215073843020946,p12v4m6-B-ppo-s1024,416ff1829ee756ca42b2b3f3ac00d97021798aea8df9b30d5433071d80bc8eae
2025-08-05,HK,0.08239709073677659,p12v4m6-B-ppo-s1024,416ff1829ee756ca42b2b3f3ac00d97021798aea8df9b30d5433071d80bc8eae
2025-08-05,JP,0.1802214551717043,p12v4m6-B-ppo-s1024,416ff1829ee756ca42b2b3f3ac00d97021798aea8df9b30d5433071d80bc8eae
2025-08-05,US,0.282108124345541,p12v4m6-B-ppo-s1024,416ff1829ee756ca42b2b3f3ac00d97021798aea8df9b30d5433071d80bc8eae
2025-08-06,CN,0.18326771049760282,p12v4m6-B-ppo-s1024,416ff1829ee756ca42b2b3f3ac00d97021798aea8df9b30d5433071d80bc8eae
2025-08-06,HK,0.08197221392765641,p12v4m6-B-ppo-s1024,416ff1829ee756ca42b2b3f3ac00d97021798aea8df9b30d5433071d80bc8eae
2025-08-06,JP,0.18064745794981718,p12v4m6-B-ppo-s1024,416ff1829ee756ca42b2b3f3ac00d97021798aea8df9b30d5433071d80bc8eae
2025-08-06,US,0.2799163111485541,p12v4m6-B-ppo-s1024,416ff1829ee756ca42b2b3f3ac00d97021798aea8df9b30d5433071d80bc8eae
2025-08-07,CN,0.18484519282355905,p12v4m6-B-ppo-s1024,416ff1829ee756ca42b2b3f3ac00d97021798aea8df9b30d5433071d80bc8eae
2025-08-07,HK,0.08201621938496828,p12v4m6-B-ppo-s1024,416ff1829ee756ca42b2b3f3ac00d97021798aea8df9b30d5433071d80bc8eae
2025-08-07,JP,0.18065815046429634,p12v4m6-B-ppo-s1024,416ff1829ee756ca42b2b3f3ac00d97021798aea8df9b30d5433071d80bc8eae
2025-08-07,US,0.2789251976646483,p12v4m6-B-ppo-s1024,416ff1829ee756ca42b2b3f3ac00d97021798aea8df9b30d5433071d80bc8eae
2025-08-08,CN,0.1818282884778455,p12v4m6-B-ppo-s1024,416ff1829ee756ca42b2b3f3ac00d97021798aea8df9b30d5433071d80bc8eae
2025-08-08,HK,0.08167425217106938,p12v4m6-B-ppo-s1024,416ff1829ee756ca42b2b3f3ac00d97021798aea8df9b30d5433071d80bc8eae
2025-08-08,JP,0.18110787868499756,p12v4m6-B-ppo-s1024,416ff1829ee756ca42b2b3f3ac00d97021798aea8df9b30d5433071d80bc8eae
2025-08-08,US,0.2811436029151082,p12v4m6-B-ppo-s1024,416ff1829ee756ca42b2b3f3ac00d97021798aea8df9b30d5433071d80bc8eae
2025-08-11,CN,0.18203162867575884,p12v4m6-B-ppo-s1024,416ff1829ee756ca42b2b3f3ac00d97021798aea8df9b30d5433071d80bc8eae
2025-08-11,HK,0.0822362513281405,p12v4m6-B-ppo-s1024,416ff1829ee756ca42b2b3f3ac00d97021798aea8df9b30d5433071d80bc8eae
2025-08-11,JP,0.1810827422887087,p12v4m6-B-ppo-s1024,416ff1829ee756ca42b2b3f3ac00d97021798aea8df9b30d5433071d80bc8eae
2025-08-11,US,0.28105021733790636,p12v4m6-B-ppo-s1024,416ff1829ee756ca42b2b3f3ac00d97021798aea8df9b30d5433071d80bc8eae
2025-08-12,CN,0.18110576132312417,p12v4m6-B-ppo-s1024,416ff1829ee756ca42b2b3f3ac00d97021798aea8df9b30d5433071d80bc8eae
2025-08-12,HK,0.08168247016146779,p12v4m6-B-ppo-s1024,416ff1829ee756ca42b2b3f3ac00d97021798aea8df9b30d5433071d80bc8eae
2025-08-12,JP,0.1812794702127576,p12v4m6-B-ppo-s1024,416ff1829ee756ca42b2b3f3ac00d97021798aea8df9b30d5433071d80bc8eae
2025-08-12,US,0.28334470093250275,p12v4m6-B-ppo-s1024,416ff1829ee756ca42b2b3f3ac00d97021798aea8df9b30d5433071d80bc8eae
2025-08-13,CN,0.18159230996388942,p12v4m6-B-ppo-s1024,416ff1829ee756ca42b2b3f3ac00d97021798aea8df9b30d5433071d80bc8eae
2025-08-13,HK,0.08120659226551652,p12v4m6-B-ppo-s1024,416ff1829ee756ca42b2b3f3ac00d97021798aea8df9b30d5433071d80bc8eae
2025-08-13,JP,0.17913453187793493,p12v4m6-B-ppo-s1024,416ff1829ee756ca42b2b3f3ac00d97021798aea8df9b30d5433071d80bc8eae
2025-08-13,US,0.28429629001766443,p12v4m6-B-ppo-s1024,416ff1829ee756ca42b2b3f3ac00d97021798aea8df9b30d5433071d80bc8eae
2025-08-14,CN,0.17867325386032462,p12v4m6-B-ppo-s1024,416ff1829ee756ca42b2b3f3ac00d97021798aea8df9b30d5433071d80bc8eae
2025-08-14,HK,0.08239196706563234,p12v4m6-B-ppo-s1024,416ff1829ee756ca42b2b3f3ac00d97021798aea8df9b30d5433071d80bc8eae
2025-08-14,JP,0.17900596279650927,p12v4m6-B-ppo-s1024,416ff1829ee756ca42b2b3f3ac00d97021798aea8df9b30d5433071d80bc8eae
2025-08-14,US,0.2835352439433336,p12v4m6-B-ppo-s1024,416ff1829ee756ca42b2b3f3ac00d97021798aea8df9b30d5433071d80bc8eae
2025-08-15,CN,0.1835523466579616,p12v4m6-B-ppo-s1024,416ff1829ee756ca42b2b3f3ac00d97021798aea8df9b30d5433071d80bc8eae
2025-08-15,HK,0.08153843460604548,p12v4m6-B-ppo-s1024,416ff1829ee756ca42b2b3f3ac00d97021798aea8df9b30d5433071d80bc8eae
2025-08-15,JP,0.18026338890194893,p12v4m6-B-ppo-s1024,416ff1829ee756ca42b2b3f3ac00d97021798aea8df9b30d5433071d80bc8eae
2025-08-15,US,0.28082737419754267,p12v4m6-B-ppo-s1024,416ff1829ee756ca42b2b3f3ac00d97021798aea8df9b30d5433071d80bc8eae
2025-08-18,CN,0.18332115409430116,p12v4m6-B-ppo-s1024,416ff1829ee756ca42b2b3f3ac00d97021798aea8df9b30d5433071d80bc8eae
2025-08-18,HK,0.08188455458730459,p12v4m6-B-ppo-s1024,416ff1829ee756ca42b2b3f3ac00d97021798aea8df9b30d5433071d80bc8eae
2025-08-18,JP,0.1800770852714777,p12v4m6-B-ppo-s1024,416ff1829ee756ca42b2b3f3ac00d97021798aea8df9b30d5433071d80bc8eae
2025-08-18,US,0.28112931549549103,p12v4m6-B-ppo-s1024,416ff1829ee756ca42b2b3f3ac00d97021798aea8df9b30d5433071d80bc8eae
2025-08-19,CN,0.1799656986258924,p12v4m6-B-ppo-s1024,416ff1829ee756ca42b2b3f3ac00d97021798aea8df9b30d5433071d80bc8eae
2025-08-19,HK,0.08222097298130393,p12v4m6-B-ppo-s1024,416ff1829ee756ca42b2b3f3ac00d97021798aea8df9b30d5433071d80bc8eae
2025-08-19,JP,0.18140125088393688,p12v4m6-B-ppo-s1024,416ff1829ee756ca42b2b3f3ac00d97021798aea8df9b30d5433071d80bc8eae
2025-08-19,US,0.2826898191124201,p12v4m6-B-ppo-s1024,416ff1829ee756ca42b2b3f3ac00d97021798aea8df9b30d5433071d80bc8eae
2025-08-20,CN,0.18336599448230118,p12v4m6-B-ppo-s1024,416ff1829ee756ca42b2b3f3ac00d97021798aea8df9b30d5433071d80bc8eae
2025-08-20,HK,0.08275487925857306,p12v4m6-B-ppo-s1024,416ff1829ee756ca42b2b3f3ac00d97021798aea8df9b30d5433071d80bc8eae
2025-08-20,JP,0.17947564739733934,p12v4m6-B-ppo-s1024,416ff1829ee756ca42b2b3f3ac00d97021798aea8df9b30d5433071d80bc8eae
2025-08-20,US,0.2798933940939605,p12v4m6-B-ppo-s1024,416ff1829ee756ca42b2b3f3ac00d97021798aea8df9b30d5433071d80bc8eae
2025-08-21,CN,0.18184602994006127,p12v4m6-B-ppo-s1024,416ff1829ee756ca42b2b3f3ac00d97021798aea8df9b30d5433071d80bc8eae
2025-08-21,HK,0.0814996580593288,p12v4m6-B-ppo-s1024,416ff1829ee756ca42b2b3f3ac00d97021798aea8df9b30d5433071d80bc8eae
2025-08-21,JP,0.17926990799605846,p12v4m6-B-ppo-s1024,416ff1829ee756ca42b2b3f3ac00d97021798aea8df9b30d5433071d80bc8eae
2025-08-21,US,0.2827445799484849,p12v4m6-B-ppo-s1024,416ff1829ee756ca42b2b3f3ac00d97021798aea8df9b30d5433071d80bc8eae
2025-08-22,CN,0.18140571715775877,p12v4m6-B-ppo-s1024,416ff1829ee756ca42b2b3f3ac00d97021798aea8df9b30d5433071d80bc8eae
2025-08-22,HK,0.08189110271632671,p12v4m6-B-ppo-s1024,416ff1829ee756ca42b2b3f3ac00d97021798aea8df9b30d5433071d80bc8eae
2025-08-22,JP,0.17869020625948906,p12v4m6-B-ppo-s1024,416ff1829ee756ca42b2b3f3ac00d97021798aea8df9b30d5433071d80bc8eae
2025-08-22,US,0.2841970189474523,p12v4m6-B-ppo-s1024,416ff1829ee756ca42b2b3f3ac00d97021798aea8df9b30d5433071d80bc8eae
2025-08-25,CN,0.1814644739497453,p12v4m6-B-ppo-s1024,416ff1829ee756ca42b2b3f3ac00d97021798aea8df9b30d5433071d80bc8eae
2025-08-25,HK,0.08272130135446787,p12v4m6-B-ppo-s1024,416ff1829ee756ca42b2b3f3ac00d97021798aea8df9b30d5433071d80bc8eae
2025-08-25,JP,0.17867816891521215,p12v4m6-B-ppo-s1024,416ff1829ee756ca42b2b3f3ac00d97021798aea8df9b30d5433071d80bc8eae
2025-08-25,US,0.2816732474602759,p12v4m6-B-ppo-s1024,416ff1829ee756ca42b2b3f3ac00d97021798aea8df9b30d5433071d80bc8eae
2025-08-26,CN,0.18246886122506112,p12v4m6-B-ppo-s1024,416ff1829ee756ca42b2b3f3ac00d97021798aea8df9b30d5433071d80bc8eae
2025-08-26,HK,0.08186301263049245,p12v4m6-B-ppo-s1024,416ff1829ee756ca42b2b3f3ac00d97021798aea8df9b30d5433071d80bc8eae
2025-08-26,JP,0.17920565325766802,p12v4m6-B-ppo-s1024,416ff1829ee756ca42b2b3f3ac00d97021798aea8df9b30d5433071d80bc8eae
2025-08-26,US,0.2817559000104666,p12v4m6-B-ppo-s1024,416ff1829ee756ca42b2b3f3ac00d97021798aea8df9b30d5433071d80bc8eae
2025-08-27,CN,0.17833276104647666,p12v4m6-B-ppo-s1024,416ff1829ee756ca42b2b3f3ac00d97021798aea8df9b30d5433071d80bc8eae
2025-08-27,HK,0.08168920315802097,p12v4m6-B-ppo-s1024,416ff1829ee756ca42b2b3f3ac00d97021798aea8df9b30d5433071d80bc8eae
2025-08-27,JP,0.18058403488248587,p12v4m6-B-ppo-s1024,416ff1829ee756ca42b2b3f3ac00d97021798aea8df9b30d5433071d80bc8eae
2025-08-27,US,0.2842039689421654,p12v4m6-B-ppo-s1024,416ff1829ee756ca42b2b3f3ac00d97021798aea8df9b30d5433071d80bc8eae
2025-08-28,CN,0.18305215507280082,p12v4m6-B-ppo-s1024,416ff1829ee756ca42b2b3f3ac00d97021798aea8df9b30d5433071d80bc8eae
2025-08-28,HK,0.08233690215274692,p12v4m6-B-ppo-s1024,416ff1829ee756ca42b2b3f3ac00d97021798aea8df9b30d5433071d80bc8eae
2025-08-28,JP,0.1801416864618659,p12v4m6-B-ppo-s1024,416ff1829ee756ca42b2b3f3ac00d97021798aea8df9b30d5433071d80bc8eae
2025-08-28,US,0.28125996328890324,p12v4m6-B-ppo-s1024,416ff1829ee756ca42b2b3f3ac00d97021798aea8df9b30d5433071d80bc8eae
2025-08-29,CN,0.18000087013933808,p12v4m6-B-ppo-s1024,416ff1829ee756ca42b2b3f3ac00d97021798aea8df9b30d5433071d80bc8eae
2025-08-29,HK,0.08143075928092003,p12v4m6-B-ppo-s1024,416ff1829ee756ca42b2b3f3ac00d97021798aea8df9b30d5433071d80bc8eae
2025-08-29,JP,0.18023991212248802,p12v4m6-B-ppo-s1024,416ff1829ee756ca42b2b3f3ac00d97021798aea8df9b30d5433071d80bc8eae
2025-08-29,US,0.28352842712774873,p12v4m6-B-ppo-s1024,416ff1829ee756ca42b2b3f3ac00d97021798aea8df9b30d5433071d80bc8eae
2025-09-01,CN,0.185534474439919,p12v4m6-B-ppo-s1024,416ff1829ee756ca42b2b3f3ac00d97021798aea8df9b30d5433071d80bc8eae
2025-09-01,HK,0.08124224422499537,p12v4m6-B-ppo-s1024,416ff1829ee756ca42b2b3f3ac00d97021798aea8df9b30d5433071d80bc8eae
2025-09-01,JP,0.17990010604262352,p12v4m6-B-ppo-s1024,416ff1829ee756ca42b2b3f3ac00d97021798aea8df9b30d5433071d80bc8eae
2025-09-01,US,0.28167926566675305,p12v4m6-B-ppo-s1024,416ff1829ee756ca42b2b3f3ac00d97021798aea8df9b30d5433071d80bc8eae
2025-09-02,CN,0.1783937580185011,p12v4m6-B-ppo-s1024,416ff1829ee756ca42b2b3f3ac00d97021798aea8df9b30d5433071d80bc8eae
2025-09-02,HK,0.08174536796286702,p12v4m6-B-ppo-s1024,416ff1829ee756ca42b2b3f3ac00d97021798aea8df9b30d5433071d80bc8eae
2025-09-02,JP,0.180234482511878,p12v4m6-B-ppo-s1024,416ff1829ee756ca42b2b3f3ac00d97021798aea8df9b30d5433071d80bc8eae
2025-09-02,US,0.28459716867655516,p12v4m6-B-ppo-s1024,416ff1829ee756ca42b2b3f3ac00d97021798aea8df9b30d5433071d80bc8eae
2025-09-03,CN,0.17797835206147283,p12v4m6-B-ppo-s1024,416ff1829ee756ca42b2b3f3ac00d97021798aea8df9b30d5433071d80bc8eae
2025-09-03,HK,0.08271016040816903,p12v4m6-B-ppo-s1024,416ff1829ee756ca42b2b3f3ac00d97021798aea8df9b30d5433071d80bc8eae
2025-09-03,JP,0.18059065099805593,p12v4m6-B-ppo-s1024,416ff1829ee756ca42b2b3f3ac00d97021798aea8df9b30d5433071d80bc8eae
2025-09-03,US,0.2831979338079691,p12v4m6-B-ppo-s1024,416ff1829ee756ca42b2b3f3ac00d97021798aea8df9b30d5433071d80bc8eae
2025-09-04,CN,0.18279359035659581,p12v4m6-B-ppo-s1024,416ff1829ee756ca42b2b3f3ac00d97021798aea8df9b30d5433071d80bc8eae
2025-09-04,HK,0.08141932357102633,p12v4m6-B-ppo-s1024,416ff1829ee756ca42b2b3f3ac00d97021798aea8df9b30d5433071d80bc8eae
2025-09-04,JP,0.17937718518078327,p12v4m6-B-ppo-s1024,416ff1829ee756ca42b2b3f3ac00d97021798aea8df9b30d5433071d80bc8eae
2025-09-04,US,0.2829873776063323,p12v4m6-B-ppo-s1024,416ff1829ee756ca42b2b3f3ac00d97021798aea8df9b30d5433071d80bc8eae
2025-09-05,CN,0.18046900595072657,p12v4m6-B-ppo-s1024,416ff1829ee756ca42b2b3f3ac00d97021798aea8df9b30d5433071d80bc8eae
2025-09-05,HK,0.08297872403636575,p12v4m6-B-ppo-s1024,416ff1829ee756ca42b2b3f3ac00d97021798aea8df9b30d5433071d80bc8eae
2025-09-05,JP,0.1796523593366146,p12v4m6-B-ppo-s1024,416ff1829ee756ca42b2b3f3ac00d97021798aea8df9b30d5433071d80bc8eae
2025-09-05,US,0.28156350599601865,p12v4m6-B-ppo-s1024,416ff1829ee756ca42b2b3f3ac00d97021798aea8df9b30d5433071d80bc8eae
2025-09-08,CN,0.18147795728873461,p12v4m6-B-ppo-s1024,416ff1829ee756ca42b2b3f3ac00d97021798aea8df9b30d5433071d80bc8eae
2025-09-08,HK,0.08153920527547598,p12v4m6-B-ppo-s1024,416ff1829ee756ca42b2b3f3ac00d97021798aea8df9b30d5433071d80bc8eae
2025-09-08,JP,0.17865796200931072,p12v4m6-B-ppo-s1024,416ff1829ee756ca42b2b3f3ac00d97021798aea8df9b30d5433071d80bc8eae
2025-09-08,US,0.2844302412122488,p12v4m6-B-ppo-s1024,416ff1829ee756ca42b2b3f3ac00d97021798aea8df9b30d5433071d80bc8eae
2025-09-09,CN,0.18074539792723954,p12v4m6-B-ppo-s1024,416ff1829ee756ca42b2b3f3ac00d97021798aea8df9b30d5433071d80bc8eae
2025-09-09,HK,0.08159157494083047,p12v4m6-B-ppo-s1024,416ff1829ee756ca42b2b3f3ac00d97021798aea8df9b30d5433071d80bc8eae
2025-09-09,JP,0.18082620203495026,p12v4m6-B-ppo-s1024,416ff1829ee756ca42b2b3f3ac00d97021798aea8df9b30d5433071d80bc8eae
2025-09-09,US,0.2807781472802162,p12v4m6-B-ppo-s1024,416ff1829ee756ca42b2b3f3ac00d97021798aea8df9b30d5433071d80bc8eae
2025-09-10,CN,0.18241683603264391,p12v4m6-B-ppo-s1024,416ff1829ee756ca42b2b3f3ac00d97021798aea8df9b30d5433071d80bc8eae
2025-09-10,HK,0.0822780430316925,p12v4m6-B-ppo-s1024,416ff1829ee756ca42b2b3f3ac00d97021798aea8df9b30d5433071d80bc8eae
2025-09-10,JP,0.17893312312662601,p12v4m6-B-ppo-s1024,416ff1829ee756ca42b2b3f3ac00d97021798aea8df9b30d5433071d80bc8eae
2025-09-10,US,0.28249975107610226,p12v4m6-B-ppo-s1024,416ff1829ee756ca42b2b3f3ac00d97021798aea8df9b30d5433071d80bc8eae
2025-09-11,CN,0.1813058975385502,p12v4m6-B-ppo-s1024,416ff1829ee756ca42b2b3f3ac00d97021798aea8df9b30d5433071d80bc8eae
2025-09-11,HK,0.08264850359410048,p12v4m6-B-ppo-s1024,416ff1829ee756ca42b2b3f3ac00d97021798aea8df9b30d5433071d80bc8eae
2025-09-11,JP,0.17908669542521238,p12v4m6-B-ppo-s1024,416ff1829ee756ca42b2b3f3ac00d97021798aea8df9b30d5433071d80bc8eae
2025-09-11,US,0.2837739451788366,p12v4m6-B-ppo-s1024,416ff1829ee756ca42b2b3f3ac00d97021798aea8df9b30d5433071d80bc8eae
2025-09-12,CN,0.18160624033771455,p12v4m6-B-ppo-s1024,416ff1829ee756ca42b2b3f3ac00d97021798aea8df9b30d5433071d80bc8eae
2025-09-12,HK,0.08151888754218817,p12v4m6-B-ppo-s1024,416ff1829ee756ca42b2b3f3ac00d97021798aea8df9b30d5433071d80bc8eae
2025-09-12,JP,0.17837099451571703,p12v4m6-B-ppo-s1024,416ff1829ee756ca42b2b3f3ac00d97021798aea8df9b30d5433071d80bc8eae
2025-09-12,US,0.28215174097567797,p12v4m6-B-ppo-s1024,416ff1829ee756ca42b2b3f3ac00d97021798aea8df9b30d5433071d80bc8eae
2025-09-15,CN,0.1811277805827558,p12v4m6-B-ppo-s1024,416ff1829ee756ca42b2b3f3ac00d97021798aea8df9b30d5433071d80bc8eae
2025-09-15,HK,0.08229286642745137,p12v4m6-B-ppo-s1024,416ff1829ee756ca42b2b3f3ac00d97021798aea8df9b30d5433071d80bc8eae
2025-09-15,JP,0.17922326736152172,p12v4m6-B-ppo-s1024,416ff1829ee756ca42b2b3f3ac00d97021798aea8df9b30d5433071d80bc8eae
2025-09-15,US,0.2815096634440124,p12v4m6-B-ppo-s1024,416ff1829ee756ca42b2b3f3ac00d97021798aea8df9b30d5433071d80bc8eae
2025-09-16,CN,0.1804603700293228,p12v4m6-B-ppo-s1024,416ff1829ee756ca42b2b3f3ac00d97021798aea8df9b30d5433071d80bc8eae
2025-09-16,HK,0.08260810980573297,p12v4m6-B-ppo-s1024,416ff1829ee756ca42b2b3f3ac00d97021798aea8df9b30d5433071d80bc8eae
2025-09-16,JP,0.1801299685612321,p12v4m6-B-ppo-s1024,416ff1829ee756ca42b2b3f3ac00d97021798aea8df9b30d5433071d80bc8eae
2025-09-16,US,0.2810835135169327,p12v4m6-B-ppo-s1024,416ff1829ee756ca42b2b3f3ac00d97021798aea8df9b30d5433071d80bc8eae
2025-09-17,CN,0.18080705462489277,p12v4m6-B-ppo-s1024,416ff1829ee756ca42b2b3f3ac00d97021798aea8df9b30d5433071d80bc8eae
2025-09-17,HK,0.08199552400037646,p12v4m6-B-ppo-s1024,416ff1829ee756ca42b2b3f3ac00d97021798aea8df9b30d5433071d80bc8eae
2025-09-17,JP,0.17952520865947008,p12v4m6-B-ppo-s1024,416ff1829ee756ca42b2b3f3ac00d97021798aea8df9b30d5433071d80bc8eae
2025-09-17,US,0.2830004459246993,p12v4m6-B-ppo-s1024,416ff1829ee756ca42b2b3f3ac00d97021798aea8df9b30d5433071d80bc8eae
2025-09-18,CN,0.18082012503873557,p12v4m6-B-ppo-s1024,416ff1829ee756ca42b2b3f3ac00d97021798aea8df9b30d5433071d80bc8eae
2025-09-18,HK,0.08091205824166536,p12v4m6-B-ppo-s1024,416ff1829ee756ca42b2b3f3ac00d97021798aea8df9b30d5433071d80bc8eae
2025-09-18,JP,0.17979332711547613,p12v4m6-B-ppo-s1024,416ff1829ee756ca42b2b3f3ac00d97021798aea8df9b30d5433071d80bc8eae
2025-09-18,US,0.282548388466239,p12v4m6-B-ppo-s1024,416ff1829ee756ca42b2b3f3ac00d97021798aea8df9b30d5433071d80bc8eae
2025-09-19,CN,0.18225022277329117,p12v4m6-B-ppo-s1024,416ff1829ee756ca42b2b3f3ac00d97021798aea8df9b30d5433071d80bc8eae
2025-09-19,HK,0.08180422941222787,p12v4m6-B-ppo-s1024,416ff1829ee756ca42b2b3f3ac00d97021798aea8df9b30d5433071d80bc8eae
2025-09-19,JP,0.1780541418120265,p12v4m6-B-ppo-s1024,416ff1829ee756ca42b2b3f3ac00d97021798aea8df9b30d5433071d80bc8eae
2025-09-19,US,0.2822686629369855,p12v4m6-B-ppo-s1024,416ff1829ee756ca42b2b3f3ac00d97021798aea8df9b30d5433071d80bc8eae
2025-09-22,CN,0.18085465184412897,p12v4m6-B-ppo-s1024,416ff1829ee756ca42b2b3f3ac00d97021798aea8df9b30d5433071d80bc8eae
2025-09-22,HK,0.08113667462021112,p12v4m6-B-ppo-s1024,416ff1829ee756ca42b2b3f3ac00d97021798aea8df9b30d5433071d80bc8eae
2025-09-22,JP,0.17822647001594305,p12v4m6-B-ppo-s1024,416ff1829ee756ca42b2b3f3ac00d97021798aea8df9b30d5433071d80bc8eae
2025-09-22,US,0.2848686329089105,p12v4m6-B-ppo-s1024,416ff1829ee756ca42b2b3f3ac00d97021798aea8df9b30d5433071d80bc8eae
2025-09-23,CN,0.1791727098170668,p12v4m6-B-ppo-s1024,416ff1829ee756ca42b2b3f3ac00d97021798aea8df9b30d5433071d80bc8eae
2025-09-23,HK,0.08155663963407278,p12v4m6-B-ppo-s1024,416ff1829ee756ca42b2b3f3ac00d97021798aea8df9b30d5433071d80bc8eae
2025-09-23,JP,0.1782874148339033,p12v4m6-B-ppo-s1024,416ff1829ee756ca42b2b3f3ac00d97021798aea8df9b30d5433071d80bc8eae
2025-09-23,US,0.2853164914995432,p12v4m6-B-ppo-s1024,416ff1829ee756ca42b2b3f3ac00d97021798aea8df9b30d5433071d80bc8eae
2025-09-24,CN,0.18248823937028646,p12v4m6-B-ppo-s1024,416ff1829ee756ca42b2b3f3ac00d97021798aea8df9b30d5433071d80bc8eae
2025-09-24,HK,0.0821372140198946,p12v4m6-B-ppo-s1024,416ff1829ee756ca42b2b3f3ac00d97021798aea8df9b30d5433071d80bc8eae
2025-09-24,JP,0.1791106080636382,p12v4m6-B-ppo-s1024,416ff1829ee756ca42b2b3f3ac00d97021798aea8df9b30d5433071d80bc8eae
2025-09-24,US,0.28155733132734895,p12v4m6-B-ppo-s1024,416ff1829ee756ca42b2b3f3ac00d97021798aea8df9b30d5433071d80bc8eae
2025-09-25,CN,0.17923934501595795,p12v4m6-B-ppo-s1024,416ff1829ee756ca42b2b3f3ac00d97021798aea8df9b30d5433071d80bc8eae
2025-09-25,HK,0.08233391866087914,p12v4m6-B-ppo-s1024,416ff1829ee756ca42b2b3f3ac00d97021798aea8df9b30d5433071d80bc8eae
2025-09-25,JP,0.1797791039571166,p12v4m6-B-ppo-s1024,416ff1829ee756ca42b2b3f3ac00d97021798aea8df9b30d5433071d80bc8eae
2025-09-25,US,0.2831810344941914,p12v4m6-B-ppo-s1024,416ff1829ee756ca42b2b3f3ac00d97021798aea8df9b30d5433071d80bc8eae
2025-09-26,CN,0.18210986978374422,p12v4m6-B-ppo-s1024,416ff1829ee756ca42b2b3f3ac00d97021798aea8df9b30d5433071d80bc8eae
2025-09-26,HK,0.08137581497430801,p12v4m6-B-ppo-s1024,416ff1829ee756ca42b2b3f3ac00d97021798aea8df9b30d5433071d80bc8eae
2025-09-26,JP,0.1798433903604746,p12v4m6-B-ppo-s1024,416ff1829ee756ca42b2b3f3ac00d97021798aea8df9b30d5433071d80bc8eae
2025-09-26,US,0.28293414087966084,p12v4m6-B-ppo-s1024,416ff1829ee756ca42b2b3f3ac00d97021798aea8df9b30d5433071d80bc8eae
2025-09-29,CN,0.18285349558573216,p12v4m6-B-ppo-s1024,416ff1829ee756ca42b2b3f3ac00d97021798aea8df9b30d5433071d80bc8eae
2025-09-29,HK,0.0820023026317358,p12v4m6-B-ppo-s1024,416ff1829ee756ca42b2b3f3ac00d97021798aea8df9b30d5433071d80bc8eae
2025-09-29,JP,0.17746214289218187,p12v4m6-B-ppo-s1024,416ff1829ee756ca42b2b3f3ac00d97021798aea8df9b30d5433071d80bc8eae
2025-09-29,US,0.2825292283669114,p12v4m6-B-ppo-s1024,416ff1829ee756ca42b2b3f3ac00d97021798aea8df9b30d5433071d80bc8eae
2025-09-30,CN,0.1809077652869746,p12v4m6-B-ppo-s1024,416ff1829ee756ca42b2b3f3ac00d97021798aea8df9b30d5433071d80bc8eae
2025-09-30,HK,0.08142746426165104,p12v4m6-B-ppo-s1024,416ff1829ee756ca42b2b3f3ac00d97021798aea8df9b30d5433071d80bc8eae
2025-09-30,JP,0.1794139463454485,p12v4m6-B-ppo-s1024,416ff1829ee756ca42b2b3f3ac00d97021798aea8df9b30d5433071d80bc8eae
2025-09-30,US,0.2837576768361032,p12v4m6-B-ppo-s1024,416ff1829ee756ca42b2b3f3ac00d97021798aea8df9b30d5433071d80bc8eae
2025-01-02,CN,0.1570027571870014,p12v4m6-B-ppo-s1024,416ff1829ee756ca42b2b3f3ac00d97021798aea8df9b30d5433071d80bc8eae
2025-01-02,HK,0.07558800233528018,p12v4m6-B-ppo-s1024,416ff1829ee756ca42b2b3f3ac00d97021798aea8df9b30d5433071d80bc8eae
2025-01-02,JP,0.0,p12v4m6-B-ppo-s1024,416ff1829ee756ca42b2b3f3ac00d97021798aea8df9b30d5433071d80bc8eae
2025-01-02,US,0.26412311056628823,p12v4m6-B-ppo-s1024,416ff1829ee756ca42b2b3f3ac00d97021798aea8df9b30d5433071d80bc8eae
2025-01-03,CN,0.16123263852205127,p12v4m6-B-ppo-s1024,416ff1829ee756ca42b2b3f3ac00d97021798aea8df9b30d5433071d80bc8eae
2025-01-03,HK,0.08031166484579444,p12v4m6-B-ppo-s1024,416ff1829ee756ca42b2b3f3ac00d97021798aea8df9b30d5433071d80bc8eae
2025-01-03,JP,0.0,p12v4m6-B-ppo-s1024,416ff1829ee756ca42b2b3f3ac00d97021798aea8df9b30d5433071d80bc8eae
2025-01-03,US,0.28654477884992957,p12v4m6-B-ppo-s1024,416ff1829ee756ca42b2b3f3ac00d97021798aea8df9b30d5433071d80bc8eae
2025-01-06,CN,0.18086468591354787,p12v4m6-B-ppo-s1024,416ff1829ee756ca42b2b3f3ac00d97021798aea8df9b30d5433071d80bc8eae
2025-01-06,HK,0.08151637110859156,p12v4m6-B-ppo-s1024,416ff1829ee756ca42b2b3f3ac00d97021798aea8df9b30d5433071d80bc8eae
2025-01-06,JP,0.17772548645734787,p12v4m6-B-ppo-s1024,416ff1829ee756ca42b2b3f3ac00d97021798aea8df9b30d5433071d80bc8eae
2025-01-06,US,0.2848333306610584,p12v4m6-B-ppo-s1024,416ff1829ee756ca42b2b3f3ac00d97021798aea8df9b30d5433071d80bc8eae
2025-01-07,CN,0.1840837801573798,p12v4m6-B-ppo-s1024,416ff1829ee756ca42b2b3f3ac00d97021798aea8df9b30d5433071d80bc8eae
2025-01-07,HK,0.08321091625839472,p12v4m6-B-ppo-s1024,416ff1829ee756ca42b2b3f3ac00d97021798aea8df9b30d5433071d80bc8eae
2025-01-07,JP,0.17902086675167084,p12v4m6-B-ppo-s1024,416ff1829ee756ca42b2b3f3ac00d97021798aea8df9b30d5433071d80bc8eae
2025-01-07,US,0.28101695887744427,p12v4m6-B-ppo-s1024,416ff1829ee756ca42b2b3f3ac00d97021798aea8df9b30d5433071d80bc8eae
2025-01-08,CN,0.18411654059309512,p12v4m6-B-ppo-s1024,416ff1829ee756ca42b2b3f3ac00d97021798aea8df9b30d5433071d80bc8eae
2025-01-08,HK,0.08223969489336014,p12v4m6-B-ppo-s1024,416ff1829ee756ca42b2b3f3ac00d97021798aea8df9b30d5433071d80bc8eae
2025-01-08,JP,0.17679619137197733,p12v4m6-B-ppo-s1024,416ff1829ee756ca42b2b3f3ac00d97021798aea8df9b30d5433071d80bc8eae
2025-01-08,US,0.2837602333165705,p12v4m6-B-ppo-s1024,416ff1829ee756ca42b2b3f3ac00d97021798aea8df9b30d5433071d80bc8eae
2025-01-09,CN,0.1853614755673334,p12v4m6-B-ppo-s1024,416ff1829ee756ca42b2b3f3ac00d97021798aea8df9b30d5433071d80bc8eae
2025-01-09,HK,0.08182572480291128,p12v4m6-B-ppo-s1024,416ff1829ee756ca42b2b3f3ac00d97021798aea8df9b30d5433071d80bc8eae
2025-01-09,JP,0.17793585639446974,p12v4m6-B-ppo-s1024,416ff1829ee756ca42b2b3f3ac00d97021798aea8df9b30d5433071d80bc8eae
2025-01-09,US,0.28370380494743586,p12v4m6-B-ppo-s1024,416ff1829ee756ca42b2b3f3ac00d97021798aea8df9b30d5433071d80bc8eae
2025-01-10,CN,0.17898263013921678,p12v4m6-B-ppo-s1024,416ff1829ee756ca42b2b3f3ac00d97021798aea8df9b30d5433071d80bc8eae
2025-01-10,HK,0.08240276668220758,p12v4m6-B-ppo-s1024,416ff1829ee756ca42b2b3f3ac00d97021798aea8df9b30d5433071d80bc8eae
2025-01-10,JP,0.17981030885130167,p12v4m6-B-ppo-s1024,416ff1829ee756ca42b2b3f3ac00d97021798aea8df9b30d5433071d80bc8eae
2025-01-10,US,0.2826072033494711,p12v4m6-B-ppo-s1024,416ff1829ee756ca42b2b3f3ac00d97021798aea8df9b30d5433071d80bc8eae
2025-01-13,CN,0.18323602341115475,p12v4m6-B-ppo-s1024,416ff1829ee756ca42b2b3f3ac00d97021798aea8df9b30d5433071d80bc8eae
2025-01-13,HK,0.08156563201919198,p12v4m6-B-ppo-s1024,416ff1829ee756ca42b2b3f3ac00d97021798aea8df9b30d5433071d80bc8eae
2025-01-13,JP,0.1804325534030795,p12v4m6-B-ppo-s1024,416ff1829ee756ca42b2b3f3ac00d97021798aea8df9b30d5433071d80bc8eae
2025-01-13,US,0.28452146193012595,p12v4m6-B-ppo-s1024,416ff1829ee756ca42b2b3f3ac00d97021798aea8df9b30d5433071d80bc8eae
2025-01-14,CN,0.1876614346401766,p12v4m6-B-ppo-s1024,416ff1829ee756ca42b2b3f3ac00d97021798aea8df9b30d5433071d80bc8eae
2025-01-14,HK,0.08348848251625896,p12v4m6-B-ppo-s1024,416ff1829ee756ca42b2b3f3ac00d97021798aea8df9b30d5433071d80bc8eae
2025-01-14,JP,0.17665140517055988,p12v4m6-B-ppo-s1024,416ff1829ee756ca42b2b3f3ac00d97021798aea8df9b30d5433071d80bc8eae
2025-01-14,US,0.2816220838576555,p12v4m6-B-ppo-s1024,416ff1829ee756ca42b2b3f3ac00d97021798aea8df9b30d5433071d80bc8eae
2025-01-15,CN,0.18294114037416875,p12v4m6-B-ppo-s1024,416ff1829ee756ca42b2b3f3ac00d97021798aea8df9b30d5433071d80bc8eae
2025-01-15,HK,0.08214759035035968,p12v4m6-B-ppo-s1024,416ff1829ee756ca42b2b3f3ac00d97021798aea8df9b30d5433071d80bc8eae
2025-01-15,JP,0.17843942996114492,p12v4m6-B-ppo-s1024,416ff1829ee756ca42b2b3f3ac00d97021798aea8df9b30d5433071d80bc8eae
2025-01-15,US,0.28263966739177704,p12v4m6-B-ppo-s1024,416ff1829ee756ca42b2b3f3ac00d97021798aea8df9b30d5433071d80bc8eae
2025-01-16,CN,0.18275458680000156,p12v4m6-B-ppo-s1024,416ff1829ee756ca42b2b3f3ac00d97021798aea8df9b30d5433071d80bc8eae
2025-01-16,HK,0.0821007271297276,p12v4m6-B-ppo-s1024,416ff1829ee756ca42b2b3f3ac00d97021798aea8df9b30d5433071d80bc8eae
2025-01-16,JP,0.17900509107857943,p12v4m6-B-ppo-s1024,416ff1829ee756ca42b2b3f3ac00d97021798aea8df9b30d5433071d80bc8eae
2025-01-16,US,0.28365523600950837,p12v4m6-B-ppo-s1024,416ff1829ee756ca42b2b3f3ac00d97021798aea8df9b30d5433071d80bc8eae
2025-01-17,CN,0.18281355465296656,p12v4m6-B-ppo-s1024,416ff1829ee756ca42b2b3f3ac00d97021798aea8df9b30d5433071d80bc8eae
2025-01-17,HK,0.08145397435873747,p12v4m6-B-ppo-s1024,416ff1829ee756ca42b2b3f3ac00d97021798aea8df9b30d5433071d80bc8eae
2025-01-17,JP,0.17988839652389288,p12v4m6-B-ppo-s1024,416ff1829ee756ca42b2b3f3ac00d97021798aea8df9b30d5433071d80bc8eae
2025-01-17,US,0.2827893830835819,p12v4m6-B-ppo-s1024,416ff1829ee756ca42b2b3f3ac00d97021798aea8df9b30d5433071d80bc8eae
2025-01-20,CN,0.18375532410573214,p12v4m6-B-ppo-s1024,416ff1829ee756ca42b2b3f3ac00d97021798aea8df9b30d5433071d80bc8eae
2025-01-20,HK,0.08152908133342862,p12v4m6-B-ppo-s1024,416ff1829ee756ca42b2b3f3ac00d97021798aea8df9b30d5433071d80bc8eae
2025-01-20,JP,0.17994767427444458,p12v4m6-B-ppo-s1024,416ff1829ee756ca42b2b3f3ac00d97021798aea8df9b30d5433071d80bc8eae
2025-01-20,US,0.28215194400399923,p12v4m6-B-ppo-s1024,416ff1829ee756ca42b2b3f3ac00d97021798aea8df9b30d5433071d80bc8eae
2025-01-21,CN,0.18230130418669432,p12v4m6-B-ppo-s1024,416ff1829ee756ca42b2b3f3ac00d97021798aea8df9b30d5433071d80bc8eae
2025-01-21,HK,0.08119220100343227,p12v4m6-B-ppo-s1024,416ff1829ee756ca42b2b3f3ac00d97021798aea8df9b30d5433071d80bc8eae
2025-01-21,JP,0.17983612697571516,p12v4m6-B-ppo-s1024,416ff1829ee756ca42b2b3f3ac00d97021798aea8df9b30d5433071d80bc8eae
2025-01-21,US,0.28449328197166324,p12v4m6-B-ppo-s1024,416ff1829ee756ca42b2b3f3ac00d97021798aea8df9b30d5433071d80bc8eae
2025-01-22,CN,0.1829323540441692,p12v4m6-B-ppo-s1024,416ff1829ee756ca42b2b3f3ac00d97021798aea8df9b30d5433071d80bc8eae
2025-01-22,HK,0.08099817018955946,p12v4m6-B-ppo-s1024,416ff1829ee756ca42b2b3f3ac00d97021798aea8df9b30d5433071d80bc8eae
2025-01-22,JP,0.1802237732335925,p12v4m6-B-ppo-s1024,416ff1829ee756ca42b2b3f3ac00d97021798aea8df9b30d5433071d80bc8eae
2025-01-22,US,0.2829897911287844,p12v4m6-B-ppo-s1024,416ff1829ee756ca42b2b3f3ac00d97021798aea8df9b30d5433071d80bc8eae
2025-01-23,CN,0.18072099762503058,p12v4m6-B-ppo-s1024,416ff1829ee756ca42b2b3f3ac00d97021798aea8df9b30d5433071d80bc8eae
2025-01-23,HK,0.08270036429166794,p12v4m6-B-ppo-s1024,416ff1829ee756ca42b2b3f3ac00d97021798aea8df9b30d5433071d80bc8eae
2025-01-23,JP,0.1786938514560461,p12v4m6-B-ppo-s1024,416ff1829ee756ca42b2b3f3ac00d97021798aea8df9b30d5433071d80bc8eae
2025-01-23,US,0.28463008254766464,p12v4m6-B-ppo-s1024,416ff1829ee756ca42b2b3f3ac00d97021798aea8df9b30d5433071d80bc8eae
2025-01-24,CN,0.183901478885673,p12v4m6-B-ppo-s1024,416ff1829ee756ca42b2b3f3ac00d97021798aea8df9b30d5433071d80bc8eae
2025-01-24,HK,0.08167682215571404,p12v4m6-B-ppo-s1024,416ff1829ee756ca42b2b3f3ac00d97021798aea8df9b30d5433071d80bc8eae
2025-01-24,JP,0.17825531493872404,p12v4m6-B-ppo-s1024,416ff1829ee756ca42b2b3f3ac00d97021798aea8df9b30d5433071d80bc8eae
2025-01-24,US,0.28423062060028315,p12v4m6-B-ppo-s1024,416ff1829ee756ca42b2b3f3ac00d97021798aea8df9b30d5433071d80bc8eae
2025-01-27,CN,0.18102063611149788,p12v4m6-B-ppo-s1024,416ff1829ee756ca42b2b3f3ac00d97021798aea8df9b30d5433071d80bc8eae
2025-01-27,HK,0.0819666562601924,p12v4m6-B-ppo-s1024,416ff1829ee756ca42b2b3f3ac00d97021798aea8df9b30d5433071d80bc8eae
2025-01-27,JP,0.18016674183309078,p12v4m6-B-ppo-s1024,416ff1829ee756ca42b2b3f3ac00d97021798aea8df9b30d5433071d80bc8eae
2025-01-27,US,0.2838262962177396,p12v4m6-B-ppo-s1024,416ff1829ee756ca42b2b3f3ac00d97021798aea8df9b30d5433071d80bc8eae
2025-01-28,CN,0.18180017359554768,p12v4m6-B-ppo-s1024,416ff1829ee756ca42b2b3f3ac00d97021798aea8df9b30d5433071d80bc8eae
2025-01-28,HK,0.08189214440062642,p12v4m6-B-ppo-s1024,416ff1829ee756ca42b2b3f3ac00d97021798aea8df9b30d5433071d80bc8eae
2025-01-28,JP,0.180458708666265,p12v4m6-B-ppo-s1024,416ff1829ee756ca42b2b3f3ac00d97021798aea8df9b30d5433071d80bc8eae
2025-01-28,US,0.2827107906341553,p12v4m6-B-ppo-s1024,416ff1829ee756ca42b2b3f3ac00d97021798aea8df9b30d5433071d80bc8eae
2025-01-29,CN,0.18282604648265988,p12v4m6-B-ppo-s1024,416ff1829ee756ca42b2b3f3ac00d97021798aea8df9b30d5433071d80bc8eae
2025-01-29,HK,0.08201386872678995,p12v4m6-B-ppo-s1024,416ff1829ee756ca42b2b3f3ac00d97021798aea8df9b30d5433071d80bc8eae
2025-01-29,JP,0.18041764851659536,p12v4m6-B-ppo-s1024,416ff1829ee756ca42b2b3f3ac00d97021798aea8df9b30d5433071d80bc8eae
2025-01-29,US,0.27996019972488284,p12v4m6-B-ppo-s1024,416ff1829ee756ca42b2b3f3ac00d97021798aea8df9b30d5433071d80bc8eae
2025-01-30,CN,0.18340781785082072,p12v4m6-B-ppo-s1024,416ff1829ee756ca42b2b3f3ac00d97021798aea8df9b30d5433071d80bc8eae
2025-01-30,HK,0.08205165294930339,p12v4m6-B-ppo-s1024,416ff1829ee756ca42b2b3f3ac00d97021798aea8df9b30d5433071d80bc8eae
2025-01-30,JP,0.181105419062078,p12v4m6-B-ppo-s1024,416ff1829ee756ca42b2b3f3ac00d97021798aea8df9b30d5433071d80bc8eae
2025-01-30,US,0.28194838110357523,p12v4m6-B-ppo-s1024,416ff1829ee756ca42b2b3f3ac00d97021798aea8df9b30d5433071d80bc8eae
2025-01-31,CN,0.18352837266866118,p12v4m6-B-ppo-s1024,416ff1829ee756ca42b2b3f3ac00d97021798aea8df9b30d5433071d80bc8eae
2025-01-31,HK,0.0819456148892641,p12v4m6-B-ppo-s1024,416ff1829ee756ca42b2b3f3ac00d97021798aea8df9b30d5433071d80bc8eae
2025-01-31,JP,0.17950160801410675,p12v4m6-B-ppo-s1024,416ff1829ee756ca42b2b3f3ac00d97021798aea8df9b30d5433071d80bc8eae
2025-01-31,US,0.28055335069075227,p12v4m6-B-ppo-s1024,416ff1829ee756ca42b2b3f3ac00d97021798aea8df9b30d5433071d80bc8eae
2025-02-03,CN,0.18326069985050708,p12v4m6-B-ppo-s1024,416ff1829ee756ca42b2b3f3ac00d97021798aea8df9b30d5433071d80bc8eae
2025-02-03,HK,0.08212322881445289,p12v4m6-B-ppo-s1024,416ff1829ee756ca42b2b3f3ac00d97021798aea8df9b30d5433071d80bc8eae
2025-02-03,JP,0.1789129627868533,p12v4m6-B-ppo-s1024,416ff1829ee756ca42b2b3f3ac00d97021798aea8df9b30d5433071d80bc8eae
2025-02-03,US,0.28425780590623617,p12v4m6-B-ppo-s1024,416ff1829ee756ca42b2b3f3ac00d97021798aea8df9b30d5433071d80bc8eae
2025-02-04,CN,0.18376291857566684,p12v4m6-B-ppo-s1024,416ff1829ee756ca42b2b3f3ac00d97021798aea8df9b30d5433071d80bc8eae
2025-02-04,HK,0.08210806734859943,p12v4m6-B-ppo-s1024,416ff1829ee756ca42b2b3f3ac00d97021798aea8df9b30d5433071d80bc8eae
2025-02-04,JP,0.17654654290527105,p12v4m6-B-ppo-s1024,416ff1829ee756ca42b2b3f3ac00d97021798aea8df9b30d5433071d80bc8eae
2025-02-04,US,0.2852338715456426,p12v4m6-B-ppo-s1024,416ff1829ee756ca42b2b3f3ac00d97021798aea8df9b30d5433071d80bc8eae
2025-02-05,CN,0.1824706590268761,p12v4m6-B-ppo-s1024,416ff1829ee756ca42b2b3f3ac00d97021798aea8df9b30d5433071d80bc8eae
2025-02-05,HK,0.08205408789217472,p12v4m6-B-ppo-s1024,416ff1829ee756ca42b2b3f3ac00d97021798aea8df9b30d5433071d80bc8eae
2025-02-05,JP,0.1780574768781662,p12v4m6-B-ppo-s1024,416ff1829ee756ca42b2b3f3ac00d97021798aea8df9b30d5433071d80bc8eae
2025-02-05,US,0.28492534067481756,p12v4m6-B-ppo-s1024,416ff1829ee756ca42b2b3f3ac00d97021798aea8df9b30d5433071d80bc8eae
2025-02-06,CN,0.1838258426869288,p12v4m6-B-ppo-s1024,416ff1829ee756ca42b2b3f3ac00d97021798aea8df9b30d5433071d80bc8eae
2025-02-06,HK,0.08264116011559963,p12v4m6-B-ppo-s1024,416ff1829ee756ca42b2b3f3ac00d97021798aea8df9b30d5433071d80bc8eae
2025-02-06,JP,0.18027152307331562,p12v4m6-B-ppo-s1024,416ff1829ee756ca42b2b3f3ac00d97021798aea8df9b30d5433071d80bc8eae
2025-02-06,US,0.2812083135358989,p12v4m6-B-ppo-s1024,416ff1829ee756ca42b2b3f3ac00d97021798aea8df9b30d5433071d80bc8eae
2025-02-07,CN,0.18579185847193003,p12v4m6-B-ppo-s1024,416ff1829ee756ca42b2b3f3ac00d97021798aea8df9b30d5433071d80bc8eae
2025-02-07,HK,0.08251809002831578,p12v4m6-B-ppo-s1024,416ff1829ee756ca42b2b3f3ac00d97021798aea8df9b30d5433071d80bc8eae
2025-02-07,JP,0.1798795098438859,p12v4m6-B-ppo-s1024,416ff1829ee756ca42b2b3f3ac00d97021798aea8df9b30d5433071d80bc8eae
2025-02-07,US,0.2792377471923828,p12v4m6-B-ppo-s1024,416ff1829ee756ca42b2b3f3ac00d97021798aea8df9b30d5433071d80bc8eae
2025-02-10,CN,0.18590702197980136,p12v4m6-B-ppo-s1024,416ff1829ee756ca42b2b3f3ac00d97021798aea8df9b30d5433071d80bc8eae
2025-02-10,HK,0.08310995949432254,p12v4m6-B-ppo-s1024,416ff1829ee756ca42b2b3f3ac00d97021798aea8df9b30d5433071d80bc8eae
2025-02-10,JP,0.17857665661722422,p12v4m6-B-ppo-s1024,416ff1829ee756ca42b2b3f3ac00d97021798aea8df9b30d5433071d80bc8eae
2025-02-10,US,0.2794727114960551,p12v4m6-B-ppo-s1024,416ff1829ee756ca42b2b3f3ac00d97021798aea8df9b30d5433071d80bc8eae
2025-02-11,CN,0.1852424485841766,p12v4m6-B-ppo-s1024,416ff1829ee756ca42b2b3f3ac00d97021798aea8df9b30d5433071d80bc8eae
2025-02-11,HK,0.08157974854111671,p12v4m6-B-ppo-s1024,416ff1829ee756ca42b2b3f3ac00d97021798aea8df9b30d5433071d80bc8eae
2025-02-11,JP,0.17769434489309788,p12v4m6-B-ppo-s1024,416ff1829ee756ca42b2b3f3ac00d97021798aea8df9b30d5433071d80bc8eae
2025-02-11,US,0.2833490506745875,p12v4m6-B-ppo-s1024,416ff1829ee756ca42b2b3f3ac00d97021798aea8df9b30d5433071d80bc8eae
2025-02-12,CN,0.18528495740611106,p12v4m6-B-ppo-s1024,416ff1829ee756ca42b2b3f3ac00d97021798aea8df9b30d5433071d80bc8eae
2025-02-12,HK,0.08366416115313768,p12v4m6-B-ppo-s1024,416ff1829ee756ca42b2b3f3ac00d97021798aea8df9b30d5433071d80bc8eae
2025-02-12,JP,0.17680510599166155,p12v4m6-B-ppo-s1024,416ff1829ee756ca42b2b3f3ac00d97021798aea8df9b30d5433071d80bc8eae
2025-02-12,US,0.2827398218214512,p12v4m6-B-ppo-s1024,416ff1829ee756ca42b2b3f3ac00d97021798aea8df9b30d5433071d80bc8eae
2025-02-13,CN,0.18275125848595053,p12v4m6-B-ppo-s1024,416ff1829ee756ca42b2b3f3ac00d97021798aea8df9b30d5433071d80bc8eae
2025-02-13,HK,0.08152255229651928,p12v4m6-B-ppo-s1024,416ff1829ee756ca42b2b3f3ac00d97021798aea8df9b30d5433071d80bc8eae
2025-02-13,JP,0.17984429374337196,p12v4m6-B-ppo-s1024,416ff1829ee756ca42b2b3f3ac00d97021798aea8df9b30d5433071d80bc8eae
2025-02-13,US,0.28339030174538493,p12v4m6-B-ppo-s1024,416ff1829ee756ca42b2b3f3ac00d97021798aea8df9b30d5433071d80bc8eae
2025-02-14,CN,0.18187645927537233,p12v4m6-B-ppo-s1024,416ff1829ee756ca42b2b3f3ac00d97021798aea8df9b30d5433071d80bc8eae
2025-02-14,HK,0.08210033690556884,p12v4m6-B-ppo-s1024,416ff1829ee756ca42b2b3f3ac00d97021798aea8df9b30d5433071d80bc8eae
2025-02-14,JP,0.1795995943248272,p12v4m6-B-ppo-s1024,416ff1829ee756ca42b2b3f3ac00d97021798aea8df9b30d5433071d80bc8eae
2025-02-14,US,0.28277223091572523,p12v4m6-B-ppo-s1024,416ff1829ee756ca42b2b3f3ac00d97021798aea8df9b30d5433071d80bc8eae
2025-02-17,CN,0.18430502444971353,p12v4m6-B-ppo-s1024,416ff1829ee756ca42b2b3f3ac00d97021798aea8df9b30d5433071d80bc8eae
2025-02-17,HK,0.08301742328330874,p12v4m6-B-ppo-s1024,416ff1829ee756ca42b2b3f3ac00d97021798aea8df9b30d5433071d80bc8eae
2025-02-17,JP,0.1791748208925128,p12v4m6-B-ppo-s1024,416ff1829ee756ca42b2b3f3ac00d97021798aea8df9b30d5433071d80bc8eae
2025-02-17,US,0.28104193042963743,p12v4m6-B-ppo-s1024,416ff1829ee756ca42b2b3f3ac00d97021798aea8df9b30d5433071d80bc8eae
2025-02-18,CN,0.178267985698767,p12v4m6-B-ppo-s1024,416ff1829ee756ca42b2b3f3ac00d97021798aea8df9b30d5433071d80bc8eae
2025-02-18,HK,0.08132168650627136,p12v4m6-B-ppo-s1024,416ff1829ee756ca42b2b3f3ac00d97021798aea8df9b30d5433071d80bc8eae
2025-02-18,JP,0.18114983662962914,p12v4m6-B-ppo-s1024,416ff1829ee756ca42b2b3f3ac00d97021798aea8df9b30d5433071d80bc8eae
2025-02-18,US,0.2848582458682358,p12v4m6-B-ppo-s1024,416ff1829ee756ca42b2b3f3ac00d97021798aea8df9b30d5433071d80bc8eae
2025-02-19,CN,0.1855948072625324,p12v4m6-B-ppo-s1024,416ff1829ee756ca42b2b3f3ac00d97021798aea8df9b30d5433071d80bc8eae
2025-02-19,HK,0.08150713238865137,p12v4m6-B-ppo-s1024,416ff1829ee756ca42b2b3f3ac00d97021798aea8df9b30d5433071d80bc8eae
2025-02-19,JP,0.17955068312585354,p12v4m6-B-ppo-s1024,416ff1829ee756ca42b2b3f3ac00d97021798aea8df9b30d5433071d80bc8eae
2025-02-19,US,0.2819128464907408,p12v4m6-B-ppo-s1024,416ff1829ee756ca42b2b3f3ac00d97021798aea8df9b30d5433071d80bc8eae
2025-02-20,CN,0.18247898726258427,p12v4m6-B-ppo-s1024,416ff1829ee756ca42b2b3f3ac00d97021798aea8df9b30d5433071d80bc8eae
2025-02-20,HK,0.08257873263210058,p12v4m6-B-ppo-s1024,416ff1829ee756ca42b2b3f3ac00d97021798aea8df9b30d5433071d80bc8eae
2025-02-20,JP,0.17830841895192862,p12v4m6-B-ppo-s1024,416ff1829ee756ca42b2b3f3ac00d97021798aea8df9b30d5433071d80bc8eae
2025-02-20,US,0.2838398711755872,p12v4m6-B-ppo-s1024,416ff1829ee756ca42b2b3f3ac00d97021798aea8df9b30d5433071d80bc8eae
2025-02-21,CN,0.18431912851519883,p12v4m6-B-ppo-s1024,416ff1829ee756ca42b2b3f3ac00d97021798aea8df9b30d5433071d80bc8eae
2025-02-21,HK,0.08280985383316875,p12v4m6-B-ppo-s1024,416ff1829ee756ca42b2b3f3ac00d97021798aea8df9b30d5433071d80bc8eae
2025-02-21,JP,0.1807662444189191,p12v4m6-B-ppo-s1024,416ff1829ee756ca42b2b3f3ac00d97021798aea8df9b30d5433071d80bc8eae
2025-02-21,US,0.2783552100881934,p12v4m6-B-ppo-s1024,416ff1829ee756ca42b2b3f3ac00d97021798aea8df9b30d5433071d80bc8eae
2025-02-24,CN,0.183524084626697,p12v4m6-B-ppo-s1024,416ff1829ee756ca42b2b3f3ac00d97021798aea8df9b30d5433071d80bc8eae
2025-02-24,HK,0.08222378417849541,p12v4m6-B-ppo-s1024,416ff1829ee756ca42b2b3f3ac00d97021798aea8df9b30d5433071d80bc8eae
2025-02-24,JP,0.18147860653698444,p12v4m6-B-ppo-s1024,416ff1829ee756ca42b2b3f3ac00d97021798aea8df9b30d5433071d80bc8eae
2025-02-24,US,0.28085653809830546,p12v4m6-B-ppo-s1024,416ff1829ee756ca42b2b3f3ac00d97021798aea8df9b30d5433071d80bc8eae
2025-02-25,CN,0.18459606159012765,p12v4m6-B-ppo-s1024,416ff1829ee756ca42b2b3f3ac00d97021798aea8df9b30d5433071d80bc8eae
2025-02-25,HK,0.08178832801058888,p12v4m6-B-ppo-s1024,416ff1829ee756ca42b2b3f3ac00d97021798aea8df9b30d5433071d80bc8eae
2025-02-25,JP,0.1807048786431551,p12v4m6-B-ppo-s1024,416ff1829ee756ca42b2b3f3ac00d97021798aea8df9b30d5433071d80bc8eae
2025-02-25,US,0.2798775602132082,p12v4m6-B-ppo-s1024,416ff1829ee756ca42b2b3f3ac00d97021798aea8df9b30d5433071d80bc8eae
2025-02-26,CN,0.18443798879161477,p12v4m6-B-ppo-s1024,416ff1829ee756ca42b2b3f3ac00d97021798aea8df9b30d5433071d80bc8eae
2025-02-26,HK,0.08251562900841236,p12v4m6-B-ppo-s1024,416ff1829ee756ca42b2b3f3ac00d97021798aea8df9b30d5433071d80bc8eae
2025-02-26,JP,0.17925930861383677,p12v4m6-B-ppo-s1024,416ff1829ee756ca42b2b3f3ac00d97021798aea8df9b30d5433071d80bc8eae
2025-02-26,US,0.2799108778126538,p12v4m6-B-ppo-s1024,416ff1829ee756ca42b2b3f3ac00d97021798aea8df9b30d5433071d80bc8eae
2025-02-27,CN,0.18367027339991182,p12v4m6-B-ppo-s1024,416ff1829ee756ca42b2b3f3ac00d97021798aea8df9b30d5433071d80bc8eae
2025-02-27,HK,0.08203431777656078,p12v4m6-B-ppo-s1024,416ff1829ee756ca42b2b3f3ac00d97021798aea8df9b30d5433071d80bc8eae
2025-02-27,JP,0.18055273685604334,p12v4m6-B-ppo-s1024,416ff1829ee756ca42b2b3f3ac00d97021798aea8df9b30d5433071d80bc8eae
2025-02-27,US,0.28033733693882823,p12v4m6-B-ppo-s1024,416ff1829ee756ca42b2b3f3ac00d97021798aea8df9b30d5433071d80bc8eae
2025-02-28,CN,0.18003378785215318,p12v4m6-B-ppo-s1024,416ff1829ee756ca42b2b3f3ac00d97021798aea8df9b30d5433071d80bc8eae
2025-02-28,HK,0.08131749462336302,p12v4m6-B-ppo-s1024,416ff1829ee756ca42b2b3f3ac00d97021798aea8df9b30d5433071d80bc8eae
2025-02-28,JP,0.1793245542794466,p12v4m6-B-ppo-s1024,416ff1829ee756ca42b2b3f3ac00d97021798aea8df9b30d5433071d80bc8eae
2025-02-28,US,0.2859470876865089,p12v4m6-B-ppo-s1024,416ff1829ee756ca42b2b3f3ac00d97021798aea8df9b30d5433071d80bc8eae
2025-03-03,CN,0.1829607600811869,p12v4m6-B-ppo-s1024,416ff1829ee756ca42b2b3f3ac00d97021798aea8df9b30d5433071d80bc8eae
2025-03-03,HK,0.08200035849586129,p12v4m6-B-ppo-s1024,416ff1829ee756ca42b2b3f3ac00d97021798aea8df9b30d5433071d80bc8eae
2025-03-03,JP,0.18092549312859774,p12v4m6-B-ppo-s1024,416ff1829ee756ca42b2b3f3ac00d97021798aea8df9b30d5433071d80bc8eae
2025-03-03,US,0.28131665848195553,p12v4m6-B-ppo-s1024,416ff1829ee756ca42b2b3f3ac00d97021798aea8df9b30d5433071d80bc8eae
2025-03-04,CN,0.18437347176950425,p12v4m6-B-ppo-s1024,416ff1829ee756ca42b2b3f3ac00d97021798aea8df9b30d5433071d80bc8eae
2025-03-04,HK,0.08240962354466319,p12v4m6-B-ppo-s1024,416ff1829ee756ca42b2b3f3ac00d97021798aea8df9b30d5433071d80bc8eae
2025-03-04,JP,0.18002802692353725,p12v4m6-B-ppo-s1024,416ff1829ee756ca42b2b3f3ac00d97021798aea8df9b30d5433071d80bc8eae
2025-03-04,US,0.28023027861490846,p12v4m6-B-ppo-s1024,416ff1829ee756ca42b2b3f3ac00d97021798aea8df9b30d5433071d80bc8eae
2025-03-05,CN,0.183211556985043,p12v4m6-B-ppo-s1024,416ff1829ee756ca42b2b3f3ac00d97021798aea8df9b30d5433071d80bc8eae
2025-03-05,HK,0.08294011000543833,p12v4m6-B-ppo-s1024,416ff1829ee756ca42b2b3f3ac00d97021798aea8df9b30d5433071d80bc8eae
2025-03-05,JP,0.17834601644426584,p12v4m6-B-ppo-s1024,416ff1829ee756ca42b2b3f3ac00d97021798aea8df9b30d5433071d80bc8eae
2025-03-05,US,0.28472854662686586,p12v4m6-B-ppo-s1024,416ff1829ee756ca42b2b3f3ac00d97021798aea8df9b30d5433071d80bc8eae
2025-03-06,CN,0.18394623312633485,p12v4m6-B-ppo-s1024,416ff1829ee756ca42b2b3f3ac00d97021798aea8df9b30d5433071d80bc8eae
2025-03-06,HK,0.08237474877387285,p12v4m6-B-ppo-s1024,416ff1829ee756ca42b2b3f3ac00d97021798aea8df9b30d5433071d80bc8eae
2025-03-06,JP,0.18018933944404125,p12v4m6-B-ppo-s1024,416ff1829ee756ca42b2b3f3ac00d97021798aea8df9b30d5433071d80bc8eae
2025-03-06,US,0.2814741195179522,p12v4m6-B-ppo-s1024,416ff1829ee756ca42b2b3f3ac00d97021798aea8df9b30d5433071d80bc8eae
2025-03-07,CN,0.18220926087815315,p12v4m6-B-ppo-s1024,416ff1829ee756ca42b2b3f3ac00d97021798aea8df9b30d5433071d80bc8eae
2025-03-07,HK,0.08057810319587588,p12v4m6-B-ppo-s1024,416ff1829ee756ca42b2b3f3ac00d97021798aea8df9b30d5433071d80bc8eae
2025-03-07,JP,0.17975985631346703,p12v4m6-B-ppo-s1024,416ff1829ee756ca42b2b3f3ac00d97021798aea8df9b30d5433071d80bc8eae
2025-03-07,US,0.28369761537760496,p12v4m6-B-ppo-s1024,416ff1829ee756ca42b2b3f3ac00d97021798aea8df9b30d5433071d80bc8eae
2025-03-10,CN,0.18361414619721472,p12v4m6-B-ppo-s1024,416ff1829ee756ca42b2b3f3ac00d97021798aea8df9b30d5433071d80bc8eae
2025-03-10,HK,0.08211307507008314,p12v4m6-B-ppo-s1024,416ff1829ee756ca42b2b3f3ac00d97021798aea8df9b30d5433071d80bc8eae
2025-03-10,JP,0.18022039160132408,p12v4m6-B-ppo-s1024,416ff1829ee756ca42b2b3f3ac00d97021798aea8df9b30d5433071d80bc8eae
2025-03-10,US,0.27973750373348594,p12v4m6-B-ppo-s1024,416ff1829ee756ca42b2b3f3ac00d97021798aea8df9b30d5433071d80bc8eae
2025-03-11,CN,0.18487884453497827,p12v4m6-B-ppo-s1024,416ff1829ee756ca42b2b3f3ac00d97021798aea8df9b30d5433071d80bc8eae
2025-03-11,HK,0.08393053570762277,p12v4m6-B-ppo-s1024,416ff1829ee756ca42b2b3f3ac00d97021798aea8df9b30d5433071d80bc8eae
2025-03-11,JP,0.18042678572237492,p12v4m6-B-ppo-s1024,416ff1829ee756ca42b2b3f3ac00d97021798aea8df9b30d5433071d80bc8eae
2025-03-11,US,0.27896101400256157,p12v4m6-B-ppo-s1024,416ff1829ee756ca42b2b3f3ac00d97021798aea8df9b30d5433071d80bc8eae
2025-03-12,CN,0.18328141001984477,p12v4m6-B-ppo-s1024,416ff1829ee756ca42b2b3f3ac00d97021798aea8df9b30d5433071d80bc8eae
2025-03-12,HK,0.08114853175356984,p12v4m6-B-ppo-s1024,416ff1829ee756ca42b2b3f3ac00d97021798aea8df9b30d5433071d80bc8eae
2025-03-12,JP,0.1805922770872712,p12v4m6-B-ppo-s1024,416ff1829ee756ca42b2b3f3ac00d97021798aea8df9b30d5433071d80bc8eae
2025-03-12,US,0.2816680809482932,p12v4m6-B-ppo-s1024,416ff1829ee756ca42b2b3f3ac00d97021798aea8df9b30d5433071d80bc8eae
2025-03-13,CN,0.1818156266817823,p12v4m6-B-ppo-s1024,416ff1829ee756ca42b2b3f3ac00d97021798aea8df9b30d5433071d80bc8eae
2025-03-13,HK,0.08160696690902114,p12v4m6-B-ppo-s1024,416ff1829ee756ca42b2b3f3ac00d97021798aea8df9b30d5433071d80bc8eae
2025-03-13,JP,0.1811735974624753,p12v4m6-B-ppo-s1024,416ff1829ee756ca42b2b3f3ac00d97021798aea8df9b30d5433071d80bc8eae
2025-03-13,US,0.28085101675242186,p12v4m6-B-ppo-s1024,416ff1829ee756ca42b2b3f3ac00d97021798aea8df9b30d5433071d80bc8eae
2025-03-14,CN,0.1857901883777231,p12v4m6-B-ppo-s1024,416ff1829ee756ca42b2b3f3ac00d97021798aea8df9b30d5433071d80bc8eae
2025-03-14,HK,0.08197838859632611,p12v4m6-B-ppo-s1024,416ff1829ee756ca42b2b3f3ac00d97021798aea8df9b30d5433071d80bc8eae
2025-03-14,JP,0.17916486877948046,p12v4m6-B-ppo-s1024,416ff1829ee756ca42b2b3f3ac00d97021798aea8df9b30d5433071d80bc8eae
2025-03-14,US,0.28254732117056847,p12v4m6-B-ppo-s1024,416ff1829ee756ca42b2b3f3ac00d97021798aea8df9b30d5433071d80bc8eae
2025-03-17,CN,0.18103327543940395,p12v4m6-B-ppo-s1024,416ff1829ee756ca42b2b3f3ac00d97021798aea8df9b30d5433071d80bc8eae
2025-03-17,HK,0.08182713715359569,p12v4m6-B-ppo-s1024,416ff1829ee756ca42b2b3f3ac00d97021798aea8df9b30d5433071d80bc8eae
2025-03-17,JP,0.17986636888235807,p12v4m6-B-ppo-s1024,416ff1829ee756ca42b2b3f3ac00d97021798aea8df9b30d5433071d80bc8eae
2025-03-17,US,0.2852874230593443,p12v4m6-B-ppo-s1024,416ff1829ee756ca42b2b3f3ac00d97021798aea8df9b30d5433071d80bc8eae
2025-03-18,CN,0.18258289073128253,p12v4m6-B-ppo-s1024,416ff1829ee756ca42b2b3f3ac00d97021798aea8df9b30d5433071d80bc8eae
2025-03-18,HK,0.08241645712405443,p12v4m6-B-ppo-s1024,416ff1829ee756ca42b2b3f3ac00d97021798aea8df9b30d5433071d80bc8eae
2025-03-18,JP,0.17993890773504972,p12v4m6-B-ppo-s1024,416ff1829ee756ca42b2b3f3ac00d97021798aea8df9b30d5433071d80bc8eae
2025-03-18,US,0.28247522469609976,p12v4m6-B-ppo-s1024,416ff1829ee756ca42b2b3f3ac00d97021798aea8df9b30d5433071d80bc8eae
2025-03-19,CN,0.18105621030554175,p12v4m6-B-ppo-s1024,416ff1829ee756ca42b2b3f3ac00d97021798aea8df9b30d5433071d80bc8eae
2025-03-19,HK,0.08253881661221385,p12v4m6-B-ppo-s1024,416ff1829ee756ca42b2b3f3ac00d97021798aea8df9b30d5433071d80bc8eae
2025-03-19,JP,0.18110132310539484,p12v4m6-B-ppo-s1024,416ff1829ee756ca42b2b3f3ac00d97021798aea8df9b30d5433071d80bc8eae
2025-03-19,US,0.28253450570628047,p12v4m6-B-ppo-s1024,416ff1829ee756ca42b2b3f3ac00d97021798aea8df9b30d5433071d80bc8eae
2025-03-20,CN,0.18196413398254663,p12v4m6-B-ppo-s1024,416ff1829ee756ca42b2b3f3ac00d97021798aea8df9b30d5433071d80bc8eae
2025-03-20,HK,0.08100993325933814,p12v4m6-B-ppo-s1024,416ff1829ee756ca42b2b3f3ac00d97021798aea8df9b30d5433071d80bc8eae
2025-03-20,JP,0.18258752021938562,p12v4m6-B-ppo-s1024,416ff1829ee756ca42b2b3f3ac00d97021798aea8df9b30d5433071d80bc8eae
2025-03-20,US,0.2834352273494005,p12v4m6-B-ppo-s1024,416ff1829ee756ca42b2b3f3ac00d97021798aea8df9b30d5433071d80bc8eae
2025-03-21,CN,0.18238717108033597,p12v4m6-B-ppo-s1024,416ff1829ee756ca42b2b3f3ac00d97021798aea8df9b30d5433071d80bc8eae
2025-03-21,HK,0.08155289432033896,p12v4m6-B-ppo-s1024,416ff1829ee756ca42b2b3f3ac00d97021798aea8df9b30d5433071d80bc8eae
2025-03-21,JP,0.1797115532681346,p12v4m6-B-ppo-s1024,416ff1829ee756ca42b2b3f3ac00d97021798aea8df9b30d5433071d80bc8eae
2025-03-21,US,0.28311350103467703,p12v4m6-B-ppo-s1024,416ff1829ee756ca42b2b3f3ac00d97021798aea8df9b30d5433071d80bc8eae
2025-03-24,CN,0.1817674442427233,p12v4m6-B-ppo-s1024,416ff1829ee756ca42b2b3f3ac00d97021798aea8df9b30d5433071d80bc8eae
2025-03-24,HK,0.08308987226337194,p12v4m6-B-ppo-s1024,416ff1829ee756ca42b2b3f3ac00d97021798aea8df9b30d5433071d80bc8eae
2025-03-24,JP,0.17849766090512276,p12v4m6-B-ppo-s1024,416ff1829ee756ca42b2b3f3ac00d97021798aea8df9b30d5433071d80bc8eae
2025-03-24,US,0.2837989921681583,p12v4m6-B-ppo-s1024,416ff1829ee756ca42b2b3f3ac00d97021798aea8df9b30d5433071d80bc8eae
2025-03-25,CN,0.1814605318941176,p12v4m6-B-ppo-s1024,416ff1829ee756ca42b2b3f3ac00d97021798aea8df9b30d5433071d80bc8eae
2025-03-25,HK,0.08193510212004185,p12v4m6-B-ppo-s1024,416ff1829ee756ca42b2b3f3ac00d97021798aea8df9b30d5433071d80bc8eae
2025-03-25,JP,0.1792701268568635,p12v4m6-B-ppo-s1024,416ff1829ee756ca42b2b3f3ac00d97021798aea8df9b30d5433071d80bc8eae
2025-03-25,US,0.2838112898170948,p12v4m6-B-ppo-s1024,416ff1829ee756ca42b2b3f3ac00d97021798aea8df9b30d5433071d80bc8eae
2025-03-26,CN,0.18257614597678185,p12v4m6-B-ppo-s1024,416ff1829ee756ca42b2b3f3ac00d97021798aea8df9b30d5433071d80bc8eae
2025-03-26,HK,0.08205680595710874,p12v4m6-B-ppo-s1024,416ff1829ee756ca42b2b3f3ac00d97021798aea8df9b30d5433071d80bc8eae
2025-03-26,JP,0.17905987799167633,p12v4m6-B-ppo-s1024,416ff1829ee756ca42b2b3f3ac00d97021798aea8df9b30d5433071d80bc8eae
2025-03-26,US,0.2827815115451813,p12v4m6-B-ppo-s1024,416ff1829ee756ca42b2b3f3ac00d97021798aea8df9b30d5433071d80bc8eae
2025-03-27,CN,0.18215163506101817,p12v4m6-B-ppo-s1024,416ff1829ee756ca42b2b3f3ac00d97021798aea8df9b30d5433071d80bc8eae
2025-03-27,HK,0.08148685470223427,p12v4m6-B-ppo-s1024,416ff1829ee756ca42b2b3f3ac00d97021798aea8df9b30d5433071d80bc8eae
2025-03-27,JP,0.1811299677938223,p12v4m6-B-ppo-s1024,416ff1829ee756ca42b2b3f3ac00d97021798aea8df9b30d5433071d80bc8eae
2025-03-27,US,0.28189733112230897,p12v4m6-B-ppo-s1024,416ff1829ee756ca42b2b3f3ac00d97021798aea8df9b30d5433071d80bc8eae
2025-03-28,CN,0.18327465560287237,p12v4m6-B-ppo-s1024,416ff1829ee756ca42b2b3f3ac00d97021798aea8df9b30d5433071d80bc8eae
2025-03-28,HK,0.08161884685978293,p12v4m6-B-ppo-s1024,416ff1829ee756ca42b2b3f3ac00d97021798aea8df9b30d5433071d80bc8eae
2025-03-28,JP,0.18039821926504374,p12v4m6-B-ppo-s1024,416ff1829ee756ca42b2b3f3ac00d97021798aea8df9b30d5433071d80bc8eae
2025-03-28,US,0.28052077954635024,p12v4m6-B-ppo-s1024,416ff1829ee756ca42b2b3f3ac00d97021798aea8df9b30d5433071d80bc8eae
2025-03-31,CN,0.18226859951391816,p12v4m6-B-ppo-s1024,416ff1829ee756ca42b2b3f3ac00d97021798aea8df9b30d5433071d80bc8eae
2025-03-31,HK,0.08180444035679102,p12v4m6-B-ppo-s1024,416ff1829ee756ca42b2b3f3ac00d97021798aea8df9b30d5433071d80bc8eae
2025-03-31,JP,0.1778171667829156,p12v4m6-B-ppo-s1024,416ff1829ee756ca42b2b3f3ac00d97021798aea8df9b30d5433071d80bc8eae
2025-03-31,US,0.2848543683066964,p12v4m6-B-ppo-s1024,416ff1829ee756ca42b2b3f3ac00d97021798aea8df9b30d5433071d80bc8eae
2025-04-01,CN,0.18380380037706345,p12v4m6-B-ppo-s1024,416ff1829ee756ca42b2b3f3ac00d97021798aea8df9b30d5433071d80bc8eae
2025-04-01,HK,0.08179192151874304,p12v4m6-B-ppo-s1024,416ff1829ee756ca42b2b3f3ac00d97021798aea8df9b30d5433071d80bc8eae
2025-04-01,JP,0.1771818995475769,p12v4m6-B-ppo-s1024,416ff1829ee756ca42b2b3f3ac00d97021798aea8df9b30d5433071d80bc8eae
2025-04-01,US,0.28445427026599646,p12v4m6-B-ppo-s1024,416ff1829ee756ca42b2b3f3ac00d97021798aea8df9b30d5433071d80bc8eae
2025-04-02,CN,0.18366196274291724,p12v4m6-B-ppo-s1024,416ff1829ee756ca42b2b3f3ac00d97021798aea8df9b30d5433071d80bc8eae
2025-04-02,HK,0.0831316988915205,p12v4m6-B-ppo-s1024,416ff1829ee756ca42b2b3f3ac00d97021798aea8df9b30d5433071d80bc8eae
2025-04-02,JP,0.1764342626556754,p12v4m6-B-ppo-s1024,416ff1829ee756ca42b2b3f3ac00d97021798aea8df9b30d5433071d80bc8eae
2025-04-02,US,0.28518656082451344,p12v4m6-B-ppo-s1024,416ff1829ee756ca42b2b3f3ac00d97021798aea8df9b30d5433071d80bc8eae
2025-04-03,CN,0.1843172019580379,p12v4m6-B-ppo-s1024,416ff1829ee756ca42b2b3f3ac00d97021798aea8df9b30d5433071d80bc8eae
2025-04-03,HK,0.08334149420261383,p12v4m6-B-ppo-s1024,416ff1829ee756ca42b2b3f3ac00d97021798aea8df9b30d5433071d80bc8eae
2025-04-03,JP,0.18165974505245686,p12v4m6-B-ppo-s1024,416ff1829ee756ca42b2b3f3ac00d97021798aea8df9b30d5433071d80bc8eae
2025-04-03,US,0.27778343856334686,p12v4m6-B-ppo-s1024,416ff1829ee756ca42b2b3f3ac00d97021798aea8df9b30d5433071d80bc8eae
2025-04-04,CN,0.18775576236657798,p12v4m6-B-ppo-s1024,416ff1829ee756ca42b2b3f3ac00d97021798aea8df9b30d5433071d80bc8eae
2025-04-04,HK,0.08537227241322398,p12v4m6-B-ppo-s1024,416ff1829ee756ca42b2b3f3ac00d97021798aea8df9b30d5433071d80bc8eae
2025-04-04,JP,0.18236355390399694,p12v4m6-B-ppo-s1024,416ff1829ee756ca42b2b3f3ac00d97021798aea8df9b30d5433071d80bc8eae
2025-04-04,US,0.2725100484676659,p12v4m6-B-ppo-s1024,416ff1829ee756ca42b2b3f3ac00d97021798aea8df9b30d5433071d80bc8eae
2025-04-07,CN,0.17982871015556157,p12v4m6-B-ppo-s1024,416ff1829ee756ca42b2b3f3ac00d97021798aea8df9b30d5433071d80bc8eae
2025-04-07,HK,0.07872293377295136,p12v4m6-B-ppo-s1024,416ff1829ee756ca42b2b3f3ac00d97021798aea8df9b30d5433071d80bc8eae
2025-04-07,JP,0.1814958257600665,p12v4m6-B-ppo-s1024,416ff1829ee756ca42b2b3f3ac00d97021798aea8df9b30d5433071d80bc8eae
2025-04-07,US,0.2874620510265231,p12v4m6-B-ppo-s1024,416ff1829ee756ca42b2b3f3ac00d97021798aea8df9b30d5433071d80bc8eae
2025-04-08,CN,0.1882457819301635,p12v4m6-B-ppo-s1024,416ff1829ee756ca42b2b3f3ac00d97021798aea8df9b30d5433071d80bc8eae
2025-04-08,HK,0.08246222091838717,p12v4m6-B-ppo-s1024,416ff1829ee756ca42b2b3f3ac00d97021798aea8df9b30d5433071d80bc8eae
2025-04-08,JP,0.18501019570976496,p12v4m6-B-ppo-s1024,416ff1829ee756ca42b2b3f3ac00d97021798aea8df9b30d5433071d80bc8eae
2025-04-08,US,0.27255556685850024,p12v4m6-B-ppo-s1024,416ff1829ee756ca42b2b3f3ac00d97021798aea8df9b30d5433071d80bc8eae
2025-04-09,CN,0.18510092271026224,p12v4m6-B-ppo-s1024,416ff1829ee756ca42b2b3f3ac00d97021798aea8df9b30d5433071d80bc8eae
2025-04-09,HK,0.08157549379393458,p12v4m6-B-ppo-s1024,416ff1829ee756ca42b2b3f3ac00d97021798aea8df9b30d5433071d80bc8eae
2025-04-09,JP,0.17345687933266163,p12v4m6-B-ppo-s1024,416ff1829ee756ca42b2b3f3ac00d97021798aea8df9b30d5433071d80bc8eae
2025-04-09,US,0.2970667164772749,p12v4m6-B-ppo-s1024,416ff1829ee756ca42b2b3f3ac00d97021798aea8df9b30d5433071d80bc8eae
2025-04-10,CN,0.1860927400412038,p12v4m6-B-ppo-s1024,416ff1829ee756ca42b2b3f3ac00d97021798aea8df9b30d5433071d80bc8eae
2025-04-10,HK,0.08160922257229686,p12v4m6-B-ppo-s1024,416ff1829ee756ca42b2b3f3ac00d97021798aea8df9b30d5433071d80bc8eae
2025-04-10,JP,0.18051933776587248,p12v4m6-B-ppo-s1024,416ff1829ee756ca42b2b3f3ac00d97021798aea8df9b30d5433071d80bc8eae
2025-04-10,US,0.2800179300829768,p12v4m6-B-ppo-s1024,416ff1829ee756ca42b2b3f3ac00d97021798aea8df9b30d5433071d80bc8eae
2025-04-11,CN,0.18472864420618862,p12v4m6-B-ppo-s1024,416ff1829ee756ca42b2b3f3ac00d97021798aea8df9b30d5433071d80bc8eae
2025-04-11,HK,0.08163683349266648,p12v4m6-B-ppo-s1024,416ff1829ee756ca42b2b3f3ac00d97021798aea8df9b30d5433071d80bc8eae
2025-04-11,JP,0.18188132718205452,p12v4m6-B-ppo-s1024,416ff1829ee756ca42b2b3f3ac00d97021798aea8df9b30d5433071d80bc8eae
2025-04-11,US,0.28288674214854836,p12v4m6-B-ppo-s1024,416ff1829ee756ca42b2b3f3ac00d97021798aea8df9b30d5433071d80bc8eae
2025-04-14,CN,0.18386734370142221,p12v4m6-B-ppo-s1024,416ff1829ee756ca42b2b3f3ac00d97021798aea8df9b30d5433071d80bc8eae
2025-04-14,HK,0.08274301467463374,p12v4m6-B-ppo-s1024,416ff1829ee756ca42b2b3f3ac00d97021798aea8df9b30d5433071d80bc8eae
2025-04-14,JP,0.17959911189973354,p12v4m6-B-ppo-s1024,416ff1829ee756ca42b2b3f3ac00d97021798aea8df9b30d5433071d80bc8eae
2025-04-14,US,0.2819818118587136,p12v4m6-B-ppo-s1024,416ff1829ee756ca42b2b3f3ac00d97021798aea8df9b30d5433071d80bc8eae
2025-04-15,CN,0.1862950031645596,p12v4m6-B-ppo-s1024,416ff1829ee756ca42b2b3f3ac00d97021798aea8df9b30d5433071d80bc8eae
2025-04-15,HK,0.08222147263586521,p12v4m6-B-ppo-s1024,416ff1829ee756ca42b2b3f3ac00d97021798aea8df9b30d5433071d80bc8eae
2025-04-15,JP,0.17794161476194859,p12v4m6-B-ppo-s1024,416ff1829ee756ca42b2b3f3ac00d97021798aea8df9b30d5433071d80bc8eae
2025-04-15,US,0.2818559748120606,p12v4m6-B-ppo-s1024,416ff1829ee756ca42b2b3f3ac00d97021798aea8df9b30d5433071d80bc8eae
2025-04-16,CN,0.18288078508339822,p12v4m6-B-ppo-s1024,416ff1829ee756ca42b2b3f3ac00d97021798aea8df9b30d5433071d80bc8eae
2025-04-16,HK,0.08291100850328803,p12v4m6-B-ppo-s1024,416ff1829ee756ca42b2b3f3ac00d97021798aea8df9b30d5433071d80bc8eae
2025-04-16,JP,0.180724885314703,p12v4m6-B-ppo-s1024,416ff1829ee756ca42b2b3f3ac00d97021798aea8df9b30d5433071d80bc8eae
2025-04-16,US,0.27963944524526596,p12v4m6-B-ppo-s1024,416ff1829ee756ca42b2b3f3ac00d97021798aea8df9b30d5433071d80bc8eae
2025-04-17,CN,0.18480179947800934,p12v4m6-B-ppo-s1024,416ff1829ee756ca42b2b3f3ac00d97021798aea8df9b30d5433071d80bc8eae
2025-04-17,HK,0.08173106610774994,p12v4m6-B-ppo-s1024,416ff1829ee756ca42b2b3f3ac00d97021798aea8df9b30d5433071d80bc8eae
2025-04-17,JP,0.18037359230220318,p12v4m6-B-ppo-s1024,416ff1829ee756ca42b2b3f3ac00d97021798aea8df9b30d5433071d80bc8eae
2025-04-17,US,0.28184589417651296,p12v4m6-B-ppo-s1024,416ff1829ee756ca42b2b3f3ac00d97021798aea8df9b30d5433071d80bc8eae
2025-04-18,CN,0.18552892678417265,p12v4m6-B-ppo-s1024,416ff1829ee756ca42b2b3f3ac00d97021798aea8df9b30d5433071d80bc8eae
2025-04-18,HK,0.08244934119284153,p12v4m6-B-ppo-s1024,416ff1829ee756ca42b2b3f3ac00d97021798aea8df9b30d5433071d80bc8eae
2025-04-18,JP,0.1799910943955183,p12v4m6-B-ppo-s1024,416ff1829ee756ca42b2b3f3ac00d97021798aea8df9b30d5433071d80bc8eae
2025-04-18,US,0.2808961309492588,p12v4m6-B-ppo-s1024,416ff1829ee756ca42b2b3f3ac00d97021798aea8df9b30d5433071d80bc8eae
2025-04-21,CN,0.18647412036079913,p12v4m6-B-ppo-s1024,416ff1829ee756ca42b2b3f3ac00d97021798aea8df9b30d5433071d80bc8eae
2025-04-21,HK,0.0826324000954628,p12v4m6-B-ppo-s1024,416ff1829ee756ca42b2b3f3ac00d97021798aea8df9b30d5433071d80bc8eae
2025-04-21,JP,0.17947236634790897,p12v4m6-B-ppo-s1024,416ff1829ee756ca42b2b3f3ac00d97021798aea8df9b30d5433071d80bc8eae
2025-04-21,US,0.2781806867569685,p12v4m6-B-ppo-s1024,416ff1829ee756ca42b2b3f3ac00d97021798aea8df9b30d5433071d80bc8eae
2025-04-22,CN,0.18303369544446468,p12v4m6-B-ppo-s1024,416ff1829ee756ca42b2b3f3ac00d97021798aea8df9b30d5433071d80bc8eae
2025-04-22,HK,0.0820150887593627,p12v4m6-B-ppo-s1024,416ff1829ee756ca42b2b3f3ac00d97021798aea8df9b30d5433071d80bc8eae
2025-04-22,JP,0.18033996876329184,p12v4m6-B-ppo-s1024,416ff1829ee756ca42b2b3f3ac00d97021798aea8df9b30d5433071d80bc8eae
2025-04-22,US,0.2843845612369478,p12v4m6-B-ppo-s1024,416ff1829ee756ca42b2b3f3ac00d97021798aea8df9b30d5433071d80bc8eae
2025-04-23,CN,0.1837566284229979,p12v4m6-B-ppo-s1024,416ff1829ee756ca42b2b3f3ac00d97021798aea8df9b30d5433071d80bc8eae
2025-04-23,HK,0.08210841566324234,p12v4m6-B-ppo-s1024,416ff1829ee756ca42b2b3f3ac00d97021798aea8df9b30d5433071d80bc8eae
2025-04-23,JP,0.178831591270864,p12v4m6-B-ppo-s1024,416ff1829ee756ca42b2b3f3ac00d97021798aea8df9b30d5433071d80bc8eae
2025-04-23,US,0.2831029505468905,p12v4m6-B-ppo-s1024,416ff1829ee756ca42b2b3f3ac00d97021798aea8df9b30d5433071d80bc8eae
2025-04-24,CN,0.18251748755574226,p12v4m6-B-ppo-s1024,416ff1829ee756ca42b2b3f3ac00d97021798aea8df9b30d5433071d80bc8eae
2025-04-24,HK,0.08199248742312193,p12v4m6-B-ppo-s1024,416ff1829ee756ca42b2b3f3ac00d97021798aea8df9b30d5433071d80bc8eae
2025-04-24,JP,0.1771893072873354,p12v4m6-B-ppo-s1024,416ff1829ee756ca42b2b3f3ac00d97021798aea8df9b30d5433071d80bc8eae
2025-04-24,US,0.28647227911278605,p12v4m6-B-ppo-s1024,416ff1829ee756ca42b2b3f3ac00d97021798aea8df9b30d5433071d80bc8eae
2025-04-25,CN,0.18431467202026397,p12v4m6-B-ppo-s1024,416ff1829ee756ca42b2b3f3ac00d97021798aea8df9b30d5433071d80bc8eae
2025-04-25,HK,0.08149272622540593,p12v4m6-B-ppo-s1024,416ff1829ee756ca42b2b3f3ac00d97021798aea8df9b30d5433071d80bc8eae
2025-04-25,JP,0.17879976890981197,p12v4m6-B-ppo-s1024,416ff1829ee756ca42b2b3f3ac00d97021798aea8df9b30d5433071d80bc8eae
2025-04-25,US,0.2844616649672389,p12v4m6-B-ppo-s1024,416ff1829ee756ca42b2b3f3ac00d97021798aea8df9b30d5433071d80bc8eae
2025-04-28,CN,0.182181125623174,p12v4m6-B-ppo-s1024,416ff1829ee756ca42b2b3f3ac00d97021798aea8df9b30d5433071d80bc8eae
2025-04-28,HK,0.08130323840305209,p12v4m6-B-ppo-s1024,416ff1829ee756ca42b2b3f3ac00d97021798aea8df9b30d5433071d80bc8eae
2025-04-28,JP,0.1804841998964548,p12v4m6-B-ppo-s1024,416ff1829ee756ca42b2b3f3ac00d97021798aea8df9b30d5433071d80bc8eae
2025-04-28,US,0.28369248984381557,p12v4m6-B-ppo-s1024,416ff1829ee756ca42b2b3f3ac00d97021798aea8df9b30d5433071d80bc8eae
2025-04-29,CN,0.1844109147787094,p12v4m6-B-ppo-s1024,416ff1829ee756ca42b2b3f3ac00d97021798aea8df9b30d5433071d80bc8eae
2025-04-29,HK,0.08175627933815122,p12v4m6-B-ppo-s1024,416ff1829ee756ca42b2b3f3ac00d97021798aea8df9b30d5433071d80bc8eae
2025-04-29,JP,0.18042278569191694,p12v4m6-B-ppo-s1024,416ff1829ee756ca42b2b3f3ac00d97021798aea8df9b30d5433071d80bc8eae
2025-04-29,US,0.28273645555600524,p12v4m6-B-ppo-s1024,416ff1829ee756ca42b2b3f3ac00d97021798aea8df9b30d5433071d80bc8eae
2025-04-30,CN,0.18403773033060133,p12v4m6-B-ppo-s1024,416ff1829ee756ca42b2b3f3ac00d97021798aea8df9b30d5433071d80bc8eae
2025-04-30,HK,0.0815761354751885,p12v4m6-B-ppo-s1024,416ff1829ee756ca42b2b3f3ac00d97021798aea8df9b30d5433071d80bc8eae
2025-04-30,JP,0.17867312487214804,p12v4m6-B-ppo-s1024,416ff1829ee756ca42b2b3f3ac00d97021798aea8df9b30d5433071d80bc8eae
2025-04-30,US,0.2847336125560105,p12v4m6-B-ppo-s1024,416ff1829ee756ca42b2b3f3ac00d97021798aea8df9b30d5433071d80bc8eae
2025-05-01,CN,0.1842389894882217,p12v4m6-B-ppo-s1024,416ff1829ee756ca42b2b3f3ac00d97021798aea8df9b30d5433071d80bc8eae
2025-05-01,HK,0.08143791602924466,p12v4m6-B-ppo-s1024,416ff1829ee756ca42b2b3f3ac00d97021798aea8df9b30d5433071d80bc8eae
2025-05-01,JP,0.17994043417274952,p12v4m6-B-ppo-s1024,416ff1829ee756ca42b2b3f3ac00d97021798aea8df9b30d5433071d80bc8eae
2025-05-01,US,0.2809612136334181,p12v4m6-B-ppo-s1024,416ff1829ee756ca42b2b3f3ac00d97021798aea8df9b30d5433071d80bc8eae
2025-05-02,CN,0.18297382164746523,p12v4m6-B-ppo-s1024,416ff1829ee756ca42b2b3f3ac00d97021798aea8df9b30d5433071d80bc8eae
2025-05-02,HK,0.08117386419326067,p12v4m6-B-ppo-s1024,416ff1829ee756ca42b2b3f3ac00d97021798aea8df9b30d5433071d80bc8eae
2025-05-02,JP,0.17903650179505348,p12v4m6-B-ppo-s1024,416ff1829ee756ca42b2b3f3ac00d97021798aea8df9b30d5433071d80bc8eae
2025-05-02,US,0.2837090785615146,p12v4m6-B-ppo-s1024,416ff1829ee756ca42b2b3f3ac00d97021798aea8df9b30d5433071d80bc8eae
2025-05-05,CN,0.18281654082238674,p12v4m6-B-ppo-s1024,416ff1829ee756ca42b2b3f3ac00d97021798aea8df9b30d5433071d80bc8eae
2025-05-05,HK,0.08107274770736694,p12v4m6-B-ppo-s1024,416ff1829ee756ca42b2b3f3ac00d97021798aea8df9b30d5433071d80bc8eae
2025-05-05,JP,0.17962463665753603,p12v4m6-B-ppo-s1024,416ff1829ee756ca42b2b3f3ac00d97021798aea8df9b30d5433071d80bc8eae
2025-05-05,US,0.2835956090129912,p12v4m6-B-ppo-s1024,416ff1829ee756ca42b2b3f3ac00d97021798aea8df9b30d5433071d80bc8eae
2025-05-06,CN,0.18571558932308108,p12v4m6-B-ppo-s1024,416ff1829ee756ca42b2b3f3ac00d97021798aea8df9b30d5433071d80bc8eae
2025-05-06,HK,0.08272882038727403,p12v4m6-B-ppo-s1024,416ff1829ee756ca42b2b3f3ac00d97021798aea8df9b30d5433071d80bc8eae
2025-05-06,JP,0.17982152942568064,p12v4m6-B-ppo-s1024,416ff1829ee756ca42b2b3f3ac00d97021798aea8df9b30d5433071d80bc8eae
2025-05-06,US,0.2808651113882661,p12v4m6-B-ppo-s1024,416ff1829ee756ca42b2b3f3ac00d97021798aea8df9b30d5433071d80bc8eae
2025-05-07,CN,0.181827254826203,p12v4m6-B-ppo-s1024,416ff1829ee756ca42b2b3f3ac00d97021798aea8df9b30d5433071d80bc8eae
2025-05-07,HK,0.08215636340901256,p12v4m6-B-ppo-s1024,416ff1829ee756ca42b2b3f3ac00d97021798aea8df9b30d5433071d80bc8eae
2025-05-07,JP,0.18127498775720596,p12v4m6-B-ppo-s1024,416ff1829ee756ca42b2b3f3ac00d97021798aea8df9b30d5433071d80bc8eae
2025-05-07,US,0.2820221711881459,p12v4m6-B-ppo-s1024,416ff1829ee756ca42b2b3f3ac00d97021798aea8df9b30d5433071d80bc8eae
2025-05-08,CN,0.18390392302535474,p12v4m6-B-ppo-s1024,416ff1829ee756ca42b2b3f3ac00d97021798aea8df9b30d5433071d80bc8eae
2025-05-08,HK,0.08170472970232368,p12v4m6-B-ppo-s1024,416ff1829ee756ca42b2b3f3ac00d97021798aea8df9b30d5433071d80bc8eae
2025-05-08,JP,0.18066859152168036,p12v4m6-B-ppo-s1024,416ff1829ee756ca42b2b3f3ac00d97021798aea8df9b30d5433071d80bc8eae
2025-05-08,US,0.28096463391557336,p12v4m6-B-ppo-s1024,416ff1829ee756ca42b2b3f3ac00d97021798aea8df9b30d5433071d80bc8eae
2025-05-09,CN,0.18246679997537285,p12v4m6-B-ppo-s1024,416ff1829ee756ca42b2b3f3ac00d97021798aea8df9b30d5433071d80bc8eae
2025-05-09,HK,0.08194902911782265,p12v4m6-B-ppo-s1024,416ff1829ee756ca42b2b3f3ac00d97021798aea8df9b30d5433071d80bc8eae
2025-05-09,JP,0.18025265261530876,p12v4m6-B-ppo-s1024,416ff1829ee756ca42b2b3f3ac00d97021798aea8df9b30d5433071d80bc8eae
2025-05-09,US,0.2817111127078533,p12v4m6-B-ppo-s1024,416ff1829ee756ca42b2b3f3ac00d97021798aea8df9b30d5433071d80bc8eae
2025-05-12,CN,0.1828651421237737,p12v4m6-B-ppo-s1024,416ff1829ee756ca42b2b3f3ac00d97021798aea8df9b30d5433071d80bc8eae
2025-05-12,HK,0.08251644438132644,p12v4m6-B-ppo-s1024,416ff1829ee756ca42b2b3f3ac00d97021798aea8df9b30d5433071d80bc8eae
2025-05-12,JP,0.17882398050278425,p12v4m6-B-ppo-s1024,416ff1829ee756ca42b2b3f3ac00d97021798aea8df9b30d5433071d80bc8eae
2025-05-12,US,0.2823848705738783,p12v4m6-B-ppo-s1024,416ff1829ee756ca42b2b3f3ac00d97021798aea8df9b30d5433071d80bc8eae
2025-05-13,CN,0.18114675453398377,p12v4m6-B-ppo-s1024,416ff1829ee756ca42b2b3f3ac00d97021798aea8df9b30d5433071d80bc8eae
2025-05-13,HK,0.08217266760766506,p12v4m6-B-ppo-s1024,416ff1829ee756ca42b2b3f3ac00d97021798aea8df9b30d5433071d80bc8eae
2025-05-13,JP,0.1789009403437376,p12v4m6-B-ppo-s1024,416ff1829ee756ca42b2b3f3ac00d97021798aea8df9b30d5433071d80bc8eae
2025-05-13,US,0.28371511632576585,p12v4m6-B-ppo-s1024,416ff1829ee756ca42b2b3f3ac00d97021798aea8df9b30d5433071d80bc8eae
2025-05-14,CN,0.18220968008972704,p12v4m6-B-ppo-s1024,416ff1829ee756ca42b2b3f3ac00d97021798aea8df9b30d5433071d80bc8eae
2025-05-14,HK,0.08274651365354657,p12v4m6-B-ppo-s1024,416ff1829ee756ca42b2b3f3ac00d97021798aea8df9b30d5433071d80bc8eae
2025-05-14,JP,0.1789376065135002,p12v4m6-B-ppo-s1024,416ff1829ee756ca42b2b3f3ac00d97021798aea8df9b30d5433071d80bc8eae
2025-05-14,US,0.28173843352124095,p12v4m6-B-ppo-s1024,416ff1829ee756ca42b2b3f3ac00d97021798aea8df9b30d5433071d80bc8eae
2025-05-15,CN,0.1797800640342757,p12v4m6-B-ppo-s1024,416ff1829ee756ca42b2b3f3ac00d97021798aea8df9b30d5433071d80bc8eae
2025-05-15,HK,0.08098930586129427,p12v4m6-B-ppo-s1024,416ff1829ee756ca42b2b3f3ac00d97021798aea8df9b30d5433071d80bc8eae
2025-05-15,JP,0.1801716722548008,p12v4m6-B-ppo-s1024,416ff1829ee756ca42b2b3f3ac00d97021798aea8df9b30d5433071d80bc8eae
2025-05-15,US,0.2856417768634856,p12v4m6-B-ppo-s1024,416ff1829ee756ca42b2b3f3ac00d97021798aea8df9b30d5433071d80bc8eae
2025-05-16,CN,0.18232419656123966,p12v4m6-B-ppo-s1024,416ff1829ee756ca42b2b3f3ac00d97021798aea8df9b30d5433071d80bc8eae
2025-05-16,HK,0.08077969634905457,p12v4m6-B-ppo-s1024,416ff1829ee756ca42b2b3f3ac00d97021798aea8df9b30d5433071d80bc8eae
2025-05-16,JP,0.1807757979258895,p12v4m6-B-ppo-s1024,416ff1829ee756ca42b2b3f3ac00d97021798aea8df9b30d5433071d80bc8eae
2025-05-16,US,0.28413868974894285,p12v4m6-B-ppo-s1024,416ff1829ee756ca42b2b3f3ac00d97021798aea8df9b30d5433071d80bc8eae
2025-05-19,CN,0.18361779674887657,p12v4m6-B-ppo-s1024,416ff1829ee756ca42b2b3f3ac00d97021798aea8df9b30d5433071d80bc8eae
2025-05-19,HK,0.08178364159539342,p12v4m6-B-ppo-s1024,416ff1829ee756ca42b2b3f3ac00d97021798aea8df9b30d5433071d80bc8eae
2025-05-19,JP,0.17998237814754248,p12v4m6-B-ppo-s1024,416ff1829ee756ca42b2b3f3ac00d97021798aea8df9b30d5433071d80bc8eae
2025-05-19,US,0.2830331325531006,p12v4m6-B-ppo-s1024,416ff1829ee756ca42b2b3f3ac00d97021798aea8df9b30d5433071d80bc8eae
2025-05-20,CN,0.18442237155977637,p12v4m6-B-ppo-s1024,416ff1829ee756ca42b2b3f3ac00d97021798aea8df9b30d5433071d80bc8eae
2025-05-20,HK,0.0820581465959549,p12v4m6-B-ppo-s1024,416ff1829ee756ca42b2b3f3ac00d97021798aea8df9b30d5433071d80bc8eae
2025-05-20,JP,0.1774194072932005,p12v4m6-B-ppo-s1024,416ff1829ee756ca42b2b3f3ac00d97021798aea8df9b30d5433071d80bc8eae
2025-05-20,US,0.2828428200446069,p12v4m6-B-ppo-s1024,416ff1829ee756ca42b2b3f3ac00d97021798aea8df9b30d5433071d80bc8eae
2025-05-21,CN,0.18257577996701002,p12v4m6-B-ppo-s1024,416ff1829ee756ca42b2b3f3ac00d97021798aea8df9b30d5433071d80bc8eae
2025-05-21,HK,0.0825870605185628,p12v4m6-B-ppo-s1024,416ff1829ee756ca42b2b3f3ac00d97021798aea8df9b30d5433071d80bc8eae
2025-05-21,JP,0.179515709169209,p12v4m6-B-ppo-s1024,416ff1829ee756ca42b2b3f3ac00d97021798aea8df9b30d5433071d80bc8eae
2025-05-21,US,0.2802700586616993,p12v4m6-B-ppo-s1024,416ff1829ee756ca42b2b3f3ac00d97021798aea8df9b30d5433071d80bc8eae
2025-05-22,CN,0.18241585744544864,p12v4m6-B-ppo-s1024,416ff1829ee756ca42b2b3f3ac00d97021798aea8df9b30d5433071d80bc8eae
2025-05-22,HK,0.08208806766197085,p12v4m6-B-ppo-s1024,416ff1829ee756ca42b2b3f3ac00d97021798aea8df9b30d5433071d80bc8eae
2025-05-22,JP,0.1796066351234913,p12v4m6-B-ppo-s1024,416ff1829ee756ca42b2b3f3ac00d97021798aea8df9b30d5433071d80bc8eae
2025-05-22,US,0.2813887861557305,p12v4m6-B-ppo-s1024,416ff1829ee756ca42b2b3f3ac00d97021798aea8df9b30d5433071d80bc8eae
2025-05-23,CN,0.1809839268680662,p12v4m6-B-ppo-s1024,416ff1829ee756ca42b2b3f3ac00d97021798aea8df9b30d5433071d80bc8eae
2025-05-23,HK,0.08094664942473173,p12v4m6-B-ppo-s1024,416ff1829ee756ca42b2b3f3ac00d97021798aea8df9b30d5433071d80bc8eae
2025-05-23,JP,0.18019223492592573,p12v4m6-B-ppo-s1024,416ff1829ee756ca42b2b3f3ac00d97021798aea8df9b30d5433071d80bc8eae
2025-05-23,US,0.28431379050016403,p12v4m6-B-ppo-s1024,416ff1829ee756ca42b2b3f3ac00d97021798aea8df9b30d5433071d80bc8eae
2025-05-26,CN,0.18499861098825932,p12v4m6-B-ppo-s1024,416ff1829ee756ca42b2b3f3ac00d97021798aea8df9b30d5433071d80bc8eae
2025-05-26,HK,0.08185998583212495,p12v4m6-B-ppo-s1024,416ff1829ee756ca42b2b3f3ac00d97021798aea8df9b30d5433071d80bc8eae
2025-05-26,JP,0.17896912153810263,p12v4m6-B-ppo-s1024,416ff1829ee756ca42b2b3f3ac00d97021798aea8df9b30d5433071d80bc8eae
2025-05-26,US,0.2834423859603703,p12v4m6-B-ppo-s1024,416ff1829ee756ca42b2b3f3ac00d97021798aea8df9b30d5433071d80bc8eae
2025-05-27,CN,0.18295021110679954,p12v4m6-B-ppo-s1024,416ff1829ee756ca42b2b3f3ac00d97021798aea8df9b30d5433071d80bc8eae
2025-05-27,HK,0.08153563318774104,p12v4m6-B-ppo-s1024,416ff1829ee756ca42b2b3f3ac00d97021798aea8df9b30d5433071d80bc8eae
2025-05-27,JP,0.1783283231779933,p12v4m6-B-ppo-s1024,416ff1829ee756ca42b2b3f3ac00d97021798aea8df9b30d5433071d80bc8eae
2025-05-27,US,0.2844063569791615,p12v4m6-B-ppo-s1024,416ff1829ee756ca42b2b3f3ac00d97021798aea8df9b30d5433071d80bc8eae
2025-05-28,CN,0.1840438242070377,p12v4m6-B-ppo-s1024,416ff1829ee756ca42b2b3f3ac00d97021798aea8df9b30d5433071d80bc8eae
2025-05-28,HK,0.08241096185520291,p12v4m6-B-ppo-s1024,416ff1829ee756ca42b2b3f3ac00d97021798aea8df9b30d5433071d80bc8eae
2025-05-28,JP,0.17902196291834116,p12v4m6-B-ppo-s1024,416ff1829ee756ca42b2b3f3ac00d97021798aea8df9b30d5433071d80bc8eae
2025-05-28,US,0.28072968451306224,p12v4m6-B-ppo-s1024,416ff1829ee756ca42b2b3f3ac00d97021798aea8df9b30d5433071d80bc8eae
2025-05-29,CN,0.18643092224374413,p12v4m6-B-ppo-s1024,416ff1829ee756ca42b2b3f3ac00d97021798aea8df9b30d5433071d80bc8eae
2025-05-29,HK,0.08223429694771767,p12v4m6-B-ppo-s1024,416ff1829ee756ca42b2b3f3ac00d97021798aea8df9b30d5433071d80bc8eae
2025-05-29,JP,0.17889535054564476,p12v4m6-B-ppo-s1024,416ff1829ee756ca42b2b3f3ac00d97021798aea8df9b30d5433071d80bc8eae
2025-05-29,US,0.28001624112948775,p12v4m6-B-ppo-s1024,416ff1829ee756ca42b2b3f3ac00d97021798aea8df9b30d5433071d80bc8eae
2025-05-30,CN,0.18040143116377294,p12v4m6-B-ppo-s1024,416ff1829ee756ca42b2b3f3ac00d97021798aea8df9b30d5433071d80bc8eae
2025-05-30,HK,0.08197681559249759,p12v4m6-B-ppo-s1024,416ff1829ee756ca42b2b3f3ac00d97021798aea8df9b30d5433071d80bc8eae
2025-05-30,JP,0.1808933624997735,p12v4m6-B-ppo-s1024,416ff1829ee756ca42b2b3f3ac00d97021798aea8df9b30d5433071d80bc8eae
2025-05-30,US,0.28214079793542624,p12v4m6-B-ppo-s1024,416ff1829ee756ca42b2b3f3ac00d97021798aea8df9b30d5433071d80bc8eae
2025-06-02,CN,0.1803848702693358,p12v4m6-B-ppo-s1024,416ff1829ee756ca42b2b3f3ac00d97021798aea8df9b30d5433071d80bc8eae
2025-06-02,HK,0.08183474978432059,p12v4m6-B-ppo-s1024,416ff1829ee756ca42b2b3f3ac00d97021798aea8df9b30d5433071d80bc8eae
2025-06-02,JP,0.17950822785496712,p12v4m6-B-ppo-s1024,416ff1829ee756ca42b2b3f3ac00d97021798aea8df9b30d5433071d80bc8eae
2025-06-02,US,0.2830123598687351,p12v4m6-B-ppo-s1024,416ff1829ee756ca42b2b3f3ac00d97021798aea8df9b30d5433071d80bc8eae
2025-06-03,CN,0.17698080325499177,p12v4m6-B-ppo-s1024,416ff1829ee756ca42b2b3f3ac00d97021798aea8df9b30d5433071d80bc8eae
2025-06-03,HK,0.08337957505136728,p12v4m6-B-ppo-s1024,416ff1829ee756ca42b2b3f3ac00d97021798aea8df9b30d5433071d80bc8eae
2025-06-03,JP,0.1804697634652257,p12v4m6-B-ppo-s1024,416ff1829ee756ca42b2b3f3ac00d97021798aea8df9b30d5433071d80bc8eae
2025-06-03,US,0.28389081405475736,p12v4m6-B-ppo-s1024,416ff1829ee756ca42b2b3f3ac00d97021798aea8df9b30d5433071d80bc8eae
2025-06-04,CN,0.18387976614758372,p12v4m6-B-ppo-s1024,416ff1829ee756ca42b2b3f3ac00d97021798aea8df9b30d5433071d80bc8eae
2025-06-04,HK,0.0818964228965342,p12v4m6-B-ppo-s1024,416ff1829ee756ca42b2b3f3ac00d97021798aea8df9b30d5433071d80bc8eae
2025-06-04,JP,0.17960440646857023,p12v4m6-B-ppo-s1024,416ff1829ee756ca42b2b3f3ac00d97021798aea8df9b30d5433071d80bc8eae
2025-06-04,US,0.28161429380998015,p12v4m6-B-ppo-s1024,416ff1829ee756ca42b2b3f3ac00d97021798aea8df9b30d5433071d80bc8eae
2025-06-05,CN,0.18445031950250268,p12v4m6-B-ppo-s1024,416ff1829ee756ca42b2b3f3ac00d97021798aea8df9b30d5433071d80bc8eae
2025-06-05,HK,0.08201200421899557,p12v4m6-B-ppo-s1024,416ff1829ee756ca42b2b3f3ac00d97021798aea8df9b30d5433071d80bc8eae
2025-06-05,JP,0.17865739483386278,p12v4m6-B-ppo-s1024,416ff1829ee756ca42b2b3f3ac00d97021798aea8df9b30d5433071d80bc8eae
2025-06-05,US,0.28092475794255733,p12v4m6-B-ppo-s1024,416ff1829ee756ca42b2b3f3ac00d97021798aea8df9b30d5433071d80bc8eae
2025-06-06,CN,0.179908586316742,p12v4m6-B-ppo-s1024,416ff1829ee756ca42b2b3f3ac00d97021798aea8df9b30d5433071d80bc8eae
2025-06-06,HK,0.08187159802764654,p12v4m6-B-ppo-s1024,416ff1829ee756ca42b2b3f3ac00d97021798aea8df9b30d5433071d80bc8eae
2025-06-06,JP,0.17969797365367413,p12v4m6-B-ppo-s1024,416ff1829ee756ca42b2b3f3ac00d97021798aea8df9b30d5433071d80bc8eae
2025-06-06,US,0.28396541392430663,p12v4m6-B-ppo-s1024,416ff1829ee756ca42b2b3f3ac00d97021798aea8df9b30d5433071d80bc8eae
2025-06-09,CN,0.18416019494179636,p12v4m6-B-ppo-s1024,416ff1829ee756ca42b2b3f3ac00d97021798aea8df9b30d5433071d80bc8eae
2025-06-09,HK,0.08201571041718125,p12v4m6-B-ppo-s1024,416ff1829ee756ca42b2b3f3ac00d97021798aea8df9b30d5433071d80bc8eae
2025-06-09,JP,0.179125408641994,p12v4m6-B-ppo-s1024,416ff1829ee756ca42b2b3f3ac00d97021798aea8df9b30d5433071d80bc8eae
2025-06-09,US,0.2816643533296883,p12v4m6-B-ppo-s1024,416ff1829ee756ca42b2b3f3ac00d97021798aea8df9b30d5433071d80bc8eae
2025-06-10,CN,0.18017093383241445,p12v4m6-B-ppo-s1024,416ff1829ee756ca42b2b3f3ac00d97021798aea8df9b30d5433071d80bc8eae
2025-06-10,HK,0.08159764902666211,p12v4m6-B-ppo-s1024,416ff1829ee756ca42b2b3f3ac00d97021798aea8df9b30d5433071d80bc8eae
2025-06-10,JP,0.17927062325179577,p12v4m6-B-ppo-s1024,416ff1829ee756ca42b2b3f3ac00d97021798aea8df9b30d5433071d80bc8eae
2025-06-10,US,0.2852694890461862,p12v4m6-B-ppo-s1024,416ff1829ee756ca42b2b3f3ac00d97021798aea8df9b30d5433071d80bc8eae
2025-06-11,CN,0.1827115201158449,p12v4m6-B-ppo-s1024,416ff1829ee756ca42b2b3f3ac00d97021798aea8df9b30d5433071d80bc8eae
2025-06-11,HK,0.08238275768235326,p12v4m6-B-ppo-s1024,416ff1829ee756ca42b2b3f3ac00d97021798aea8df9b30d5433071d80bc8eae
2025-06-11,JP,0.18057390488684177,p12v4m6-B-ppo-s1024,416ff1829ee756ca42b2b3f3ac00d97021798aea8df9b30d5433071d80bc8eae
2025-06-11,US,0.2806137534789741,p12v4m6-B-ppo-s1024,416ff1829ee756ca42b2b3f3ac00d97021798aea8df9b30d5433071d80bc8eae
2025-06-12,CN,0.18380953196901828,p12v4m6-B-ppo-s1024,416ff1829ee756ca42b2b3f3ac00d97021798aea8df9b30d5433071d80bc8eae
2025-06-12,HK,0.0816304194740951,p12v4m6-B-ppo-s1024,416ff1829ee756ca42b2b3f3ac00d97021798aea8df9b30d5433071d80bc8eae
2025-06-12,JP,0.1776920771226287,p12v4m6-B-ppo-s1024,416ff1829ee756ca42b2b3f3ac00d97021798aea8df9b30d5433071d80bc8eae
2025-06-12,US,0.28285172022879124,p12v4m6-B-ppo-s1024,416ff1829ee756ca42b2b3f3ac00d97021798aea8df9b30d5433071d80bc8eae
2025-06-13,CN,0.18322879425249994,p12v4m6-B-ppo-s1024,416ff1829ee756ca42b2b3f3ac00d97021798aea8df9b30d5433071d80bc8eae
2025-06-13,HK,0.08155370969325304,p12v4m6-B-ppo-s1024,416ff1829ee756ca42b2b3f3ac00d97021798aea8df9b30d5433071d80bc8eae
2025-06-13,JP,0.177490696310997,p12v4m6-B-ppo-s1024,416ff1829ee756ca42b2b3f3ac00d97021798aea8df9b30d5433071d80bc8eae
2025-06-13,US,0.2829089229926467,p12v4m6-B-ppo-s1024,416ff1829ee756ca42b2b3f3ac00d97021798aea8df9b30d5433071d80bc8eae
2025-06-16,CN,0.18468915147241205,p12v4m6-B-ppo-s1024,416ff1829ee756ca42b2b3f3ac00d97021798aea8df9b30d5433071d80bc8eae
2025-06-16,HK,0.08249005023390055,p12v4m6-B-ppo-s1024,416ff1829ee756ca42b2b3f3ac00d97021798aea8df9b30d5433071d80bc8eae
2025-06-16,JP,0.17892853450030088,p12v4m6-B-ppo-s1024,416ff1829ee756ca42b2b3f3ac00d97021798aea8df9b30d5433071d80bc8eae
2025-06-16,US,0.2806047801859677,p12v4m6-B-ppo-s1024,416ff1829ee756ca42b2b3f3ac00d97021798aea8df9b30d5433071d80bc8eae
2025-06-17,CN,0.17966434510890394,p12v4m6-B-ppo-s1024,416ff1829ee756ca42b2b3f3ac00d97021798aea8df9b30d5433071d80bc8eae
2025-06-17,HK,0.08252808637917042,p12v4m6-B-ppo-s1024,416ff1829ee756ca42b2b3f3ac00d97021798aea8df9b30d5433071d80bc8eae
2025-06-17,JP,0.18058559950441122,p12v4m6-B-ppo-s1024,416ff1829ee756ca42b2b3f3ac00d97021798aea8df9b30d5433071d80bc8eae
2025-06-17,US,0.282013600692153,p12v4m6-B-ppo-s1024,416ff1829ee756ca42b2b3f3ac00d97021798aea8df9b30d5433071d80bc8eae
2025-06-18,CN,0.178782713948749,p12v4m6-B-ppo-s1024,416ff1829ee756ca42b2b3f3ac00d97021798aea8df9b30d5433071d80bc8eae
2025-06-18,HK,0.08206039108335972,p12v4m6-B-ppo-s1024,416ff1829ee756ca42b2b3f3ac00d97021798aea8df9b30d5433071d80bc8eae
2025-06-18,JP,0.18130561616271734,p12v4m6-B-ppo-s1024,416ff1829ee756ca42b2b3f3ac00d97021798aea8df9b30d5433071d80bc8eae
2025-06-18,US,0.28277768287807703,p12v4m6-B-ppo-s1024,416ff1829ee756ca42b2b3f3ac00d97021798aea8df9b30d5433071d80bc8eae
2025-06-19,CN,0.18126692448277026,p12v4m6-B-ppo-s1024,416ff1829ee756ca42b2b3f3ac00d97021798aea8df9b30d5433071d80bc8eae
2025-06-19,HK,0.0816472927108407,p12v4m6-B-ppo-s1024,416ff1829ee756ca42b2b3f3ac00d97021798aea8df9b30d5433071d80bc8eae
2025-06-19,JP,0.17949179466813803,p12v4m6-B-ppo-s1024,416ff1829ee756ca42b2b3f3ac00d97021798aea8df9b30d5433071d80bc8eae
2025-06-19,US,0.2838126583956182,p12v4m6-B-ppo-s1024,416ff1829ee756ca42b2b3f3ac00d97021798aea8df9b30d5433071d80bc8eae
2025-06-20,CN,0.18178795231506228,p12v4m6-B-ppo-s1024,416ff1829ee756ca42b2b3f3ac00d97021798aea8df9b30d5433071d80bc8eae
2025-06-20,HK,0.08281622594222426,p12v4m6-B-ppo-s1024,416ff1829ee756ca42b2b3f3ac00d97021798aea8df9b30d5433071d80bc8eae
2025-06-20,JP,0.1793870236724615,p12v4m6-B-ppo-s1024,416ff1829ee756ca42b2b3f3ac00d97021798aea8df9b30d5433071d80bc8eae
2025-06-20,US,0.28172782668843865,p12v4m6-B-ppo-s1024,416ff1829ee756ca42b2b3f3ac00d97021798aea8df9b30d5433071d80bc8eae
2025-06-23,CN,0.18437229946721345,p12v4m6-B-ppo-s1024,416ff1829ee756ca42b2b3f3ac00d97021798aea8df9b30d5433071d80bc8eae
2025-06-23,HK,0.08283268753439188,p12v4m6-B-ppo-s1024,416ff1829ee756ca42b2b3f3ac00d97021798aea8df9b30d5433071d80bc8eae
2025-06-23,JP,0.17933155316859484,p12v4m6-B-ppo-s1024,416ff1829ee756ca42b2b3f3ac00d97021798aea8df9b30d5433071d80bc8eae
2025-06-23,US,0.281567616853863,p12v4m6-B-ppo-s1024,416ff1829ee756ca42b2b3f3ac00d97021798aea8df9b30d5433071d80bc8eae
2025-06-24,CN,0.1822964184684679,p12v4m6-B-ppo-s1024,416ff1829ee756ca42b2b3f3ac00d97021798aea8df9b30d5433071d80bc8eae
2025-06-24,HK,0.0831128885038197,p12v4m6-B-ppo-s1024,416ff1829ee756ca42b2b3f3ac00d97021798aea8df9b30d5433071d80bc8eae
2025-06-24,JP,0.17788733262568712,p12v4m6-B-ppo-s1024,416ff1829ee756ca42b2b3f3ac00d97021798aea8df9b30d5433071d80bc8eae
2025-06-24,US,0.2838054238818586,p12v4m6-B-ppo-s1024,416ff1829ee756ca42b2b3f3ac00d97021798aea8df9b30d5433071d80bc8eae
2025-06-25,CN,0.18212104658596218,p12v4m6-B-ppo-s1024,416ff1829ee756ca42b2b3f3ac00d97021798aea8df9b30d5433071d80bc8eae
2025-06-25,HK,0.08312631724402308,p12v4m6-B-ppo-s1024,416ff1829ee756ca42b2b3f3ac00d97021798aea8df9b30d5433071d80bc8eae
2025-06-25,JP,0.1799786640331149,p12v4m6-B-ppo-s1024,416ff1829ee756ca42b2b3f3ac00d97021798aea8df9b30d5433071d80bc8eae
2025-06-25,US,0.2804939108900726,p12v4m6-B-ppo-s1024,416ff1829ee756ca42b2b3f3ac00d97021798aea8df9b30d5433071d80bc8eae
2025-06-26,CN,0.18366383225657046,p12v4m6-B-ppo-s1024,416ff1829ee756ca42b2b3f3ac00d97021798aea8df9b30d5433071d80bc8eae
2025-06-26,HK,0.08179706195369363,p12v4m6-B-ppo-s1024,416ff1829ee756ca42b2b3f3ac00d97021798aea8df9b30d5433071d80bc8eae
2025-06-26,JP,0.1797500178217888,p12v4m6-B-ppo-s1024,416ff1829ee756ca42b2b3f3ac00d97021798aea8df9b30d5433071d80bc8eae
2025-06-26,US,0.28194560669362545,p12v4m6-B-ppo-s1024,416ff1829ee756ca42b2b3f3ac00d97021798aea8df9b30d5433071d80bc8eae
2025-06-27,CN,0.1827806697692722,p12v4m6-B-ppo-s1024,416ff1829ee756ca42b2b3f3ac00d97021798aea8df9b30d5433071d80bc8eae
2025-06-27,HK,0.08085546921938658,p12v4m6-B-ppo-s1024,416ff1829ee756ca42b2b3f3ac00d97021798aea8df9b30d5433071d80bc8eae
2025-06-27,JP,0.18012662511318922,p12v4m6-B-ppo-s1024,416ff1829ee756ca42b2b3f3ac00d97021798aea8df9b30d5433071d80bc8eae
2025-06-27,US,0.28219117503613234,p12v4m6-B-ppo-s1024,416ff1829ee756ca42b2b3f3ac00d97021798aea8df9b30d5433071d80bc8eae
2025-06-30,CN,0.18299249233677983,p12v4m6-B-ppo-s1024,416ff1829ee756ca42b2b3f3ac00d97021798aea8df9b30d5433071d80bc8eae
2025-06-30,HK,0.08155677514150739,p12v4m6-B-ppo-s1024,416ff1829ee756ca42b2b3f3ac00d97021798aea8df9b30d5433071d80bc8eae
2025-06-30,JP,0.1783238034695387,p12v4m6-B-ppo-s1024,416ff1829ee756ca42b2b3f3ac00d97021798aea8df9b30d5433071d80bc8eae
2025-06-30,US,0.28361344803124666,p12v4m6-B-ppo-s1024,416ff1829ee756ca42b2b3f3ac00d97021798aea8df9b30d5433071d80bc8eae
2025-07-01,CN,0.18019355612341315,p12v4m6-B-ppo-s1024,416ff1829ee756ca42b2b3f3ac00d97021798aea8df9b30d5433071d80bc8eae
2025-07-01,HK,0.08205095026642084,p12v4m6-B-ppo-s1024,416ff1829ee756ca42b2b3f3ac00d97021798aea8df9b30d5433071d80bc8eae
2025-07-01,JP,0.17832156643271446,p12v4m6-B-ppo-s1024,416ff1829ee756ca42b2b3f3ac00d97021798aea8df9b30d5433071d80bc8eae
2025-07-01,US,0.28549331333488226,p12v4m6-B-ppo-s1024,416ff1829ee756ca42b2b3f3ac00d97021798aea8df9b30d5433071d80bc8eae
2025-07-02,CN,0.18171951232943684,p12v4m6-B-ppo-s1024,416ff1829ee756ca42b2b3f3ac00d97021798aea8df9b30d5433071d80bc8eae
2025-07-02,HK,0.08176764659583569,p12v4m6-B-ppo-s1024,416ff1829ee756ca42b2b3f3ac00d97021798aea8df9b30d5433071d80bc8eae
2025-07-02,JP,0.18072697333991528,p12v4m6-B-ppo-s1024,416ff1829ee756ca42b2b3f3ac00d97021798aea8df9b30d5433071d80bc8eae
2025-07-02,US,0.2825113604776561,p12v4m6-B-ppo-s1024,416ff1829ee756ca42b2b3f3ac00d97021798aea8df9b30d5433071d80bc8eae
2025-07-03,CN,0.18173623026814312,p12v4m6-B-ppo-s1024,416ff1829ee756ca42b2b3f3ac00d97021798aea8df9b30d5433071d80bc8eae
2025-07-03,HK,0.08178476942703128,p12v4m6-B-ppo-s1024,416ff1829ee756ca42b2b3f3ac00d97021798aea8df9b30d5433071d80bc8eae
2025-07-03,JP,0.17952454555779696,p12v4m6-B-ppo-s1024,416ff1829ee756ca42b2b3f3ac00d97021798aea8df9b30d5433071d80bc8eae
2025-07-03,US,0.28271274315193295,p12v4m6-B-ppo-s1024,416ff1829ee756ca42b2b3f3ac00d97021798aea8df9b30d5433071d80bc8eae
2025-07-04,CN,0.18030933244153857,p12v4m6-B-ppo-s1024,416ff1829ee756ca42b2b3f3ac00d97021798aea8df9b30d5433071d80bc8eae
2025-07-04,HK,0.08248931588605046,p12v4m6-B-ppo-s1024,416ff1829ee756ca42b2b3f3ac00d97021798aea8df9b30d5433071d80bc8eae
2025-07-04,JP,0.17945015523582697,p12v4m6-B-ppo-s1024,416ff1829ee756ca42b2b3f3ac00d97021798aea8df9b30d5433071d80bc8eae
2025-07-04,US,0.28321100026369095,p12v4m6-B-ppo-s1024,416ff1829ee756ca42b2b3f3ac00d97021798aea8df9b30d5433071d80bc8eae
2025-07-07,CN,0.18425533105619252,p12v4m6-B-ppo-s1024,416ff1829ee756ca42b2b3f3ac00d97021798aea8df9b30d5433071d80bc8eae
2025-07-07,HK,0.08190898224711418,p12v4m6-B-ppo-s1024,416ff1829ee756ca42b2b3f3ac00d97021798aea8df9b30d5433071d80bc8eae
2025-07-07,JP,0.17920776829123497,p12v4m6-B-ppo-s1024,416ff1829ee756ca42b2b3f3ac00d97021798aea8df9b30d5433071d80bc8eae
2025-07-07,US,0.2806295841000974,p12v4m6-B-ppo-s1024,416ff1829ee756ca42b2b3f3ac00d97021798aea8df9b30d5433071d80bc8eae
2025-07-08,CN,0.18389968166593462,p12v4m6-B-ppo-s1024,416ff1829ee756ca42b2b3f3ac00d97021798aea8df9b30d5433071d80bc8eae
2025-07-08,HK,0.08207888435572386,p12v4m6-B-ppo-s1024,416ff1829ee756ca42b2b3f3ac00d97021798aea8df9b30d5433071d80bc8eae
2025-07-08,JP,0.1779213435947895,p12v4m6-B-ppo-s1024,416ff1829ee756ca42b2b3f3ac00d97021798aea8df9b30d5433071d80bc8eae
2025-07-08,US,0.2831126470118761,p12v4m6-B-ppo-s1024,416ff1829ee756ca42b2b3f3ac00d97021798aea8df9b30d5433071d80bc8eae
2025-07-09,CN,0.18046771769877523,p12v4m6-B-ppo-s1024,416ff1829ee756ca42b2b3f3ac00d97021798aea8df9b30d5433071d80bc8eae
2025-07-09,HK,0.08237327076494694,p12v4m6-B-ppo-s1024,416ff1829ee756ca42b2b3f3ac00d97021798aea8df9b30d5433071d80bc8eae
2025-07-09,JP,0.180103893391788,p12v4m6-B-ppo-s1024,416ff1829ee756ca42b2b3f3ac00d97021798aea8df9b30d5433071d80bc8eae
2025-07-09,US,0.2822901979088783,p12v4m6-B-ppo-s1024,416ff1829ee756ca42b2b3f3ac00d97021798aea8df9b30d5433071d80bc8eae
2025-07-10,CN,0.18236807559151202,p12v4m6-B-ppo-s1024,416ff1829ee756ca42b2b3f3ac00d97021798aea8df9b30d5433071d80bc8eae
2025-07-10,HK,0.08233537105843425,p12v4m6-B-ppo-s1024,416ff1829ee756ca42b2b3f3ac00d97021798aea8df9b30d5433071d80bc8eae
2025-07-10,JP,0.17838875856250525,p12v4m6-B-ppo-s1024,416ff1829ee756ca42b2b3f3ac00d97021798aea8df9b30d5433071d80bc8eae
2025-07-10,US,0.28304433450102806,p12v4m6-B-ppo-s1024,416ff1829ee756ca42b2b3f3ac00d97021798aea8df9b30d5433071d80bc8eae
2025-07-11,CN,0.18204408418387175,p12v4m6-B-ppo-s1024,416ff1829ee756ca42b2b3f3ac00d97021798aea8df9b30d5433071d80bc8eae
2025-07-11,HK,0.081514498218894,p12v4m6-B-ppo-s1024,416ff1829ee756ca42b2b3f3ac00d97021798aea8df9b30d5433071d80bc8eae
2025-07-11,JP,0.17911552917212248,p12v4m6-B-ppo-s1024,416ff1829ee756ca42b2b3f3ac00d97021798aea8df9b30d5433071d80bc8eae
2025-07-11,US,0.28319194354116917,p12v4m6-B-ppo-s1024,416ff1829ee756ca42b2b3f3ac00d97021798aea8df9b30d5433071d80bc8eae
2025-07-14,CN,0.18045339174568653,p12v4m6-B-ppo-s1024,416ff1829ee756ca42b2b3f3ac00d97021798aea8df9b30d5433071d80bc8eae
2025-07-14,HK,0.0821328996680677,p12v4m6-B-ppo-s1024,416ff1829ee756ca42b2b3f3ac00d97021798aea8df9b30d5433071d80bc8eae
2025-07-14,JP,0.17986774817109108,p12v4m6-B-ppo-s1024,416ff1829ee756ca42b2b3f3ac00d97021798aea8df9b30d5433071d80bc8eae
2025-07-14,US,0.2834154302254319,p12v4m6-B-ppo-s1024,416ff1829ee756ca42b2b3f3ac00d97021798aea8df9b30d5433071d80bc8eae
2025-07-15,CN,0.18191809416748583,p12v4m6-B-ppo-s1024,416ff1829ee756ca42b2b3f3ac00d97021798aea8df9b30d5433071d80bc8eae
2025-07-15,HK,0.08235598867759109,p12v4m6-B-ppo-s1024,416ff1829ee756ca42b2b3f3ac00d97021798aea8df9b30d5433071d80bc8eae
2025-07-15,JP,0.17980238143354654,p12v4m6-B-ppo-s1024,416ff1829ee756ca42b2b3f3ac00d97021798aea8df9b30d5433071d80bc8eae
2025-07-15,US,0.27954022493213415,p12v4m6-B-ppo-s1024,416ff1829ee756ca42b2b3f3ac00d97021798aea8df9b30d5433071d80bc8eae
2025-07-16,CN,0.1825285186059773,p12v4m6-B-ppo-s1024,416ff1829ee756ca42b2b3f3ac00d97021798aea8df9b30d5433071d80bc8eae
2025-07-16,HK,0.08166440948843956,p12v4m6-B-ppo-s1024,416ff1829ee756ca42b2b3f3ac00d97021798aea8df9b30d5433071d80bc8eae
2025-07-16,JP,0.17977685946971178,p12v4m6-B-ppo-s1024,416ff1829ee756ca42b2b3f3ac00d97021798aea8df9b30d5433071d80bc8eae
2025-07-16,US,0.28222072357311845,p12v4m6-B-ppo-s1024,416ff1829ee756ca42b2b3f3ac00d97021798aea8df9b30d5433071d80bc8eae
2025-07-17,CN,0.1824999275850132,p12v4m6-B-ppo-s1024,416ff1829ee756ca42b2b3f3ac00d97021798aea8df9b30d5433071d80bc8eae
2025-07-17,HK,0.08154729614034295,p12v4m6-B-ppo-s1024,416ff1829ee756ca42b2b3f3ac00d97021798aea8df9b30d5433071d80bc8eae
2025-07-17,JP,0.18005980737507343,p12v4m6-B-ppo-s1024,416ff1829ee756ca42b2b3f3ac00d97021798aea8df9b30d5433071d80bc8eae
2025-07-17,US,0.2832242287695408,p12v4m6-B-ppo-s1024,416ff1829ee756ca42b2b3f3ac00d97021798aea8df9b30d5433071d80bc8eae
2025-07-18,CN,0.18239297345280647,p12v4m6-B-ppo-s1024,416ff1829ee756ca42b2b3f3ac00d97021798aea8df9b30d5433071d80bc8eae
2025-07-18,HK,0.08212239062413573,p12v4m6-B-ppo-s1024,416ff1829ee756ca42b2b3f3ac00d97021798aea8df9b30d5433071d80bc8eae
2025-07-18,JP,0.17887614201754332,p12v4m6-B-ppo-s1024,416ff1829ee756ca42b2b3f3ac00d97021798aea8df9b30d5433071d80bc8eae
2025-07-18,US,0.2820029417052865,p12v4m6-B-ppo-s1024,416ff1829ee756ca42b2b3f3ac00d97021798aea8df9b30d5433071d80bc8eae
2025-07-21,CN,0.1832106519723311,p12v4m6-B-ppo-s1024,416ff1829ee756ca42b2b3f3ac00d97021798aea8df9b30d5433071d80bc8eae
2025-07-21,HK,0.08167140744626522,p12v4m6-B-ppo-s1024,416ff1829ee756ca42b2b3f3ac00d97021798aea8df9b30d5433071d80bc8eae
2025-07-21,JP,0.17886155378073454,p12v4m6-B-ppo-s1024,416ff1829ee756ca42b2b3f3ac00d97021798aea8df9b30d5433071d80bc8eae
2025-07-21,US,0.28212716430425644,p12v4m6-B-ppo-s1024,416ff1829ee756ca42b2b3f3ac00d97021798aea8df9b30d5433071d80bc8eae
2025-07-22,CN,0.18394155462738127,p12v4m6-B-ppo-s1024,416ff1829ee756ca42b2b3f3ac00d97021798aea8df9b30d5433071d80bc8eae
2025-07-22,HK,0.08143022609874606,p12v4m6-B-ppo-s1024,416ff1829ee756ca42b2b3f3ac00d97021798aea8df9b30d5433071d80bc8eae
2025-07-22,JP,0.17939584981650114,p12v4m6-B-ppo-s1024,416ff1829ee756ca42b2b3f3ac00d97021798aea8df9b30d5433071d80bc8eae
2025-07-22,US,0.2822131090797484,p12v4m6-B-ppo-s1024,416ff1829ee756ca42b2b3f3ac00d97021798aea8df9b30d5433071d80bc8eae
2025-07-23,CN,0.17656722583342344,p12v4m6-B-ppo-s1024,416ff1829ee756ca42b2b3f3ac00d97021798aea8df9b30d5433071d80bc8eae
2025-07-23,HK,0.08154923329129815,p12v4m6-B-ppo-s1024,416ff1829ee756ca42b2b3f3ac00d97021798aea8df9b30d5433071d80bc8eae
2025-07-23,JP,0.18139730766415596,p12v4m6-B-ppo-s1024,416ff1829ee756ca42b2b3f3ac00d97021798aea8df9b30d5433071d80bc8eae
2025-07-23,US,0.28573385579511523,p12v4m6-B-ppo-s1024,416ff1829ee756ca42b2b3f3ac00d97021798aea8df9b30d5433071d80bc8eae
2025-07-24,CN,0.1833287924528122,p12v4m6-B-ppo-s1024,416ff1829ee756ca42b2b3f3ac00d97021798aea8df9b30d5433071d80bc8eae
2025-07-24,HK,0.08217122917994857,p12v4m6-B-ppo-s1024,416ff1829ee756ca42b2b3f3ac00d97021798aea8df9b30d5433071d80bc8eae
2025-07-24,JP,0.17986636329442263,p12v4m6-B-ppo-s1024,416ff1829ee756ca42b2b3f3ac00d97021798aea8df9b30d5433071d80bc8eae
2025-07-24,US,0.28035620180889964,p12v4m6-B-ppo-s1024,416ff1829ee756ca42b2b3f3ac00d97021798aea8df9b30d5433071d80bc8eae
2025-07-25,CN,0.18088320340029895,p12v4m6-B-ppo-s1024,416ff1829ee756ca42b2b3f3ac00d97021798aea8df9b30d5433071d80bc8eae
2025-07-25,HK,0.08236818015575409,p12v4m6-B-ppo-s1024,416ff1829ee756ca42b2b3f3ac00d97021798aea8df9b30d5433071d80bc8eae
2025-07-25,JP,0.17919301986694336,p12v4m6-B-ppo-s1024,416ff1829ee756ca42b2b3f3ac00d97021798aea8df9b30d5433071d80bc8eae
2025-07-25,US,0.28219944378361106,p12v4m6-B-ppo-s1024,416ff1829ee756ca42b2b3f3ac00d97021798aea8df9b30d5433071d80bc8eae
2025-07-28,CN,0.18278763082344085,p12v4m6-B-ppo-s1024,416ff1829ee756ca42b2b3f3ac00d97021798aea8df9b30d5433071d80bc8eae
2025-07-28,HK,0.08159298077225685,p12v4m6-B-ppo-s1024,416ff1829ee756ca42b2b3f3ac00d97021798aea8df9b30d5433071d80bc8eae
2025-07-28,JP,0.1799088390544057,p12v4m6-B-ppo-s1024,416ff1829ee756ca42b2b3f3ac00d97021798aea8df9b30d5433071d80bc8eae
2025-07-28,US,0.28045102022588253,p12v4m6-B-ppo-s1024,416ff1829ee756ca42b2b3f3ac00d97021798aea8df9b30d5433071d80bc8eae
2025-07-29,CN,0.18253978539723903,p12v4m6-B-ppo-s1024,416ff1829ee756ca42b2b3f3ac00d97021798aea8df9b30d5433071d80bc8eae
2025-07-29,HK,0.08196045411750674,p12v4m6-B-ppo-s1024,416ff1829ee756ca42b2b3f3ac00d97021798aea8df9b30d5433071d80bc8eae
2025-07-29,JP,0.1789344446733594,p12v4m6-B-ppo-s1024,416ff1829ee756ca42b2b3f3ac00d97021798aea8df9b30d5433071d80bc8eae
2025-07-29,US,0.2814757996238768,p12v4m6-B-ppo-s1024,416ff1829ee756ca42b2b3f3ac00d97021798aea8df9b30d5433071d80bc8eae
2025-07-30,CN,0.18225905823055655,p12v4m6-B-ppo-s1024,416ff1829ee756ca42b2b3f3ac00d97021798aea8df9b30d5433071d80bc8eae
2025-07-30,HK,0.08126563299447298,p12v4m6-B-ppo-s1024,416ff1829ee756ca42b2b3f3ac00d97021798aea8df9b30d5433071d80bc8eae
2025-07-30,JP,0.18055537808686495,p12v4m6-B-ppo-s1024,416ff1829ee756ca42b2b3f3ac00d97021798aea8df9b30d5433071d80bc8eae
2025-07-30,US,0.2818611431866884,p12v4m6-B-ppo-s1024,416ff1829ee756ca42b2b3f3ac00d97021798aea8df9b30d5433071d80bc8eae
2025-07-31,CN,0.18229848251212388,p12v4m6-B-ppo-s1024,416ff1829ee756ca42b2b3f3ac00d97021798aea8df9b30d5433071d80bc8eae
2025-07-31,HK,0.08190785720944405,p12v4m6-B-ppo-s1024,416ff1829ee756ca42b2b3f3ac00d97021798aea8df9b30d5433071d80bc8eae
2025-07-31,JP,0.18086943589150906,p12v4m6-B-ppo-s1024,416ff1829ee756ca42b2b3f3ac00d97021798aea8df9b30d5433071d80bc8eae
2025-07-31,US,0.2801530505530536,p12v4m6-B-ppo-s1024,416ff1829ee756ca42b2b3f3ac00d97021798aea8df9b30d5433071d80bc8eae
2025-08-01,CN,0.18155017553362995,p12v4m6-B-ppo-s1024,416ff1829ee756ca42b2b3f3ac00d97021798aea8df9b30d5433071d80bc8eae
2025-08-01,HK,0.08178405277431011,p12v4m6-B-ppo-s1024,416ff1829ee756ca42b2b3f3ac00d97021798aea8df9b30d5433071d80bc8eae
2025-08-01,JP,0.18101562466472387,p12v4m6-B-ppo-s1024,416ff1829ee756ca42b2b3f3ac00d97021798aea8df9b30d5433071d80bc8eae
2025-08-01,US,0.281201817560941,p12v4m6-B-ppo-s1024,416ff1829ee756ca42b2b3f3ac00d97021798aea8df9b30d5433071d80bc8eae
2025-08-04,CN,0.18340353877283633,p12v4m6-B-ppo-s1024,416ff1829ee756ca42b2b3f3ac00d97021798aea8df9b30d5433071d80bc8eae
2025-08-04,HK,0.08214226318523288,p12v4m6-B-ppo-s1024,416ff1829ee756ca42b2b3f3ac00d97021798aea8df9b30d5433071d80bc8eae
2025-08-04,JP,0.17917852383106947,p12v4m6-B-ppo-s1024,416ff1829ee756ca42b2b3f3ac00d97021798aea8df9b30d5433071d80bc8eae
2025-08-04,US,0.2820290899835527,p12v4m6-B-ppo-s1024,416ff1829ee756ca42b2b3f3ac00d97021798aea8df9b30d5433071d80bc8eae
2025-08-05,CN,0.18215073843020946,p12v4m6-B-ppo-s1024,416ff1829ee756ca42b2b3f3ac00d97021798aea8df9b30d5433071d80bc8eae
2025-08-05,HK,0.08239709073677659,p12v4m6-B-ppo-s1024,416ff1829ee756ca42b2b3f3ac00d97021798aea8df9b30d5433071d80bc8eae
2025-08-05,JP,0.1802214551717043,p12v4m6-B-ppo-s1024,416ff1829ee756ca42b2b3f3ac00d97021798aea8df9b30d5433071d80bc8eae
2025-08-05,US,0.282108124345541,p12v4m6-B-ppo-s1024,416ff1829ee756ca42b2b3f3ac00d97021798aea8df9b30d5433071d80bc8eae
2025-08-06,CN,0.18326771049760282,p12v4m6-B-ppo-s1024,416ff1829ee756ca42b2b3f3ac00d97021798aea8df9b30d5433071d80bc8eae
2025-08-06,HK,0.08197221392765641,p12v4m6-B-ppo-s1024,416ff1829ee756ca42b2b3f3ac00d97021798aea8df9b30d5433071d80bc8eae
2025-08-06,JP,0.18064745794981718,p12v4m6-B-ppo-s1024,416ff1829ee756ca42b2b3f3ac00d97021798aea8df9b30d5433071d80bc8eae
2025-08-06,US,0.2799163111485541,p12v4m6-B-ppo-s1024,416ff1829ee756ca42b2b3f3ac00d97021798aea8df9b30d5433071d80bc8eae
2025-08-07,CN,0.18484519282355905,p12v4m6-B-ppo-s1024,416ff1829ee756ca42b2b3f3ac00d97021798aea8df9b30d5433071d80bc8eae
2025-08-07,HK,0.08201621938496828,p12v4m6-B-ppo-s1024,416ff1829ee756ca42b2b3f3ac00d97021798aea8df9b30d5433071d80bc8eae
2025-08-07,JP,0.18065815046429634,p12v4m6-B-ppo-s1024,416ff1829ee756ca42b2b3f3ac00d97021798aea8df9b30d5433071d80bc8eae
2025-08-07,US,0.2789251976646483,p12v4m6-B-ppo-s1024,416ff1829ee756ca42b2b3f3ac00d97021798aea8df9b30d5433071d80bc8eae
2025-08-08,CN,0.1818282884778455,p12v4m6-B-ppo-s1024,416ff1829ee756ca42b2b3f3ac00d97021798aea8df9b30d5433071d80bc8eae
2025-08-08,HK,0.08167425217106938,p12v4m6-B-ppo-s1024,416ff1829ee756ca42b2b3f3ac00d97021798aea8df9b30d5433071d80bc8eae
2025-08-08,JP,0.18110787868499756,p12v4m6-B-ppo-s1024,416ff1829ee756ca42b2b3f3ac00d97021798aea8df9b30d5433071d80bc8eae
2025-08-08,US,0.2811436029151082,p12v4m6-B-ppo-s1024,416ff1829ee756ca42b2b3f3ac00d97021798aea8df9b30d5433071d80bc8eae
2025-08-11,CN,0.18203162867575884,p12v4m6-B-ppo-s1024,416ff1829ee756ca42b2b3f3ac00d97021798aea8df9b30d5433071d80bc8eae
2025-08-11,HK,0.0822362513281405,p12v4m6-B-ppo-s1024,416ff1829ee756ca42b2b3f3ac00d97021798aea8df9b30d5433071d80bc8eae
2025-08-11,JP,0.1810827422887087,p12v4m6-B-ppo-s1024,416ff1829ee756ca42b2b3f3ac00d97021798aea8df9b30d5433071d80bc8eae
2025-08-11,US,0.28105021733790636,p12v4m6-B-ppo-s1024,416ff1829ee756ca42b2b3f3ac00d97021798aea8df9b30d5433071d80bc8eae
2025-08-12,CN,0.18110576132312417,p12v4m6-B-ppo-s1024,416ff1829ee756ca42b2b3f3ac00d97021798aea8df9b30d5433071d80bc8eae
2025-08-12,HK,0.08168247016146779,p12v4m6-B-ppo-s1024,416ff1829ee756ca42b2b3f3ac00d97021798aea8df9b30d5433071d80bc8eae
2025-08-12,JP,0.1812794702127576,p12v4m6-B-ppo-s1024,416ff1829ee756ca42b2b3f3ac00d97021798aea8df9b30d5433071d80bc8eae
2025-08-12,US,0.28334470093250275,p12v4m6-B-ppo-s1024,416ff1829ee756ca42b2b3f3ac00d97021798aea8df9b30d5433071d80bc8eae
2025-08-13,CN,0.18159230996388942,p12v4m6-B-ppo-s1024,416ff1829ee756ca42b2b3f3ac00d97021798aea8df9b30d5433071d80bc8eae
2025-08-13,HK,0.08120659226551652,p12v4m6-B-ppo-s1024,416ff1829ee756ca42b2b3f3ac00d97021798aea8df9b30d5433071d80bc8eae
2025-08-13,JP,0.17913453187793493,p12v4m6-B-ppo-s1024,416ff1829ee756ca42b2b3f3ac00d97021798aea8df9b30d5433071d80bc8eae
2025-08-13,US,0.28429629001766443,p12v4m6-B-ppo-s1024,416ff1829ee756ca42b2b3f3ac00d97021798aea8df9b30d5433071d80bc8eae
2025-08-14,CN,0.17867325386032462,p12v4m6-B-ppo-s1024,416ff1829ee756ca42b2b3f3ac00d97021798aea8df9b30d5433071d80bc8eae
2025-08-14,HK,0.08239196706563234,p12v4m6-B-ppo-s1024,416ff1829ee756ca42b2b3f3ac00d97021798aea8df9b30d5433071d80bc8eae
2025-08-14,JP,0.17900596279650927,p12v4m6-B-ppo-s1024,416ff1829ee756ca42b2b3f3ac00d97021798aea8df9b30d5433071d80bc8eae
2025-08-14,US,0.2835352439433336,p12v4m6-B-ppo-s1024,416ff1829ee756ca42b2b3f3ac00d97021798aea8df9b30d5433071d80bc8eae
2025-08-15,CN,0.1835523466579616,p12v4m6-B-ppo-s1024,416ff1829ee756ca42b2b3f3ac00d97021798aea8df9b30d5433071d80bc8eae
2025-08-15,HK,0.08153843460604548,p12v4m6-B-ppo-s1024,416ff1829ee756ca42b2b3f3ac00d97021798aea8df9b30d5433071d80bc8eae
2025-08-15,JP,0.18026338890194893,p12v4m6-B-ppo-s1024,416ff1829ee756ca42b2b3f3ac00d97021798aea8df9b30d5433071d80bc8eae
2025-08-15,US,0.28082737419754267,p12v4m6-B-ppo-s1024,416ff1829ee756ca42b2b3f3ac00d97021798aea8df9b30d5433071d80bc8eae
2025-08-18,CN,0.18332115409430116,p12v4m6-B-ppo-s1024,416ff1829ee756ca42b2b3f3ac00d97021798aea8df9b30d5433071d80bc8eae
2025-08-18,HK,0.08188455458730459,p12v4m6-B-ppo-s1024,416ff1829ee756ca42b2b3f3ac00d97021798aea8df9b30d5433071d80bc8eae
2025-08-18,JP,0.1800770852714777,p12v4m6-B-ppo-s1024,416ff1829ee756ca42b2b3f3ac00d97021798aea8df9b30d5433071d80bc8eae
2025-08-18,US,0.28112931549549103,p12v4m6-B-ppo-s1024,416ff1829ee756ca42b2b3f3ac00d97021798aea8df9b30d5433071d80bc8eae
2025-08-19,CN,0.1799656986258924,p12v4m6-B-ppo-s1024,416ff1829ee756ca42b2b3f3ac00d97021798aea8df9b30d5433071d80bc8eae
2025-08-19,HK,0.08222097298130393,p12v4m6-B-ppo-s1024,416ff1829ee756ca42b2b3f3ac00d97021798aea8df9b30d5433071d80bc8eae
2025-08-19,JP,0.18140125088393688,p12v4m6-B-ppo-s1024,416ff1829ee756ca42b2b3f3ac00d97021798aea8df9b30d5433071d80bc8eae
2025-08-19,US,0.2826898191124201,p12v4m6-B-ppo-s1024,416ff1829ee756ca42b2b3f3ac00d97021798aea8df9b30d5433071d80bc8eae
2025-08-20,CN,0.18336599448230118,p12v4m6-B-ppo-s1024,416ff1829ee756ca42b2b3f3ac00d97021798aea8df9b30d5433071d80bc8eae
2025-08-20,HK,0.08275487925857306,p12v4m6-B-ppo-s1024,416ff1829ee756ca42b2b3f3ac00d97021798aea8df9b30d5433071d80bc8eae
2025-08-20,JP,0.17947564739733934,p12v4m6-B-ppo-s1024,416ff1829ee756ca42b2b3f3ac00d97021798aea8df9b30d5433071d80bc8eae
2025-08-20,US,0.2798933940939605,p12v4m6-B-ppo-s1024,416ff1829ee756ca42b2b3f3ac00d97021798aea8df9b30d5433071d80bc8eae
2025-08-21,CN,0.18184602994006127,p12v4m6-B-ppo-s1024,416ff1829ee756ca42b2b3f3ac00d97021798aea8df9b30d5433071d80bc8eae
2025-08-21,HK,0.0814996580593288,p12v4m6-B-ppo-s1024,416ff1829ee756ca42b2b3f3ac00d97021798aea8df9b30d5433071d80bc8eae
2025-08-21,JP,0.17926990799605846,p12v4m6-B-ppo-s1024,416ff1829ee756ca42b2b3f3ac00d97021798aea8df9b30d5433071d80bc8eae
2025-08-21,US,0.2827445799484849,p12v4m6-B-ppo-s1024,416ff1829ee756ca42b2b3f3ac00d97021798aea8df9b30d5433071d80bc8eae
2025-08-22,CN,0.18140571715775877,p12v4m6-B-ppo-s1024,416ff1829ee756ca42b2b3f3ac00d97021798aea8df9b30d5433071d80bc8eae
2025-08-22,HK,0.08189110271632671,p12v4m6-B-ppo-s1024,416ff1829ee756ca42b2b3f3ac00d97021798aea8df9b30d5433071d80bc8eae
2025-08-22,JP,0.17869020625948906,p12v4m6-B-ppo-s1024,416ff1829ee756ca42b2b3f3ac00d97021798aea8df9b30d5433071d80bc8eae
2025-08-22,US,0.2841970189474523,p12v4m6-B-ppo-s1024,416ff1829ee756ca42b2b3f3ac00d97021798aea8df9b30d5433071d80bc8eae
2025-08-25,CN,0.1814644739497453,p12v4m6-B-ppo-s1024,416ff1829ee756ca42b2b3f3ac00d97021798aea8df9b30d5433071d80bc8eae
2025-08-25,HK,0.08272130135446787,p12v4m6-B-ppo-s1024,416ff1829ee756ca42b2b3f3ac00d97021798aea8df9b30d5433071d80bc8eae
2025-08-25,JP,0.17867816891521215,p12v4m6-B-ppo-s1024,416ff1829ee756ca42b2b3f3ac00d97021798aea8df9b30d5433071d80bc8eae
2025-08-25,US,0.2816732474602759,p12v4m6-B-ppo-s1024,416ff1829ee756ca42b2b3f3ac00d97021798aea8df9b30d5433071d80bc8eae
2025-08-26,CN,0.18246886122506112,p12v4m6-B-ppo-s1024,416ff1829ee756ca42b2b3f3ac00d97021798aea8df9b30d5433071d80bc8eae
2025-08-26,HK,0.08186301263049245,p12v4m6-B-ppo-s1024,416ff1829ee756ca42b2b3f3ac00d97021798aea8df9b30d5433071d80bc8eae
2025-08-26,JP,0.17920565325766802,p12v4m6-B-ppo-s1024,416ff1829ee756ca42b2b3f3ac00d97021798aea8df9b30d5433071d80bc8eae
2025-08-26,US,0.2817559000104666,p12v4m6-B-ppo-s1024,416ff1829ee756ca42b2b3f3ac00d97021798aea8df9b30d5433071d80bc8eae
2025-08-27,CN,0.17833276104647666,p12v4m6-B-ppo-s1024,416ff1829ee756ca42b2b3f3ac00d97021798aea8df9b30d5433071d80bc8eae
2025-08-27,HK,0.08168920315802097,p12v4m6-B-ppo-s1024,416ff1829ee756ca42b2b3f3ac00d97021798aea8df9b30d5433071d80bc8eae
2025-08-27,JP,0.18058403488248587,p12v4m6-B-ppo-s1024,416ff1829ee756ca42b2b3f3ac00d97021798aea8df9b30d5433071d80bc8eae
2025-08-27,US,0.2842039689421654,p12v4m6-B-ppo-s1024,416ff1829ee756ca42b2b3f3ac00d97021798aea8df9b30d5433071d80bc8eae
2025-08-28,CN,0.18305215507280082,p12v4m6-B-ppo-s1024,416ff1829ee756ca42b2b3f3ac00d97021798aea8df9b30d5433071d80bc8eae
2025-08-28,HK,0.08233690215274692,p12v4m6-B-ppo-s1024,416ff1829ee756ca42b2b3f3ac00d97021798aea8df9b30d5433071d80bc8eae
2025-08-28,JP,0.1801416864618659,p12v4m6-B-ppo-s1024,416ff1829ee756ca42b2b3f3ac00d97021798aea8df9b30d5433071d80bc8eae
2025-08-28,US,0.28125996328890324,p12v4m6-B-ppo-s1024,416ff1829ee756ca42b2b3f3ac00d97021798aea8df9b30d5433071d80bc8eae
2025-08-29,CN,0.18000087013933808,p12v4m6-B-ppo-s1024,416ff1829ee756ca42b2b3f3ac00d97021798aea8df9b30d5433071d80bc8eae
2025-08-29,HK,0.08143075928092003,p12v4m6-B-ppo-s1024,416ff1829ee756ca42b2b3f3ac00d97021798aea8df9b30d5433071d80bc8eae
2025-08-29,JP,0.18023991212248802,p12v4m6-B-ppo-s1024,416ff1829ee756ca42b2b3f3ac00d97021798aea8df9b30d5433071d80bc8eae
2025-08-29,US,0.28352842712774873,p12v4m6-B-ppo-s1024,416ff1829ee756ca42b2b3f3ac00d97021798aea8df9b30d5433071d80bc8eae
2025-09-01,CN,0.185534474439919,p12v4m6-B-ppo-s1024,416ff1829ee756ca42b2b3f3ac00d97021798aea8df9b30d5433071d80bc8eae
2025-09-01,HK,0.08124224422499537,p12v4m6-B-ppo-s1024,416ff1829ee756ca42b2b3f3ac00d97021798aea8df9b30d5433071d80bc8eae
2025-09-01,JP,0.17990010604262352,p12v4m6-B-ppo-s1024,416ff1829ee756ca42b2b3f3ac00d97021798aea8df9b30d5433071d80bc8eae
2025-09-01,US,0.28167926566675305,p12v4m6-B-ppo-s1024,416ff1829ee756ca42b2b3f3ac00d97021798aea8df9b30d5433071d80bc8eae
2025-09-02,CN,0.1783937580185011,p12v4m6-B-ppo-s1024,416ff1829ee756ca42b2b3f3ac00d97021798aea8df9b30d5433071d80bc8eae
2025-09-02,HK,0.08174536796286702,p12v4m6-B-ppo-s1024,416ff1829ee756ca42b2b3f3ac00d97021798aea8df9b30d5433071d80bc8eae
2025-09-02,JP,0.180234482511878,p12v4m6-B-ppo-s1024,416ff1829ee756ca42b2b3f3ac00d97021798aea8df9b30d5433071d80bc8eae
2025-09-02,US,0.28459716867655516,p12v4m6-B-ppo-s1024,416ff1829ee756ca42b2b3f3ac00d97021798aea8df9b30d5433071d80bc8eae
2025-09-03,CN,0.17797835206147283,p12v4m6-B-ppo-s1024,416ff1829ee756ca42b2b3f3ac00d97021798aea8df9b30d5433071d80bc8eae
2025-09-03,HK,0.08271016040816903,p12v4m6-B-ppo-s1024,416ff1829ee756ca42b2b3f3ac00d97021798aea8df9b30d5433071d80bc8eae
2025-09-03,JP,0.18059065099805593,p12v4m6-B-ppo-s1024,416ff1829ee756ca42b2b3f3ac00d97021798aea8df9b30d5433071d80bc8eae
2025-09-03,US,0.2831979338079691,p12v4m6-B-ppo-s1024,416ff1829ee756ca42b2b3f3ac00d97021798aea8df9b30d5433071d80bc8eae
2025-09-04,CN,0.18279359035659581,p12v4m6-B-ppo-s1024,416ff1829ee756ca42b2b3f3ac00d97021798aea8df9b30d5433071d80bc8eae
2025-09-04,HK,0.08141932357102633,p12v4m6-B-ppo-s1024,416ff1829ee756ca42b2b3f3ac00d97021798aea8df9b30d5433071d80bc8eae
2025-09-04,JP,0.17937718518078327,p12v4m6-B-ppo-s1024,416ff1829ee756ca42b2b3f3ac00d97021798aea8df9b30d5433071d80bc8eae
2025-09-04,US,0.2829873776063323,p12v4m6-B-ppo-s1024,416ff1829ee756ca42b2b3f3ac00d97021798aea8df9b30d5433071d80bc8eae
2025-09-05,CN,0.18046900595072657,p12v4m6-B-ppo-s1024,416ff1829ee756ca42b2b3f3ac00d97021798aea8df9b30d5433071d80bc8eae
2025-09-05,HK,0.08297872403636575,p12v4m6-B-ppo-s1024,416ff1829ee756ca42b2b3f3ac00d97021798aea8df9b30d5433071d80bc8eae
2025-09-05,JP,0.1796523593366146,p12v4m6-B-ppo-s1024,416ff1829ee756ca42b2b3f3ac00d97021798aea8df9b30d5433071d80bc8eae
2025-09-05,US,0.28156350599601865,p12v4m6-B-ppo-s1024,416ff1829ee756ca42b2b3f3ac00d97021798aea8df9b30d5433071d80bc8eae
2025-09-08,CN,0.18147795728873461,p12v4m6-B-ppo-s1024,416ff1829ee756ca42b2b3f3ac00d97021798aea8df9b30d5433071d80bc8eae
2025-09-08,HK,0.08153920527547598,p12v4m6-B-ppo-s1024,416ff1829ee756ca42b2b3f3ac00d97021798aea8df9b30d5433071d80bc8eae
2025-09-08,JP,0.17865796200931072,p12v4m6-B-ppo-s1024,416ff1829ee756ca42b2b3f3ac00d97021798aea8df9b30d5433071d80bc8eae
2025-09-08,US,0.2844302412122488,p12v4m6-B-ppo-s1024,416ff1829ee756ca42b2b3f3ac00d97021798aea8df9b30d5433071d80bc8eae
2025-09-09,CN,0.18074539792723954,p12v4m6-B-ppo-s1024,416ff1829ee756ca42b2b3f3ac00d97021798aea8df9b30d5433071d80bc8eae
2025-09-09,HK,0.08159157494083047,p12v4m6-B-ppo-s1024,416ff1829ee756ca42b2b3f3ac00d97021798aea8df9b30d5433071d80bc8eae
2025-09-09,JP,0.18082620203495026,p12v4m6-B-ppo-s1024,416ff1829ee756ca42b2b3f3ac00d97021798aea8df9b30d5433071d80bc8eae
2025-09-09,US,0.2807781472802162,p12v4m6-B-ppo-s1024,416ff1829ee756ca42b2b3f3ac00d97021798aea8df9b30d5433071d80bc8eae
2025-09-10,CN,0.18241683603264391,p12v4m6-B-ppo-s1024,416ff1829ee756ca42b2b3f3ac00d97021798aea8df9b30d5433071d80bc8eae
2025-09-10,HK,0.0822780430316925,p12v4m6-B-ppo-s1024,416ff1829ee756ca42b2b3f3ac00d97021798aea8df9b30d5433071d80bc8eae
2025-09-10,JP,0.17893312312662601,p12v4m6-B-ppo-s1024,416ff1829ee756ca42b2b3f3ac00d97021798aea8df9b30d5433071d80bc8eae
2025-09-10,US,0.28249975107610226,p12v4m6-B-ppo-s1024,416ff1829ee756ca42b2b3f3ac00d97021798aea8df9b30d5433071d80bc8eae
2025-09-11,CN,0.1813058975385502,p12v4m6-B-ppo-s1024,416ff1829ee756ca42b2b3f3ac00d97021798aea8df9b30d5433071d80bc8eae
2025-09-11,HK,0.08264850359410048,p12v4m6-B-ppo-s1024,416ff1829ee756ca42b2b3f3ac00d97021798aea8df9b30d5433071d80bc8eae
2025-09-11,JP,0.17908669542521238,p12v4m6-B-ppo-s1024,416ff1829ee756ca42b2b3f3ac00d97021798aea8df9b30d5433071d80bc8eae
2025-09-11,US,0.2837739451788366,p12v4m6-B-ppo-s1024,416ff1829ee756ca42b2b3f3ac00d97021798aea8df9b30d5433071d80bc8eae
2025-09-12,CN,0.18160624033771455,p12v4m6-B-ppo-s1024,416ff1829ee756ca42b2b3f3ac00d97021798aea8df9b30d5433071d80bc8eae
2025-09-12,HK,0.08151888754218817,p12v4m6-B-ppo-s1024,416ff1829ee756ca42b2b3f3ac00d97021798aea8df9b30d5433071d80bc8eae
2025-09-12,JP,0.17837099451571703,p12v4m6-B-ppo-s1024,416ff1829ee756ca42b2b3f3ac00d97021798aea8df9b30d5433071d80bc8eae
2025-09-12,US,0.28215174097567797,p12v4m6-B-ppo-s1024,416ff1829ee756ca42b2b3f3ac00d97021798aea8df9b30d5433071d80bc8eae
2025-09-15,CN,0.1811277805827558,p12v4m6-B-ppo-s1024,416ff1829ee756ca42b2b3f3ac00d97021798aea8df9b30d5433071d80bc8eae
2025-09-15,HK,0.08229286642745137,p12v4m6-B-ppo-s1024,416ff1829ee756ca42b2b3f3ac00d97021798aea8df9b30d5433071d80bc8eae
2025-09-15,JP,0.17922326736152172,p12v4m6-B-ppo-s1024,416ff1829ee756ca42b2b3f3ac00d97021798aea8df9b30d5433071d80bc8eae
2025-09-15,US,0.2815096634440124,p12v4m6-B-ppo-s1024,416ff1829ee756ca42b2b3f3ac00d97021798aea8df9b30d5433071d80bc8eae
2025-09-16,CN,0.1804603700293228,p12v4m6-B-ppo-s1024,416ff1829ee756ca42b2b3f3ac00d97021798aea8df9b30d5433071d80bc8eae
2025-09-16,HK,0.08260810980573297,p12v4m6-B-ppo-s1024,416ff1829ee756ca42b2b3f3ac00d97021798aea8df9b30d5433071d80bc8eae
2025-09-16,JP,0.1801299685612321,p12v4m6-B-ppo-s1024,416ff1829ee756ca42b2b3f3ac00d97021798aea8df9b30d5433071d80bc8eae
2025-09-16,US,0.2810835135169327,p12v4m6-B-ppo-s1024,416ff1829ee756ca42b2b3f3ac00d97021798aea8df9b30d5433071d80bc8eae
2025-09-17,CN,0.18080705462489277,p12v4m6-B-ppo-s1024,416ff1829ee756ca42b2b3f3ac00d97021798aea8df9b30d5433071d80bc8eae
2025-09-17,HK,0.08199552400037646,p12v4m6-B-ppo-s1024,416ff1829ee756ca42b2b3f3ac00d97021798aea8df9b30d5433071d80bc8eae
2025-09-17,JP,0.17952520865947008,p12v4m6-B-ppo-s1024,416ff1829ee756ca42b2b3f3ac00d97021798aea8df9b30d5433071d80bc8eae
2025-09-17,US,0.2830004459246993,p12v4m6-B-ppo-s1024,416ff1829ee756ca42b2b3f3ac00d97021798aea8df9b30d5433071d80bc8eae
2025-09-18,CN,0.18082012503873557,p12v4m6-B-ppo-s1024,416ff1829ee756ca42b2b3f3ac00d97021798aea8df9b30d5433071d80bc8eae
2025-09-18,HK,0.08091205824166536,p12v4m6-B-ppo-s1024,416ff1829ee756ca42b2b3f3ac00d97021798aea8df9b30d5433071d80bc8eae
2025-09-18,JP,0.17979332711547613,p12v4m6-B-ppo-s1024,416ff1829ee756ca42b2b3f3ac00d97021798aea8df9b30d5433071d80bc8eae
2025-09-18,US,0.282548388466239,p12v4m6-B-ppo-s1024,416ff1829ee756ca42b2b3f3ac00d97021798aea8df9b30d5433071d80bc8eae
2025-09-19,CN,0.18225022277329117,p12v4m6-B-ppo-s1024,416ff1829ee756ca42b2b3f3ac00d97021798aea8df9b30d5433071d80bc8eae
2025-09-19,HK,0.08180422941222787,p12v4m6-B-ppo-s1024,416ff1829ee756ca42b2b3f3ac00d97021798aea8df9b30d5433071d80bc8eae
2025-09-19,JP,0.1780541418120265,p12v4m6-B-ppo-s1024,416ff1829ee756ca42b2b3f3ac00d97021798aea8df9b30d5433071d80bc8eae
2025-09-19,US,0.2822686629369855,p12v4m6-B-ppo-s1024,416ff1829ee756ca42b2b3f3ac00d97021798aea8df9b30d5433071d80bc8eae
2025-09-22,CN,0.18085465184412897,p12v4m6-B-ppo-s1024,416ff1829ee756ca42b2b3f3ac00d97021798aea8df9b30d5433071d80bc8eae
2025-09-22,HK,0.08113667462021112,p12v4m6-B-ppo-s1024,416ff1829ee756ca42b2b3f3ac00d97021798aea8df9b30d5433071d80bc8eae
2025-09-22,JP,0.17822647001594305,p12v4m6-B-ppo-s1024,416ff1829ee756ca42b2b3f3ac00d97021798aea8df9b30d5433071d80bc8eae
2025-09-22,US,0.2848686329089105,p12v4m6-B-ppo-s1024,416ff1829ee756ca42b2b3f3ac00d97021798aea8df9b30d5433071d80bc8eae
2025-09-23,CN,0.1791727098170668,p12v4m6-B-ppo-s1024,416ff1829ee756ca42b2b3f3ac00d97021798aea8df9b30d5433071d80bc8eae
2025-09-23,HK,0.08155663963407278,p12v4m6-B-ppo-s1024,416ff1829ee756ca42b2b3f3ac00d97021798aea8df9b30d5433071d80bc8eae
2025-09-23,JP,0.1782874148339033,p12v4m6-B-ppo-s1024,416ff1829ee756ca42b2b3f3ac00d97021798aea8df9b30d5433071d80bc8eae
2025-09-23,US,0.2853164914995432,p12v4m6-B-ppo-s1024,416ff1829ee756ca42b2b3f3ac00d97021798aea8df9b30d5433071d80bc8eae
2025-09-24,CN,0.18248823937028646,p12v4m6-B-ppo-s1024,416ff1829ee756ca42b2b3f3ac00d97021798aea8df9b30d5433071d80bc8eae
2025-09-24,HK,0.0821372140198946,p12v4m6-B-ppo-s1024,416ff1829ee756ca42b2b3f3ac00d97021798aea8df9b30d5433071d80bc8eae
2025-09-24,JP,0.1791106080636382,p12v4m6-B-ppo-s1024,416ff1829ee756ca42b2b3f3ac00d97021798aea8df9b30d5433071d80bc8eae
2025-09-24,US,0.28155733132734895,p12v4m6-B-ppo-s1024,416ff1829ee756ca42b2b3f3ac00d97021798aea8df9b30d5433071d80bc8eae
2025-09-25,CN,0.17923934501595795,p12v4m6-B-ppo-s1024,416ff1829ee756ca42b2b3f3ac00d97021798aea8df9b30d5433071d80bc8eae
2025-09-25,HK,0.08233391866087914,p12v4m6-B-ppo-s1024,416ff1829ee756ca42b2b3f3ac00d97021798aea8df9b30d5433071d80bc8eae
2025-09-25,JP,0.1797791039571166,p12v4m6-B-ppo-s1024,416ff1829ee756ca42b2b3f3ac00d97021798aea8df9b30d5433071d80bc8eae
2025-09-25,US,0.2831810344941914,p12v4m6-B-ppo-s1024,416ff1829ee756ca42b2b3f3ac00d97021798aea8df9b30d5433071d80bc8eae
2025-09-26,CN,0.18210986978374422,p12v4m6-B-ppo-s1024,416ff1829ee756ca42b2b3f3ac00d97021798aea8df9b30d5433071d80bc8eae
2025-09-26,HK,0.08137581497430801,p12v4m6-B-ppo-s1024,416ff1829ee756ca42b2b3f3ac00d97021798aea8df9b30d5433071d80bc8eae
2025-09-26,JP,0.1798433903604746,p12v4m6-B-ppo-s1024,416ff1829ee756ca42b2b3f3ac00d97021798aea8df9b30d5433071d80bc8eae
2025-09-26,US,0.28293414087966084,p12v4m6-B-ppo-s1024,416ff1829ee756ca42b2b3f3ac00d97021798aea8df9b30d5433071d80bc8eae
2025-09-29,CN,0.18285349558573216,p12v4m6-B-ppo-s1024,416ff1829ee756ca42b2b3f3ac00d97021798aea8df9b30d5433071d80bc8eae
2025-09-29,HK,0.0820023026317358,p12v4m6-B-ppo-s1024,416ff1829ee756ca42b2b3f3ac00d97021798aea8df9b30d5433071d80bc8eae
2025-09-29,JP,0.17746214289218187,p12v4m6-B-ppo-s1024,416ff1829ee756ca42b2b3f3ac00d97021798aea8df9b30d5433071d80bc8eae
2025-09-29,US,0.2825292283669114,p12v4m6-B-ppo-s1024,416ff1829ee756ca42b2b3f3ac00d97021798aea8df9b30d5433071d80bc8eae
2025-09-30,CN,0.1809077652869746,p12v4m6-B-ppo-s1024,416ff1829ee756ca42b2b3f3ac00d97021798aea8df9b30d5433071d80bc8eae
2025-09-30,HK,0.08142746426165104,p12v4m6-B-ppo-s1024,416ff1829ee756ca42b2b3f3ac00d97021798aea8df9b30d5433071d80bc8eae
2025-09-30,JP,0.1794139463454485,p12v4m6-B-ppo-s1024,416ff1829ee756ca42b2b3f3ac00d97021798aea8df9b30d5433071d80bc8eae
2025-09-30,US,0.2837576768361032,p12v4m6-B-ppo-s1024,416ff1829ee756ca42b2b3f3ac00d97021798aea8df9b30d5433071d80bc8eae
2025-01-02,CN,0.1570027571870014,p12v4m6-B-ppo-s1024,416ff1829ee756ca42b2b3f3ac00d97021798aea8df9b30d5433071d80bc8eae
2025-01-02,HK,0.07558800233528018,p12v4m6-B-ppo-s1024,416ff1829ee756ca42b2b3f3ac00d97021798aea8df9b30d5433071d80bc8eae
2025-01-02,JP,0.0,p12v4m6-B-ppo-s1024,416ff1829ee756ca42b2b3f3ac00d97021798aea8df9b30d5433071d80bc8eae
2025-01-02,US,0.26412311056628823,p12v4m6-B-ppo-s1024,416ff1829ee756ca42b2b3f3ac00d97021798aea8df9b30d5433071d80bc8eae
2025-01-03,CN,0.16123263852205127,p12v4m6-B-ppo-s1024,416ff1829ee756ca42b2b3f3ac00d97021798aea8df9b30d5433071d80bc8eae
2025-01-03,HK,0.08031166484579444,p12v4m6-B-ppo-s1024,416ff1829ee756ca42b2b3f3ac00d97021798aea8df9b30d5433071d80bc8eae
2025-01-03,JP,0.0,p12v4m6-B-ppo-s1024,416ff1829ee756ca42b2b3f3ac00d97021798aea8df9b30d5433071d80bc8eae
2025-01-03,US,0.28654477884992957,p12v4m6-B-ppo-s1024,416ff1829ee756ca42b2b3f3ac00d97021798aea8df9b30d5433071d80bc8eae
2025-01-06,CN,0.18086468591354787,p12v4m6-B-ppo-s1024,416ff1829ee756ca42b2b3f3ac00d97021798aea8df9b30d5433071d80bc8eae
2025-01-06,HK,0.08151637110859156,p12v4m6-B-ppo-s1024,416ff1829ee756ca42b2b3f3ac00d97021798aea8df9b30d5433071d80bc8eae
2025-01-06,JP,0.17772548645734787,p12v4m6-B-ppo-s1024,416ff1829ee756ca42b2b3f3ac00d97021798aea8df9b30d5433071d80bc8eae
2025-01-06,US,0.2848333306610584,p12v4m6-B-ppo-s1024,416ff1829ee756ca42b2b3f3ac00d97021798aea8df9b30d5433071d80bc8eae
2025-01-07,CN,0.1840837801573798,p12v4m6-B-ppo-s1024,416ff1829ee756ca42b2b3f3ac00d97021798aea8df9b30d5433071d80bc8eae
2025-01-07,HK,0.08321091625839472,p12v4m6-B-ppo-s1024,416ff1829ee756ca42b2b3f3ac00d97021798aea8df9b30d5433071d80bc8eae
2025-01-07,JP,0.17902086675167084,p12v4m6-B-ppo-s1024,416ff1829ee756ca42b2b3f3ac00d97021798aea8df9b30d5433071d80bc8eae
2025-01-07,US,0.28101695887744427,p12v4m6-B-ppo-s1024,416ff1829ee756ca42b2b3f3ac00d97021798aea8df9b30d5433071d80bc8eae
2025-01-08,CN,0.18411654059309512,p12v4m6-B-ppo-s1024,416ff1829ee756ca42b2b3f3ac00d97021798aea8df9b30d5433071d80bc8eae
2025-01-08,HK,0.08223969489336014,p12v4m6-B-ppo-s1024,416ff1829ee756ca42b2b3f3ac00d97021798aea8df9b30d5433071d80bc8eae
2025-01-08,JP,0.17679619137197733,p12v4m6-B-ppo-s1024,416ff1829ee756ca42b2b3f3ac00d97021798aea8df9b30d5433071d80bc8eae
2025-01-08,US,0.2837602333165705,p12v4m6-B-ppo-s1024,416ff1829ee756ca42b2b3f3ac00d97021798aea8df9b30d5433071d80bc8eae
2025-01-09,CN,0.1853614755673334,p12v4m6-B-ppo-s1024,416ff1829ee756ca42b2b3f3ac00d97021798aea8df9b30d5433071d80bc8eae
2025-01-09,HK,0.08182572480291128,p12v4m6-B-ppo-s1024,416ff1829ee756ca42b2b3f3ac00d97021798aea8df9b30d5433071d80bc8eae
2025-01-09,JP,0.17793585639446974,p12v4m6-B-ppo-s1024,416ff1829ee756ca42b2b3f3ac00d97021798aea8df9b30d5433071d80bc8eae
2025-01-09,US,0.28370380494743586,p12v4m6-B-ppo-s1024,416ff1829ee756ca42b2b3f3ac00d97021798aea8df9b30d5433071d80bc8eae
2025-01-10,CN,0.17898263013921678,p12v4m6-B-ppo-s1024,416ff1829ee756ca42b2b3f3ac00d97021798aea8df9b30d5433071d80bc8eae
2025-01-10,HK,0.08240276668220758,p12v4m6-B-ppo-s1024,416ff1829ee756ca42b2b3f3ac00d97021798aea8df9b30d5433071d80bc8eae
2025-01-10,JP,0.17981030885130167,p12v4m6-B-ppo-s1024,416ff1829ee756ca42b2b3f3ac00d97021798aea8df9b30d5433071d80bc8eae
2025-01-10,US,0.2826072033494711,p12v4m6-B-ppo-s1024,416ff1829ee756ca42b2b3f3ac00d97021798aea8df9b30d5433071d80bc8eae
2025-01-13,CN,0.18323602341115475,p12v4m6-B-ppo-s1024,416ff1829ee756ca42b2b3f3ac00d97021798aea8df9b30d5433071d80bc8eae
2025-01-13,HK,0.08156563201919198,p12v4m6-B-ppo-s1024,416ff1829ee756ca42b2b3f3ac00d97021798aea8df9b30d5433071d80bc8eae
2025-01-13,JP,0.1804325534030795,p12v4m6-B-ppo-s1024,416ff1829ee756ca42b2b3f3ac00d97021798aea8df9b30d5433071d80bc8eae
2025-01-13,US,0.28452146193012595,p12v4m6-B-ppo-s1024,416ff1829ee756ca42b2b3f3ac00d97021798aea8df9b30d5433071d80bc8eae
2025-01-14,CN,0.1876614346401766,p12v4m6-B-ppo-s1024,416ff1829ee756ca42b2b3f3ac00d97021798aea8df9b30d5433071d80bc8eae
2025-01-14,HK,0.08348848251625896,p12v4m6-B-ppo-s1024,416ff1829ee756ca42b2b3f3ac00d97021798aea8df9b30d5433071d80bc8eae
2025-01-14,JP,0.17665140517055988,p12v4m6-B-ppo-s1024,416ff1829ee756ca42b2b3f3ac00d97021798aea8df9b30d5433071d80bc8eae
2025-01-14,US,0.2816220838576555,p12v4m6-B-ppo-s1024,416ff1829ee756ca42b2b3f3ac00d97021798aea8df9b30d5433071d80bc8eae
2025-01-15,CN,0.18294114037416875,p12v4m6-B-ppo-s1024,416ff1829ee756ca42b2b3f3ac00d97021798aea8df9b30d5433071d80bc8eae
2025-01-15,HK,0.08214759035035968,p12v4m6-B-ppo-s1024,416ff1829ee756ca42b2b3f3ac00d97021798aea8df9b30d5433071d80bc8eae
2025-01-15,JP,0.17843942996114492,p12v4m6-B-ppo-s1024,416ff1829ee756ca42b2b3f3ac00d97021798aea8df9b30d5433071d80bc8eae
2025-01-15,US,0.28263966739177704,p12v4m6-B-ppo-s1024,416ff1829ee756ca42b2b3f3ac00d97021798aea8df9b30d5433071d80bc8eae
2025-01-16,CN,0.18275458680000156,p12v4m6-B-ppo-s1024,416ff1829ee756ca42b2b3f3ac00d97021798aea8df9b30d5433071d80bc8eae
2025-01-16,HK,0.0821007271297276,p12v4m6-B-ppo-s1024,416ff1829ee756ca42b2b3f3ac00d97021798aea8df9b30d5433071d80bc8eae
2025-01-16,JP,0.17900509107857943,p12v4m6-B-ppo-s1024,416ff1829ee756ca42b2b3f3ac00d97021798aea8df9b30d5433071d80bc8eae
2025-01-16,US,0.28365523600950837,p12v4m6-B-ppo-s1024,416ff1829ee756ca42b2b3f3ac00d97021798aea8df9b30d5433071d80bc8eae
2025-01-17,CN,0.18281355465296656,p12v4m6-B-ppo-s1024,416ff1829ee756ca42b2b3f3ac00d97021798aea8df9b30d5433071d80bc8eae
2025-01-17,HK,0.08145397435873747,p12v4m6-B-ppo-s1024,416ff1829ee756ca42b2b3f3ac00d97021798aea8df9b30d5433071d80bc8eae
2025-01-17,JP,0.17988839652389288,p12v4m6-B-ppo-s1024,416ff1829ee756ca42b2b3f3ac00d97021798aea8df9b30d5433071d80bc8eae
2025-01-17,US,0.2827893830835819,p12v4m6-B-ppo-s1024,416ff1829ee756ca42b2b3f3ac00d97021798aea8df9b30d5433071d80bc8eae
2025-01-20,CN,0.18375532410573214,p12v4m6-B-ppo-s1024,416ff1829ee756ca42b2b3f3ac00d97021798aea8df9b30d5433071d80bc8eae
2025-01-20,HK,0.08152908133342862,p12v4m6-B-ppo-s1024,416ff1829ee756ca42b2b3f3ac00d97021798aea8df9b30d5433071d80bc8eae
2025-01-20,JP,0.17994767427444458,p12v4m6-B-ppo-s1024,416ff1829ee756ca42b2b3f3ac00d97021798aea8df9b30d5433071d80bc8eae
2025-01-20,US,0.28215194400399923,p12v4m6-B-ppo-s1024,416ff1829ee756ca42b2b3f3ac00d97021798aea8df9b30d5433071d80bc8eae
2025-01-21,CN,0.18230130418669432,p12v4m6-B-ppo-s1024,416ff1829ee756ca42b2b3f3ac00d97021798aea8df9b30d5433071d80bc8eae
2025-01-21,HK,0.08119220100343227,p12v4m6-B-ppo-s1024,416ff1829ee756ca42b2b3f3ac00d97021798aea8df9b30d5433071d80bc8eae
2025-01-21,JP,0.17983612697571516,p12v4m6-B-ppo-s1024,416ff1829ee756ca42b2b3f3ac00d97021798aea8df9b30d5433071d80bc8eae
2025-01-21,US,0.28449328197166324,p12v4m6-B-ppo-s1024,416ff1829ee756ca42b2b3f3ac00d97021798aea8df9b30d5433071d80bc8eae
2025-01-22,CN,0.1829323540441692,p12v4m6-B-ppo-s1024,416ff1829ee756ca42b2b3f3ac00d97021798aea8df9b30d5433071d80bc8eae
2025-01-22,HK,0.08099817018955946,p12v4m6-B-ppo-s1024,416ff1829ee756ca42b2b3f3ac00d97021798aea8df9b30d5433071d80bc8eae
2025-01-22,JP,0.1802237732335925,p12v4m6-B-ppo-s1024,416ff1829ee756ca42b2b3f3ac00d97021798aea8df9b30d5433071d80bc8eae
2025-01-22,US,0.2829897911287844,p12v4m6-B-ppo-s1024,416ff1829ee756ca42b2b3f3ac00d97021798aea8df9b30d5433071d80bc8eae
2025-01-23,CN,0.18072099762503058,p12v4m6-B-ppo-s1024,416ff1829ee756ca42b2b3f3ac00d97021798aea8df9b30d5433071d80bc8eae
2025-01-23,HK,0.08270036429166794,p12v4m6-B-ppo-s1024,416ff1829ee756ca42b2b3f3ac00d97021798aea8df9b30d5433071d80bc8eae
2025-01-23,JP,0.1786938514560461,p12v4m6-B-ppo-s1024,416ff1829ee756ca42b2b3f3ac00d97021798aea8df9b30d5433071d80bc8eae
2025-01-23,US,0.28463008254766464,p12v4m6-B-ppo-s1024,416ff1829ee756ca42b2b3f3ac00d97021798aea8df9b30d5433071d80bc8eae
2025-01-24,CN,0.183901478885673,p12v4m6-B-ppo-s1024,416ff1829ee756ca42b2b3f3ac00d97021798aea8df9b30d5433071d80bc8eae
2025-01-24,HK,0.08167682215571404,p12v4m6-B-ppo-s1024,416ff1829ee756ca42b2b3f3ac00d97021798aea8df9b30d5433071d80bc8eae
2025-01-24,JP,0.17825531493872404,p12v4m6-B-ppo-s1024,416ff1829ee756ca42b2b3f3ac00d97021798aea8df9b30d5433071d80bc8eae
2025-01-24,US,0.28423062060028315,p12v4m6-B-ppo-s1024,416ff1829ee756ca42b2b3f3ac00d97021798aea8df9b30d5433071d80bc8eae
2025-01-27,CN,0.18102063611149788,p12v4m6-B-ppo-s1024,416ff1829ee756ca42b2b3f3ac00d97021798aea8df9b30d5433071d80bc8eae
2025-01-27,HK,0.0819666562601924,p12v4m6-B-ppo-s1024,416ff1829ee756ca42b2b3f3ac00d97021798aea8df9b30d5433071d80bc8eae
2025-01-27,JP,0.18016674183309078,p12v4m6-B-ppo-s1024,416ff1829ee756ca42b2b3f3ac00d97021798aea8df9b30d5433071d80bc8eae
2025-01-27,US,0.2838262962177396,p12v4m6-B-ppo-s1024,416ff1829ee756ca42b2b3f3ac00d97021798aea8df9b30d5433071d80bc8eae
2025-01-28,CN,0.18180017359554768,p12v4m6-B-ppo-s1024,416ff1829ee756ca42b2b3f3ac00d97021798aea8df9b30d5433071d80bc8eae
2025-01-28,HK,0.08189214440062642,p12v4m6-B-ppo-s1024,416ff1829ee756ca42b2b3f3ac00d97021798aea8df9b30d5433071d80bc8eae
2025-01-28,JP,0.180458708666265,p12v4m6-B-ppo-s1024,416ff1829ee756ca42b2b3f3ac00d97021798aea8df9b30d5433071d80bc8eae
2025-01-28,US,0.2827107906341553,p12v4m6-B-ppo-s1024,416ff1829ee756ca42b2b3f3ac00d97021798aea8df9b30d5433071d80bc8eae
2025-01-29,CN,0.18282604648265988,p12v4m6-B-ppo-s1024,416ff1829ee756ca42b2b3f3ac00d97021798aea8df9b30d5433071d80bc8eae
2025-01-29,HK,0.08201386872678995,p12v4m6-B-ppo-s1024,416ff1829ee756ca42b2b3f3ac00d97021798aea8df9b30d5433071d80bc8eae
2025-01-29,JP,0.18041764851659536,p12v4m6-B-ppo-s1024,416ff1829ee756ca42b2b3f3ac00d97021798aea8df9b30d5433071d80bc8eae
2025-01-29,US,0.27996019972488284,p12v4m6-B-ppo-s1024,416ff1829ee756ca42b2b3f3ac00d97021798aea8df9b30d5433071d80bc8eae
2025-01-30,CN,0.18340781785082072,p12v4m6-B-ppo-s1024,416ff1829ee756ca42b2b3f3ac00d97021798aea8df9b30d5433071d80bc8eae
2025-01-30,HK,0.08205165294930339,p12v4m6-B-ppo-s1024,416ff1829ee756ca42b2b3f3ac00d97021798aea8df9b30d5433071d80bc8eae
2025-01-30,JP,0.181105419062078,p12v4m6-B-ppo-s1024,416ff1829ee756ca42b2b3f3ac00d97021798aea8df9b30d5433071d80bc8eae
2025-01-30,US,0.28194838110357523,p12v4m6-B-ppo-s1024,416ff1829ee756ca42b2b3f3ac00d97021798aea8df9b30d5433071d80bc8eae
2025-01-31,CN,0.18352837266866118,p12v4m6-B-ppo-s1024,416ff1829ee756ca42b2b3f3ac00d97021798aea8df9b30d5433071d80bc8eae
2025-01-31,HK,0.0819456148892641,p12v4m6-B-ppo-s1024,416ff1829ee756ca42b2b3f3ac00d97021798aea8df9b30d5433071d80bc8eae
2025-01-31,JP,0.17950160801410675,p12v4m6-B-ppo-s1024,416ff1829ee756ca42b2b3f3ac00d97021798aea8df9b30d5433071d80bc8eae
2025-01-31,US,0.28055335069075227,p12v4m6-B-ppo-s1024,416ff1829ee756ca42b2b3f3ac00d97021798aea8df9b30d5433071d80bc8eae
2025-02-03,CN,0.18326069985050708,p12v4m6-B-ppo-s1024,416ff1829ee756ca42b2b3f3ac00d97021798aea8df9b30d5433071d80bc8eae
2025-02-03,HK,0.08212322881445289,p12v4m6-B-ppo-s1024,416ff1829ee756ca42b2b3f3ac00d97021798aea8df9b30d5433071d80bc8eae
2025-02-03,JP,0.1789129627868533,p12v4m6-B-ppo-s1024,416ff1829ee756ca42b2b3f3ac00d97021798aea8df9b30d5433071d80bc8eae
2025-02-03,US,0.28425780590623617,p12v4m6-B-ppo-s1024,416ff1829ee756ca42b2b3f3ac00d97021798aea8df9b30d5433071d80bc8eae
2025-02-04,CN,0.18376291857566684,p12v4m6-B-ppo-s1024,416ff1829ee756ca42b2b3f3ac00d97021798aea8df9b30d5433071d80bc8eae
2025-02-04,HK,0.08210806734859943,p12v4m6-B-ppo-s1024,416ff1829ee756ca42b2b3f3ac00d97021798aea8df9b30d5433071d80bc8eae
2025-02-04,JP,0.17654654290527105,p12v4m6-B-ppo-s1024,416ff1829ee756ca42b2b3f3ac00d97021798aea8df9b30d5433071d80bc8eae
2025-02-04,US,0.2852338715456426,p12v4m6-B-ppo-s1024,416ff1829ee756ca42b2b3f3ac00d97021798aea8df9b30d5433071d80bc8eae
2025-02-05,CN,0.1824706590268761,p12v4m6-B-ppo-s1024,416ff1829ee756ca42b2b3f3ac00d97021798aea8df9b30d5433071d80bc8eae
2025-02-05,HK,0.08205408789217472,p12v4m6-B-ppo-s1024,416ff1829ee756ca42b2b3f3ac00d97021798aea8df9b30d5433071d80bc8eae
2025-02-05,JP,0.1780574768781662,p12v4m6-B-ppo-s1024,416ff1829ee756ca42b2b3f3ac00d97021798aea8df9b30d5433071d80bc8eae
2025-02-05,US,0.28492534067481756,p12v4m6-B-ppo-s1024,416ff1829ee756ca42b2b3f3ac00d97021798aea8df9b30d5433071d80bc8eae
2025-02-06,CN,0.1838258426869288,p12v4m6-B-ppo-s1024,416ff1829ee756ca42b2b3f3ac00d97021798aea8df9b30d5433071d80bc8eae
2025-02-06,HK,0.08264116011559963,p12v4m6-B-ppo-s1024,416ff1829ee756ca42b2b3f3ac00d97021798aea8df9b30d5433071d80bc8eae
2025-02-06,JP,0.18027152307331562,p12v4m6-B-ppo-s1024,416ff1829ee756ca42b2b3f3ac00d97021798aea8df9b30d5433071d80bc8eae
2025-02-06,US,0.2812083135358989,p12v4m6-B-ppo-s1024,416ff1829ee756ca42b2b3f3ac00d97021798aea8df9b30d5433071d80bc8eae
2025-02-07,CN,0.18579185847193003,p12v4m6-B-ppo-s1024,416ff1829ee756ca42b2b3f3ac00d97021798aea8df9b30d5433071d80bc8eae
2025-02-07,HK,0.08251809002831578,p12v4m6-B-ppo-s1024,416ff1829ee756ca42b2b3f3ac00d97021798aea8df9b30d5433071d80bc8eae
2025-02-07,JP,0.1798795098438859,p12v4m6-B-ppo-s1024,416ff1829ee756ca42b2b3f3ac00d97021798aea8df9b30d5433071d80bc8eae
2025-02-07,US,0.2792377471923828,p12v4m6-B-ppo-s1024,416ff1829ee756ca42b2b3f3ac00d97021798aea8df9b30d5433071d80bc8eae
2025-02-10,CN,0.18590702197980136,p12v4m6-B-ppo-s1024,416ff1829ee756ca42b2b3f3ac00d97021798aea8df9b30d5433071d80bc8eae
2025-02-10,HK,0.08310995949432254,p12v4m6-B-ppo-s1024,416ff1829ee756ca42b2b3f3ac00d97021798aea8df9b30d5433071d80bc8eae
2025-02-10,JP,0.17857665661722422,p12v4m6-B-ppo-s1024,416ff1829ee756ca42b2b3f3ac00d97021798aea8df9b30d5433071d80bc8eae
2025-02-10,US,0.2794727114960551,p12v4m6-B-ppo-s1024,416ff1829ee756ca42b2b3f3ac00d97021798aea8df9b30d5433071d80bc8eae
2025-02-11,CN,0.1852424485841766,p12v4m6-B-ppo-s1024,416ff1829ee756ca42b2b3f3ac00d97021798aea8df9b30d5433071d80bc8eae
2025-02-11,HK,0.08157974854111671,p12v4m6-B-ppo-s1024,416ff1829ee756ca42b2b3f3ac00d97021798aea8df9b30d5433071d80bc8eae
2025-02-11,JP,0.17769434489309788,p12v4m6-B-ppo-s1024,416ff1829ee756ca42b2b3f3ac00d97021798aea8df9b30d5433071d80bc8eae
2025-02-11,US,0.2833490506745875,p12v4m6-B-ppo-s1024,416ff1829ee756ca42b2b3f3ac00d97021798aea8df9b30d5433071d80bc8eae
2025-02-12,CN,0.18528495740611106,p12v4m6-B-ppo-s1024,416ff1829ee756ca42b2b3f3ac00d97021798aea8df9b30d5433071d80bc8eae
2025-02-12,HK,0.08366416115313768,p12v4m6-B-ppo-s1024,416ff1829ee756ca42b2b3f3ac00d97021798aea8df9b30d5433071d80bc8eae
2025-02-12,JP,0.17680510599166155,p12v4m6-B-ppo-s1024,416ff1829ee756ca42b2b3f3ac00d97021798aea8df9b30d5433071d80bc8eae
2025-02-12,US,0.2827398218214512,p12v4m6-B-ppo-s1024,416ff1829ee756ca42b2b3f3ac00d97021798aea8df9b30d5433071d80bc8eae
2025-02-13,CN,0.18275125848595053,p12v4m6-B-ppo-s1024,416ff1829ee756ca42b2b3f3ac00d97021798aea8df9b30d5433071d80bc8eae
2025-02-13,HK,0.08152255229651928,p12v4m6-B-ppo-s1024,416ff1829ee756ca42b2b3f3ac00d97021798aea8df9b30d5433071d80bc8eae
2025-02-13,JP,0.17984429374337196,p12v4m6-B-ppo-s1024,416ff1829ee756ca42b2b3f3ac00d97021798aea8df9b30d5433071d80bc8eae
2025-02-13,US,0.28339030174538493,p12v4m6-B-ppo-s1024,416ff1829ee756ca42b2b3f3ac00d97021798aea8df9b30d5433071d80bc8eae
2025-02-14,CN,0.18187645927537233,p12v4m6-B-ppo-s1024,416ff1829ee756ca42b2b3f3ac00d97021798aea8df9b30d5433071d80bc8eae
2025-02-14,HK,0.08210033690556884,p12v4m6-B-ppo-s1024,416ff1829ee756ca42b2b3f3ac00d97021798aea8df9b30d5433071d80bc8eae
2025-02-14,JP,0.1795995943248272,p12v4m6-B-ppo-s1024,416ff1829ee756ca42b2b3f3ac00d97021798aea8df9b30d5433071d80bc8eae
2025-02-14,US,0.28277223091572523,p12v4m6-B-ppo-s1024,416ff1829ee756ca42b2b3f3ac00d97021798aea8df9b30d5433071d80bc8eae
2025-02-17,CN,0.18430502444971353,p12v4m6-B-ppo-s1024,416ff1829ee756ca42b2b3f3ac00d97021798aea8df9b30d5433071d80bc8eae
2025-02-17,HK,0.08301742328330874,p12v4m6-B-ppo-s1024,416ff1829ee756ca42b2b3f3ac00d97021798aea8df9b30d5433071d80bc8eae
2025-02-17,JP,0.1791748208925128,p12v4m6-B-ppo-s1024,416ff1829ee756ca42b2b3f3ac00d97021798aea8df9b30d5433071d80bc8eae
2025-02-17,US,0.28104193042963743,p12v4m6-B-ppo-s1024,416ff1829ee756ca42b2b3f3ac00d97021798aea8df9b30d5433071d80bc8eae
2025-02-18,CN,0.178267985698767,p12v4m6-B-ppo-s1024,416ff1829ee756ca42b2b3f3ac00d97021798aea8df9b30d5433071d80bc8eae
2025-02-18,HK,0.08132168650627136,p12v4m6-B-ppo-s1024,416ff1829ee756ca42b2b3f3ac00d97021798aea8df9b30d5433071d80bc8eae
2025-02-18,JP,0.18114983662962914,p12v4m6-B-ppo-s1024,416ff1829ee756ca42b2b3f3ac00d97021798aea8df9b30d5433071d80bc8eae
2025-02-18,US,0.2848582458682358,p12v4m6-B-ppo-s1024,416ff1829ee756ca42b2b3f3ac00d97021798aea8df9b30d5433071d80bc8eae
2025-02-19,CN,0.1855948072625324,p12v4m6-B-ppo-s1024,416ff1829ee756ca42b2b3f3ac00d97021798aea8df9b30d5433071d80bc8eae
2025-02-19,HK,0.08150713238865137,p12v4m6-B-ppo-s1024,416ff1829ee756ca42b2b3f3ac00d97021798aea8df9b30d5433071d80bc8eae
2025-02-19,JP,0.17955068312585354,p12v4m6-B-ppo-s1024,416ff1829ee756ca42b2b3f3ac00d97021798aea8df9b30d5433071d80bc8eae
2025-02-19,US,0.2819128464907408,p12v4m6-B-ppo-s1024,416ff1829ee756ca42b2b3f3ac00d97021798aea8df9b30d5433071d80bc8eae
2025-02-20,CN,0.18247898726258427,p12v4m6-B-ppo-s1024,416ff1829ee756ca42b2b3f3ac00d97021798aea8df9b30d5433071d80bc8eae
2025-02-20,HK,0.08257873263210058,p12v4m6-B-ppo-s1024,416ff1829ee756ca42b2b3f3ac00d97021798aea8df9b30d5433071d80bc8eae
2025-02-20,JP,0.17830841895192862,p12v4m6-B-ppo-s1024,416ff1829ee756ca42b2b3f3ac00d97021798aea8df9b30d5433071d80bc8eae
2025-02-20,US,0.2838398711755872,p12v4m6-B-ppo-s1024,416ff1829ee756ca42b2b3f3ac00d97021798aea8df9b30d5433071d80bc8eae
2025-02-21,CN,0.18431912851519883,p12v4m6-B-ppo-s1024,416ff1829ee756ca42b2b3f3ac00d97021798aea8df9b30d5433071d80bc8eae
2025-02-21,HK,0.08280985383316875,p12v4m6-B-ppo-s1024,416ff1829ee756ca42b2b3f3ac00d97021798aea8df9b30d5433071d80bc8eae
2025-02-21,JP,0.1807662444189191,p12v4m6-B-ppo-s1024,416ff1829ee756ca42b2b3f3ac00d97021798aea8df9b30d5433071d80bc8eae
2025-02-21,US,0.2783552100881934,p12v4m6-B-ppo-s1024,416ff1829ee756ca42b2b3f3ac00d97021798aea8df9b30d5433071d80bc8eae
2025-02-24,CN,0.183524084626697,p12v4m6-B-ppo-s1024,416ff1829ee756ca42b2b3f3ac00d97021798aea8df9b30d5433071d80bc8eae
2025-02-24,HK,0.08222378417849541,p12v4m6-B-ppo-s1024,416ff1829ee756ca42b2b3f3ac00d97021798aea8df9b30d5433071d80bc8eae
2025-02-24,JP,0.18147860653698444,p12v4m6-B-ppo-s1024,416ff1829ee756ca42b2b3f3ac00d97021798aea8df9b30d5433071d80bc8eae
2025-02-24,US,0.28085653809830546,p12v4m6-B-ppo-s1024,416ff1829ee756ca42b2b3f3ac00d97021798aea8df9b30d5433071d80bc8eae
2025-02-25,CN,0.18459606159012765,p12v4m6-B-ppo-s1024,416ff1829ee756ca42b2b3f3ac00d97021798aea8df9b30d5433071d80bc8eae
2025-02-25,HK,0.08178832801058888,p12v4m6-B-ppo-s1024,416ff1829ee756ca42b2b3f3ac00d97021798aea8df9b30d5433071d80bc8eae
2025-02-25,JP,0.1807048786431551,p12v4m6-B-ppo-s1024,416ff1829ee756ca42b2b3f3ac00d97021798aea8df9b30d5433071d80bc8eae
2025-02-25,US,0.2798775602132082,p12v4m6-B-ppo-s1024,416ff1829ee756ca42b2b3f3ac00d97021798aea8df9b30d5433071d80bc8eae
2025-02-26,CN,0.18443798879161477,p12v4m6-B-ppo-s1024,416ff1829ee756ca42b2b3f3ac00d97021798aea8df9b30d5433071d80bc8eae
2025-02-26,HK,0.08251562900841236,p12v4m6-B-ppo-s1024,416ff1829ee756ca42b2b3f3ac00d97021798aea8df9b30d5433071d80bc8eae
2025-02-26,JP,0.17925930861383677,p12v4m6-B-ppo-s1024,416ff1829ee756ca42b2b3f3ac00d97021798aea8df9b30d5433071d80bc8eae
2025-02-26,US,0.2799108778126538,p12v4m6-B-ppo-s1024,416ff1829ee756ca42b2b3f3ac00d97021798aea8df9b30d5433071d80bc8eae
2025-02-27,CN,0.18367027339991182,p12v4m6-B-ppo-s1024,416ff1829ee756ca42b2b3f3ac00d97021798aea8df9b30d5433071d80bc8eae
2025-02-27,HK,0.08203431777656078,p12v4m6-B-ppo-s1024,416ff1829ee756ca42b2b3f3ac00d97021798aea8df9b30d5433071d80bc8eae
2025-02-27,JP,0.18055273685604334,p12v4m6-B-ppo-s1024,416ff1829ee756ca42b2b3f3ac00d97021798aea8df9b30d5433071d80bc8eae
2025-02-27,US,0.28033733693882823,p12v4m6-B-ppo-s1024,416ff1829ee756ca42b2b3f3ac00d97021798aea8df9b30d5433071d80bc8eae
2025-02-28,CN,0.18003378785215318,p12v4m6-B-ppo-s1024,416ff1829ee756ca42b2b3f3ac00d97021798aea8df9b30d5433071d80bc8eae
2025-02-28,HK,0.08131749462336302,p12v4m6-B-ppo-s1024,416ff1829ee756ca42b2b3f3ac00d97021798aea8df9b30d5433071d80bc8eae
2025-02-28,JP,0.1793245542794466,p12v4m6-B-ppo-s1024,416ff1829ee756ca42b2b3f3ac00d97021798aea8df9b30d5433071d80bc8eae
2025-02-28,US,0.2859470876865089,p12v4m6-B-ppo-s1024,416ff1829ee756ca42b2b3f3ac00d97021798aea8df9b30d5433071d80bc8eae
2025-03-03,CN,0.1829607600811869,p12v4m6-B-ppo-s1024,416ff1829ee756ca42b2b3f3ac00d97021798aea8df9b30d5433071d80bc8eae
2025-03-03,HK,0.08200035849586129,p12v4m6-B-ppo-s1024,416ff1829ee756ca42b2b3f3ac00d97021798aea8df9b30d5433071d80bc8eae
2025-03-03,JP,0.18092549312859774,p12v4m6-B-ppo-s1024,416ff1829ee756ca42b2b3f3ac00d97021798aea8df9b30d5433071d80bc8eae
2025-03-03,US,0.28131665848195553,p12v4m6-B-ppo-s1024,416ff1829ee756ca42b2b3f3ac00d97021798aea8df9b30d5433071d80bc8eae
2025-03-04,CN,0.18437347176950425,p12v4m6-B-ppo-s1024,416ff1829ee756ca42b2b3f3ac00d97021798aea8df9b30d5433071d80bc8eae
2025-03-04,HK,0.08240962354466319,p12v4m6-B-ppo-s1024,416ff1829ee756ca42b2b3f3ac00d97021798aea8df9b30d5433071d80bc8eae
2025-03-04,JP,0.18002802692353725,p12v4m6-B-ppo-s1024,416ff1829ee756ca42b2b3f3ac00d97021798aea8df9b30d5433071d80bc8eae
2025-03-04,US,0.28023027861490846,p12v4m6-B-ppo-s1024,416ff1829ee756ca42b2b3f3ac00d97021798aea8df9b30d5433071d80bc8eae
2025-03-05,CN,0.183211556985043,p12v4m6-B-ppo-s1024,416ff1829ee756ca42b2b3f3ac00d97021798aea8df9b30d5433071d80bc8eae
2025-03-05,HK,0.08294011000543833,p12v4m6-B-ppo-s1024,416ff1829ee756ca42b2b3f3ac00d97021798aea8df9b30d5433071d80bc8eae
2025-03-05,JP,0.17834601644426584,p12v4m6-B-ppo-s1024,416ff1829ee756ca42b2b3f3ac00d97021798aea8df9b30d5433071d80bc8eae
2025-03-05,US,0.28472854662686586,p12v4m6-B-ppo-s1024,416ff1829ee756ca42b2b3f3ac00d97021798aea8df9b30d5433071d80bc8eae
2025-03-06,CN,0.18394623312633485,p12v4m6-B-ppo-s1024,416ff1829ee756ca42b2b3f3ac00d97021798aea8df9b30d5433071d80bc8eae
2025-03-06,HK,0.08237474877387285,p12v4m6-B-ppo-s1024,416ff1829ee756ca42b2b3f3ac00d97021798aea8df9b30d5433071d80bc8eae
2025-03-06,JP,0.18018933944404125,p12v4m6-B-ppo-s1024,416ff1829ee756ca42b2b3f3ac00d97021798aea8df9b30d5433071d80bc8eae
2025-03-06,US,0.2814741195179522,p12v4m6-B-ppo-s1024,416ff1829ee756ca42b2b3f3ac00d97021798aea8df9b30d5433071d80bc8eae
2025-03-07,CN,0.18220926087815315,p12v4m6-B-ppo-s1024,416ff1829ee756ca42b2b3f3ac00d97021798aea8df9b30d5433071d80bc8eae
2025-03-07,HK,0.08057810319587588,p12v4m6-B-ppo-s1024,416ff1829ee756ca42b2b3f3ac00d97021798aea8df9b30d5433071d80bc8eae
2025-03-07,JP,0.17975985631346703,p12v4m6-B-ppo-s1024,416ff1829ee756ca42b2b3f3ac00d97021798aea8df9b30d5433071d80bc8eae
2025-03-07,US,0.28369761537760496,p12v4m6-B-ppo-s1024,416ff1829ee756ca42b2b3f3ac00d97021798aea8df9b30d5433071d80bc8eae
2025-03-10,CN,0.18361414619721472,p12v4m6-B-ppo-s1024,416ff1829ee756ca42b2b3f3ac00d97021798aea8df9b30d5433071d80bc8eae
2025-03-10,HK,0.08211307507008314,p12v4m6-B-ppo-s1024,416ff1829ee756ca42b2b3f3ac00d97021798aea8df9b30d5433071d80bc8eae
2025-03-10,JP,0.18022039160132408,p12v4m6-B-ppo-s1024,416ff1829ee756ca42b2b3f3ac00d97021798aea8df9b30d5433071d80bc8eae
2025-03-10,US,0.27973750373348594,p12v4m6-B-ppo-s1024,416ff1829ee756ca42b2b3f3ac00d97021798aea8df9b30d5433071d80bc8eae
2025-03-11,CN,0.18487884453497827,p12v4m6-B-ppo-s1024,416ff1829ee756ca42b2b3f3ac00d97021798aea8df9b30d5433071d80bc8eae
2025-03-11,HK,0.08393053570762277,p12v4m6-B-ppo-s1024,416ff1829ee756ca42b2b3f3ac00d97021798aea8df9b30d5433071d80bc8eae
2025-03-11,JP,0.18042678572237492,p12v4m6-B-ppo-s1024,416ff1829ee756ca42b2b3f3ac00d97021798aea8df9b30d5433071d80bc8eae
2025-03-11,US,0.27896101400256157,p12v4m6-B-ppo-s1024,416ff1829ee756ca42b2b3f3ac00d97021798aea8df9b30d5433071d80bc8eae
2025-03-12,CN,0.18328141001984477,p12v4m6-B-ppo-s1024,416ff1829ee756ca42b2b3f3ac00d97021798aea8df9b30d5433071d80bc8eae
2025-03-12,HK,0.08114853175356984,p12v4m6-B-ppo-s1024,416ff1829ee756ca42b2b3f3ac00d97021798aea8df9b30d5433071d80bc8eae
2025-03-12,JP,0.1805922770872712,p12v4m6-B-ppo-s1024,416ff1829ee756ca42b2b3f3ac00d97021798aea8df9b30d5433071d80bc8eae
2025-03-12,US,0.2816680809482932,p12v4m6-B-ppo-s1024,416ff1829ee756ca42b2b3f3ac00d97021798aea8df9b30d5433071d80bc8eae
2025-03-13,CN,0.1818156266817823,p12v4m6-B-ppo-s1024,416ff1829ee756ca42b2b3f3ac00d97021798aea8df9b30d5433071d80bc8eae
2025-03-13,HK,0.08160696690902114,p12v4m6-B-ppo-s1024,416ff1829ee756ca42b2b3f3ac00d97021798aea8df9b30d5433071d80bc8eae
2025-03-13,JP,0.1811735974624753,p12v4m6-B-ppo-s1024,416ff1829ee756ca42b2b3f3ac00d97021798aea8df9b30d5433071d80bc8eae
2025-03-13,US,0.28085101675242186,p12v4m6-B-ppo-s1024,416ff1829ee756ca42b2b3f3ac00d97021798aea8df9b30d5433071d80bc8eae
2025-03-14,CN,0.1857901883777231,p12v4m6-B-ppo-s1024,416ff1829ee756ca42b2b3f3ac00d97021798aea8df9b30d5433071d80bc8eae
2025-03-14,HK,0.08197838859632611,p12v4m6-B-ppo-s1024,416ff1829ee756ca42b2b3f3ac00d97021798aea8df9b30d5433071d80bc8eae
2025-03-14,JP,0.17916486877948046,p12v4m6-B-ppo-s1024,416ff1829ee756ca42b2b3f3ac00d97021798aea8df9b30d5433071d80bc8eae
2025-03-14,US,0.28254732117056847,p12v4m6-B-ppo-s1024,416ff1829ee756ca42b2b3f3ac00d97021798aea8df9b30d5433071d80bc8eae
2025-03-17,CN,0.18103327543940395,p12v4m6-B-ppo-s1024,416ff1829ee756ca42b2b3f3ac00d97021798aea8df9b30d5433071d80bc8eae
2025-03-17,HK,0.08182713715359569,p12v4m6-B-ppo-s1024,416ff1829ee756ca42b2b3f3ac00d97021798aea8df9b30d5433071d80bc8eae
2025-03-17,JP,0.17986636888235807,p12v4m6-B-ppo-s1024,416ff1829ee756ca42b2b3f3ac00d97021798aea8df9b30d5433071d80bc8eae
2025-03-17,US,0.2852874230593443,p12v4m6-B-ppo-s1024,416ff1829ee756ca42b2b3f3ac00d97021798aea8df9b30d5433071d80bc8eae
2025-03-18,CN,0.18258289073128253,p12v4m6-B-ppo-s1024,416ff1829ee756ca42b2b3f3ac00d97021798aea8df9b30d5433071d80bc8eae
2025-03-18,HK,0.08241645712405443,p12v4m6-B-ppo-s1024,416ff1829ee756ca42b2b3f3ac00d97021798aea8df9b30d5433071d80bc8eae
2025-03-18,JP,0.17993890773504972,p12v4m6-B-ppo-s1024,416ff1829ee756ca42b2b3f3ac00d97021798aea8df9b30d5433071d80bc8eae
2025-03-18,US,0.28247522469609976,p12v4m6-B-ppo-s1024,416ff1829ee756ca42b2b3f3ac00d97021798aea8df9b30d5433071d80bc8eae
2025-03-19,CN,0.18105621030554175,p12v4m6-B-ppo-s1024,416ff1829ee756ca42b2b3f3ac00d97021798aea8df9b30d5433071d80bc8eae
2025-03-19,HK,0.08253881661221385,p12v4m6-B-ppo-s1024,416ff1829ee756ca42b2b3f3ac00d97021798aea8df9b30d5433071d80bc8eae
2025-03-19,JP,0.18110132310539484,p12v4m6-B-ppo-s1024,416ff1829ee756ca42b2b3f3ac00d97021798aea8df9b30d5433071d80bc8eae
2025-03-19,US,0.28253450570628047,p12v4m6-B-ppo-s1024,416ff1829ee756ca42b2b3f3ac00d97021798aea8df9b30d5433071d80bc8eae
2025-03-20,CN,0.18196413398254663,p12v4m6-B-ppo-s1024,416ff1829ee756ca42b2b3f3ac00d97021798aea8df9b30d5433071d80bc8eae
2025-03-20,HK,0.08100993325933814,p12v4m6-B-ppo-s1024,416ff1829ee756ca42b2b3f3ac00d97021798aea8df9b30d5433071d80bc8eae
2025-03-20,JP,0.18258752021938562,p12v4m6-B-ppo-s1024,416ff1829ee756ca42b2b3f3ac00d97021798aea8df9b30d5433071d80bc8eae
2025-03-20,US,0.2834352273494005,p12v4m6-B-ppo-s1024,416ff1829ee756ca42b2b3f3ac00d97021798aea8df9b30d5433071d80bc8eae
2025-03-21,CN,0.18238717108033597,p12v4m6-B-ppo-s1024,416ff1829ee756ca42b2b3f3ac00d97021798aea8df9b30d5433071d80bc8eae
2025-03-21,HK,0.08155289432033896,p12v4m6-B-ppo-s1024,416ff1829ee756ca42b2b3f3ac00d97021798aea8df9b30d5433071d80bc8eae
2025-03-21,JP,0.1797115532681346,p12v4m6-B-ppo-s1024,416ff1829ee756ca42b2b3f3ac00d97021798aea8df9b30d5433071d80bc8eae
2025-03-21,US,0.28311350103467703,p12v4m6-B-ppo-s1024,416ff1829ee756ca42b2b3f3ac00d97021798aea8df9b30d5433071d80bc8eae
2025-03-24,CN,0.1817674442427233,p12v4m6-B-ppo-s1024,416ff1829ee756ca42b2b3f3ac00d97021798aea8df9b30d5433071d80bc8eae
2025-03-24,HK,0.08308987226337194,p12v4m6-B-ppo-s1024,416ff1829ee756ca42b2b3f3ac00d97021798aea8df9b30d5433071d80bc8eae
2025-03-24,JP,0.17849766090512276,p12v4m6-B-ppo-s1024,416ff1829ee756ca42b2b3f3ac00d97021798aea8df9b30d5433071d80bc8eae
2025-03-24,US,0.2837989921681583,p12v4m6-B-ppo-s1024,416ff1829ee756ca42b2b3f3ac00d97021798aea8df9b30d5433071d80bc8eae
2025-03-25,CN,0.1814605318941176,p12v4m6-B-ppo-s1024,416ff1829ee756ca42b2b3f3ac00d97021798aea8df9b30d5433071d80bc8eae
2025-03-25,HK,0.08193510212004185,p12v4m6-B-ppo-s1024,416ff1829ee756ca42b2b3f3ac00d97021798aea8df9b30d5433071d80bc8eae
2025-03-25,JP,0.1792701268568635,p12v4m6-B-ppo-s1024,416ff1829ee756ca42b2b3f3ac00d97021798aea8df9b30d5433071d80bc8eae
2025-03-25,US,0.2838112898170948,p12v4m6-B-ppo-s1024,416ff1829ee756ca42b2b3f3ac00d97021798aea8df9b30d5433071d80bc8eae
2025-03-26,CN,0.18257614597678185,p12v4m6-B-ppo-s1024,416ff1829ee756ca42b2b3f3ac00d97021798aea8df9b30d5433071d80bc8eae
2025-03-26,HK,0.08205680595710874,p12v4m6-B-ppo-s1024,416ff1829ee756ca42b2b3f3ac00d97021798aea8df9b30d5433071d80bc8eae
2025-03-26,JP,0.17905987799167633,p12v4m6-B-ppo-s1024,416ff1829ee756ca42b2b3f3ac00d97021798aea8df9b30d5433071d80bc8eae
2025-03-26,US,0.2827815115451813,p12v4m6-B-ppo-s1024,416ff1829ee756ca42b2b3f3ac00d97021798aea8df9b30d5433071d80bc8eae
2025-03-27,CN,0.18215163506101817,p12v4m6-B-ppo-s1024,416ff1829ee756ca42b2b3f3ac00d97021798aea8df9b30d5433071d80bc8eae
2025-03-27,HK,0.08148685470223427,p12v4m6-B-ppo-s1024,416ff1829ee756ca42b2b3f3ac00d97021798aea8df9b30d5433071d80bc8eae
2025-03-27,JP,0.1811299677938223,p12v4m6-B-ppo-s1024,416ff1829ee756ca42b2b3f3ac00d97021798aea8df9b30d5433071d80bc8eae
2025-03-27,US,0.28189733112230897,p12v4m6-B-ppo-s1024,416ff1829ee756ca42b2b3f3ac00d97021798aea8df9b30d5433071d80bc8eae
2025-03-28,CN,0.18327465560287237,p12v4m6-B-ppo-s1024,416ff1829ee756ca42b2b3f3ac00d97021798aea8df9b30d5433071d80bc8eae
2025-03-28,HK,0.08161884685978293,p12v4m6-B-ppo-s1024,416ff1829ee756ca42b2b3f3ac00d97021798aea8df9b30d5433071d80bc8eae
2025-03-28,JP,0.18039821926504374,p12v4m6-B-ppo-s1024,416ff1829ee756ca42b2b3f3ac00d97021798aea8df9b30d5433071d80bc8eae
2025-03-28,US,0.28052077954635024,p12v4m6-B-ppo-s1024,416ff1829ee756ca42b2b3f3ac00d97021798aea8df9b30d5433071d80bc8eae
2025-03-31,CN,0.18226859951391816,p12v4m6-B-ppo-s1024,416ff1829ee756ca42b2b3f3ac00d97021798aea8df9b30d5433071d80bc8eae
2025-03-31,HK,0.08180444035679102,p12v4m6-B-ppo-s1024,416ff1829ee756ca42b2b3f3ac00d97021798aea8df9b30d5433071d80bc8eae
2025-03-31,JP,0.1778171667829156,p12v4m6-B-ppo-s1024,416ff1829ee756ca42b2b3f3ac00d97021798aea8df9b30d5433071d80bc8eae
2025-03-31,US,0.2848543683066964,p12v4m6-B-ppo-s1024,416ff1829ee756ca42b2b3f3ac00d97021798aea8df9b30d5433071d80bc8eae
2025-04-01,CN,0.18380380037706345,p12v4m6-B-ppo-s1024,416ff1829ee756ca42b2b3f3ac00d97021798aea8df9b30d5433071d80bc8eae
2025-04-01,HK,0.08179192151874304,p12v4m6-B-ppo-s1024,416ff1829ee756ca42b2b3f3ac00d97021798aea8df9b30d5433071d80bc8eae
2025-04-01,JP,0.1771818995475769,p12v4m6-B-ppo-s1024,416ff1829ee756ca42b2b3f3ac00d97021798aea8df9b30d5433071d80bc8eae
2025-04-01,US,0.28445427026599646,p12v4m6-B-ppo-s1024,416ff1829ee756ca42b2b3f3ac00d97021798aea8df9b30d5433071d80bc8eae
2025-04-02,CN,0.18366196274291724,p12v4m6-B-ppo-s1024,416ff1829ee756ca42b2b3f3ac00d97021798aea8df9b30d5433071d80bc8eae
2025-04-02,HK,0.0831316988915205,p12v4m6-B-ppo-s1024,416ff1829ee756ca42b2b3f3ac00d97021798aea8df9b30d5433071d80bc8eae
2025-04-02,JP,0.1764342626556754,p12v4m6-B-ppo-s1024,416ff1829ee756ca42b2b3f3ac00d97021798aea8df9b30d5433071d80bc8eae
2025-04-02,US,0.28518656082451344,p12v4m6-B-ppo-s1024,416ff1829ee756ca42b2b3f3ac00d97021798aea8df9b30d5433071d80bc8eae
2025-04-03,CN,0.1843172019580379,p12v4m6-B-ppo-s1024,416ff1829ee756ca42b2b3f3ac00d97021798aea8df9b30d5433071d80bc8eae
2025-04-03,HK,0.08334149420261383,p12v4m6-B-ppo-s1024,416ff1829ee756ca42b2b3f3ac00d97021798aea8df9b30d5433071d80bc8eae
2025-04-03,JP,0.18165974505245686,p12v4m6-B-ppo-s1024,416ff1829ee756ca42b2b3f3ac00d97021798aea8df9b30d5433071d80bc8eae
2025-04-03,US,0.27778343856334686,p12v4m6-B-ppo-s1024,416ff1829ee756ca42b2b3f3ac00d97021798aea8df9b30d5433071d80bc8eae
2025-04-04,CN,0.18775576236657798,p12v4m6-B-ppo-s1024,416ff1829ee756ca42b2b3f3ac00d97021798aea8df9b30d5433071d80bc8eae
2025-04-04,HK,0.08537227241322398,p12v4m6-B-ppo-s1024,416ff1829ee756ca42b2b3f3ac00d97021798aea8df9b30d5433071d80bc8eae
2025-04-04,JP,0.18236355390399694,p12v4m6-B-ppo-s1024,416ff1829ee756ca42b2b3f3ac00d97021798aea8df9b30d5433071d80bc8eae
2025-04-04,US,0.2725100484676659,p12v4m6-B-ppo-s1024,416ff1829ee756ca42b2b3f3ac00d97021798aea8df9b30d5433071d80bc8eae
2025-04-07,CN,0.17982871015556157,p12v4m6-B-ppo-s1024,416ff1829ee756ca42b2b3f3ac00d97021798aea8df9b30d5433071d80bc8eae
2025-04-07,HK,0.07872293377295136,p12v4m6-B-ppo-s1024,416ff1829ee756ca42b2b3f3ac00d97021798aea8df9b30d5433071d80bc8eae
2025-04-07,JP,0.1814958257600665,p12v4m6-B-ppo-s1024,416ff1829ee756ca42b2b3f3ac00d97021798aea8df9b30d5433071d80bc8eae
2025-04-07,US,0.2874620510265231,p12v4m6-B-ppo-s1024,416ff1829ee756ca42b2b3f3ac00d97021798aea8df9b30d5433071d80bc8eae
2025-04-08,CN,0.1882457819301635,p12v4m6-B-ppo-s1024,416ff1829ee756ca42b2b3f3ac00d97021798aea8df9b30d5433071d80bc8eae
2025-04-08,HK,0.08246222091838717,p12v4m6-B-ppo-s1024,416ff1829ee756ca42b2b3f3ac00d97021798aea8df9b30d5433071d80bc8eae
2025-04-08,JP,0.18501019570976496,p12v4m6-B-ppo-s1024,416ff1829ee756ca42b2b3f3ac00d97021798aea8df9b30d5433071d80bc8eae
2025-04-08,US,0.27255556685850024,p12v4m6-B-ppo-s1024,416ff1829ee756ca42b2b3f3ac00d97021798aea8df9b30d5433071d80bc8eae
2025-04-09,CN,0.18510092271026224,p12v4m6-B-ppo-s1024,416ff1829ee756ca42b2b3f3ac00d97021798aea8df9b30d5433071d80bc8eae
2025-04-09,HK,0.08157549379393458,p12v4m6-B-ppo-s1024,416ff1829ee756ca42b2b3f3ac00d97021798aea8df9b30d5433071d80bc8eae
2025-04-09,JP,0.17345687933266163,p12v4m6-B-ppo-s1024,416ff1829ee756ca42b2b3f3ac00d97021798aea8df9b30d5433071d80bc8eae
2025-04-09,US,0.2970667164772749,p12v4m6-B-ppo-s1024,416ff1829ee756ca42b2b3f3ac00d97021798aea8df9b30d5433071d80bc8eae
2025-04-10,CN,0.1860927400412038,p12v4m6-B-ppo-s1024,416ff1829ee756ca42b2b3f3ac00d97021798aea8df9b30d5433071d80bc8eae
2025-04-10,HK,0.08160922257229686,p12v4m6-B-ppo-s1024,416ff1829ee756ca42b2b3f3ac00d97021798aea8df9b30d5433071d80bc8eae
2025-04-10,JP,0.18051933776587248,p12v4m6-B-ppo-s1024,416ff1829ee756ca42b2b3f3ac00d97021798aea8df9b30d5433071d80bc8eae
2025-04-10,US,0.2800179300829768,p12v4m6-B-ppo-s1024,416ff1829ee756ca42b2b3f3ac00d97021798aea8df9b30d5433071d80bc8eae
2025-04-11,CN,0.18472864420618862,p12v4m6-B-ppo-s1024,416ff1829ee756ca42b2b3f3ac00d97021798aea8df9b30d5433071d80bc8eae
2025-04-11,HK,0.08163683349266648,p12v4m6-B-ppo-s1024,416ff1829ee756ca42b2b3f3ac00d97021798aea8df9b30d5433071d80bc8eae
2025-04-11,JP,0.18188132718205452,p12v4m6-B-ppo-s1024,416ff1829ee756ca42b2b3f3ac00d97021798aea8df9b30d5433071d80bc8eae
2025-04-11,US,0.28288674214854836,p12v4m6-B-ppo-s1024,416ff1829ee756ca42b2b3f3ac00d97021798aea8df9b30d5433071d80bc8eae
2025-04-14,CN,0.18386734370142221,p12v4m6-B-ppo-s1024,416ff1829ee756ca42b2b3f3ac00d97021798aea8df9b30d5433071d80bc8eae
2025-04-14,HK,0.08274301467463374,p12v4m6-B-ppo-s1024,416ff1829ee756ca42b2b3f3ac00d97021798aea8df9b30d5433071d80bc8eae
2025-04-14,JP,0.17959911189973354,p12v4m6-B-ppo-s1024,416ff1829ee756ca42b2b3f3ac00d97021798aea8df9b30d5433071d80bc8eae
2025-04-14,US,0.2819818118587136,p12v4m6-B-ppo-s1024,416ff1829ee756ca42b2b3f3ac00d97021798aea8df9b30d5433071d80bc8eae
2025-04-15,CN,0.1862950031645596,p12v4m6-B-ppo-s1024,416ff1829ee756ca42b2b3f3ac00d97021798aea8df9b30d5433071d80bc8eae
2025-04-15,HK,0.08222147263586521,p12v4m6-B-ppo-s1024,416ff1829ee756ca42b2b3f3ac00d97021798aea8df9b30d5433071d80bc8eae
2025-04-15,JP,0.17794161476194859,p12v4m6-B-ppo-s1024,416ff1829ee756ca42b2b3f3ac00d97021798aea8df9b30d5433071d80bc8eae
2025-04-15,US,0.2818559748120606,p12v4m6-B-ppo-s1024,416ff1829ee756ca42b2b3f3ac00d97021798aea8df9b30d5433071d80bc8eae
2025-04-16,CN,0.18288078508339822,p12v4m6-B-ppo-s1024,416ff1829ee756ca42b2b3f3ac00d97021798aea8df9b30d5433071d80bc8eae
2025-04-16,HK,0.08291100850328803,p12v4m6-B-ppo-s1024,416ff1829ee756ca42b2b3f3ac00d97021798aea8df9b30d5433071d80bc8eae
2025-04-16,JP,0.180724885314703,p12v4m6-B-ppo-s1024,416ff1829ee756ca42b2b3f3ac00d97021798aea8df9b30d5433071d80bc8eae
2025-04-16,US,0.27963944524526596,p12v4m6-B-ppo-s1024,416ff1829ee756ca42b2b3f3ac00d97021798aea8df9b30d5433071d80bc8eae
2025-04-17,CN,0.18480179947800934,p12v4m6-B-ppo-s1024,416ff1829ee756ca42b2b3f3ac00d97021798aea8df9b30d5433071d80bc8eae
2025-04-17,HK,0.08173106610774994,p12v4m6-B-ppo-s1024,416ff1829ee756ca42b2b3f3ac00d97021798aea8df9b30d5433071d80bc8eae
2025-04-17,JP,0.18037359230220318,p12v4m6-B-ppo-s1024,416ff1829ee756ca42b2b3f3ac00d97021798aea8df9b30d5433071d80bc8eae
2025-04-17,US,0.28184589417651296,p12v4m6-B-ppo-s1024,416ff1829ee756ca42b2b3f3ac00d97021798aea8df9b30d5433071d80bc8eae
2025-04-18,CN,0.18552892678417265,p12v4m6-B-ppo-s1024,416ff1829ee756ca42b2b3f3ac00d97021798aea8df9b30d5433071d80bc8eae
2025-04-18,HK,0.08244934119284153,p12v4m6-B-ppo-s1024,416ff1829ee756ca42b2b3f3ac00d97021798aea8df9b30d5433071d80bc8eae
2025-04-18,JP,0.1799910943955183,p12v4m6-B-ppo-s1024,416ff1829ee756ca42b2b3f3ac00d97021798aea8df9b30d5433071d80bc8eae
2025-04-18,US,0.2808961309492588,p12v4m6-B-ppo-s1024,416ff1829ee756ca42b2b3f3ac00d97021798aea8df9b30d5433071d80bc8eae
2025-04-21,CN,0.18647412036079913,p12v4m6-B-ppo-s1024,416ff1829ee756ca42b2b3f3ac00d97021798aea8df9b30d5433071d80bc8eae
2025-04-21,HK,0.0826324000954628,p12v4m6-B-ppo-s1024,416ff1829ee756ca42b2b3f3ac00d97021798aea8df9b30d5433071d80bc8eae
2025-04-21,JP,0.17947236634790897,p12v4m6-B-ppo-s1024,416ff1829ee756ca42b2b3f3ac00d97021798aea8df9b30d5433071d80bc8eae
2025-04-21,US,0.2781806867569685,p12v4m6-B-ppo-s1024,416ff1829ee756ca42b2b3f3ac00d97021798aea8df9b30d5433071d80bc8eae
2025-04-22,CN,0.18303369544446468,p12v4m6-B-ppo-s1024,416ff1829ee756ca42b2b3f3ac00d97021798aea8df9b30d5433071d80bc8eae
2025-04-22,HK,0.0820150887593627,p12v4m6-B-ppo-s1024,416ff1829ee756ca42b2b3f3ac00d97021798aea8df9b30d5433071d80bc8eae
2025-04-22,JP,0.18033996876329184,p12v4m6-B-ppo-s1024,416ff1829ee756ca42b2b3f3ac00d97021798aea8df9b30d5433071d80bc8eae
2025-04-22,US,0.2843845612369478,p12v4m6-B-ppo-s1024,416ff1829ee756ca42b2b3f3ac00d97021798aea8df9b30d5433071d80bc8eae
2025-04-23,CN,0.1837566284229979,p12v4m6-B-ppo-s1024,416ff1829ee756ca42b2b3f3ac00d97021798aea8df9b30d5433071d80bc8eae
2025-04-23,HK,0.08210841566324234,p12v4m6-B-ppo-s1024,416ff1829ee756ca42b2b3f3ac00d97021798aea8df9b30d5433071d80bc8eae
2025-04-23,JP,0.178831591270864,p12v4m6-B-ppo-s1024,416ff1829ee756ca42b2b3f3ac00d97021798aea8df9b30d5433071d80bc8eae
2025-04-23,US,0.2831029505468905,p12v4m6-B-ppo-s1024,416ff1829ee756ca42b2b3f3ac00d97021798aea8df9b30d5433071d80bc8eae
2025-04-24,CN,0.18251748755574226,p12v4m6-B-ppo-s1024,416ff1829ee756ca42b2b3f3ac00d97021798aea8df9b30d5433071d80bc8eae
2025-04-24,HK,0.08199248742312193,p12v4m6-B-ppo-s1024,416ff1829ee756ca42b2b3f3ac00d97021798aea8df9b30d5433071d80bc8eae
2025-04-24,JP,0.1771893072873354,p12v4m6-B-ppo-s1024,416ff1829ee756ca42b2b3f3ac00d97021798aea8df9b30d5433071d80bc8eae
2025-04-24,US,0.28647227911278605,p12v4m6-B-ppo-s1024,416ff1829ee756ca42b2b3f3ac00d97021798aea8df9b30d5433071d80bc8eae
2025-04-25,CN,0.18431467202026397,p12v4m6-B-ppo-s1024,416ff1829ee756ca42b2b3f3ac00d97021798aea8df9b30d5433071d80bc8eae
2025-04-25,HK,0.08149272622540593,p12v4m6-B-ppo-s1024,416ff1829ee756ca42b2b3f3ac00d97021798aea8df9b30d5433071d80bc8eae
2025-04-25,JP,0.17879976890981197,p12v4m6-B-ppo-s1024,416ff1829ee756ca42b2b3f3ac00d97021798aea8df9b30d5433071d80bc8eae
2025-04-25,US,0.2844616649672389,p12v4m6-B-ppo-s1024,416ff1829ee756ca42b2b3f3ac00d97021798aea8df9b30d5433071d80bc8eae
2025-04-28,CN,0.182181125623174,p12v4m6-B-ppo-s1024,416ff1829ee756ca42b2b3f3ac00d97021798aea8df9b30d5433071d80bc8eae
2025-04-28,HK,0.08130323840305209,p12v4m6-B-ppo-s1024,416ff1829ee756ca42b2b3f3ac00d97021798aea8df9b30d5433071d80bc8eae
2025-04-28,JP,0.1804841998964548,p12v4m6-B-ppo-s1024,416ff1829ee756ca42b2b3f3ac00d97021798aea8df9b30d5433071d80bc8eae
2025-04-28,US,0.28369248984381557,p12v4m6-B-ppo-s1024,416ff1829ee756ca42b2b3f3ac00d97021798aea8df9b30d5433071d80bc8eae
2025-04-29,CN,0.1844109147787094,p12v4m6-B-ppo-s1024,416ff1829ee756ca42b2b3f3ac00d97021798aea8df9b30d5433071d80bc8eae
2025-04-29,HK,0.08175627933815122,p12v4m6-B-ppo-s1024,416ff1829ee756ca42b2b3f3ac00d97021798aea8df9b30d5433071d80bc8eae
2025-04-29,JP,0.18042278569191694,p12v4m6-B-ppo-s1024,416ff1829ee756ca42b2b3f3ac00d97021798aea8df9b30d5433071d80bc8eae
2025-04-29,US,0.28273645555600524,p12v4m6-B-ppo-s1024,416ff1829ee756ca42b2b3f3ac00d97021798aea8df9b30d5433071d80bc8eae
2025-04-30,CN,0.18403773033060133,p12v4m6-B-ppo-s1024,416ff1829ee756ca42b2b3f3ac00d97021798aea8df9b30d5433071d80bc8eae
2025-04-30,HK,0.0815761354751885,p12v4m6-B-ppo-s1024,416ff1829ee756ca42b2b3f3ac00d97021798aea8df9b30d5433071d80bc8eae
2025-04-30,JP,0.17867312487214804,p12v4m6-B-ppo-s1024,416ff1829ee756ca42b2b3f3ac00d97021798aea8df9b30d5433071d80bc8eae
2025-04-30,US,0.2847336125560105,p12v4m6-B-ppo-s1024,416ff1829ee756ca42b2b3f3ac00d97021798aea8df9b30d5433071d80bc8eae
2025-05-01,CN,0.1842389894882217,p12v4m6-B-ppo-s1024,416ff1829ee756ca42b2b3f3ac00d97021798aea8df9b30d5433071d80bc8eae
2025-05-01,HK,0.08143791602924466,p12v4m6-B-ppo-s1024,416ff1829ee756ca42b2b3f3ac00d97021798aea8df9b30d5433071d80bc8eae
2025-05-01,JP,0.17994043417274952,p12v4m6-B-ppo-s1024,416ff1829ee756ca42b2b3f3ac00d97021798aea8df9b30d5433071d80bc8eae
2025-05-01,US,0.2809612136334181,p12v4m6-B-ppo-s1024,416ff1829ee756ca42b2b3f3ac00d97021798aea8df9b30d5433071d80bc8eae
2025-05-02,CN,0.18297382164746523,p12v4m6-B-ppo-s1024,416ff1829ee756ca42b2b3f3ac00d97021798aea8df9b30d5433071d80bc8eae
2025-05-02,HK,0.08117386419326067,p12v4m6-B-ppo-s1024,416ff1829ee756ca42b2b3f3ac00d97021798aea8df9b30d5433071d80bc8eae
2025-05-02,JP,0.17903650179505348,p12v4m6-B-ppo-s1024,416ff1829ee756ca42b2b3f3ac00d97021798aea8df9b30d5433071d80bc8eae
2025-05-02,US,0.2837090785615146,p12v4m6-B-ppo-s1024,416ff1829ee756ca42b2b3f3ac00d97021798aea8df9b30d5433071d80bc8eae
2025-05-05,CN,0.18281654082238674,p12v4m6-B-ppo-s1024,416ff1829ee756ca42b2b3f3ac00d97021798aea8df9b30d5433071d80bc8eae
2025-05-05,HK,0.08107274770736694,p12v4m6-B-ppo-s1024,416ff1829ee756ca42b2b3f3ac00d97021798aea8df9b30d5433071d80bc8eae
2025-05-05,JP,0.17962463665753603,p12v4m6-B-ppo-s1024,416ff1829ee756ca42b2b3f3ac00d97021798aea8df9b30d5433071d80bc8eae
2025-05-05,US,0.2835956090129912,p12v4m6-B-ppo-s1024,416ff1829ee756ca42b2b3f3ac00d97021798aea8df9b30d5433071d80bc8eae
2025-05-06,CN,0.18571558932308108,p12v4m6-B-ppo-s1024,416ff1829ee756ca42b2b3f3ac00d97021798aea8df9b30d5433071d80bc8eae
2025-05-06,HK,0.08272882038727403,p12v4m6-B-ppo-s1024,416ff1829ee756ca42b2b3f3ac00d97021798aea8df9b30d5433071d80bc8eae
2025-05-06,JP,0.17982152942568064,p12v4m6-B-ppo-s1024,416ff1829ee756ca42b2b3f3ac00d97021798aea8df9b30d5433071d80bc8eae
2025-05-06,US,0.2808651113882661,p12v4m6-B-ppo-s1024,416ff1829ee756ca42b2b3f3ac00d97021798aea8df9b30d5433071d80bc8eae
2025-05-07,CN,0.181827254826203,p12v4m6-B-ppo-s1024,416ff1829ee756ca42b2b3f3ac00d97021798aea8df9b30d5433071d80bc8eae
2025-05-07,HK,0.08215636340901256,p12v4m6-B-ppo-s1024,416ff1829ee756ca42b2b3f3ac00d97021798aea8df9b30d5433071d80bc8eae
2025-05-07,JP,0.18127498775720596,p12v4m6-B-ppo-s1024,416ff1829ee756ca42b2b3f3ac00d97021798aea8df9b30d5433071d80bc8eae
2025-05-07,US,0.2820221711881459,p12v4m6-B-ppo-s1024,416ff1829ee756ca42b2b3f3ac00d97021798aea8df9b30d5433071d80bc8eae
2025-05-08,CN,0.18390392302535474,p12v4m6-B-ppo-s1024,416ff1829ee756ca42b2b3f3ac00d97021798aea8df9b30d5433071d80bc8eae
2025-05-08,HK,0.08170472970232368,p12v4m6-B-ppo-s1024,416ff1829ee756ca42b2b3f3ac00d97021798aea8df9b30d5433071d80bc8eae
2025-05-08,JP,0.18066859152168036,p12v4m6-B-ppo-s1024,416ff1829ee756ca42b2b3f3ac00d97021798aea8df9b30d5433071d80bc8eae
2025-05-08,US,0.28096463391557336,p12v4m6-B-ppo-s1024,416ff1829ee756ca42b2b3f3ac00d97021798aea8df9b30d5433071d80bc8eae
2025-05-09,CN,0.18246679997537285,p12v4m6-B-ppo-s1024,416ff1829ee756ca42b2b3f3ac00d97021798aea8df9b30d5433071d80bc8eae
2025-05-09,HK,0.08194902911782265,p12v4m6-B-ppo-s1024,416ff1829ee756ca42b2b3f3ac00d97021798aea8df9b30d5433071d80bc8eae
2025-05-09,JP,0.18025265261530876,p12v4m6-B-ppo-s1024,416ff1829ee756ca42b2b3f3ac00d97021798aea8df9b30d5433071d80bc8eae
2025-05-09,US,0.2817111127078533,p12v4m6-B-ppo-s1024,416ff1829ee756ca42b2b3f3ac00d97021798aea8df9b30d5433071d80bc8eae
2025-05-12,CN,0.1828651421237737,p12v4m6-B-ppo-s1024,416ff1829ee756ca42b2b3f3ac00d97021798aea8df9b30d5433071d80bc8eae
2025-05-12,HK,0.08251644438132644,p12v4m6-B-ppo-s1024,416ff1829ee756ca42b2b3f3ac00d97021798aea8df9b30d5433071d80bc8eae
2025-05-12,JP,0.17882398050278425,p12v4m6-B-ppo-s1024,416ff1829ee756ca42b2b3f3ac00d97021798aea8df9b30d5433071d80bc8eae
2025-05-12,US,0.2823848705738783,p12v4m6-B-ppo-s1024,416ff1829ee756ca42b2b3f3ac00d97021798aea8df9b30d5433071d80bc8eae
2025-05-13,CN,0.18114675453398377,p12v4m6-B-ppo-s1024,416ff1829ee756ca42b2b3f3ac00d97021798aea8df9b30d5433071d80bc8eae
2025-05-13,HK,0.08217266760766506,p12v4m6-B-ppo-s1024,416ff1829ee756ca42b2b3f3ac00d97021798aea8df9b30d5433071d80bc8eae
2025-05-13,JP,0.1789009403437376,p12v4m6-B-ppo-s1024,416ff1829ee756ca42b2b3f3ac00d97021798aea8df9b30d5433071d80bc8eae
2025-05-13,US,0.28371511632576585,p12v4m6-B-ppo-s1024,416ff1829ee756ca42b2b3f3ac00d97021798aea8df9b30d5433071d80bc8eae
2025-05-14,CN,0.18220968008972704,p12v4m6-B-ppo-s1024,416ff1829ee756ca42b2b3f3ac00d97021798aea8df9b30d5433071d80bc8eae
2025-05-14,HK,0.08274651365354657,p12v4m6-B-ppo-s1024,416ff1829ee756ca42b2b3f3ac00d97021798aea8df9b30d5433071d80bc8eae
2025-05-14,JP,0.1789376065135002,p12v4m6-B-ppo-s1024,416ff1829ee756ca42b2b3f3ac00d97021798aea8df9b30d5433071d80bc8eae
2025-05-14,US,0.28173843352124095,p12v4m6-B-ppo-s1024,416ff1829ee756ca42b2b3f3ac00d97021798aea8df9b30d5433071d80bc8eae
2025-05-15,CN,0.1797800640342757,p12v4m6-B-ppo-s1024,416ff1829ee756ca42b2b3f3ac00d97021798aea8df9b30d5433071d80bc8eae
2025-05-15,HK,0.08098930586129427,p12v4m6-B-ppo-s1024,416ff1829ee756ca42b2b3f3ac00d97021798aea8df9b30d5433071d80bc8eae
2025-05-15,JP,0.1801716722548008,p12v4m6-B-ppo-s1024,416ff1829ee756ca42b2b3f3ac00d97021798aea8df9b30d5433071d80bc8eae
2025-05-15,US,0.2856417768634856,p12v4m6-B-ppo-s1024,416ff1829ee756ca42b2b3f3ac00d97021798aea8df9b30d5433071d80bc8eae
2025-05-16,CN,0.18232419656123966,p12v4m6-B-ppo-s1024,416ff1829ee756ca42b2b3f3ac00d97021798aea8df9b30d5433071d80bc8eae
2025-05-16,HK,0.08077969634905457,p12v4m6-B-ppo-s1024,416ff1829ee756ca42b2b3f3ac00d97021798aea8df9b30d5433071d80bc8eae
2025-05-16,JP,0.1807757979258895,p12v4m6-B-ppo-s1024,416ff1829ee756ca42b2b3f3ac00d97021798aea8df9b30d5433071d80bc8eae
2025-05-16,US,0.28413868974894285,p12v4m6-B-ppo-s1024,416ff1829ee756ca42b2b3f3ac00d97021798aea8df9b30d5433071d80bc8eae
2025-05-19,CN,0.18361779674887657,p12v4m6-B-ppo-s1024,416ff1829ee756ca42b2b3f3ac00d97021798aea8df9b30d5433071d80bc8eae
2025-05-19,HK,0.08178364159539342,p12v4m6-B-ppo-s1024,416ff1829ee756ca42b2b3f3ac00d97021798aea8df9b30d5433071d80bc8eae
2025-05-19,JP,0.17998237814754248,p12v4m6-B-ppo-s1024,416ff1829ee756ca42b2b3f3ac00d97021798aea8df9b30d5433071d80bc8eae
2025-05-19,US,0.2830331325531006,p12v4m6-B-ppo-s1024,416ff1829ee756ca42b2b3f3ac00d97021798aea8df9b30d5433071d80bc8eae
2025-05-20,CN,0.18442237155977637,p12v4m6-B-ppo-s1024,416ff1829ee756ca42b2b3f3ac00d97021798aea8df9b30d5433071d80bc8eae
2025-05-20,HK,0.0820581465959549,p12v4m6-B-ppo-s1024,416ff1829ee756ca42b2b3f3ac00d97021798aea8df9b30d5433071d80bc8eae
2025-05-20,JP,0.1774194072932005,p12v4m6-B-ppo-s1024,416ff1829ee756ca42b2b3f3ac00d97021798aea8df9b30d5433071d80bc8eae
2025-05-20,US,0.2828428200446069,p12v4m6-B-ppo-s1024,416ff1829ee756ca42b2b3f3ac00d97021798aea8df9b30d5433071d80bc8eae
2025-05-21,CN,0.18257577996701002,p12v4m6-B-ppo-s1024,416ff1829ee756ca42b2b3f3ac00d97021798aea8df9b30d5433071d80bc8eae
2025-05-21,HK,0.0825870605185628,p12v4m6-B-ppo-s1024,416ff1829ee756ca42b2b3f3ac00d97021798aea8df9b30d5433071d80bc8eae
2025-05-21,JP,0.179515709169209,p12v4m6-B-ppo-s1024,416ff1829ee756ca42b2b3f3ac00d97021798aea8df9b30d5433071d80bc8eae
2025-05-21,US,0.2802700586616993,p12v4m6-B-ppo-s1024,416ff1829ee756ca42b2b3f3ac00d97021798aea8df9b30d5433071d80bc8eae
2025-05-22,CN,0.18241585744544864,p12v4m6-B-ppo-s1024,416ff1829ee756ca42b2b3f3ac00d97021798aea8df9b30d5433071d80bc8eae
2025-05-22,HK,0.08208806766197085,p12v4m6-B-ppo-s1024,416ff1829ee756ca42b2b3f3ac00d97021798aea8df9b30d5433071d80bc8eae
2025-05-22,JP,0.1796066351234913,p12v4m6-B-ppo-s1024,416ff1829ee756ca42b2b3f3ac00d97021798aea8df9b30d5433071d80bc8eae
2025-05-22,US,0.2813887861557305,p12v4m6-B-ppo-s1024,416ff1829ee756ca42b2b3f3ac00d97021798aea8df9b30d5433071d80bc8eae
2025-05-23,CN,0.1809839268680662,p12v4m6-B-ppo-s1024,416ff1829ee756ca42b2b3f3ac00d97021798aea8df9b30d5433071d80bc8eae
2025-05-23,HK,0.08094664942473173,p12v4m6-B-ppo-s1024,416ff1829ee756ca42b2b3f3ac00d97021798aea8df9b30d5433071d80bc8eae
2025-05-23,JP,0.18019223492592573,p12v4m6-B-ppo-s1024,416ff1829ee756ca42b2b3f3ac00d97021798aea8df9b30d5433071d80bc8eae
2025-05-23,US,0.28431379050016403,p12v4m6-B-ppo-s1024,416ff1829ee756ca42b2b3f3ac00d97021798aea8df9b30d5433071d80bc8eae
2025-05-26,CN,0.18499861098825932,p12v4m6-B-ppo-s1024,416ff1829ee756ca42b2b3f3ac00d97021798aea8df9b30d5433071d80bc8eae
2025-05-26,HK,0.08185998583212495,p12v4m6-B-ppo-s1024,416ff1829ee756ca42b2b3f3ac00d97021798aea8df9b30d5433071d80bc8eae
2025-05-26,JP,0.17896912153810263,p12v4m6-B-ppo-s1024,416ff1829ee756ca42b2b3f3ac00d97021798aea8df9b30d5433071d80bc8eae
2025-05-26,US,0.2834423859603703,p12v4m6-B-ppo-s1024,416ff1829ee756ca42b2b3f3ac00d97021798aea8df9b30d5433071d80bc8eae
2025-05-27,CN,0.18295021110679954,p12v4m6-B-ppo-s1024,416ff1829ee756ca42b2b3f3ac00d97021798aea8df9b30d5433071d80bc8eae
2025-05-27,HK,0.08153563318774104,p12v4m6-B-ppo-s1024,416ff1829ee756ca42b2b3f3ac00d97021798aea8df9b30d5433071d80bc8eae
2025-05-27,JP,0.1783283231779933,p12v4m6-B-ppo-s1024,416ff1829ee756ca42b2b3f3ac00d97021798aea8df9b30d5433071d80bc8eae
2025-05-27,US,0.2844063569791615,p12v4m6-B-ppo-s1024,416ff1829ee756ca42b2b3f3ac00d97021798aea8df9b30d5433071d80bc8eae
2025-05-28,CN,0.1840438242070377,p12v4m6-B-ppo-s1024,416ff1829ee756ca42b2b3f3ac00d97021798aea8df9b30d5433071d80bc8eae
2025-05-28,HK,0.08241096185520291,p12v4m6-B-ppo-s1024,416ff1829ee756ca42b2b3f3ac00d97021798aea8df9b30d5433071d80bc8eae
2025-05-28,JP,0.17902196291834116,p12v4m6-B-ppo-s1024,416ff1829ee756ca42b2b3f3ac00d97021798aea8df9b30d5433071d80bc8eae
2025-05-28,US,0.28072968451306224,p12v4m6-B-ppo-s1024,416ff1829ee756ca42b2b3f3ac00d97021798aea8df9b30d5433071d80bc8eae
2025-05-29,CN,0.18643092224374413,p12v4m6-B-ppo-s1024,416ff1829ee756ca42b2b3f3ac00d97021798aea8df9b30d5433071d80bc8eae
2025-05-29,HK,0.08223429694771767,p12v4m6-B-ppo-s1024,416ff1829ee756ca42b2b3f3ac00d97021798aea8df9b30d5433071d80bc8eae
2025-05-29,JP,0.17889535054564476,p12v4m6-B-ppo-s1024,416ff1829ee756ca42b2b3f3ac00d97021798aea8df9b30d5433071d80bc8eae
2025-05-29,US,0.28001624112948775,p12v4m6-B-ppo-s1024,416ff1829ee756ca42b2b3f3ac00d97021798aea8df9b30d5433071d80bc8eae
2025-05-30,CN,0.18040143116377294,p12v4m6-B-ppo-s1024,416ff1829ee756ca42b2b3f3ac00d97021798aea8df9b30d5433071d80bc8eae
2025-05-30,HK,0.08197681559249759,p12v4m6-B-ppo-s1024,416ff1829ee756ca42b2b3f3ac00d97021798aea8df9b30d5433071d80bc8eae
2025-05-30,JP,0.1808933624997735,p12v4m6-B-ppo-s1024,416ff1829ee756ca42b2b3f3ac00d97021798aea8df9b30d5433071d80bc8eae
2025-05-30,US,0.28214079793542624,p12v4m6-B-ppo-s1024,416ff1829ee756ca42b2b3f3ac00d97021798aea8df9b30d5433071d80bc8eae
2025-06-02,CN,0.1803848702693358,p12v4m6-B-ppo-s1024,416ff1829ee756ca42b2b3f3ac00d97021798aea8df9b30d5433071d80bc8eae
2025-06-02,HK,0.08183474978432059,p12v4m6-B-ppo-s1024,416ff1829ee756ca42b2b3f3ac00d97021798aea8df9b30d5433071d80bc8eae
2025-06-02,JP,0.17950822785496712,p12v4m6-B-ppo-s1024,416ff1829ee756ca42b2b3f3ac00d97021798aea8df9b30d5433071d80bc8eae
2025-06-02,US,0.2830123598687351,p12v4m6-B-ppo-s1024,416ff1829ee756ca42b2b3f3ac00d97021798aea8df9b30d5433071d80bc8eae
2025-06-03,CN,0.17698080325499177,p12v4m6-B-ppo-s1024,416ff1829ee756ca42b2b3f3ac00d97021798aea8df9b30d5433071d80bc8eae
2025-06-03,HK,0.08337957505136728,p12v4m6-B-ppo-s1024,416ff1829ee756ca42b2b3f3ac00d97021798aea8df9b30d5433071d80bc8eae
2025-06-03,JP,0.1804697634652257,p12v4m6-B-ppo-s1024,416ff1829ee756ca42b2b3f3ac00d97021798aea8df9b30d5433071d80bc8eae
2025-06-03,US,0.28389081405475736,p12v4m6-B-ppo-s1024,416ff1829ee756ca42b2b3f3ac00d97021798aea8df9b30d5433071d80bc8eae
2025-06-04,CN,0.18387976614758372,p12v4m6-B-ppo-s1024,416ff1829ee756ca42b2b3f3ac00d97021798aea8df9b30d5433071d80bc8eae
2025-06-04,HK,0.0818964228965342,p12v4m6-B-ppo-s1024,416ff1829ee756ca42b2b3f3ac00d97021798aea8df9b30d5433071d80bc8eae
2025-06-04,JP,0.17960440646857023,p12v4m6-B-ppo-s1024,416ff1829ee756ca42b2b3f3ac00d97021798aea8df9b30d5433071d80bc8eae
2025-06-04,US,0.28161429380998015,p12v4m6-B-ppo-s1024,416ff1829ee756ca42b2b3f3ac00d97021798aea8df9b30d5433071d80bc8eae
2025-06-05,CN,0.18445031950250268,p12v4m6-B-ppo-s1024,416ff1829ee756ca42b2b3f3ac00d97021798aea8df9b30d5433071d80bc8eae
2025-06-05,HK,0.08201200421899557,p12v4m6-B-ppo-s1024,416ff1829ee756ca42b2b3f3ac00d97021798aea8df9b30d5433071d80bc8eae
2025-06-05,JP,0.17865739483386278,p12v4m6-B-ppo-s1024,416ff1829ee756ca42b2b3f3ac00d97021798aea8df9b30d5433071d80bc8eae
2025-06-05,US,0.28092475794255733,p12v4m6-B-ppo-s1024,416ff1829ee756ca42b2b3f3ac00d97021798aea8df9b30d5433071d80bc8eae
2025-06-06,CN,0.179908586316742,p12v4m6-B-ppo-s1024,416ff1829ee756ca42b2b3f3ac00d97021798aea8df9b30d5433071d80bc8eae
2025-06-06,HK,0.08187159802764654,p12v4m6-B-ppo-s1024,416ff1829ee756ca42b2b3f3ac00d97021798aea8df9b30d5433071d80bc8eae
2025-06-06,JP,0.17969797365367413,p12v4m6-B-ppo-s1024,416ff1829ee756ca42b2b3f3ac00d97021798aea8df9b30d5433071d80bc8eae
2025-06-06,US,0.28396541392430663,p12v4m6-B-ppo-s1024,416ff1829ee756ca42b2b3f3ac00d97021798aea8df9b30d5433071d80bc8eae
2025-06-09,CN,0.18416019494179636,p12v4m6-B-ppo-s1024,416ff1829ee756ca42b2b3f3ac00d97021798aea8df9b30d5433071d80bc8eae
2025-06-09,HK,0.08201571041718125,p12v4m6-B-ppo-s1024,416ff1829ee756ca42b2b3f3ac00d97021798aea8df9b30d5433071d80bc8eae
2025-06-09,JP,0.179125408641994,p12v4m6-B-ppo-s1024,416ff1829ee756ca42b2b3f3ac00d97021798aea8df9b30d5433071d80bc8eae
2025-06-09,US,0.2816643533296883,p12v4m6-B-ppo-s1024,416ff1829ee756ca42b2b3f3ac00d97021798aea8df9b30d5433071d80bc8eae
2025-06-10,CN,0.18017093383241445,p12v4m6-B-ppo-s1024,416ff1829ee756ca42b2b3f3ac00d97021798aea8df9b30d5433071d80bc8eae
2025-06-10,HK,0.08159764902666211,p12v4m6-B-ppo-s1024,416ff1829ee756ca42b2b3f3ac00d97021798aea8df9b30d5433071d80bc8eae
2025-06-10,JP,0.17927062325179577,p12v4m6-B-ppo-s1024,416ff1829ee756ca42b2b3f3ac00d97021798aea8df9b30d5433071d80bc8eae
2025-06-10,US,0.2852694890461862,p12v4m6-B-ppo-s1024,416ff1829ee756ca42b2b3f3ac00d97021798aea8df9b30d5433071d80bc8eae
2025-06-11,CN,0.1827115201158449,p12v4m6-B-ppo-s1024,416ff1829ee756ca42b2b3f3ac00d97021798aea8df9b30d5433071d80bc8eae
2025-06-11,HK,0.08238275768235326,p12v4m6-B-ppo-s1024,416ff1829ee756ca42b2b3f3ac00d97021798aea8df9b30d5433071d80bc8eae
2025-06-11,JP,0.18057390488684177,p12v4m6-B-ppo-s1024,416ff1829ee756ca42b2b3f3ac00d97021798aea8df9b30d5433071d80bc8eae
2025-06-11,US,0.2806137534789741,p12v4m6-B-ppo-s1024,416ff1829ee756ca42b2b3f3ac00d97021798aea8df9b30d5433071d80bc8eae
2025-06-12,CN,0.18380953196901828,p12v4m6-B-ppo-s1024,416ff1829ee756ca42b2b3f3ac00d97021798aea8df9b30d5433071d80bc8eae
2025-06-12,HK,0.0816304194740951,p12v4m6-B-ppo-s1024,416ff1829ee756ca42b2b3f3ac00d97021798aea8df9b30d5433071d80bc8eae
2025-06-12,JP,0.1776920771226287,p12v4m6-B-ppo-s1024,416ff1829ee756ca42b2b3f3ac00d97021798aea8df9b30d5433071d80bc8eae
2025-06-12,US,0.28285172022879124,p12v4m6-B-ppo-s1024,416ff1829ee756ca42b2b3f3ac00d97021798aea8df9b30d5433071d80bc8eae
2025-06-13,CN,0.18322879425249994,p12v4m6-B-ppo-s1024,416ff1829ee756ca42b2b3f3ac00d97021798aea8df9b30d5433071d80bc8eae
2025-06-13,HK,0.08155370969325304,p12v4m6-B-ppo-s1024,416ff1829ee756ca42b2b3f3ac00d97021798aea8df9b30d5433071d80bc8eae
2025-06-13,JP,0.177490696310997,p12v4m6-B-ppo-s1024,416ff1829ee756ca42b2b3f3ac00d97021798aea8df9b30d5433071d80bc8eae
2025-06-13,US,0.2829089229926467,p12v4m6-B-ppo-s1024,416ff1829ee756ca42b2b3f3ac00d97021798aea8df9b30d5433071d80bc8eae
2025-06-16,CN,0.18468915147241205,p12v4m6-B-ppo-s1024,416ff1829ee756ca42b2b3f3ac00d97021798aea8df9b30d5433071d80bc8eae
2025-06-16,HK,0.08249005023390055,p12v4m6-B-ppo-s1024,416ff1829ee756ca42b2b3f3ac00d97021798aea8df9b30d5433071d80bc8eae
2025-06-16,JP,0.17892853450030088,p12v4m6-B-ppo-s1024,416ff1829ee756ca42b2b3f3ac00d97021798aea8df9b30d5433071d80bc8eae
2025-06-16,US,0.2806047801859677,p12v4m6-B-ppo-s1024,416ff1829ee756ca42b2b3f3ac00d97021798aea8df9b30d5433071d80bc8eae
2025-06-17,CN,0.17966434510890394,p12v4m6-B-ppo-s1024,416ff1829ee756ca42b2b3f3ac00d97021798aea8df9b30d5433071d80bc8eae
2025-06-17,HK,0.08252808637917042,p12v4m6-B-ppo-s1024,416ff1829ee756ca42b2b3f3ac00d97021798aea8df9b30d5433071d80bc8eae
2025-06-17,JP,0.18058559950441122,p12v4m6-B-ppo-s1024,416ff1829ee756ca42b2b3f3ac00d97021798aea8df9b30d5433071d80bc8eae
2025-06-17,US,0.282013600692153,p12v4m6-B-ppo-s1024,416ff1829ee756ca42b2b3f3ac00d97021798aea8df9b30d5433071d80bc8eae
2025-06-18,CN,0.178782713948749,p12v4m6-B-ppo-s1024,416ff1829ee756ca42b2b3f3ac00d97021798aea8df9b30d5433071d80bc8eae
2025-06-18,HK,0.08206039108335972,p12v4m6-B-ppo-s1024,416ff1829ee756ca42b2b3f3ac00d97021798aea8df9b30d5433071d80bc8eae
2025-06-18,JP,0.18130561616271734,p12v4m6-B-ppo-s1024,416ff1829ee756ca42b2b3f3ac00d97021798aea8df9b30d5433071d80bc8eae
2025-06-18,US,0.28277768287807703,p12v4m6-B-ppo-s1024,416ff1829ee756ca42b2b3f3ac00d97021798aea8df9b30d5433071d80bc8eae
2025-06-19,CN,0.18126692448277026,p12v4m6-B-ppo-s1024,416ff1829ee756ca42b2b3f3ac00d97021798aea8df9b30d5433071d80bc8eae
2025-06-19,HK,0.0816472927108407,p12v4m6-B-ppo-s1024,416ff1829ee756ca42b2b3f3ac00d97021798aea8df9b30d5433071d80bc8eae
2025-06-19,JP,0.17949179466813803,p12v4m6-B-ppo-s1024,416ff1829ee756ca42b2b3f3ac00d97021798aea8df9b30d5433071d80bc8eae
2025-06-19,US,0.2838126583956182,p12v4m6-B-ppo-s1024,416ff1829ee756ca42b2b3f3ac00d97021798aea8df9b30d5433071d80bc8eae
2025-06-20,CN,0.18178795231506228,p12v4m6-B-ppo-s1024,416ff1829ee756ca42b2b3f3ac00d97021798aea8df9b30d5433071d80bc8eae
2025-06-20,HK,0.08281622594222426,p12v4m6-B-ppo-s1024,416ff1829ee756ca42b2b3f3ac00d97021798aea8df9b30d5433071d80bc8eae
2025-06-20,JP,0.1793870236724615,p12v4m6-B-ppo-s1024,416ff1829ee756ca42b2b3f3ac00d97021798aea8df9b30d5433071d80bc8eae
2025-06-20,US,0.28172782668843865,p12v4m6-B-ppo-s1024,416ff1829ee756ca42b2b3f3ac00d97021798aea8df9b30d5433071d80bc8eae
2025-06-23,CN,0.18437229946721345,p12v4m6-B-ppo-s1024,416ff1829ee756ca42b2b3f3ac00d97021798aea8df9b30d5433071d80bc8eae
2025-06-23,HK,0.08283268753439188,p12v4m6-B-ppo-s1024,416ff1829ee756ca42b2b3f3ac00d97021798aea8df9b30d5433071d80bc8eae
2025-06-23,JP,0.17933155316859484,p12v4m6-B-ppo-s1024,416ff1829ee756ca42b2b3f3ac00d97021798aea8df9b30d5433071d80bc8eae
2025-06-23,US,0.281567616853863,p12v4m6-B-ppo-s1024,416ff1829ee756ca42b2b3f3ac00d97021798aea8df9b30d5433071d80bc8eae
2025-06-24,CN,0.1822964184684679,p12v4m6-B-ppo-s1024,416ff1829ee756ca42b2b3f3ac00d97021798aea8df9b30d5433071d80bc8eae
2025-06-24,HK,0.0831128885038197,p12v4m6-B-ppo-s1024,416ff1829ee756ca42b2b3f3ac00d97021798aea8df9b30d5433071d80bc8eae
2025-06-24,JP,0.17788733262568712,p12v4m6-B-ppo-s1024,416ff1829ee756ca42b2b3f3ac00d97021798aea8df9b30d5433071d80bc8eae
2025-06-24,US,0.2838054238818586,p12v4m6-B-ppo-s1024,416ff1829ee756ca42b2b3f3ac00d97021798aea8df9b30d5433071d80bc8eae
2025-06-25,CN,0.18212104658596218,p12v4m6-B-ppo-s1024,416ff1829ee756ca42b2b3f3ac00d97021798aea8df9b30d5433071d80bc8eae
2025-06-25,HK,0.08312631724402308,p12v4m6-B-ppo-s1024,416ff1829ee756ca42b2b3f3ac00d97021798aea8df9b30d5433071d80bc8eae
2025-06-25,JP,0.1799786640331149,p12v4m6-B-ppo-s1024,416ff1829ee756ca42b2b3f3ac00d97021798aea8df9b30d5433071d80bc8eae
2025-06-25,US,0.2804939108900726,p12v4m6-B-ppo-s1024,416ff1829ee756ca42b2b3f3ac00d97021798aea8df9b30d5433071d80bc8eae
2025-06-26,CN,0.18366383225657046,p12v4m6-B-ppo-s1024,416ff1829ee756ca42b2b3f3ac00d97021798aea8df9b30d5433071d80bc8eae
2025-06-26,HK,0.08179706195369363,p12v4m6-B-ppo-s1024,416ff1829ee756ca42b2b3f3ac00d97021798aea8df9b30d5433071d80bc8eae
2025-06-26,JP,0.1797500178217888,p12v4m6-B-ppo-s1024,416ff1829ee756ca42b2b3f3ac00d97021798aea8df9b30d5433071d80bc8eae
2025-06-26,US,0.28194560669362545,p12v4m6-B-ppo-s1024,416ff1829ee756ca42b2b3f3ac00d97021798aea8df9b30d5433071d80bc8eae
2025-06-27,CN,0.1827806697692722,p12v4m6-B-ppo-s1024,416ff1829ee756ca42b2b3f3ac00d97021798aea8df9b30d5433071d80bc8eae
2025-06-27,HK,0.08085546921938658,p12v4m6-B-ppo-s1024,416ff1829ee756ca42b2b3f3ac00d97021798aea8df9b30d5433071d80bc8eae
2025-06-27,JP,0.18012662511318922,p12v4m6-B-ppo-s1024,416ff1829ee756ca42b2b3f3ac00d97021798aea8df9b30d5433071d80bc8eae
2025-06-27,US,0.28219117503613234,p12v4m6-B-ppo-s1024,416ff1829ee756ca42b2b3f3ac00d97021798aea8df9b30d5433071d80bc8eae
2025-06-30,CN,0.18299249233677983,p12v4m6-B-ppo-s1024,416ff1829ee756ca42b2b3f3ac00d97021798aea8df9b30d5433071d80bc8eae
2025-06-30,HK,0.08155677514150739,p12v4m6-B-ppo-s1024,416ff1829ee756ca42b2b3f3ac00d97021798aea8df9b30d5433071d80bc8eae
2025-06-30,JP,0.1783238034695387,p12v4m6-B-ppo-s1024,416ff1829ee756ca42b2b3f3ac00d97021798aea8df9b30d5433071d80bc8eae
2025-06-30,US,0.28361344803124666,p12v4m6-B-ppo-s1024,416ff1829ee756ca42b2b3f3ac00d97021798aea8df9b30d5433071d80bc8eae
2025-07-01,CN,0.18019355612341315,p12v4m6-B-ppo-s1024,416ff1829ee756ca42b2b3f3ac00d97021798aea8df9b30d5433071d80bc8eae
2025-07-01,HK,0.08205095026642084,p12v4m6-B-ppo-s1024,416ff1829ee756ca42b2b3f3ac00d97021798aea8df9b30d5433071d80bc8eae
2025-07-01,JP,0.17832156643271446,p12v4m6-B-ppo-s1024,416ff1829ee756ca42b2b3f3ac00d97021798aea8df9b30d5433071d80bc8eae
2025-07-01,US,0.28549331333488226,p12v4m6-B-ppo-s1024,416ff1829ee756ca42b2b3f3ac00d97021798aea8df9b30d5433071d80bc8eae
2025-07-02,CN,0.18171951232943684,p12v4m6-B-ppo-s1024,416ff1829ee756ca42b2b3f3ac00d97021798aea8df9b30d5433071d80bc8eae
2025-07-02,HK,0.08176764659583569,p12v4m6-B-ppo-s1024,416ff1829ee756ca42b2b3f3ac00d97021798aea8df9b30d5433071d80bc8eae
2025-07-02,JP,0.18072697333991528,p12v4m6-B-ppo-s1024,416ff1829ee756ca42b2b3f3ac00d97021798aea8df9b30d5433071d80bc8eae
2025-07-02,US,0.2825113604776561,p12v4m6-B-ppo-s1024,416ff1829ee756ca42b2b3f3ac00d97021798aea8df9b30d5433071d80bc8eae
2025-07-03,CN,0.18173623026814312,p12v4m6-B-ppo-s1024,416ff1829ee756ca42b2b3f3ac00d97021798aea8df9b30d5433071d80bc8eae
2025-07-03,HK,0.08178476942703128,p12v4m6-B-ppo-s1024,416ff1829ee756ca42b2b3f3ac00d97021798aea8df9b30d5433071d80bc8eae
2025-07-03,JP,0.17952454555779696,p12v4m6-B-ppo-s1024,416ff1829ee756ca42b2b3f3ac00d97021798aea8df9b30d5433071d80bc8eae
2025-07-03,US,0.28271274315193295,p12v4m6-B-ppo-s1024,416ff1829ee756ca42b2b3f3ac00d97021798aea8df9b30d5433071d80bc8eae
2025-07-04,CN,0.18030933244153857,p12v4m6-B-ppo-s1024,416ff1829ee756ca42b2b3f3ac00d97021798aea8df9b30d5433071d80bc8eae
2025-07-04,HK,0.08248931588605046,p12v4m6-B-ppo-s1024,416ff1829ee756ca42b2b3f3ac00d97021798aea8df9b30d5433071d80bc8eae
2025-07-04,JP,0.17945015523582697,p12v4m6-B-ppo-s1024,416ff1829ee756ca42b2b3f3ac00d97021798aea8df9b30d5433071d80bc8eae
2025-07-04,US,0.28321100026369095,p12v4m6-B-ppo-s1024,416ff1829ee756ca42b2b3f3ac00d97021798aea8df9b30d5433071d80bc8eae
2025-07-07,CN,0.18425533105619252,p12v4m6-B-ppo-s1024,416ff1829ee756ca42b2b3f3ac00d97021798aea8df9b30d5433071d80bc8eae
2025-07-07,HK,0.08190898224711418,p12v4m6-B-ppo-s1024,416ff1829ee756ca42b2b3f3ac00d97021798aea8df9b30d5433071d80bc8eae
2025-07-07,JP,0.17920776829123497,p12v4m6-B-ppo-s1024,416ff1829ee756ca42b2b3f3ac00d97021798aea8df9b30d5433071d80bc8eae
2025-07-07,US,0.2806295841000974,p12v4m6-B-ppo-s1024,416ff1829ee756ca42b2b3f3ac00d97021798aea8df9b30d5433071d80bc8eae
2025-07-08,CN,0.18389968166593462,p12v4m6-B-ppo-s1024,416ff1829ee756ca42b2b3f3ac00d97021798aea8df9b30d5433071d80bc8eae
2025-07-08,HK,0.08207888435572386,p12v4m6-B-ppo-s1024,416ff1829ee756ca42b2b3f3ac00d97021798aea8df9b30d5433071d80bc8eae
2025-07-08,JP,0.1779213435947895,p12v4m6-B-ppo-s1024,416ff1829ee756ca42b2b3f3ac00d97021798aea8df9b30d5433071d80bc8eae
2025-07-08,US,0.2831126470118761,p12v4m6-B-ppo-s1024,416ff1829ee756ca42b2b3f3ac00d97021798aea8df9b30d5433071d80bc8eae
2025-07-09,CN,0.18046771769877523,p12v4m6-B-ppo-s1024,416ff1829ee756ca42b2b3f3ac00d97021798aea8df9b30d5433071d80bc8eae
2025-07-09,HK,0.08237327076494694,p12v4m6-B-ppo-s1024,416ff1829ee756ca42b2b3f3ac00d97021798aea8df9b30d5433071d80bc8eae
2025-07-09,JP,0.180103893391788,p12v4m6-B-ppo-s1024,416ff1829ee756ca42b2b3f3ac00d97021798aea8df9b30d5433071d80bc8eae
2025-07-09,US,0.2822901979088783,p12v4m6-B-ppo-s1024,416ff1829ee756ca42b2b3f3ac00d97021798aea8df9b30d5433071d80bc8eae
2025-07-10,CN,0.18236807559151202,p12v4m6-B-ppo-s1024,416ff1829ee756ca42b2b3f3ac00d97021798aea8df9b30d5433071d80bc8eae
2025-07-10,HK,0.08233537105843425,p12v4m6-B-ppo-s1024,416ff1829ee756ca42b2b3f3ac00d97021798aea8df9b30d5433071d80bc8eae
2025-07-10,JP,0.17838875856250525,p12v4m6-B-ppo-s1024,416ff1829ee756ca42b2b3f3ac00d97021798aea8df9b30d5433071d80bc8eae
2025-07-10,US,0.28304433450102806,p12v4m6-B-ppo-s1024,416ff1829ee756ca42b2b3f3ac00d97021798aea8df9b30d5433071d80bc8eae
2025-07-11,CN,0.18204408418387175,p12v4m6-B-ppo-s1024,416ff1829ee756ca42b2b3f3ac00d97021798aea8df9b30d5433071d80bc8eae
2025-07-11,HK,0.081514498218894,p12v4m6-B-ppo-s1024,416ff1829ee756ca42b2b3f3ac00d97021798aea8df9b30d5433071d80bc8eae
2025-07-11,JP,0.17911552917212248,p12v4m6-B-ppo-s1024,416ff1829ee756ca42b2b3f3ac00d97021798aea8df9b30d5433071d80bc8eae
2025-07-11,US,0.28319194354116917,p12v4m6-B-ppo-s1024,416ff1829ee756ca42b2b3f3ac00d97021798aea8df9b30d5433071d80bc8eae
2025-07-14,CN,0.18045339174568653,p12v4m6-B-ppo-s1024,416ff1829ee756ca42b2b3f3ac00d97021798aea8df9b30d5433071d80bc8eae
2025-07-14,HK,0.0821328996680677,p12v4m6-B-ppo-s1024,416ff1829ee756ca42b2b3f3ac00d97021798aea8df9b30d5433071d80bc8eae
2025-07-14,JP,0.17986774817109108,p12v4m6-B-ppo-s1024,416ff1829ee756ca42b2b3f3ac00d97021798aea8df9b30d5433071d80bc8eae
2025-07-14,US,0.2834154302254319,p12v4m6-B-ppo-s1024,416ff1829ee756ca42b2b3f3ac00d97021798aea8df9b30d5433071d80bc8eae
2025-07-15,CN,0.18191809416748583,p12v4m6-B-ppo-s1024,416ff1829ee756ca42b2b3f3ac00d97021798aea8df9b30d5433071d80bc8eae
2025-07-15,HK,0.08235598867759109,p12v4m6-B-ppo-s1024,416ff1829ee756ca42b2b3f3ac00d97021798aea8df9b30d5433071d80bc8eae
2025-07-15,JP,0.17980238143354654,p12v4m6-B-ppo-s1024,416ff1829ee756ca42b2b3f3ac00d97021798aea8df9b30d5433071d80bc8eae
2025-07-15,US,0.27954022493213415,p12v4m6-B-ppo-s1024,416ff1829ee756ca42b2b3f3ac00d97021798aea8df9b30d5433071d80bc8eae
2025-07-16,CN,0.1825285186059773,p12v4m6-B-ppo-s1024,416ff1829ee756ca42b2b3f3ac00d97021798aea8df9b30d5433071d80bc8eae
2025-07-16,HK,0.08166440948843956,p12v4m6-B-ppo-s1024,416ff1829ee756ca42b2b3f3ac00d97021798aea8df9b30d5433071d80bc8eae
2025-07-16,JP,0.17977685946971178,p12v4m6-B-ppo-s1024,416ff1829ee756ca42b2b3f3ac00d97021798aea8df9b30d5433071d80bc8eae
2025-07-16,US,0.28222072357311845,p12v4m6-B-ppo-s1024,416ff1829ee756ca42b2b3f3ac00d97021798aea8df9b30d5433071d80bc8eae
2025-07-17,CN,0.1824999275850132,p12v4m6-B-ppo-s1024,416ff1829ee756ca42b2b3f3ac00d97021798aea8df9b30d5433071d80bc8eae
2025-07-17,HK,0.08154729614034295,p12v4m6-B-ppo-s1024,416ff1829ee756ca42b2b3f3ac00d97021798aea8df9b30d5433071d80bc8eae
2025-07-17,JP,0.18005980737507343,p12v4m6-B-ppo-s1024,416ff1829ee756ca42b2b3f3ac00d97021798aea8df9b30d5433071d80bc8eae
2025-07-17,US,0.2832242287695408,p12v4m6-B-ppo-s1024,416ff1829ee756ca42b2b3f3ac00d97021798aea8df9b30d5433071d80bc8eae
2025-07-18,CN,0.18239297345280647,p12v4m6-B-ppo-s1024,416ff1829ee756ca42b2b3f3ac00d97021798aea8df9b30d5433071d80bc8eae
2025-07-18,HK,0.08212239062413573,p12v4m6-B-ppo-s1024,416ff1829ee756ca42b2b3f3ac00d97021798aea8df9b30d5433071d80bc8eae
2025-07-18,JP,0.17887614201754332,p12v4m6-B-ppo-s1024,416ff1829ee756ca42b2b3f3ac00d97021798aea8df9b30d5433071d80bc8eae
2025-07-18,US,0.2820029417052865,p12v4m6-B-ppo-s1024,416ff1829ee756ca42b2b3f3ac00d97021798aea8df9b30d5433071d80bc8eae
2025-07-21,CN,0.1832106519723311,p12v4m6-B-ppo-s1024,416ff1829ee756ca42b2b3f3ac00d97021798aea8df9b30d5433071d80bc8eae
2025-07-21,HK,0.08167140744626522,p12v4m6-B-ppo-s1024,416ff1829ee756ca42b2b3f3ac00d97021798aea8df9b30d5433071d80bc8eae
2025-07-21,JP,0.17886155378073454,p12v4m6-B-ppo-s1024,416ff1829ee756ca42b2b3f3ac00d97021798aea8df9b30d5433071d80bc8eae
2025-07-21,US,0.28212716430425644,p12v4m6-B-ppo-s1024,416ff1829ee756ca42b2b3f3ac00d97021798aea8df9b30d5433071d80bc8eae
2025-07-22,CN,0.18394155462738127,p12v4m6-B-ppo-s1024,416ff1829ee756ca42b2b3f3ac00d97021798aea8df9b30d5433071d80bc8eae
2025-07-22,HK,0.08143022609874606,p12v4m6-B-ppo-s1024,416ff1829ee756ca42b2b3f3ac00d97021798aea8df9b30d5433071d80bc8eae
2025-07-22,JP,0.17939584981650114,p12v4m6-B-ppo-s1024,416ff1829ee756ca42b2b3f3ac00d97021798aea8df9b30d5433071d80bc8eae
2025-07-22,US,0.2822131090797484,p12v4m6-B-ppo-s1024,416ff1829ee756ca42b2b3f3ac00d97021798aea8df9b30d5433071d80bc8eae
2025-07-23,CN,0.17656722583342344,p12v4m6-B-ppo-s1024,416ff1829ee756ca42b2b3f3ac00d97021798aea8df9b30d5433071d80bc8eae
2025-07-23,HK,0.08154923329129815,p12v4m6-B-ppo-s1024,416ff1829ee756ca42b2b3f3ac00d97021798aea8df9b30d5433071d80bc8eae
2025-07-23,JP,0.18139730766415596,p12v4m6-B-ppo-s1024,416ff1829ee756ca42b2b3f3ac00d97021798aea8df9b30d5433071d80bc8eae
2025-07-23,US,0.28573385579511523,p12v4m6-B-ppo-s1024,416ff1829ee756ca42b2b3f3ac00d97021798aea8df9b30d5433071d80bc8eae
2025-07-24,CN,0.1833287924528122,p12v4m6-B-ppo-s1024,416ff1829ee756ca42b2b3f3ac00d97021798aea8df9b30d5433071d80bc8eae
2025-07-24,HK,0.08217122917994857,p12v4m6-B-ppo-s1024,416ff1829ee756ca42b2b3f3ac00d97021798aea8df9b30d5433071d80bc8eae
2025-07-24,JP,0.17986636329442263,p12v4m6-B-ppo-s1024,416ff1829ee756ca42b2b3f3ac00d97021798aea8df9b30d5433071d80bc8eae
2025-07-24,US,0.28035620180889964,p12v4m6-B-ppo-s1024,416ff1829ee756ca42b2b3f3ac00d97021798aea8df9b30d5433071d80bc8eae
2025-07-25,CN,0.18088320340029895,p12v4m6-B-ppo-s1024,416ff1829ee756ca42b2b3f3ac00d97021798aea8df9b30d5433071d80bc8eae
2025-07-25,HK,0.08236818015575409,p12v4m6-B-ppo-s1024,416ff1829ee756ca42b2b3f3ac00d97021798aea8df9b30d5433071d80bc8eae
2025-07-25,JP,0.17919301986694336,p12v4m6-B-ppo-s1024,416ff1829ee756ca42b2b3f3ac00d97021798aea8df9b30d5433071d80bc8eae
2025-07-25,US,0.28219944378361106,p12v4m6-B-ppo-s1024,416ff1829ee756ca42b2b3f3ac00d97021798aea8df9b30d5433071d80bc8eae
2025-07-28,CN,0.18278763082344085,p12v4m6-B-ppo-s1024,416ff1829ee756ca42b2b3f3ac00d97021798aea8df9b30d5433071d80bc8eae
2025-07-28,HK,0.08159298077225685,p12v4m6-B-ppo-s1024,416ff1829ee756ca42b2b3f3ac00d97021798aea8df9b30d5433071d80bc8eae
2025-07-28,JP,0.1799088390544057,p12v4m6-B-ppo-s1024,416ff1829ee756ca42b2b3f3ac00d97021798aea8df9b30d5433071d80bc8eae
2025-07-28,US,0.28045102022588253,p12v4m6-B-ppo-s1024,416ff1829ee756ca42b2b3f3ac00d97021798aea8df9b30d5433071d80bc8eae
2025-07-29,CN,0.18253978539723903,p12v4m6-B-ppo-s1024,416ff1829ee756ca42b2b3f3ac00d97021798aea8df9b30d5433071d80bc8eae
2025-07-29,HK,0.08196045411750674,p12v4m6-B-ppo-s1024,416ff1829ee756ca42b2b3f3ac00d97021798aea8df9b30d5433071d80bc8eae
2025-07-29,JP,0.1789344446733594,p12v4m6-B-ppo-s1024,416ff1829ee756ca42b2b3f3ac00d97021798aea8df9b30d5433071d80bc8eae
2025-07-29,US,0.2814757996238768,p12v4m6-B-ppo-s1024,416ff1829ee756ca42b2b3f3ac00d97021798aea8df9b30d5433071d80bc8eae
2025-07-30,CN,0.18225905823055655,p12v4m6-B-ppo-s1024,416ff1829ee756ca42b2b3f3ac00d97021798aea8df9b30d5433071d80bc8eae
2025-07-30,HK,0.08126563299447298,p12v4m6-B-ppo-s1024,416ff1829ee756ca42b2b3f3ac00d97021798aea8df9b30d5433071d80bc8eae
2025-07-30,JP,0.18055537808686495,p12v4m6-B-ppo-s1024,416ff1829ee756ca42b2b3f3ac00d97021798aea8df9b30d5433071d80bc8eae
2025-07-30,US,0.2818611431866884,p12v4m6-B-ppo-s1024,416ff1829ee756ca42b2b3f3ac00d97021798aea8df9b30d5433071d80bc8eae
2025-07-31,CN,0.18229848251212388,p12v4m6-B-ppo-s1024,416ff1829ee756ca42b2b3f3ac00d97021798aea8df9b30d5433071d80bc8eae
2025-07-31,HK,0.08190785720944405,p12v4m6-B-ppo-s1024,416ff1829ee756ca42b2b3f3ac00d97021798aea8df9b30d5433071d80bc8eae
2025-07-31,JP,0.18086943589150906,p12v4m6-B-ppo-s1024,416ff1829ee756ca42b2b3f3ac00d97021798aea8df9b30d5433071d80bc8eae
2025-07-31,US,0.2801530505530536,p12v4m6-B-ppo-s1024,416ff1829ee756ca42b2b3f3ac00d97021798aea8df9b30d5433071d80bc8eae
2025-08-01,CN,0.18155017553362995,p12v4m6-B-ppo-s1024,416ff1829ee756ca42b2b3f3ac00d97021798aea8df9b30d5433071d80bc8eae
2025-08-01,HK,0.08178405277431011,p12v4m6-B-ppo-s1024,416ff1829ee756ca42b2b3f3ac00d97021798aea8df9b30d5433071d80bc8eae
2025-08-01,JP,0.18101562466472387,p12v4m6-B-ppo-s1024,416ff1829ee756ca42b2b3f3ac00d97021798aea8df9b30d5433071d80bc8eae
2025-08-01,US,0.281201817560941,p12v4m6-B-ppo-s1024,416ff1829ee756ca42b2b3f3ac00d97021798aea8df9b30d5433071d80bc8eae
2025-08-04,CN,0.18340353877283633,p12v4m6-B-ppo-s1024,416ff1829ee756ca42b2b3f3ac00d97021798aea8df9b30d5433071d80bc8eae
2025-08-04,HK,0.08214226318523288,p12v4m6-B-ppo-s1024,416ff1829ee756ca42b2b3f3ac00d97021798aea8df9b30d5433071d80bc8eae
2025-08-04,JP,0.17917852383106947,p12v4m6-B-ppo-s1024,416ff1829ee756ca42b2b3f3ac00d97021798aea8df9b30d5433071d80bc8eae
2025-08-04,US,0.2820290899835527,p12v4m6-B-ppo-s1024,416ff1829ee756ca42b2b3f3ac00d97021798aea8df9b30d5433071d80bc8eae
2025-08-05,CN,0.18215073843020946,p12v4m6-B-ppo-s1024,416ff1829ee756ca42b2b3f3ac00d97021798aea8df9b30d5433071d80bc8eae
2025-08-05,HK,0.08239709073677659,p12v4m6-B-ppo-s1024,416ff1829ee756ca42b2b3f3ac00d97021798aea8df9b30d5433071d80bc8eae
2025-08-05,JP,0.1802214551717043,p12v4m6-B-ppo-s1024,416ff1829ee756ca42b2b3f3ac00d97021798aea8df9b30d5433071d80bc8eae
2025-08-05,US,0.282108124345541,p12v4m6-B-ppo-s1024,416ff1829ee756ca42b2b3f3ac00d97021798aea8df9b30d5433071d80bc8eae
2025-08-06,CN,0.18326771049760282,p12v4m6-B-ppo-s1024,416ff1829ee756ca42b2b3f3ac00d97021798aea8df9b30d5433071d80bc8eae
2025-08-06,HK,0.08197221392765641,p12v4m6-B-ppo-s1024,416ff1829ee756ca42b2b3f3ac00d97021798aea8df9b30d5433071d80bc8eae
2025-08-06,JP,0.18064745794981718,p12v4m6-B-ppo-s1024,416ff1829ee756ca42b2b3f3ac00d97021798aea8df9b30d5433071d80bc8eae
2025-08-06,US,0.2799163111485541,p12v4m6-B-ppo-s1024,416ff1829ee756ca42b2b3f3ac00d97021798aea8df9b30d5433071d80bc8eae
2025-08-07,CN,0.18484519282355905,p12v4m6-B-ppo-s1024,416ff1829ee756ca42b2b3f3ac00d97021798aea8df9b30d5433071d80bc8eae
2025-08-07,HK,0.08201621938496828,p12v4m6-B-ppo-s1024,416ff1829ee756ca42b2b3f3ac00d97021798aea8df9b30d5433071d80bc8eae
2025-08-07,JP,0.18065815046429634,p12v4m6-B-ppo-s1024,416ff1829ee756ca42b2b3f3ac00d97021798aea8df9b30d5433071d80bc8eae
2025-08-07,US,0.2789251976646483,p12v4m6-B-ppo-s1024,416ff1829ee756ca42b2b3f3ac00d97021798aea8df9b30d5433071d80bc8eae
2025-08-08,CN,0.1818282884778455,p12v4m6-B-ppo-s1024,416ff1829ee756ca42b2b3f3ac00d97021798aea8df9b30d5433071d80bc8eae
2025-08-08,HK,0.08167425217106938,p12v4m6-B-ppo-s1024,416ff1829ee756ca42b2b3f3ac00d97021798aea8df9b30d5433071d80bc8eae
2025-08-08,JP,0.18110787868499756,p12v4m6-B-ppo-s1024,416ff1829ee756ca42b2b3f3ac00d97021798aea8df9b30d5433071d80bc8eae
2025-08-08,US,0.2811436029151082,p12v4m6-B-ppo-s1024,416ff1829ee756ca42b2b3f3ac00d97021798aea8df9b30d5433071d80bc8eae
2025-08-11,CN,0.18203162867575884,p12v4m6-B-ppo-s1024,416ff1829ee756ca42b2b3f3ac00d97021798aea8df9b30d5433071d80bc8eae
2025-08-11,HK,0.0822362513281405,p12v4m6-B-ppo-s1024,416ff1829ee756ca42b2b3f3ac00d97021798aea8df9b30d5433071d80bc8eae
2025-08-11,JP,0.1810827422887087,p12v4m6-B-ppo-s1024,416ff1829ee756ca42b2b3f3ac00d97021798aea8df9b30d5433071d80bc8eae
2025-08-11,US,0.28105021733790636,p12v4m6-B-ppo-s1024,416ff1829ee756ca42b2b3f3ac00d97021798aea8df9b30d5433071d80bc8eae
2025-08-12,CN,0.18110576132312417,p12v4m6-B-ppo-s1024,416ff1829ee756ca42b2b3f3ac00d97021798aea8df9b30d5433071d80bc8eae
2025-08-12,HK,0.08168247016146779,p12v4m6-B-ppo-s1024,416ff1829ee756ca42b2b3f3ac00d97021798aea8df9b30d5433071d80bc8eae
2025-08-12,JP,0.1812794702127576,p12v4m6-B-ppo-s1024,416ff1829ee756ca42b2b3f3ac00d97021798aea8df9b30d5433071d80bc8eae
2025-08-12,US,0.28334470093250275,p12v4m6-B-ppo-s1024,416ff1829ee756ca42b2b3f3ac00d97021798aea8df9b30d5433071d80bc8eae
2025-08-13,CN,0.18159230996388942,p12v4m6-B-ppo-s1024,416ff1829ee756ca42b2b3f3ac00d97021798aea8df9b30d5433071d80bc8eae
2025-08-13,HK,0.08120659226551652,p12v4m6-B-ppo-s1024,416ff1829ee756ca42b2b3f3ac00d97021798aea8df9b30d5433071d80bc8eae
2025-08-13,JP,0.17913453187793493,p12v4m6-B-ppo-s1024,416ff1829ee756ca42b2b3f3ac00d97021798aea8df9b30d5433071d80bc8eae
2025-08-13,US,0.28429629001766443,p12v4m6-B-ppo-s1024,416ff1829ee756ca42b2b3f3ac00d97021798aea8df9b30d5433071d80bc8eae
2025-08-14,CN,0.17867325386032462,p12v4m6-B-ppo-s1024,416ff1829ee756ca42b2b3f3ac00d97021798aea8df9b30d5433071d80bc8eae
2025-08-14,HK,0.08239196706563234,p12v4m6-B-ppo-s1024,416ff1829ee756ca42b2b3f3ac00d97021798aea8df9b30d5433071d80bc8eae
2025-08-14,JP,0.17900596279650927,p12v4m6-B-ppo-s1024,416ff1829ee756ca42b2b3f3ac00d97021798aea8df9b30d5433071d80bc8eae
2025-08-14,US,0.2835352439433336,p12v4m6-B-ppo-s1024,416ff1829ee756ca42b2b3f3ac00d97021798aea8df9b30d5433071d80bc8eae
2025-08-15,CN,0.1835523466579616,p12v4m6-B-ppo-s1024,416ff1829ee756ca42b2b3f3ac00d97021798aea8df9b30d5433071d80bc8eae
2025-08-15,HK,0.08153843460604548,p12v4m6-B-ppo-s1024,416ff1829ee756ca42b2b3f3ac00d97021798aea8df9b30d5433071d80bc8eae
2025-08-15,JP,0.18026338890194893,p12v4m6-B-ppo-s1024,416ff1829ee756ca42b2b3f3ac00d97021798aea8df9b30d5433071d80bc8eae
2025-08-15,US,0.28082737419754267,p12v4m6-B-ppo-s1024,416ff1829ee756ca42b2b3f3ac00d97021798aea8df9b30d5433071d80bc8eae
2025-08-18,CN,0.18332115409430116,p12v4m6-B-ppo-s1024,416ff1829ee756ca42b2b3f3ac00d97021798aea8df9b30d5433071d80bc8eae
2025-08-18,HK,0.08188455458730459,p12v4m6-B-ppo-s1024,416ff1829ee756ca42b2b3f3ac00d97021798aea8df9b30d5433071d80bc8eae
2025-08-18,JP,0.1800770852714777,p12v4m6-B-ppo-s1024,416ff1829ee756ca42b2b3f3ac00d97021798aea8df9b30d5433071d80bc8eae
2025-08-18,US,0.28112931549549103,p12v4m6-B-ppo-s1024,416ff1829ee756ca42b2b3f3ac00d97021798aea8df9b30d5433071d80bc8eae
2025-08-19,CN,0.1799656986258924,p12v4m6-B-ppo-s1024,416ff1829ee756ca42b2b3f3ac00d97021798aea8df9b30d5433071d80bc8eae
2025-08-19,HK,0.08222097298130393,p12v4m6-B-ppo-s1024,416ff1829ee756ca42b2b3f3ac00d97021798aea8df9b30d5433071d80bc8eae
2025-08-19,JP,0.18140125088393688,p12v4m6-B-ppo-s1024,416ff1829ee756ca42b2b3f3ac00d97021798aea8df9b30d5433071d80bc8eae
2025-08-19,US,0.2826898191124201,p12v4m6-B-ppo-s1024,416ff1829ee756ca42b2b3f3ac00d97021798aea8df9b30d5433071d80bc8eae
2025-08-20,CN,0.18336599448230118,p12v4m6-B-ppo-s1024,416ff1829ee756ca42b2b3f3ac00d97021798aea8df9b30d5433071d80bc8eae
2025-08-20,HK,0.08275487925857306,p12v4m6-B-ppo-s1024,416ff1829ee756ca42b2b3f3ac00d97021798aea8df9b30d5433071d80bc8eae
2025-08-20,JP,0.17947564739733934,p12v4m6-B-ppo-s1024,416ff1829ee756ca42b2b3f3ac00d97021798aea8df9b30d5433071d80bc8eae
2025-08-20,US,0.2798933940939605,p12v4m6-B-ppo-s1024,416ff1829ee756ca42b2b3f3ac00d97021798aea8df9b30d5433071d80bc8eae
2025-08-21,CN,0.18184602994006127,p12v4m6-B-ppo-s1024,416ff1829ee756ca42b2b3f3ac00d97021798aea8df9b30d5433071d80bc8eae
2025-08-21,HK,0.0814996580593288,p12v4m6-B-ppo-s1024,416ff1829ee756ca42b2b3f3ac00d97021798aea8df9b30d5433071d80bc8eae
2025-08-21,JP,0.17926990799605846,p12v4m6-B-ppo-s1024,416ff1829ee756ca42b2b3f3ac00d97021798aea8df9b30d5433071d80bc8eae
2025-08-21,US,0.2827445799484849,p12v4m6-B-ppo-s1024,416ff1829ee756ca42b2b3f3ac00d97021798aea8df9b30d5433071d80bc8eae
2025-08-22,CN,0.18140571715775877,p12v4m6-B-ppo-s1024,416ff1829ee756ca42b2b3f3ac00d97021798aea8df9b30d5433071d80bc8eae
2025-08-22,HK,0.08189110271632671,p12v4m6-B-ppo-s1024,416ff1829ee756ca42b2b3f3ac00d97021798aea8df9b30d5433071d80bc8eae
2025-08-22,JP,0.17869020625948906,p12v4m6-B-ppo-s1024,416ff1829ee756ca42b2b3f3ac00d97021798aea8df9b30d5433071d80bc8eae
2025-08-22,US,0.2841970189474523,p12v4m6-B-ppo-s1024,416ff1829ee756ca42b2b3f3ac00d97021798aea8df9b30d5433071d80bc8eae
2025-08-25,CN,0.1814644739497453,p12v4m6-B-ppo-s1024,416ff1829ee756ca42b2b3f3ac00d97021798aea8df9b30d5433071d80bc8eae
2025-08-25,HK,0.08272130135446787,p12v4m6-B-ppo-s1024,416ff1829ee756ca42b2b3f3ac00d97021798aea8df9b30d5433071d80bc8eae
2025-08-25,JP,0.17867816891521215,p12v4m6-B-ppo-s1024,416ff1829ee756ca42b2b3f3ac00d97021798aea8df9b30d5433071d80bc8eae
2025-08-25,US,0.2816732474602759,p12v4m6-B-ppo-s1024,416ff1829ee756ca42b2b3f3ac00d97021798aea8df9b30d5433071d80bc8eae
2025-08-26,CN,0.18246886122506112,p12v4m6-B-ppo-s1024,416ff1829ee756ca42b2b3f3ac00d97021798aea8df9b30d5433071d80bc8eae
2025-08-26,HK,0.08186301263049245,p12v4m6-B-ppo-s1024,416ff1829ee756ca42b2b3f3ac00d97021798aea8df9b30d5433071d80bc8eae
2025-08-26,JP,0.17920565325766802,p12v4m6-B-ppo-s1024,416ff1829ee756ca42b2b3f3ac00d97021798aea8df9b30d5433071d80bc8eae
2025-08-26,US,0.2817559000104666,p12v4m6-B-ppo-s1024,416ff1829ee756ca42b2b3f3ac00d97021798aea8df9b30d5433071d80bc8eae
2025-08-27,CN,0.17833276104647666,p12v4m6-B-ppo-s1024,416ff1829ee756ca42b2b3f3ac00d97021798aea8df9b30d5433071d80bc8eae
2025-08-27,HK,0.08168920315802097,p12v4m6-B-ppo-s1024,416ff1829ee756ca42b2b3f3ac00d97021798aea8df9b30d5433071d80bc8eae
2025-08-27,JP,0.18058403488248587,p12v4m6-B-ppo-s1024,416ff1829ee756ca42b2b3f3ac00d97021798aea8df9b30d5433071d80bc8eae
2025-08-27,US,0.2842039689421654,p12v4m6-B-ppo-s1024,416ff1829ee756ca42b2b3f3ac00d97021798aea8df9b30d5433071d80bc8eae
2025-08-28,CN,0.18305215507280082,p12v4m6-B-ppo-s1024,416ff1829ee756ca42b2b3f3ac00d97021798aea8df9b30d5433071d80bc8eae
2025-08-28,HK,0.08233690215274692,p12v4m6-B-ppo-s1024,416ff1829ee756ca42b2b3f3ac00d97021798aea8df9b30d5433071d80bc8eae
2025-08-28,JP,0.1801416864618659,p12v4m6-B-ppo-s1024,416ff1829ee756ca42b2b3f3ac00d97021798aea8df9b30d5433071d80bc8eae
2025-08-28,US,0.28125996328890324,p12v4m6-B-ppo-s1024,416ff1829ee756ca42b2b3f3ac00d97021798aea8df9b30d5433071d80bc8eae
2025-08-29,CN,0.18000087013933808,p12v4m6-B-ppo-s1024,416ff1829ee756ca42b2b3f3ac00d97021798aea8df9b30d5433071d80bc8eae
2025-08-29,HK,0.08143075928092003,p12v4m6-B-ppo-s1024,416ff1829ee756ca42b2b3f3ac00d97021798aea8df9b30d5433071d80bc8eae
2025-08-29,JP,0.18023991212248802,p12v4m6-B-ppo-s1024,416ff1829ee756ca42b2b3f3ac00d97021798aea8df9b30d5433071d80bc8eae
2025-08-29,US,0.28352842712774873,p12v4m6-B-ppo-s1024,416ff1829ee756ca42b2b3f3ac00d97021798aea8df9b30d5433071d80bc8eae
2025-09-01,CN,0.185534474439919,p12v4m6-B-ppo-s1024,416ff1829ee756ca42b2b3f3ac00d97021798aea8df9b30d5433071d80bc8eae
2025-09-01,HK,0.08124224422499537,p12v4m6-B-ppo-s1024,416ff1829ee756ca42b2b3f3ac00d97021798aea8df9b30d5433071d80bc8eae
2025-09-01,JP,0.17990010604262352,p12v4m6-B-ppo-s1024,416ff1829ee756ca42b2b3f3ac00d97021798aea8df9b30d5433071d80bc8eae
2025-09-01,US,0.28167926566675305,p12v4m6-B-ppo-s1024,416ff1829ee756ca42b2b3f3ac00d97021798aea8df9b30d5433071d80bc8eae
2025-09-02,CN,0.1783937580185011,p12v4m6-B-ppo-s1024,416ff1829ee756ca42b2b3f3ac00d97021798aea8df9b30d5433071d80bc8eae
2025-09-02,HK,0.08174536796286702,p12v4m6-B-ppo-s1024,416ff1829ee756ca42b2b3f3ac00d97021798aea8df9b30d5433071d80bc8eae
2025-09-02,JP,0.180234482511878,p12v4m6-B-ppo-s1024,416ff1829ee756ca42b2b3f3ac00d97021798aea8df9b30d5433071d80bc8eae
2025-09-02,US,0.28459716867655516,p12v4m6-B-ppo-s1024,416ff1829ee756ca42b2b3f3ac00d97021798aea8df9b30d5433071d80bc8eae
2025-09-03,CN,0.17797835206147283,p12v4m6-B-ppo-s1024,416ff1829ee756ca42b2b3f3ac00d97021798aea8df9b30d5433071d80bc8eae
2025-09-03,HK,0.08271016040816903,p12v4m6-B-ppo-s1024,416ff1829ee756ca42b2b3f3ac00d97021798aea8df9b30d5433071d80bc8eae
2025-09-03,JP,0.18059065099805593,p12v4m6-B-ppo-s1024,416ff1829ee756ca42b2b3f3ac00d97021798aea8df9b30d5433071d80bc8eae
2025-09-03,US,0.2831979338079691,p12v4m6-B-ppo-s1024,416ff1829ee756ca42b2b3f3ac00d97021798aea8df9b30d5433071d80bc8eae
2025-09-04,CN,0.18279359035659581,p12v4m6-B-ppo-s1024,416ff1829ee756ca42b2b3f3ac00d97021798aea8df9b30d5433071d80bc8eae
2025-09-04,HK,0.08141932357102633,p12v4m6-B-ppo-s1024,416ff1829ee756ca42b2b3f3ac00d97021798aea8df9b30d5433071d80bc8eae
2025-09-04,JP,0.17937718518078327,p12v4m6-B-ppo-s1024,416ff1829ee756ca42b2b3f3ac00d97021798aea8df9b30d5433071d80bc8eae
2025-09-04,US,0.2829873776063323,p12v4m6-B-ppo-s1024,416ff1829ee756ca42b2b3f3ac00d97021798aea8df9b30d5433071d80bc8eae
2025-09-05,CN,0.18046900595072657,p12v4m6-B-ppo-s1024,416ff1829ee756ca42b2b3f3ac00d97021798aea8df9b30d5433071d80bc8eae
2025-09-05,HK,0.08297872403636575,p12v4m6-B-ppo-s1024,416ff1829ee756ca42b2b3f3ac00d97021798aea8df9b30d5433071d80bc8eae
2025-09-05,JP,0.1796523593366146,p12v4m6-B-ppo-s1024,416ff1829ee756ca42b2b3f3ac00d97021798aea8df9b30d5433071d80bc8eae
2025-09-05,US,0.28156350599601865,p12v4m6-B-ppo-s1024,416ff1829ee756ca42b2b3f3ac00d97021798aea8df9b30d5433071d80bc8eae
2025-09-08,CN,0.18147795728873461,p12v4m6-B-ppo-s1024,416ff1829ee756ca42b2b3f3ac00d97021798aea8df9b30d5433071d80bc8eae
2025-09-08,HK,0.08153920527547598,p12v4m6-B-ppo-s1024,416ff1829ee756ca42b2b3f3ac00d97021798aea8df9b30d5433071d80bc8eae
2025-09-08,JP,0.17865796200931072,p12v4m6-B-ppo-s1024,416ff1829ee756ca42b2b3f3ac00d97021798aea8df9b30d5433071d80bc8eae
2025-09-08,US,0.2844302412122488,p12v4m6-B-ppo-s1024,416ff1829ee756ca42b2b3f3ac00d97021798aea8df9b30d5433071d80bc8eae
2025-09-09,CN,0.18074539792723954,p12v4m6-B-ppo-s1024,416ff1829ee756ca42b2b3f3ac00d97021798aea8df9b30d5433071d80bc8eae
2025-09-09,HK,0.08159157494083047,p12v4m6-B-ppo-s1024,416ff1829ee756ca42b2b3f3ac00d97021798aea8df9b30d5433071d80bc8eae
2025-09-09,JP,0.18082620203495026,p12v4m6-B-ppo-s1024,416ff1829ee756ca42b2b3f3ac00d97021798aea8df9b30d5433071d80bc8eae
2025-09-09,US,0.2807781472802162,p12v4m6-B-ppo-s1024,416ff1829ee756ca42b2b3f3ac00d97021798aea8df9b30d5433071d80bc8eae
2025-09-10,CN,0.18241683603264391,p12v4m6-B-ppo-s1024,416ff1829ee756ca42b2b3f3ac00d97021798aea8df9b30d5433071d80bc8eae
2025-09-10,HK,0.0822780430316925,p12v4m6-B-ppo-s1024,416ff1829ee756ca42b2b3f3ac00d97021798aea8df9b30d5433071d80bc8eae
2025-09-10,JP,0.17893312312662601,p12v4m6-B-ppo-s1024,416ff1829ee756ca42b2b3f3ac00d97021798aea8df9b30d5433071d80bc8eae
2025-09-10,US,0.28249975107610226,p12v4m6-B-ppo-s1024,416ff1829ee756ca42b2b3f3ac00d97021798aea8df9b30d5433071d80bc8eae
2025-09-11,CN,0.1813058975385502,p12v4m6-B-ppo-s1024,416ff1829ee756ca42b2b3f3ac00d97021798aea8df9b30d5433071d80bc8eae
2025-09-11,HK,0.08264850359410048,p12v4m6-B-ppo-s1024,416ff1829ee756ca42b2b3f3ac00d97021798aea8df9b30d5433071d80bc8eae
2025-09-11,JP,0.17908669542521238,p12v4m6-B-ppo-s1024,416ff1829ee756ca42b2b3f3ac00d97021798aea8df9b30d5433071d80bc8eae
2025-09-11,US,0.2837739451788366,p12v4m6-B-ppo-s1024,416ff1829ee756ca42b2b3f3ac00d97021798aea8df9b30d5433071d80bc8eae
2025-09-12,CN,0.18160624033771455,p12v4m6-B-ppo-s1024,416ff1829ee756ca42b2b3f3ac00d97021798aea8df9b30d5433071d80bc8eae
2025-09-12,HK,0.08151888754218817,p12v4m6-B-ppo-s1024,416ff1829ee756ca42b2b3f3ac00d97021798aea8df9b30d5433071d80bc8eae
2025-09-12,JP,0.17837099451571703,p12v4m6-B-ppo-s1024,416ff1829ee756ca42b2b3f3ac00d97021798aea8df9b30d5433071d80bc8eae
2025-09-12,US,0.28215174097567797,p12v4m6-B-ppo-s1024,416ff1829ee756ca42b2b3f3ac00d97021798aea8df9b30d5433071d80bc8eae
2025-09-15,CN,0.1811277805827558,p12v4m6-B-ppo-s1024,416ff1829ee756ca42b2b3f3ac00d97021798aea8df9b30d5433071d80bc8eae
2025-09-15,HK,0.08229286642745137,p12v4m6-B-ppo-s1024,416ff1829ee756ca42b2b3f3ac00d97021798aea8df9b30d5433071d80bc8eae
2025-09-15,JP,0.17922326736152172,p12v4m6-B-ppo-s1024,416ff1829ee756ca42b2b3f3ac00d97021798aea8df9b30d5433071d80bc8eae
2025-09-15,US,0.2815096634440124,p12v4m6-B-ppo-s1024,416ff1829ee756ca42b2b3f3ac00d97021798aea8df9b30d5433071d80bc8eae
2025-09-16,CN,0.1804603700293228,p12v4m6-B-ppo-s1024,416ff1829ee756ca42b2b3f3ac00d97021798aea8df9b30d5433071d80bc8eae
2025-09-16,HK,0.08260810980573297,p12v4m6-B-ppo-s1024,416ff1829ee756ca42b2b3f3ac00d97021798aea8df9b30d5433071d80bc8eae
2025-09-16,JP,0.1801299685612321,p12v4m6-B-ppo-s1024,416ff1829ee756ca42b2b3f3ac00d97021798aea8df9b30d5433071d80bc8eae
2025-09-16,US,0.2810835135169327,p12v4m6-B-ppo-s1024,416ff1829ee756ca42b2b3f3ac00d97021798aea8df9b30d5433071d80bc8eae
2025-09-17,CN,0.18080705462489277,p12v4m6-B-ppo-s1024,416ff1829ee756ca42b2b3f3ac00d97021798aea8df9b30d5433071d80bc8eae
2025-09-17,HK,0.08199552400037646,p12v4m6-B-ppo-s1024,416ff1829ee756ca42b2b3f3ac00d97021798aea8df9b30d5433071d80bc8eae
2025-09-17,JP,0.17952520865947008,p12v4m6-B-ppo-s1024,416ff1829ee756ca42b2b3f3ac00d97021798aea8df9b30d5433071d80bc8eae
2025-09-17,US,0.2830004459246993,p12v4m6-B-ppo-s1024,416ff1829ee756ca42b2b3f3ac00d97021798aea8df9b30d5433071d80bc8eae
2025-09-18,CN,0.18082012503873557,p12v4m6-B-ppo-s1024,416ff1829ee756ca42b2b3f3ac00d97021798aea8df9b30d5433071d80bc8eae
2025-09-18,HK,0.08091205824166536,p12v4m6-B-ppo-s1024,416ff1829ee756ca42b2b3f3ac00d97021798aea8df9b30d5433071d80bc8eae
2025-09-18,JP,0.17979332711547613,p12v4m6-B-ppo-s1024,416ff1829ee756ca42b2b3f3ac00d97021798aea8df9b30d5433071d80bc8eae
2025-09-18,US,0.282548388466239,p12v4m6-B-ppo-s1024,416ff1829ee756ca42b2b3f3ac00d97021798aea8df9b30d5433071d80bc8eae
2025-09-19,CN,0.18225022277329117,p12v4m6-B-ppo-s1024,416ff1829ee756ca42b2b3f3ac00d97021798aea8df9b30d5433071d80bc8eae
2025-09-19,HK,0.08180422941222787,p12v4m6-B-ppo-s1024,416ff1829ee756ca42b2b3f3ac00d97021798aea8df9b30d5433071d80bc8eae
2025-09-19,JP,0.1780541418120265,p12v4m6-B-ppo-s1024,416ff1829ee756ca42b2b3f3ac00d97021798aea8df9b30d5433071d80bc8eae
2025-09-19,US,0.2822686629369855,p12v4m6-B-ppo-s1024,416ff1829ee756ca42b2b3f3ac00d97021798aea8df9b30d5433071d80bc8eae
2025-09-22,CN,0.18085465184412897,p12v4m6-B-ppo-s1024,416ff1829ee756ca42b2b3f3ac00d97021798aea8df9b30d5433071d80bc8eae
2025-09-22,HK,0.08113667462021112,p12v4m6-B-ppo-s1024,416ff1829ee756ca42b2b3f3ac00d97021798aea8df9b30d5433071d80bc8eae
2025-09-22,JP,0.17822647001594305,p12v4m6-B-ppo-s1024,416ff1829ee756ca42b2b3f3ac00d97021798aea8df9b30d5433071d80bc8eae
2025-09-22,US,0.2848686329089105,p12v4m6-B-ppo-s1024,416ff1829ee756ca42b2b3f3ac00d97021798aea8df9b30d5433071d80bc8eae
2025-09-23,CN,0.1791727098170668,p12v4m6-B-ppo-s1024,416ff1829ee756ca42b2b3f3ac00d97021798aea8df9b30d5433071d80bc8eae
2025-09-23,HK,0.08155663963407278,p12v4m6-B-ppo-s1024,416ff1829ee756ca42b2b3f3ac00d97021798aea8df9b30d5433071d80bc8eae
2025-09-23,JP,0.1782874148339033,p12v4m6-B-ppo-s1024,416ff1829ee756ca42b2b3f3ac00d97021798aea8df9b30d5433071d80bc8eae
2025-09-23,US,0.2853164914995432,p12v4m6-B-ppo-s1024,416ff1829ee756ca42b2b3f3ac00d97021798aea8df9b30d5433071d80bc8eae
2025-09-24,CN,0.18248823937028646,p12v4m6-B-ppo-s1024,416ff1829ee756ca42b2b3f3ac00d97021798aea8df9b30d5433071d80bc8eae
2025-09-24,HK,0.0821372140198946,p12v4m6-B-ppo-s1024,416ff1829ee756ca42b2b3f3ac00d97021798aea8df9b30d5433071d80bc8eae
2025-09-24,JP,0.1791106080636382,p12v4m6-B-ppo-s1024,416ff1829ee756ca42b2b3f3ac00d97021798aea8df9b30d5433071d80bc8eae
2025-09-24,US,0.28155733132734895,p12v4m6-B-ppo-s1024,416ff1829ee756ca42b2b3f3ac00d97021798aea8df9b30d5433071d80bc8eae
2025-09-25,CN,0.17923934501595795,p12v4m6-B-ppo-s1024,416ff1829ee756ca42b2b3f3ac00d97021798aea8df9b30d5433071d80bc8eae
2025-09-25,HK,0.08233391866087914,p12v4m6-B-ppo-s1024,416ff1829ee756ca42b2b3f3ac00d97021798aea8df9b30d5433071d80bc8eae
2025-09-25,JP,0.1797791039571166,p12v4m6-B-ppo-s1024,416ff1829ee756ca42b2b3f3ac00d97021798aea8df9b30d5433071d80bc8eae
2025-09-25,US,0.2831810344941914,p12v4m6-B-ppo-s1024,416ff1829ee756ca42b2b3f3ac00d97021798aea8df9b30d5433071d80bc8eae
2025-09-26,CN,0.18210986978374422,p12v4m6-B-ppo-s1024,416ff1829ee756ca42b2b3f3ac00d97021798aea8df9b30d5433071d80bc8eae
2025-09-26,HK,0.08137581497430801,p12v4m6-B-ppo-s1024,416ff1829ee756ca42b2b3f3ac00d97021798aea8df9b30d5433071d80bc8eae
2025-09-26,JP,0.1798433903604746,p12v4m6-B-ppo-s1024,416ff1829ee756ca42b2b3f3ac00d97021798aea8df9b30d5433071d80bc8eae
2025-09-26,US,0.28293414087966084,p12v4m6-B-ppo-s1024,416ff1829ee756ca42b2b3f3ac00d97021798aea8df9b30d5433071d80bc8eae
2025-09-29,CN,0.18285349558573216,p12v4m6-B-ppo-s1024,416ff1829ee756ca42b2b3f3ac00d97021798aea8df9b30d5433071d80bc8eae
2025-09-29,HK,0.0820023026317358,p12v4m6-B-ppo-s1024,416ff1829ee756ca42b2b3f3ac00d97021798aea8df9b30d5433071d80bc8eae
2025-09-29,JP,0.17746214289218187,p12v4m6-B-ppo-s1024,416ff1829ee756ca42b2b3f3ac00d97021798aea8df9b30d5433071d80bc8eae
2025-09-29,US,0.2825292283669114,p12v4m6-B-ppo-s1024,416ff1829ee756ca42b2b3f3ac00d97021798aea8df9b30d5433071d80bc8eae
2025-09-30,CN,0.1809077652869746,p12v4m6-B-ppo-s1024,416ff1829ee756ca42b2b3f3ac00d97021798aea8df9b30d5433071d80bc8eae
2025-09-30,HK,0.08142746426165104,p12v4m6-B-ppo-s1024,416ff1829ee756ca42b2b3f3ac00d97021798aea8df9b30d5433071d80bc8eae
2025-09-30,JP,0.1794139463454485,p12v4m6-B-ppo-s1024,416ff1829ee756ca42b2b3f3ac00d97021798aea8df9b30d5433071d80bc8eae
2025-09-30,US,0.2837576768361032,p12v4m6-B-ppo-s1024,416ff1829ee756ca42b2b3f3ac00d97021798aea8df9b30d5433071d80bc8eae
2025-01-02,CN,0.1570027571870014,p12v4m6-B-ppo-s1024,416ff1829ee756ca42b2b3f3ac00d97021798aea8df9b30d5433071d80bc8eae
2025-01-02,HK,0.07558800233528018,p12v4m6-B-ppo-s1024,416ff1829ee756ca42b2b3f3ac00d97021798aea8df9b30d5433071d80bc8eae
2025-01-02,JP,0.0,p12v4m6-B-ppo-s1024,416ff1829ee756ca42b2b3f3ac00d97021798aea8df9b30d5433071d80bc8eae
2025-01-02,US,0.26412311056628823,p12v4m6-B-ppo-s1024,416ff1829ee756ca42b2b3f3ac00d97021798aea8df9b30d5433071d80bc8eae
2025-01-03,CN,0.16123263852205127,p12v4m6-B-ppo-s1024,416ff1829ee756ca42b2b3f3ac00d97021798aea8df9b30d5433071d80bc8eae
2025-01-03,HK,0.08031166484579444,p12v4m6-B-ppo-s1024,416ff1829ee756ca42b2b3f3ac00d97021798aea8df9b30d5433071d80bc8eae
2025-01-03,JP,0.0,p12v4m6-B-ppo-s1024,416ff1829ee756ca42b2b3f3ac00d97021798aea8df9b30d5433071d80bc8eae
2025-01-03,US,0.28654477884992957,p12v4m6-B-ppo-s1024,416ff1829ee756ca42b2b3f3ac00d97021798aea8df9b30d5433071d80bc8eae
2025-01-06,CN,0.18086468591354787,p12v4m6-B-ppo-s1024,416ff1829ee756ca42b2b3f3ac00d97021798aea8df9b30d5433071d80bc8eae
2025-01-06,HK,0.08151637110859156,p12v4m6-B-ppo-s1024,416ff1829ee756ca42b2b3f3ac00d97021798aea8df9b30d5433071d80bc8eae
2025-01-06,JP,0.17772548645734787,p12v4m6-B-ppo-s1024,416ff1829ee756ca42b2b3f3ac00d97021798aea8df9b30d5433071d80bc8eae
2025-01-06,US,0.2848333306610584,p12v4m6-B-ppo-s1024,416ff1829ee756ca42b2b3f3ac00d97021798aea8df9b30d5433071d80bc8eae
2025-01-07,CN,0.1840837801573798,p12v4m6-B-ppo-s1024,416ff1829ee756ca42b2b3f3ac00d97021798aea8df9b30d5433071d80bc8eae
2025-01-07,HK,0.08321091625839472,p12v4m6-B-ppo-s1024,416ff1829ee756ca42b2b3f3ac00d97021798aea8df9b30d5433071d80bc8eae
2025-01-07,JP,0.17902086675167084,p12v4m6-B-ppo-s1024,416ff1829ee756ca42b2b3f3ac00d97021798aea8df9b30d5433071d80bc8eae
2025-01-07,US,0.28101695887744427,p12v4m6-B-ppo-s1024,416ff1829ee756ca42b2b3f3ac00d97021798aea8df9b30d5433071d80bc8eae
2025-01-08,CN,0.18411654059309512,p12v4m6-B-ppo-s1024,416ff1829ee756ca42b2b3f3ac00d97021798aea8df9b30d5433071d80bc8eae
2025-01-08,HK,0.08223969489336014,p12v4m6-B-ppo-s1024,416ff1829ee756ca42b2b3f3ac00d97021798aea8df9b30d5433071d80bc8eae
2025-01-08,JP,0.17679619137197733,p12v4m6-B-ppo-s1024,416ff1829ee756ca42b2b3f3ac00d97021798aea8df9b30d5433071d80bc8eae
2025-01-08,US,0.2837602333165705,p12v4m6-B-ppo-s1024,416ff1829ee756ca42b2b3f3ac00d97021798aea8df9b30d5433071d80bc8eae
2025-01-09,CN,0.1853614755673334,p12v4m6-B-ppo-s1024,416ff1829ee756ca42b2b3f3ac00d97021798aea8df9b30d5433071d80bc8eae
2025-01-09,HK,0.08182572480291128,p12v4m6-B-ppo-s1024,416ff1829ee756ca42b2b3f3ac00d97021798aea8df9b30d5433071d80bc8eae
2025-01-09,JP,0.17793585639446974,p12v4m6-B-ppo-s1024,416ff1829ee756ca42b2b3f3ac00d97021798aea8df9b30d5433071d80bc8eae
2025-01-09,US,0.28370380494743586,p12v4m6-B-ppo-s1024,416ff1829ee756ca42b2b3f3ac00d97021798aea8df9b30d5433071d80bc8eae
2025-01-10,CN,0.17898263013921678,p12v4m6-B-ppo-s1024,416ff1829ee756ca42b2b3f3ac00d97021798aea8df9b30d5433071d80bc8eae
2025-01-10,HK,0.08240276668220758,p12v4m6-B-ppo-s1024,416ff1829ee756ca42b2b3f3ac00d97021798aea8df9b30d5433071d80bc8eae
2025-01-10,JP,0.17981030885130167,p12v4m6-B-ppo-s1024,416ff1829ee756ca42b2b3f3ac00d97021798aea8df9b30d5433071d80bc8eae
2025-01-10,US,0.2826072033494711,p12v4m6-B-ppo-s1024,416ff1829ee756ca42b2b3f3ac00d97021798aea8df9b30d5433071d80bc8eae
2025-01-13,CN,0.18323602341115475,p12v4m6-B-ppo-s1024,416ff1829ee756ca42b2b3f3ac00d97021798aea8df9b30d5433071d80bc8eae
2025-01-13,HK,0.08156563201919198,p12v4m6-B-ppo-s1024,416ff1829ee756ca42b2b3f3ac00d97021798aea8df9b30d5433071d80bc8eae
2025-01-13,JP,0.1804325534030795,p12v4m6-B-ppo-s1024,416ff1829ee756ca42b2b3f3ac00d97021798aea8df9b30d5433071d80bc8eae
2025-01-13,US,0.28452146193012595,p12v4m6-B-ppo-s1024,416ff1829ee756ca42b2b3f3ac00d97021798aea8df9b30d5433071d80bc8eae
2025-01-14,CN,0.1876614346401766,p12v4m6-B-ppo-s1024,416ff1829ee756ca42b2b3f3ac00d97021798aea8df9b30d5433071d80bc8eae
2025-01-14,HK,0.08348848251625896,p12v4m6-B-ppo-s1024,416ff1829ee756ca42b2b3f3ac00d97021798aea8df9b30d5433071d80bc8eae
2025-01-14,JP,0.17665140517055988,p12v4m6-B-ppo-s1024,416ff1829ee756ca42b2b3f3ac00d97021798aea8df9b30d5433071d80bc8eae
2025-01-14,US,0.2816220838576555,p12v4m6-B-ppo-s1024,416ff1829ee756ca42b2b3f3ac00d97021798aea8df9b30d5433071d80bc8eae
2025-01-15,CN,0.18294114037416875,p12v4m6-B-ppo-s1024,416ff1829ee756ca42b2b3f3ac00d97021798aea8df9b30d5433071d80bc8eae
2025-01-15,HK,0.08214759035035968,p12v4m6-B-ppo-s1024,416ff1829ee756ca42b2b3f3ac00d97021798aea8df9b30d5433071d80bc8eae
2025-01-15,JP,0.17843942996114492,p12v4m6-B-ppo-s1024,416ff1829ee756ca42b2b3f3ac00d97021798aea8df9b30d5433071d80bc8eae
2025-01-15,US,0.28263966739177704,p12v4m6-B-ppo-s1024,416ff1829ee756ca42b2b3f3ac00d97021798aea8df9b30d5433071d80bc8eae
2025-01-16,CN,0.18275458680000156,p12v4m6-B-ppo-s1024,416ff1829ee756ca42b2b3f3ac00d97021798aea8df9b30d5433071d80bc8eae
2025-01-16,HK,0.0821007271297276,p12v4m6-B-ppo-s1024,416ff1829ee756ca42b2b3f3ac00d97021798aea8df9b30d5433071d80bc8eae
2025-01-16,JP,0.17900509107857943,p12v4m6-B-ppo-s1024,416ff1829ee756ca42b2b3f3ac00d97021798aea8df9b30d5433071d80bc8eae
2025-01-16,US,0.28365523600950837,p12v4m6-B-ppo-s1024,416ff1829ee756ca42b2b3f3ac00d97021798aea8df9b30d5433071d80bc8eae
2025-01-17,CN,0.18281355465296656,p12v4m6-B-ppo-s1024,416ff1829ee756ca42b2b3f3ac00d97021798aea8df9b30d5433071d80bc8eae
2025-01-17,HK,0.08145397435873747,p12v4m6-B-ppo-s1024,416ff1829ee756ca42b2b3f3ac00d97021798aea8df9b30d5433071d80bc8eae
2025-01-17,JP,0.17988839652389288,p12v4m6-B-ppo-s1024,416ff1829ee756ca42b2b3f3ac00d97021798aea8df9b30d5433071d80bc8eae
2025-01-17,US,0.2827893830835819,p12v4m6-B-ppo-s1024,416ff1829ee756ca42b2b3f3ac00d97021798aea8df9b30d5433071d80bc8eae
2025-01-20,CN,0.18375532410573214,p12v4m6-B-ppo-s1024,416ff1829ee756ca42b2b3f3ac00d97021798aea8df9b30d5433071d80bc8eae
2025-01-20,HK,0.08152908133342862,p12v4m6-B-ppo-s1024,416ff1829ee756ca42b2b3f3ac00d97021798aea8df9b30d5433071d80bc8eae
2025-01-20,JP,0.17994767427444458,p12v4m6-B-ppo-s1024,416ff1829ee756ca42b2b3f3ac00d97021798aea8df9b30d5433071d80bc8eae
2025-01-20,US,0.28215194400399923,p12v4m6-B-ppo-s1024,416ff1829ee756ca42b2b3f3ac00d97021798aea8df9b30d5433071d80bc8eae
2025-01-21,CN,0.18230130418669432,p12v4m6-B-ppo-s1024,416ff1829ee756ca42b2b3f3ac00d97021798aea8df9b30d5433071d80bc8eae
2025-01-21,HK,0.08119220100343227,p12v4m6-B-ppo-s1024,416ff1829ee756ca42b2b3f3ac00d97021798aea8df9b30d5433071d80bc8eae
2025-01-21,JP,0.17983612697571516,p12v4m6-B-ppo-s1024,416ff1829ee756ca42b2b3f3ac00d97021798aea8df9b30d5433071d80bc8eae
2025-01-21,US,0.28449328197166324,p12v4m6-B-ppo-s1024,416ff1829ee756ca42b2b3f3ac00d97021798aea8df9b30d5433071d80bc8eae
2025-01-22,CN,0.1829323540441692,p12v4m6-B-ppo-s1024,416ff1829ee756ca42b2b3f3ac00d97021798aea8df9b30d5433071d80bc8eae
2025-01-22,HK,0.08099817018955946,p12v4m6-B-ppo-s1024,416ff1829ee756ca42b2b3f3ac00d97021798aea8df9b30d5433071d80bc8eae
2025-01-22,JP,0.1802237732335925,p12v4m6-B-ppo-s1024,416ff1829ee756ca42b2b3f3ac00d97021798aea8df9b30d5433071d80bc8eae
2025-01-22,US,0.2829897911287844,p12v4m6-B-ppo-s1024,416ff1829ee756ca42b2b3f3ac00d97021798aea8df9b30d5433071d80bc8eae
2025-01-23,CN,0.18072099762503058,p12v4m6-B-ppo-s1024,416ff1829ee756ca42b2b3f3ac00d97021798aea8df9b30d5433071d80bc8eae
2025-01-23,HK,0.08270036429166794,p12v4m6-B-ppo-s1024,416ff1829ee756ca42b2b3f3ac00d97021798aea8df9b30d5433071d80bc8eae
2025-01-23,JP,0.1786938514560461,p12v4m6-B-ppo-s1024,416ff1829ee756ca42b2b3f3ac00d97021798aea8df9b30d5433071d80bc8eae
2025-01-23,US,0.28463008254766464,p12v4m6-B-ppo-s1024,416ff1829ee756ca42b2b3f3ac00d97021798aea8df9b30d5433071d80bc8eae
2025-01-24,CN,0.183901478885673,p12v4m6-B-ppo-s1024,416ff1829ee756ca42b2b3f3ac00d97021798aea8df9b30d5433071d80bc8eae
2025-01-24,HK,0.08167682215571404,p12v4m6-B-ppo-s1024,416ff1829ee756ca42b2b3f3ac00d97021798aea8df9b30d5433071d80bc8eae
2025-01-24,JP,0.17825531493872404,p12v4m6-B-ppo-s1024,416ff1829ee756ca42b2b3f3ac00d97021798aea8df9b30d5433071d80bc8eae
2025-01-24,US,0.28423062060028315,p12v4m6-B-ppo-s1024,416ff1829ee756ca42b2b3f3ac00d97021798aea8df9b30d5433071d80bc8eae
2025-01-27,CN,0.18102063611149788,p12v4m6-B-ppo-s1024,416ff1829ee756ca42b2b3f3ac00d97021798aea8df9b30d5433071d80bc8eae
2025-01-27,HK,0.0819666562601924,p12v4m6-B-ppo-s1024,416ff1829ee756ca42b2b3f3ac00d97021798aea8df9b30d5433071d80bc8eae
2025-01-27,JP,0.18016674183309078,p12v4m6-B-ppo-s1024,416ff1829ee756ca42b2b3f3ac00d97021798aea8df9b30d5433071d80bc8eae
2025-01-27,US,0.2838262962177396,p12v4m6-B-ppo-s1024,416ff1829ee756ca42b2b3f3ac00d97021798aea8df9b30d5433071d80bc8eae
2025-01-28,CN,0.18180017359554768,p12v4m6-B-ppo-s1024,416ff1829ee756ca42b2b3f3ac00d97021798aea8df9b30d5433071d80bc8eae
2025-01-28,HK,0.08189214440062642,p12v4m6-B-ppo-s1024,416ff1829ee756ca42b2b3f3ac00d97021798aea8df9b30d5433071d80bc8eae
2025-01-28,JP,0.180458708666265,p12v4m6-B-ppo-s1024,416ff1829ee756ca42b2b3f3ac00d97021798aea8df9b30d5433071d80bc8eae
2025-01-28,US,0.2827107906341553,p12v4m6-B-ppo-s1024,416ff1829ee756ca42b2b3f3ac00d97021798aea8df9b30d5433071d80bc8eae
2025-01-29,CN,0.18282604648265988,p12v4m6-B-ppo-s1024,416ff1829ee756ca42b2b3f3ac00d97021798aea8df9b30d5433071d80bc8eae
2025-01-29,HK,0.08201386872678995,p12v4m6-B-ppo-s1024,416ff1829ee756ca42b2b3f3ac00d97021798aea8df9b30d5433071d80bc8eae
2025-01-29,JP,0.18041764851659536,p12v4m6-B-ppo-s1024,416ff1829ee756ca42b2b3f3ac00d97021798aea8df9b30d5433071d80bc8eae
2025-01-29,US,0.27996019972488284,p12v4m6-B-ppo-s1024,416ff1829ee756ca42b2b3f3ac00d97021798aea8df9b30d5433071d80bc8eae
2025-01-30,CN,0.18340781785082072,p12v4m6-B-ppo-s1024,416ff1829ee756ca42b2b3f3ac00d97021798aea8df9b30d5433071d80bc8eae
2025-01-30,HK,0.08205165294930339,p12v4m6-B-ppo-s1024,416ff1829ee756ca42b2b3f3ac00d97021798aea8df9b30d5433071d80bc8eae
2025-01-30,JP,0.181105419062078,p12v4m6-B-ppo-s1024,416ff1829ee756ca42b2b3f3ac00d97021798aea8df9b30d5433071d80bc8eae
2025-01-30,US,0.28194838110357523,p12v4m6-B-ppo-s1024,416ff1829ee756ca42b2b3f3ac00d97021798aea8df9b30d5433071d80bc8eae
2025-01-31,CN,0.18352837266866118,p12v4m6-B-ppo-s1024,416ff1829ee756ca42b2b3f3ac00d97021798aea8df9b30d5433071d80bc8eae
2025-01-31,HK,0.0819456148892641,p12v4m6-B-ppo-s1024,416ff1829ee756ca42b2b3f3ac00d97021798aea8df9b30d5433071d80bc8eae
2025-01-31,JP,0.17950160801410675,p12v4m6-B-ppo-s1024,416ff1829ee756ca42b2b3f3ac00d97021798aea8df9b30d5433071d80bc8eae
2025-01-31,US,0.28055335069075227,p12v4m6-B-ppo-s1024,416ff1829ee756ca42b2b3f3ac00d97021798aea8df9b30d5433071d80bc8eae
2025-02-03,CN,0.18326069985050708,p12v4m6-B-ppo-s1024,416ff1829ee756ca42b2b3f3ac00d97021798aea8df9b30d5433071d80bc8eae
2025-02-03,HK,0.08212322881445289,p12v4m6-B-ppo-s1024,416ff1829ee756ca42b2b3f3ac00d97021798aea8df9b30d5433071d80bc8eae
2025-02-03,JP,0.1789129627868533,p12v4m6-B-ppo-s1024,416ff1829ee756ca42b2b3f3ac00d97021798aea8df9b30d5433071d80bc8eae
2025-02-03,US,0.28425780590623617,p12v4m6-B-ppo-s1024,416ff1829ee756ca42b2b3f3ac00d97021798aea8df9b30d5433071d80bc8eae
2025-02-04,CN,0.18376291857566684,p12v4m6-B-ppo-s1024,416ff1829ee756ca42b2b3f3ac00d97021798aea8df9b30d5433071d80bc8eae
2025-02-04,HK,0.08210806734859943,p12v4m6-B-ppo-s1024,416ff1829ee756ca42b2b3f3ac00d97021798aea8df9b30d5433071d80bc8eae
2025-02-04,JP,0.17654654290527105,p12v4m6-B-ppo-s1024,416ff1829ee756ca42b2b3f3ac00d97021798aea8df9b30d5433071d80bc8eae
2025-02-04,US,0.2852338715456426,p12v4m6-B-ppo-s1024,416ff1829ee756ca42b2b3f3ac00d97021798aea8df9b30d5433071d80bc8eae
2025-02-05,CN,0.1824706590268761,p12v4m6-B-ppo-s1024,416ff1829ee756ca42b2b3f3ac00d97021798aea8df9b30d5433071d80bc8eae
2025-02-05,HK,0.08205408789217472,p12v4m6-B-ppo-s1024,416ff1829ee756ca42b2b3f3ac00d97021798aea8df9b30d5433071d80bc8eae
2025-02-05,JP,0.1780574768781662,p12v4m6-B-ppo-s1024,416ff1829ee756ca42b2b3f3ac00d97021798aea8df9b30d5433071d80bc8eae
2025-02-05,US,0.28492534067481756,p12v4m6-B-ppo-s1024,416ff1829ee756ca42b2b3f3ac00d97021798aea8df9b30d5433071d80bc8eae
2025-02-06,CN,0.1838258426869288,p12v4m6-B-ppo-s1024,416ff1829ee756ca42b2b3f3ac00d97021798aea8df9b30d5433071d80bc8eae
2025-02-06,HK,0.08264116011559963,p12v4m6-B-ppo-s1024,416ff1829ee756ca42b2b3f3ac00d97021798aea8df9b30d5433071d80bc8eae
2025-02-06,JP,0.18027152307331562,p12v4m6-B-ppo-s1024,416ff1829ee756ca42b2b3f3ac00d97021798aea8df9b30d5433071d80bc8eae
2025-02-06,US,0.2812083135358989,p12v4m6-B-ppo-s1024,416ff1829ee756ca42b2b3f3ac00d97021798aea8df9b30d5433071d80bc8eae
2025-02-07,CN,0.18579185847193003,p12v4m6-B-ppo-s1024,416ff1829ee756ca42b2b3f3ac00d97021798aea8df9b30d5433071d80bc8eae
2025-02-07,HK,0.08251809002831578,p12v4m6-B-ppo-s1024,416ff1829ee756ca42b2b3f3ac00d97021798aea8df9b30d5433071d80bc8eae
2025-02-07,JP,0.1798795098438859,p12v4m6-B-ppo-s1024,416ff1829ee756ca42b2b3f3ac00d97021798aea8df9b30d5433071d80bc8eae
2025-02-07,US,0.2792377471923828,p12v4m6-B-ppo-s1024,416ff1829ee756ca42b2b3f3ac00d97021798aea8df9b30d5433071d80bc8eae
2025-02-10,CN,0.18590702197980136,p12v4m6-B-ppo-s1024,416ff1829ee756ca42b2b3f3ac00d97021798aea8df9b30d5433071d80bc8eae
2025-02-10,HK,0.08310995949432254,p12v4m6-B-ppo-s1024,416ff1829ee756ca42b2b3f3ac00d97021798aea8df9b30d5433071d80bc8eae
2025-02-10,JP,0.17857665661722422,p12v4m6-B-ppo-s1024,416ff1829ee756ca42b2b3f3ac00d97021798aea8df9b30d5433071d80bc8eae
2025-02-10,US,0.2794727114960551,p12v4m6-B-ppo-s1024,416ff1829ee756ca42b2b3f3ac00d97021798aea8df9b30d5433071d80bc8eae
2025-02-11,CN,0.1852424485841766,p12v4m6-B-ppo-s1024,416ff1829ee756ca42b2b3f3ac00d97021798aea8df9b30d5433071d80bc8eae
2025-02-11,HK,0.08157974854111671,p12v4m6-B-ppo-s1024,416ff1829ee756ca42b2b3f3ac00d97021798aea8df9b30d5433071d80bc8eae
2025-02-11,JP,0.17769434489309788,p12v4m6-B-ppo-s1024,416ff1829ee756ca42b2b3f3ac00d97021798aea8df9b30d5433071d80bc8eae
2025-02-11,US,0.2833490506745875,p12v4m6-B-ppo-s1024,416ff1829ee756ca42b2b3f3ac00d97021798aea8df9b30d5433071d80bc8eae
2025-02-12,CN,0.18528495740611106,p12v4m6-B-ppo-s1024,416ff1829ee756ca42b2b3f3ac00d97021798aea8df9b30d5433071d80bc8eae
2025-02-12,HK,0.08366416115313768,p12v4m6-B-ppo-s1024,416ff1829ee756ca42b2b3f3ac00d97021798aea8df9b30d5433071d80bc8eae
2025-02-12,JP,0.17680510599166155,p12v4m6-B-ppo-s1024,416ff1829ee756ca42b2b3f3ac00d97021798aea8df9b30d5433071d80bc8eae
2025-02-12,US,0.2827398218214512,p12v4m6-B-ppo-s1024,416ff1829ee756ca42b2b3f3ac00d97021798aea8df9b30d5433071d80bc8eae
2025-02-13,CN,0.18275125848595053,p12v4m6-B-ppo-s1024,416ff1829ee756ca42b2b3f3ac00d97021798aea8df9b30d5433071d80bc8eae
2025-02-13,HK,0.08152255229651928,p12v4m6-B-ppo-s1024,416ff1829ee756ca42b2b3f3ac00d97021798aea8df9b30d5433071d80bc8eae
2025-02-13,JP,0.17984429374337196,p12v4m6-B-ppo-s1024,416ff1829ee756ca42b2b3f3ac00d97021798aea8df9b30d5433071d80bc8eae
2025-02-13,US,0.28339030174538493,p12v4m6-B-ppo-s1024,416ff1829ee756ca42b2b3f3ac00d97021798aea8df9b30d5433071d80bc8eae
2025-02-14,CN,0.18187645927537233,p12v4m6-B-ppo-s1024,416ff1829ee756ca42b2b3f3ac00d97021798aea8df9b30d5433071d80bc8eae
2025-02-14,HK,0.08210033690556884,p12v4m6-B-ppo-s1024,416ff1829ee756ca42b2b3f3ac00d97021798aea8df9b30d5433071d80bc8eae
2025-02-14,JP,0.1795995943248272,p12v4m6-B-ppo-s1024,416ff1829ee756ca42b2b3f3ac00d97021798aea8df9b30d5433071d80bc8eae
2025-02-14,US,0.28277223091572523,p12v4m6-B-ppo-s1024,416ff1829ee756ca42b2b3f3ac00d97021798aea8df9b30d5433071d80bc8eae
2025-02-17,CN,0.18430502444971353,p12v4m6-B-ppo-s1024,416ff1829ee756ca42b2b3f3ac00d97021798aea8df9b30d5433071d80bc8eae
2025-02-17,HK,0.08301742328330874,p12v4m6-B-ppo-s1024,416ff1829ee756ca42b2b3f3ac00d97021798aea8df9b30d5433071d80bc8eae
2025-02-17,JP,0.1791748208925128,p12v4m6-B-ppo-s1024,416ff1829ee756ca42b2b3f3ac00d97021798aea8df9b30d5433071d80bc8eae
2025-02-17,US,0.28104193042963743,p12v4m6-B-ppo-s1024,416ff1829ee756ca42b2b3f3ac00d97021798aea8df9b30d5433071d80bc8eae
2025-02-18,CN,0.178267985698767,p12v4m6-B-ppo-s1024,416ff1829ee756ca42b2b3f3ac00d97021798aea8df9b30d5433071d80bc8eae
2025-02-18,HK,0.08132168650627136,p12v4m6-B-ppo-s1024,416ff1829ee756ca42b2b3f3ac00d97021798aea8df9b30d5433071d80bc8eae
2025-02-18,JP,0.18114983662962914,p12v4m6-B-ppo-s1024,416ff1829ee756ca42b2b3f3ac00d97021798aea8df9b30d5433071d80bc8eae
2025-02-18,US,0.2848582458682358,p12v4m6-B-ppo-s1024,416ff1829ee756ca42b2b3f3ac00d97021798aea8df9b30d5433071d80bc8eae
2025-02-19,CN,0.1855948072625324,p12v4m6-B-ppo-s1024,416ff1829ee756ca42b2b3f3ac00d97021798aea8df9b30d5433071d80bc8eae
2025-02-19,HK,0.08150713238865137,p12v4m6-B-ppo-s1024,416ff1829ee756ca42b2b3f3ac00d97021798aea8df9b30d5433071d80bc8eae
2025-02-19,JP,0.17955068312585354,p12v4m6-B-ppo-s1024,416ff1829ee756ca42b2b3f3ac00d97021798aea8df9b30d5433071d80bc8eae
2025-02-19,US,0.2819128464907408,p12v4m6-B-ppo-s1024,416ff1829ee756ca42b2b3f3ac00d97021798aea8df9b30d5433071d80bc8eae
2025-02-20,CN,0.18247898726258427,p12v4m6-B-ppo-s1024,416ff1829ee756ca42b2b3f3ac00d97021798aea8df9b30d5433071d80bc8eae
2025-02-20,HK,0.08257873263210058,p12v4m6-B-ppo-s1024,416ff1829ee756ca42b2b3f3ac00d97021798aea8df9b30d5433071d80bc8eae
2025-02-20,JP,0.17830841895192862,p12v4m6-B-ppo-s1024,416ff1829ee756ca42b2b3f3ac00d97021798aea8df9b30d5433071d80bc8eae
2025-02-20,US,0.2838398711755872,p12v4m6-B-ppo-s1024,416ff1829ee756ca42b2b3f3ac00d97021798aea8df9b30d5433071d80bc8eae
2025-02-21,CN,0.18431912851519883,p12v4m6-B-ppo-s1024,416ff1829ee756ca42b2b3f3ac00d97021798aea8df9b30d5433071d80bc8eae
2025-02-21,HK,0.08280985383316875,p12v4m6-B-ppo-s1024,416ff1829ee756ca42b2b3f3ac00d97021798aea8df9b30d5433071d80bc8eae
2025-02-21,JP,0.1807662444189191,p12v4m6-B-ppo-s1024,416ff1829ee756ca42b2b3f3ac00d97021798aea8df9b30d5433071d80bc8eae
2025-02-21,US,0.2783552100881934,p12v4m6-B-ppo-s1024,416ff1829ee756ca42b2b3f3ac00d97021798aea8df9b30d5433071d80bc8eae
2025-02-24,CN,0.183524084626697,p12v4m6-B-ppo-s1024,416ff1829ee756ca42b2b3f3ac00d97021798aea8df9b30d5433071d80bc8eae
2025-02-24,HK,0.08222378417849541,p12v4m6-B-ppo-s1024,416ff1829ee756ca42b2b3f3ac00d97021798aea8df9b30d5433071d80bc8eae
2025-02-24,JP,0.18147860653698444,p12v4m6-B-ppo-s1024,416ff1829ee756ca42b2b3f3ac00d97021798aea8df9b30d5433071d80bc8eae
2025-02-24,US,0.28085653809830546,p12v4m6-B-ppo-s1024,416ff1829ee756ca42b2b3f3ac00d97021798aea8df9b30d5433071d80bc8eae
2025-02-25,CN,0.18459606159012765,p12v4m6-B-ppo-s1024,416ff1829ee756ca42b2b3f3ac00d97021798aea8df9b30d5433071d80bc8eae
2025-02-25,HK,0.08178832801058888,p12v4m6-B-ppo-s1024,416ff1829ee756ca42b2b3f3ac00d97021798aea8df9b30d5433071d80bc8eae
2025-02-25,JP,0.1807048786431551,p12v4m6-B-ppo-s1024,416ff1829ee756ca42b2b3f3ac00d97021798aea8df9b30d5433071d80bc8eae
2025-02-25,US,0.2798775602132082,p12v4m6-B-ppo-s1024,416ff1829ee756ca42b2b3f3ac00d97021798aea8df9b30d5433071d80bc8eae
2025-02-26,CN,0.18443798879161477,p12v4m6-B-ppo-s1024,416ff1829ee756ca42b2b3f3ac00d97021798aea8df9b30d5433071d80bc8eae
2025-02-26,HK,0.08251562900841236,p12v4m6-B-ppo-s1024,416ff1829ee756ca42b2b3f3ac00d97021798aea8df9b30d5433071d80bc8eae
2025-02-26,JP,0.17925930861383677,p12v4m6-B-ppo-s1024,416ff1829ee756ca42b2b3f3ac00d97021798aea8df9b30d5433071d80bc8eae
2025-02-26,US,0.2799108778126538,p12v4m6-B-ppo-s1024,416ff1829ee756ca42b2b3f3ac00d97021798aea8df9b30d5433071d80bc8eae
2025-02-27,CN,0.18367027339991182,p12v4m6-B-ppo-s1024,416ff1829ee756ca42b2b3f3ac00d97021798aea8df9b30d5433071d80bc8eae
2025-02-27,HK,0.08203431777656078,p12v4m6-B-ppo-s1024,416ff1829ee756ca42b2b3f3ac00d97021798aea8df9b30d5433071d80bc8eae
2025-02-27,JP,0.18055273685604334,p12v4m6-B-ppo-s1024,416ff1829ee756ca42b2b3f3ac00d97021798aea8df9b30d5433071d80bc8eae
2025-02-27,US,0.28033733693882823,p12v4m6-B-ppo-s1024,416ff1829ee756ca42b2b3f3ac00d97021798aea8df9b30d5433071d80bc8eae
2025-02-28,CN,0.18003378785215318,p12v4m6-B-ppo-s1024,416ff1829ee756ca42b2b3f3ac00d97021798aea8df9b30d5433071d80bc8eae
2025-02-28,HK,0.08131749462336302,p12v4m6-B-ppo-s1024,416ff1829ee756ca42b2b3f3ac00d97021798aea8df9b30d5433071d80bc8eae
2025-02-28,JP,0.1793245542794466,p12v4m6-B-ppo-s1024,416ff1829ee756ca42b2b3f3ac00d97021798aea8df9b30d5433071d80bc8eae
2025-02-28,US,0.2859470876865089,p12v4m6-B-ppo-s1024,416ff1829ee756ca42b2b3f3ac00d97021798aea8df9b30d5433071d80bc8eae
2025-03-03,CN,0.1829607600811869,p12v4m6-B-ppo-s1024,416ff1829ee756ca42b2b3f3ac00d97021798aea8df9b30d5433071d80bc8eae
2025-03-03,HK,0.08200035849586129,p12v4m6-B-ppo-s1024,416ff1829ee756ca42b2b3f3ac00d97021798aea8df9b30d5433071d80bc8eae
2025-03-03,JP,0.18092549312859774,p12v4m6-B-ppo-s1024,416ff1829ee756ca42b2b3f3ac00d97021798aea8df9b30d5433071d80bc8eae
2025-03-03,US,0.28131665848195553,p12v4m6-B-ppo-s1024,416ff1829ee756ca42b2b3f3ac00d97021798aea8df9b30d5433071d80bc8eae
2025-03-04,CN,0.18437347176950425,p12v4m6-B-ppo-s1024,416ff1829ee756ca42b2b3f3ac00d97021798aea8df9b30d5433071d80bc8eae
2025-03-04,HK,0.08240962354466319,p12v4m6-B-ppo-s1024,416ff1829ee756ca42b2b3f3ac00d97021798aea8df9b30d5433071d80bc8eae
2025-03-04,JP,0.18002802692353725,p12v4m6-B-ppo-s1024,416ff1829ee756ca42b2b3f3ac00d97021798aea8df9b30d5433071d80bc8eae
2025-03-04,US,0.28023027861490846,p12v4m6-B-ppo-s1024,416ff1829ee756ca42b2b3f3ac00d97021798aea8df9b30d5433071d80bc8eae
2025-03-05,CN,0.183211556985043,p12v4m6-B-ppo-s1024,416ff1829ee756ca42b2b3f3ac00d97021798aea8df9b30d5433071d80bc8eae
2025-03-05,HK,0.08294011000543833,p12v4m6-B-ppo-s1024,416ff1829ee756ca42b2b3f3ac00d97021798aea8df9b30d5433071d80bc8eae
2025-03-05,JP,0.17834601644426584,p12v4m6-B-ppo-s1024,416ff1829ee756ca42b2b3f3ac00d97021798aea8df9b30d5433071d80bc8eae
2025-03-05,US,0.28472854662686586,p12v4m6-B-ppo-s1024,416ff1829ee756ca42b2b3f3ac00d97021798aea8df9b30d5433071d80bc8eae
2025-03-06,CN,0.18394623312633485,p12v4m6-B-ppo-s1024,416ff1829ee756ca42b2b3f3ac00d97021798aea8df9b30d5433071d80bc8eae
2025-03-06,HK,0.08237474877387285,p12v4m6-B-ppo-s1024,416ff1829ee756ca42b2b3f3ac00d97021798aea8df9b30d5433071d80bc8eae
2025-03-06,JP,0.18018933944404125,p12v4m6-B-ppo-s1024,416ff1829ee756ca42b2b3f3ac00d97021798aea8df9b30d5433071d80bc8eae
2025-03-06,US,0.2814741195179522,p12v4m6-B-ppo-s1024,416ff1829ee756ca42b2b3f3ac00d97021798aea8df9b30d5433071d80bc8eae
2025-03-07,CN,0.18220926087815315,p12v4m6-B-ppo-s1024,416ff1829ee756ca42b2b3f3ac00d97021798aea8df9b30d5433071d80bc8eae
2025-03-07,HK,0.08057810319587588,p12v4m6-B-ppo-s1024,416ff1829ee756ca42b2b3f3ac00d97021798aea8df9b30d5433071d80bc8eae
2025-03-07,JP,0.17975985631346703,p12v4m6-B-ppo-s1024,416ff1829ee756ca42b2b3f3ac00d97021798aea8df9b30d5433071d80bc8eae
2025-03-07,US,0.28369761537760496,p12v4m6-B-ppo-s1024,416ff1829ee756ca42b2b3f3ac00d97021798aea8df9b30d5433071d80bc8eae
2025-03-10,CN,0.18361414619721472,p12v4m6-B-ppo-s1024,416ff1829ee756ca42b2b3f3ac00d97021798aea8df9b30d5433071d80bc8eae
2025-03-10,HK,0.08211307507008314,p12v4m6-B-ppo-s1024,416ff1829ee756ca42b2b3f3ac00d97021798aea8df9b30d5433071d80bc8eae
2025-03-10,JP,0.18022039160132408,p12v4m6-B-ppo-s1024,416ff1829ee756ca42b2b3f3ac00d97021798aea8df9b30d5433071d80bc8eae
2025-03-10,US,0.27973750373348594,p12v4m6-B-ppo-s1024,416ff1829ee756ca42b2b3f3ac00d97021798aea8df9b30d5433071d80bc8eae
2025-03-11,CN,0.18487884453497827,p12v4m6-B-ppo-s1024,416ff1829ee756ca42b2b3f3ac00d97021798aea8df9b30d5433071d80bc8eae
2025-03-11,HK,0.08393053570762277,p12v4m6-B-ppo-s1024,416ff1829ee756ca42b2b3f3ac00d97021798aea8df9b30d5433071d80bc8eae
2025-03-11,JP,0.18042678572237492,p12v4m6-B-ppo-s1024,416ff1829ee756ca42b2b3f3ac00d97021798aea8df9b30d5433071d80bc8eae
2025-03-11,US,0.27896101400256157,p12v4m6-B-ppo-s1024,416ff1829ee756ca42b2b3f3ac00d97021798aea8df9b30d5433071d80bc8eae
2025-03-12,CN,0.18328141001984477,p12v4m6-B-ppo-s1024,416ff1829ee756ca42b2b3f3ac00d97021798aea8df9b30d5433071d80bc8eae
2025-03-12,HK,0.08114853175356984,p12v4m6-B-ppo-s1024,416ff1829ee756ca42b2b3f3ac00d97021798aea8df9b30d5433071d80bc8eae
2025-03-12,JP,0.1805922770872712,p12v4m6-B-ppo-s1024,416ff1829ee756ca42b2b3f3ac00d97021798aea8df9b30d5433071d80bc8eae
2025-03-12,US,0.2816680809482932,p12v4m6-B-ppo-s1024,416ff1829ee756ca42b2b3f3ac00d97021798aea8df9b30d5433071d80bc8eae
2025-03-13,CN,0.1818156266817823,p12v4m6-B-ppo-s1024,416ff1829ee756ca42b2b3f3ac00d97021798aea8df9b30d5433071d80bc8eae
2025-03-13,HK,0.08160696690902114,p12v4m6-B-ppo-s1024,416ff1829ee756ca42b2b3f3ac00d97021798aea8df9b30d5433071d80bc8eae
2025-03-13,JP,0.1811735974624753,p12v4m6-B-ppo-s1024,416ff1829ee756ca42b2b3f3ac00d97021798aea8df9b30d5433071d80bc8eae
2025-03-13,US,0.28085101675242186,p12v4m6-B-ppo-s1024,416ff1829ee756ca42b2b3f3ac00d97021798aea8df9b30d5433071d80bc8eae
2025-03-14,CN,0.1857901883777231,p12v4m6-B-ppo-s1024,416ff1829ee756ca42b2b3f3ac00d97021798aea8df9b30d5433071d80bc8eae
2025-03-14,HK,0.08197838859632611,p12v4m6-B-ppo-s1024,416ff1829ee756ca42b2b3f3ac00d97021798aea8df9b30d5433071d80bc8eae
2025-03-14,JP,0.17916486877948046,p12v4m6-B-ppo-s1024,416ff1829ee756ca42b2b3f3ac00d97021798aea8df9b30d5433071d80bc8eae
2025-03-14,US,0.28254732117056847,p12v4m6-B-ppo-s1024,416ff1829ee756ca42b2b3f3ac00d97021798aea8df9b30d5433071d80bc8eae
2025-03-17,CN,0.18103327543940395,p12v4m6-B-ppo-s1024,416ff1829ee756ca42b2b3f3ac00d97021798aea8df9b30d5433071d80bc8eae
2025-03-17,HK,0.08182713715359569,p12v4m6-B-ppo-s1024,416ff1829ee756ca42b2b3f3ac00d97021798aea8df9b30d5433071d80bc8eae
2025-03-17,JP,0.17986636888235807,p12v4m6-B-ppo-s1024,416ff1829ee756ca42b2b3f3ac00d97021798aea8df9b30d5433071d80bc8eae
2025-03-17,US,0.2852874230593443,p12v4m6-B-ppo-s1024,416ff1829ee756ca42b2b3f3ac00d97021798aea8df9b30d5433071d80bc8eae
2025-03-18,CN,0.18258289073128253,p12v4m6-B-ppo-s1024,416ff1829ee756ca42b2b3f3ac00d97021798aea8df9b30d5433071d80bc8eae
2025-03-18,HK,0.08241645712405443,p12v4m6-B-ppo-s1024,416ff1829ee756ca42b2b3f3ac00d97021798aea8df9b30d5433071d80bc8eae
2025-03-18,JP,0.17993890773504972,p12v4m6-B-ppo-s1024,416ff1829ee756ca42b2b3f3ac00d97021798aea8df9b30d5433071d80bc8eae
2025-03-18,US,0.28247522469609976,p12v4m6-B-ppo-s1024,416ff1829ee756ca42b2b3f3ac00d97021798aea8df9b30d5433071d80bc8eae
2025-03-19,CN,0.18105621030554175,p12v4m6-B-ppo-s1024,416ff1829ee756ca42b2b3f3ac00d97021798aea8df9b30d5433071d80bc8eae
2025-03-19,HK,0.08253881661221385,p12v4m6-B-ppo-s1024,416ff1829ee756ca42b2b3f3ac00d97021798aea8df9b30d5433071d80bc8eae
2025-03-19,JP,0.18110132310539484,p12v4m6-B-ppo-s1024,416ff1829ee756ca42b2b3f3ac00d97021798aea8df9b30d5433071d80bc8eae
2025-03-19,US,0.28253450570628047,p12v4m6-B-ppo-s1024,416ff1829ee756ca42b2b3f3ac00d97021798aea8df9b30d5433071d80bc8eae
2025-03-20,CN,0.18196413398254663,p12v4m6-B-ppo-s1024,416ff1829ee756ca42b2b3f3ac00d97021798aea8df9b30d5433071d80bc8eae
2025-03-20,HK,0.08100993325933814,p12v4m6-B-ppo-s1024,416ff1829ee756ca42b2b3f3ac00d97021798aea8df9b30d5433071d80bc8eae
2025-03-20,JP,0.18258752021938562,p12v4m6-B-ppo-s1024,416ff1829ee756ca42b2b3f3ac00d97021798aea8df9b30d5433071d80bc8eae
2025-03-20,US,0.2834352273494005,p12v4m6-B-ppo-s1024,416ff1829ee756ca42b2b3f3ac00d97021798aea8df9b30d5433071d80bc8eae
2025-03-21,CN,0.18238717108033597,p12v4m6-B-ppo-s1024,416ff1829ee756ca42b2b3f3ac00d97021798aea8df9b30d5433071d80bc8eae
2025-03-21,HK,0.08155289432033896,p12v4m6-B-ppo-s1024,416ff1829ee756ca42b2b3f3ac00d97021798aea8df9b30d5433071d80bc8eae
2025-03-21,JP,0.1797115532681346,p12v4m6-B-ppo-s1024,416ff1829ee756ca42b2b3f3ac00d97021798aea8df9b30d5433071d80bc8eae
2025-03-21,US,0.28311350103467703,p12v4m6-B-ppo-s1024,416ff1829ee756ca42b2b3f3ac00d97021798aea8df9b30d5433071d80bc8eae
2025-03-24,CN,0.1817674442427233,p12v4m6-B-ppo-s1024,416ff1829ee756ca42b2b3f3ac00d97021798aea8df9b30d5433071d80bc8eae
2025-03-24,HK,0.08308987226337194,p12v4m6-B-ppo-s1024,416ff1829ee756ca42b2b3f3ac00d97021798aea8df9b30d5433071d80bc8eae
2025-03-24,JP,0.17849766090512276,p12v4m6-B-ppo-s1024,416ff1829ee756ca42b2b3f3ac00d97021798aea8df9b30d5433071d80bc8eae
2025-03-24,US,0.2837989921681583,p12v4m6-B-ppo-s1024,416ff1829ee756ca42b2b3f3ac00d97021798aea8df9b30d5433071d80bc8eae
2025-03-25,CN,0.1814605318941176,p12v4m6-B-ppo-s1024,416ff1829ee756ca42b2b3f3ac00d97021798aea8df9b30d5433071d80bc8eae
2025-03-25,HK,0.08193510212004185,p12v4m6-B-ppo-s1024,416ff1829ee756ca42b2b3f3ac00d97021798aea8df9b30d5433071d80bc8eae
2025-03-25,JP,0.1792701268568635,p12v4m6-B-ppo-s1024,416ff1829ee756ca42b2b3f3ac00d97021798aea8df9b30d5433071d80bc8eae
2025-03-25,US,0.2838112898170948,p12v4m6-B-ppo-s1024,416ff1829ee756ca42b2b3f3ac00d97021798aea8df9b30d5433071d80bc8eae
2025-03-26,CN,0.18257614597678185,p12v4m6-B-ppo-s1024,416ff1829ee756ca42b2b3f3ac00d97021798aea8df9b30d5433071d80bc8eae
2025-03-26,HK,0.08205680595710874,p12v4m6-B-ppo-s1024,416ff1829ee756ca42b2b3f3ac00d97021798aea8df9b30d5433071d80bc8eae
2025-03-26,JP,0.17905987799167633,p12v4m6-B-ppo-s1024,416ff1829ee756ca42b2b3f3ac00d97021798aea8df9b30d5433071d80bc8eae
2025-03-26,US,0.2827815115451813,p12v4m6-B-ppo-s1024,416ff1829ee756ca42b2b3f3ac00d97021798aea8df9b30d5433071d80bc8eae
2025-03-27,CN,0.18215163506101817,p12v4m6-B-ppo-s1024,416ff1829ee756ca42b2b3f3ac00d97021798aea8df9b30d5433071d80bc8eae
2025-03-27,HK,0.08148685470223427,p12v4m6-B-ppo-s1024,416ff1829ee756ca42b2b3f3ac00d97021798aea8df9b30d5433071d80bc8eae
2025-03-27,JP,0.1811299677938223,p12v4m6-B-ppo-s1024,416ff1829ee756ca42b2b3f3ac00d97021798aea8df9b30d5433071d80bc8eae
2025-03-27,US,0.28189733112230897,p12v4m6-B-ppo-s1024,416ff1829ee756ca42b2b3f3ac00d97021798aea8df9b30d5433071d80bc8eae
2025-03-28,CN,0.18327465560287237,p12v4m6-B-ppo-s1024,416ff1829ee756ca42b2b3f3ac00d97021798aea8df9b30d5433071d80bc8eae
2025-03-28,HK,0.08161884685978293,p12v4m6-B-ppo-s1024,416ff1829ee756ca42b2b3f3ac00d97021798aea8df9b30d5433071d80bc8eae
2025-03-28,JP,0.18039821926504374,p12v4m6-B-ppo-s1024,416ff1829ee756ca42b2b3f3ac00d97021798aea8df9b30d5433071d80bc8eae
2025-03-28,US,0.28052077954635024,p12v4m6-B-ppo-s1024,416ff1829ee756ca42b2b3f3ac00d97021798aea8df9b30d5433071d80bc8eae
2025-03-31,CN,0.18226859951391816,p12v4m6-B-ppo-s1024,416ff1829ee756ca42b2b3f3ac00d97021798aea8df9b30d5433071d80bc8eae
2025-03-31,HK,0.08180444035679102,p12v4m6-B-ppo-s1024,416ff1829ee756ca42b2b3f3ac00d97021798aea8df9b30d5433071d80bc8eae
2025-03-31,JP,0.1778171667829156,p12v4m6-B-ppo-s1024,416ff1829ee756ca42b2b3f3ac00d97021798aea8df9b30d5433071d80bc8eae
2025-03-31,US,0.2848543683066964,p12v4m6-B-ppo-s1024,416ff1829ee756ca42b2b3f3ac00d97021798aea8df9b30d5433071d80bc8eae
2025-04-01,CN,0.18380380037706345,p12v4m6-B-ppo-s1024,416ff1829ee756ca42b2b3f3ac00d97021798aea8df9b30d5433071d80bc8eae
2025-04-01,HK,0.08179192151874304,p12v4m6-B-ppo-s1024,416ff1829ee756ca42b2b3f3ac00d97021798aea8df9b30d5433071d80bc8eae
2025-04-01,JP,0.1771818995475769,p12v4m6-B-ppo-s1024,416ff1829ee756ca42b2b3f3ac00d97021798aea8df9b30d5433071d80bc8eae
2025-04-01,US,0.28445427026599646,p12v4m6-B-ppo-s1024,416ff1829ee756ca42b2b3f3ac00d97021798aea8df9b30d5433071d80bc8eae
2025-04-02,CN,0.18366196274291724,p12v4m6-B-ppo-s1024,416ff1829ee756ca42b2b3f3ac00d97021798aea8df9b30d5433071d80bc8eae
2025-04-02,HK,0.0831316988915205,p12v4m6-B-ppo-s1024,416ff1829ee756ca42b2b3f3ac00d97021798aea8df9b30d5433071d80bc8eae
2025-04-02,JP,0.1764342626556754,p12v4m6-B-ppo-s1024,416ff1829ee756ca42b2b3f3ac00d97021798aea8df9b30d5433071d80bc8eae
2025-04-02,US,0.28518656082451344,p12v4m6-B-ppo-s1024,416ff1829ee756ca42b2b3f3ac00d97021798aea8df9b30d5433071d80bc8eae
2025-04-03,CN,0.1843172019580379,p12v4m6-B-ppo-s1024,416ff1829ee756ca42b2b3f3ac00d97021798aea8df9b30d5433071d80bc8eae
2025-04-03,HK,0.08334149420261383,p12v4m6-B-ppo-s1024,416ff1829ee756ca42b2b3f3ac00d97021798aea8df9b30d5433071d80bc8eae
2025-04-03,JP,0.18165974505245686,p12v4m6-B-ppo-s1024,416ff1829ee756ca42b2b3f3ac00d97021798aea8df9b30d5433071d80bc8eae
2025-04-03,US,0.27778343856334686,p12v4m6-B-ppo-s1024,416ff1829ee756ca42b2b3f3ac00d97021798aea8df9b30d5433071d80bc8eae
2025-04-04,CN,0.18775576236657798,p12v4m6-B-ppo-s1024,416ff1829ee756ca42b2b3f3ac00d97021798aea8df9b30d5433071d80bc8eae
2025-04-04,HK,0.08537227241322398,p12v4m6-B-ppo-s1024,416ff1829ee756ca42b2b3f3ac00d97021798aea8df9b30d5433071d80bc8eae
2025-04-04,JP,0.18236355390399694,p12v4m6-B-ppo-s1024,416ff1829ee756ca42b2b3f3ac00d97021798aea8df9b30d5433071d80bc8eae
2025-04-04,US,0.2725100484676659,p12v4m6-B-ppo-s1024,416ff1829ee756ca42b2b3f3ac00d97021798aea8df9b30d5433071d80bc8eae
2025-04-07,CN,0.17982871015556157,p12v4m6-B-ppo-s1024,416ff1829ee756ca42b2b3f3ac00d97021798aea8df9b30d5433071d80bc8eae
2025-04-07,HK,0.07872293377295136,p12v4m6-B-ppo-s1024,416ff1829ee756ca42b2b3f3ac00d97021798aea8df9b30d5433071d80bc8eae
2025-04-07,JP,0.1814958257600665,p12v4m6-B-ppo-s1024,416ff1829ee756ca42b2b3f3ac00d97021798aea8df9b30d5433071d80bc8eae
2025-04-07,US,0.2874620510265231,p12v4m6-B-ppo-s1024,416ff1829ee756ca42b2b3f3ac00d97021798aea8df9b30d5433071d80bc8eae
2025-04-08,CN,0.1882457819301635,p12v4m6-B-ppo-s1024,416ff1829ee756ca42b2b3f3ac00d97021798aea8df9b30d5433071d80bc8eae
2025-04-08,HK,0.08246222091838717,p12v4m6-B-ppo-s1024,416ff1829ee756ca42b2b3f3ac00d97021798aea8df9b30d5433071d80bc8eae
2025-04-08,JP,0.18501019570976496,p12v4m6-B-ppo-s1024,416ff1829ee756ca42b2b3f3ac00d97021798aea8df9b30d5433071d80bc8eae
2025-04-08,US,0.27255556685850024,p12v4m6-B-ppo-s1024,416ff1829ee756ca42b2b3f3ac00d97021798aea8df9b30d5433071d80bc8eae
2025-04-09,CN,0.18510092271026224,p12v4m6-B-ppo-s1024,416ff1829ee756ca42b2b3f3ac00d97021798aea8df9b30d5433071d80bc8eae
2025-04-09,HK,0.08157549379393458,p12v4m6-B-ppo-s1024,416ff1829ee756ca42b2b3f3ac00d97021798aea8df9b30d5433071d80bc8eae
2025-04-09,JP,0.17345687933266163,p12v4m6-B-ppo-s1024,416ff1829ee756ca42b2b3f3ac00d97021798aea8df9b30d5433071d80bc8eae
2025-04-09,US,0.2970667164772749,p12v4m6-B-ppo-s1024,416ff1829ee756ca42b2b3f3ac00d97021798aea8df9b30d5433071d80bc8eae
2025-04-10,CN,0.1860927400412038,p12v4m6-B-ppo-s1024,416ff1829ee756ca42b2b3f3ac00d97021798aea8df9b30d5433071d80bc8eae
2025-04-10,HK,0.08160922257229686,p12v4m6-B-ppo-s1024,416ff1829ee756ca42b2b3f3ac00d97021798aea8df9b30d5433071d80bc8eae
2025-04-10,JP,0.18051933776587248,p12v4m6-B-ppo-s1024,416ff1829ee756ca42b2b3f3ac00d97021798aea8df9b30d5433071d80bc8eae
2025-04-10,US,0.2800179300829768,p12v4m6-B-ppo-s1024,416ff1829ee756ca42b2b3f3ac00d97021798aea8df9b30d5433071d80bc8eae
2025-04-11,CN,0.18472864420618862,p12v4m6-B-ppo-s1024,416ff1829ee756ca42b2b3f3ac00d97021798aea8df9b30d5433071d80bc8eae
2025-04-11,HK,0.08163683349266648,p12v4m6-B-ppo-s1024,416ff1829ee756ca42b2b3f3ac00d97021798aea8df9b30d5433071d80bc8eae
2025-04-11,JP,0.18188132718205452,p12v4m6-B-ppo-s1024,416ff1829ee756ca42b2b3f3ac00d97021798aea8df9b30d5433071d80bc8eae
2025-04-11,US,0.28288674214854836,p12v4m6-B-ppo-s1024,416ff1829ee756ca42b2b3f3ac00d97021798aea8df9b30d5433071d80bc8eae
2025-04-14,CN,0.18386734370142221,p12v4m6-B-ppo-s1024,416ff1829ee756ca42b2b3f3ac00d97021798aea8df9b30d5433071d80bc8eae
2025-04-14,HK,0.08274301467463374,p12v4m6-B-ppo-s1024,416ff1829ee756ca42b2b3f3ac00d97021798aea8df9b30d5433071d80bc8eae
2025-04-14,JP,0.17959911189973354,p12v4m6-B-ppo-s1024,416ff1829ee756ca42b2b3f3ac00d97021798aea8df9b30d5433071d80bc8eae
2025-04-14,US,0.2819818118587136,p12v4m6-B-ppo-s1024,416ff1829ee756ca42b2b3f3ac00d97021798aea8df9b30d5433071d80bc8eae
2025-04-15,CN,0.1862950031645596,p12v4m6-B-ppo-s1024,416ff1829ee756ca42b2b3f3ac00d97021798aea8df9b30d5433071d80bc8eae
2025-04-15,HK,0.08222147263586521,p12v4m6-B-ppo-s1024,416ff1829ee756ca42b2b3f3ac00d97021798aea8df9b30d5433071d80bc8eae
2025-04-15,JP,0.17794161476194859,p12v4m6-B-ppo-s1024,416ff1829ee756ca42b2b3f3ac00d97021798aea8df9b30d5433071d80bc8eae
2025-04-15,US,0.2818559748120606,p12v4m6-B-ppo-s1024,416ff1829ee756ca42b2b3f3ac00d97021798aea8df9b30d5433071d80bc8eae
2025-04-16,CN,0.18288078508339822,p12v4m6-B-ppo-s1024,416ff1829ee756ca42b2b3f3ac00d97021798aea8df9b30d5433071d80bc8eae
2025-04-16,HK,0.08291100850328803,p12v4m6-B-ppo-s1024,416ff1829ee756ca42b2b3f3ac00d97021798aea8df9b30d5433071d80bc8eae
2025-04-16,JP,0.180724885314703,p12v4m6-B-ppo-s1024,416ff1829ee756ca42b2b3f3ac00d97021798aea8df9b30d5433071d80bc8eae
2025-04-16,US,0.27963944524526596,p12v4m6-B-ppo-s1024,416ff1829ee756ca42b2b3f3ac00d97021798aea8df9b30d5433071d80bc8eae
2025-04-17,CN,0.18480179947800934,p12v4m6-B-ppo-s1024,416ff1829ee756ca42b2b3f3ac00d97021798aea8df9b30d5433071d80bc8eae
2025-04-17,HK,0.08173106610774994,p12v4m6-B-ppo-s1024,416ff1829ee756ca42b2b3f3ac00d97021798aea8df9b30d5433071d80bc8eae
2025-04-17,JP,0.18037359230220318,p12v4m6-B-ppo-s1024,416ff1829ee756ca42b2b3f3ac00d97021798aea8df9b30d5433071d80bc8eae
2025-04-17,US,0.28184589417651296,p12v4m6-B-ppo-s1024,416ff1829ee756ca42b2b3f3ac00d97021798aea8df9b30d5433071d80bc8eae
2025-04-18,CN,0.18552892678417265,p12v4m6-B-ppo-s1024,416ff1829ee756ca42b2b3f3ac00d97021798aea8df9b30d5433071d80bc8eae
2025-04-18,HK,0.08244934119284153,p12v4m6-B-ppo-s1024,416ff1829ee756ca42b2b3f3ac00d97021798aea8df9b30d5433071d80bc8eae
2025-04-18,JP,0.1799910943955183,p12v4m6-B-ppo-s1024,416ff1829ee756ca42b2b3f3ac00d97021798aea8df9b30d5433071d80bc8eae
2025-04-18,US,0.2808961309492588,p12v4m6-B-ppo-s1024,416ff1829ee756ca42b2b3f3ac00d97021798aea8df9b30d5433071d80bc8eae
2025-04-21,CN,0.18647412036079913,p12v4m6-B-ppo-s1024,416ff1829ee756ca42b2b3f3ac00d97021798aea8df9b30d5433071d80bc8eae
2025-04-21,HK,0.0826324000954628,p12v4m6-B-ppo-s1024,416ff1829ee756ca42b2b3f3ac00d97021798aea8df9b30d5433071d80bc8eae
2025-04-21,JP,0.17947236634790897,p12v4m6-B-ppo-s1024,416ff1829ee756ca42b2b3f3ac00d97021798aea8df9b30d5433071d80bc8eae
2025-04-21,US,0.2781806867569685,p12v4m6-B-ppo-s1024,416ff1829ee756ca42b2b3f3ac00d97021798aea8df9b30d5433071d80bc8eae
2025-04-22,CN,0.18303369544446468,p12v4m6-B-ppo-s1024,416ff1829ee756ca42b2b3f3ac00d97021798aea8df9b30d5433071d80bc8eae
2025-04-22,HK,0.0820150887593627,p12v4m6-B-ppo-s1024,416ff1829ee756ca42b2b3f3ac00d97021798aea8df9b30d5433071d80bc8eae
2025-04-22,JP,0.18033996876329184,p12v4m6-B-ppo-s1024,416ff1829ee756ca42b2b3f3ac00d97021798aea8df9b30d5433071d80bc8eae
2025-04-22,US,0.2843845612369478,p12v4m6-B-ppo-s1024,416ff1829ee756ca42b2b3f3ac00d97021798aea8df9b30d5433071d80bc8eae
2025-04-23,CN,0.1837566284229979,p12v4m6-B-ppo-s1024,416ff1829ee756ca42b2b3f3ac00d97021798aea8df9b30d5433071d80bc8eae
2025-04-23,HK,0.08210841566324234,p12v4m6-B-ppo-s1024,416ff1829ee756ca42b2b3f3ac00d97021798aea8df9b30d5433071d80bc8eae
2025-04-23,JP,0.178831591270864,p12v4m6-B-ppo-s1024,416ff1829ee756ca42b2b3f3ac00d97021798aea8df9b30d5433071d80bc8eae
2025-04-23,US,0.2831029505468905,p12v4m6-B-ppo-s1024,416ff1829ee756ca42b2b3f3ac00d97021798aea8df9b30d5433071d80bc8eae
2025-04-24,CN,0.18251748755574226,p12v4m6-B-ppo-s1024,416ff1829ee756ca42b2b3f3ac00d97021798aea8df9b30d5433071d80bc8eae
2025-04-24,HK,0.08199248742312193,p12v4m6-B-ppo-s1024,416ff1829ee756ca42b2b3f3ac00d97021798aea8df9b30d5433071d80bc8eae
2025-04-24,JP,0.1771893072873354,p12v4m6-B-ppo-s1024,416ff1829ee756ca42b2b3f3ac00d97021798aea8df9b30d5433071d80bc8eae
2025-04-24,US,0.28647227911278605,p12v4m6-B-ppo-s1024,416ff1829ee756ca42b2b3f3ac00d97021798aea8df9b30d5433071d80bc8eae
2025-04-25,CN,0.18431467202026397,p12v4m6-B-ppo-s1024,416ff1829ee756ca42b2b3f3ac00d97021798aea8df9b30d5433071d80bc8eae
2025-04-25,HK,0.08149272622540593,p12v4m6-B-ppo-s1024,416ff1829ee756ca42b2b3f3ac00d97021798aea8df9b30d5433071d80bc8eae
2025-04-25,JP,0.17879976890981197,p12v4m6-B-ppo-s1024,416ff1829ee756ca42b2b3f3ac00d97021798aea8df9b30d5433071d80bc8eae
2025-04-25,US,0.2844616649672389,p12v4m6-B-ppo-s1024,416ff1829ee756ca42b2b3f3ac00d97021798aea8df9b30d5433071d80bc8eae
2025-04-28,CN,0.182181125623174,p12v4m6-B-ppo-s1024,416ff1829ee756ca42b2b3f3ac00d97021798aea8df9b30d5433071d80bc8eae
2025-04-28,HK,0.08130323840305209,p12v4m6-B-ppo-s1024,416ff1829ee756ca42b2b3f3ac00d97021798aea8df9b30d5433071d80bc8eae
2025-04-28,JP,0.1804841998964548,p12v4m6-B-ppo-s1024,416ff1829ee756ca42b2b3f3ac00d97021798aea8df9b30d5433071d80bc8eae
2025-04-28,US,0.28369248984381557,p12v4m6-B-ppo-s1024,416ff1829ee756ca42b2b3f3ac00d97021798aea8df9b30d5433071d80bc8eae
2025-04-29,CN,0.1844109147787094,p12v4m6-B-ppo-s1024,416ff1829ee756ca42b2b3f3ac00d97021798aea8df9b30d5433071d80bc8eae
2025-04-29,HK,0.08175627933815122,p12v4m6-B-ppo-s1024,416ff1829ee756ca42b2b3f3ac00d97021798aea8df9b30d5433071d80bc8eae
2025-04-29,JP,0.18042278569191694,p12v4m6-B-ppo-s1024,416ff1829ee756ca42b2b3f3ac00d97021798aea8df9b30d5433071d80bc8eae
2025-04-29,US,0.28273645555600524,p12v4m6-B-ppo-s1024,416ff1829ee756ca42b2b3f3ac00d97021798aea8df9b30d5433071d80bc8eae
2025-04-30,CN,0.18403773033060133,p12v4m6-B-ppo-s1024,416ff1829ee756ca42b2b3f3ac00d97021798aea8df9b30d5433071d80bc8eae
2025-04-30,HK,0.0815761354751885,p12v4m6-B-ppo-s1024,416ff1829ee756ca42b2b3f3ac00d97021798aea8df9b30d5433071d80bc8eae
2025-04-30,JP,0.17867312487214804,p12v4m6-B-ppo-s1024,416ff1829ee756ca42b2b3f3ac00d97021798aea8df9b30d5433071d80bc8eae
2025-04-30,US,0.2847336125560105,p12v4m6-B-ppo-s1024,416ff1829ee756ca42b2b3f3ac00d97021798aea8df9b30d5433071d80bc8eae
2025-05-01,CN,0.1842389894882217,p12v4m6-B-ppo-s1024,416ff1829ee756ca42b2b3f3ac00d97021798aea8df9b30d5433071d80bc8eae
2025-05-01,HK,0.08143791602924466,p12v4m6-B-ppo-s1024,416ff1829ee756ca42b2b3f3ac00d97021798aea8df9b30d5433071d80bc8eae
2025-05-01,JP,0.17994043417274952,p12v4m6-B-ppo-s1024,416ff1829ee756ca42b2b3f3ac00d97021798aea8df9b30d5433071d80bc8eae
2025-05-01,US,0.2809612136334181,p12v4m6-B-ppo-s1024,416ff1829ee756ca42b2b3f3ac00d97021798aea8df9b30d5433071d80bc8eae
2025-05-02,CN,0.18297382164746523,p12v4m6-B-ppo-s1024,416ff1829ee756ca42b2b3f3ac00d97021798aea8df9b30d5433071d80bc8eae
2025-05-02,HK,0.08117386419326067,p12v4m6-B-ppo-s1024,416ff1829ee756ca42b2b3f3ac00d97021798aea8df9b30d5433071d80bc8eae
2025-05-02,JP,0.17903650179505348,p12v4m6-B-ppo-s1024,416ff1829ee756ca42b2b3f3ac00d97021798aea8df9b30d5433071d80bc8eae
2025-05-02,US,0.2837090785615146,p12v4m6-B-ppo-s1024,416ff1829ee756ca42b2b3f3ac00d97021798aea8df9b30d5433071d80bc8eae
2025-05-05,CN,0.18281654082238674,p12v4m6-B-ppo-s1024,416ff1829ee756ca42b2b3f3ac00d97021798aea8df9b30d5433071d80bc8eae
2025-05-05,HK,0.08107274770736694,p12v4m6-B-ppo-s1024,416ff1829ee756ca42b2b3f3ac00d97021798aea8df9b30d5433071d80bc8eae
2025-05-05,JP,0.17962463665753603,p12v4m6-B-ppo-s1024,416ff1829ee756ca42b2b3f3ac00d97021798aea8df9b30d5433071d80bc8eae
2025-05-05,US,0.2835956090129912,p12v4m6-B-ppo-s1024,416ff1829ee756ca42b2b3f3ac00d97021798aea8df9b30d5433071d80bc8eae
2025-05-06,CN,0.18571558932308108,p12v4m6-B-ppo-s1024,416ff1829ee756ca42b2b3f3ac00d97021798aea8df9b30d5433071d80bc8eae
2025-05-06,HK,0.08272882038727403,p12v4m6-B-ppo-s1024,416ff1829ee756ca42b2b3f3ac00d97021798aea8df9b30d5433071d80bc8eae
2025-05-06,JP,0.17982152942568064,p12v4m6-B-ppo-s1024,416ff1829ee756ca42b2b3f3ac00d97021798aea8df9b30d5433071d80bc8eae
2025-05-06,US,0.2808651113882661,p12v4m6-B-ppo-s1024,416ff1829ee756ca42b2b3f3ac00d97021798aea8df9b30d5433071d80bc8eae
2025-05-07,CN,0.181827254826203,p12v4m6-B-ppo-s1024,416ff1829ee756ca42b2b3f3ac00d97021798aea8df9b30d5433071d80bc8eae
2025-05-07,HK,0.08215636340901256,p12v4m6-B-ppo-s1024,416ff1829ee756ca42b2b3f3ac00d97021798aea8df9b30d5433071d80bc8eae
2025-05-07,JP,0.18127498775720596,p12v4m6-B-ppo-s1024,416ff1829ee756ca42b2b3f3ac00d97021798aea8df9b30d5433071d80bc8eae
2025-05-07,US,0.2820221711881459,p12v4m6-B-ppo-s1024,416ff1829ee756ca42b2b3f3ac00d97021798aea8df9b30d5433071d80bc8eae
2025-05-08,CN,0.18390392302535474,p12v4m6-B-ppo-s1024,416ff1829ee756ca42b2b3f3ac00d97021798aea8df9b30d5433071d80bc8eae
2025-05-08,HK,0.08170472970232368,p12v4m6-B-ppo-s1024,416ff1829ee756ca42b2b3f3ac00d97021798aea8df9b30d5433071d80bc8eae
2025-05-08,JP,0.18066859152168036,p12v4m6-B-ppo-s1024,416ff1829ee756ca42b2b3f3ac00d97021798aea8df9b30d5433071d80bc8eae
2025-05-08,US,0.28096463391557336,p12v4m6-B-ppo-s1024,416ff1829ee756ca42b2b3f3ac00d97021798aea8df9b30d5433071d80bc8eae
2025-05-09,CN,0.18246679997537285,p12v4m6-B-ppo-s1024,416ff1829ee756ca42b2b3f3ac00d97021798aea8df9b30d5433071d80bc8eae
2025-05-09,HK,0.08194902911782265,p12v4m6-B-ppo-s1024,416ff1829ee756ca42b2b3f3ac00d97021798aea8df9b30d5433071d80bc8eae
2025-05-09,JP,0.18025265261530876,p12v4m6-B-ppo-s1024,416ff1829ee756ca42b2b3f3ac00d97021798aea8df9b30d5433071d80bc8eae
2025-05-09,US,0.2817111127078533,p12v4m6-B-ppo-s1024,416ff1829ee756ca42b2b3f3ac00d97021798aea8df9b30d5433071d80bc8eae
2025-05-12,CN,0.1828651421237737,p12v4m6-B-ppo-s1024,416ff1829ee756ca42b2b3f3ac00d97021798aea8df9b30d5433071d80bc8eae
2025-05-12,HK,0.08251644438132644,p12v4m6-B-ppo-s1024,416ff1829ee756ca42b2b3f3ac00d97021798aea8df9b30d5433071d80bc8eae
2025-05-12,JP,0.17882398050278425,p12v4m6-B-ppo-s1024,416ff1829ee756ca42b2b3f3ac00d97021798aea8df9b30d5433071d80bc8eae
2025-05-12,US,0.2823848705738783,p12v4m6-B-ppo-s1024,416ff1829ee756ca42b2b3f3ac00d97021798aea8df9b30d5433071d80bc8eae
2025-05-13,CN,0.18114675453398377,p12v4m6-B-ppo-s1024,416ff1829ee756ca42b2b3f3ac00d97021798aea8df9b30d5433071d80bc8eae
2025-05-13,HK,0.08217266760766506,p12v4m6-B-ppo-s1024,416ff1829ee756ca42b2b3f3ac00d97021798aea8df9b30d5433071d80bc8eae
2025-05-13,JP,0.1789009403437376,p12v4m6-B-ppo-s1024,416ff1829ee756ca42b2b3f3ac00d97021798aea8df9b30d5433071d80bc8eae
2025-05-13,US,0.28371511632576585,p12v4m6-B-ppo-s1024,416ff1829ee756ca42b2b3f3ac00d97021798aea8df9b30d5433071d80bc8eae
2025-05-14,CN,0.18220968008972704,p12v4m6-B-ppo-s1024,416ff1829ee756ca42b2b3f3ac00d97021798aea8df9b30d5433071d80bc8eae
2025-05-14,HK,0.08274651365354657,p12v4m6-B-ppo-s1024,416ff1829ee756ca42b2b3f3ac00d97021798aea8df9b30d5433071d80bc8eae
2025-05-14,JP,0.1789376065135002,p12v4m6-B-ppo-s1024,416ff1829ee756ca42b2b3f3ac00d97021798aea8df9b30d5433071d80bc8eae
2025-05-14,US,0.28173843352124095,p12v4m6-B-ppo-s1024,416ff1829ee756ca42b2b3f3ac00d97021798aea8df9b30d5433071d80bc8eae
2025-05-15,CN,0.1797800640342757,p12v4m6-B-ppo-s1024,416ff1829ee756ca42b2b3f3ac00d97021798aea8df9b30d5433071d80bc8eae
2025-05-15,HK,0.08098930586129427,p12v4m6-B-ppo-s1024,416ff1829ee756ca42b2b3f3ac00d97021798aea8df9b30d5433071d80bc8eae
2025-05-15,JP,0.1801716722548008,p12v4m6-B-ppo-s1024,416ff1829ee756ca42b2b3f3ac00d97021798aea8df9b30d5433071d80bc8eae
2025-05-15,US,0.2856417768634856,p12v4m6-B-ppo-s1024,416ff1829ee756ca42b2b3f3ac00d97021798aea8df9b30d5433071d80bc8eae
2025-05-16,CN,0.18232419656123966,p12v4m6-B-ppo-s1024,416ff1829ee756ca42b2b3f3ac00d97021798aea8df9b30d5433071d80bc8eae
2025-05-16,HK,0.08077969634905457,p12v4m6-B-ppo-s1024,416ff1829ee756ca42b2b3f3ac00d97021798aea8df9b30d5433071d80bc8eae
2025-05-16,JP,0.1807757979258895,p12v4m6-B-ppo-s1024,416ff1829ee756ca42b2b3f3ac00d97021798aea8df9b30d5433071d80bc8eae
2025-05-16,US,0.28413868974894285,p12v4m6-B-ppo-s1024,416ff1829ee756ca42b2b3f3ac00d97021798aea8df9b30d5433071d80bc8eae
2025-05-19,CN,0.18361779674887657,p12v4m6-B-ppo-s1024,416ff1829ee756ca42b2b3f3ac00d97021798aea8df9b30d5433071d80bc8eae
2025-05-19,HK,0.08178364159539342,p12v4m6-B-ppo-s1024,416ff1829ee756ca42b2b3f3ac00d97021798aea8df9b30d5433071d80bc8eae
2025-05-19,JP,0.17998237814754248,p12v4m6-B-ppo-s1024,416ff1829ee756ca42b2b3f3ac00d97021798aea8df9b30d5433071d80bc8eae
2025-05-19,US,0.2830331325531006,p12v4m6-B-ppo-s1024,416ff1829ee756ca42b2b3f3ac00d97021798aea8df9b30d5433071d80bc8eae
2025-05-20,CN,0.18442237155977637,p12v4m6-B-ppo-s1024,416ff1829ee756ca42b2b3f3ac00d97021798aea8df9b30d5433071d80bc8eae
2025-05-20,HK,0.0820581465959549,p12v4m6-B-ppo-s1024,416ff1829ee756ca42b2b3f3ac00d97021798aea8df9b30d5433071d80bc8eae
2025-05-20,JP,0.1774194072932005,p12v4m6-B-ppo-s1024,416ff1829ee756ca42b2b3f3ac00d97021798aea8df9b30d5433071d80bc8eae
2025-05-20,US,0.2828428200446069,p12v4m6-B-ppo-s1024,416ff1829ee756ca42b2b3f3ac00d97021798aea8df9b30d5433071d80bc8eae
2025-05-21,CN,0.18257577996701002,p12v4m6-B-ppo-s1024,416ff1829ee756ca42b2b3f3ac00d97021798aea8df9b30d5433071d80bc8eae
2025-05-21,HK,0.0825870605185628,p12v4m6-B-ppo-s1024,416ff1829ee756ca42b2b3f3ac00d97021798aea8df9b30d5433071d80bc8eae
2025-05-21,JP,0.179515709169209,p12v4m6-B-ppo-s1024,416ff1829ee756ca42b2b3f3ac00d97021798aea8df9b30d5433071d80bc8eae
2025-05-21,US,0.2802700586616993,p12v4m6-B-ppo-s1024,416ff1829ee756ca42b2b3f3ac00d97021798aea8df9b30d5433071d80bc8eae
2025-05-22,CN,0.18241585744544864,p12v4m6-B-ppo-s1024,416ff1829ee756ca42b2b3f3ac00d97021798aea8df9b30d5433071d80bc8eae
2025-05-22,HK,0.08208806766197085,p12v4m6-B-ppo-s1024,416ff1829ee756ca42b2b3f3ac00d97021798aea8df9b30d5433071d80bc8eae
2025-05-22,JP,0.1796066351234913,p12v4m6-B-ppo-s1024,416ff1829ee756ca42b2b3f3ac00d97021798aea8df9b30d5433071d80bc8eae
2025-05-22,US,0.2813887861557305,p12v4m6-B-ppo-s1024,416ff1829ee756ca42b2b3f3ac00d97021798aea8df9b30d5433071d80bc8eae
2025-05-23,CN,0.1809839268680662,p12v4m6-B-ppo-s1024,416ff1829ee756ca42b2b3f3ac00d97021798aea8df9b30d5433071d80bc8eae
2025-05-23,HK,0.08094664942473173,p12v4m6-B-ppo-s1024,416ff1829ee756ca42b2b3f3ac00d97021798aea8df9b30d5433071d80bc8eae
2025-05-23,JP,0.18019223492592573,p12v4m6-B-ppo-s1024,416ff1829ee756ca42b2b3f3ac00d97021798aea8df9b30d5433071d80bc8eae
2025-05-23,US,0.28431379050016403,p12v4m6-B-ppo-s1024,416ff1829ee756ca42b2b3f3ac00d97021798aea8df9b30d5433071d80bc8eae
2025-05-26,CN,0.18499861098825932,p12v4m6-B-ppo-s1024,416ff1829ee756ca42b2b3f3ac00d97021798aea8df9b30d5433071d80bc8eae
2025-05-26,HK,0.08185998583212495,p12v4m6-B-ppo-s1024,416ff1829ee756ca42b2b3f3ac00d97021798aea8df9b30d5433071d80bc8eae
2025-05-26,JP,0.17896912153810263,p12v4m6-B-ppo-s1024,416ff1829ee756ca42b2b3f3ac00d97021798aea8df9b30d5433071d80bc8eae
2025-05-26,US,0.2834423859603703,p12v4m6-B-ppo-s1024,416ff1829ee756ca42b2b3f3ac00d97021798aea8df9b30d5433071d80bc8eae
2025-05-27,CN,0.18295021110679954,p12v4m6-B-ppo-s1024,416ff1829ee756ca42b2b3f3ac00d97021798aea8df9b30d5433071d80bc8eae
2025-05-27,HK,0.08153563318774104,p12v4m6-B-ppo-s1024,416ff1829ee756ca42b2b3f3ac00d97021798aea8df9b30d5433071d80bc8eae
2025-05-27,JP,0.1783283231779933,p12v4m6-B-ppo-s1024,416ff1829ee756ca42b2b3f3ac00d97021798aea8df9b30d5433071d80bc8eae
2025-05-27,US,0.2844063569791615,p12v4m6-B-ppo-s1024,416ff1829ee756ca42b2b3f3ac00d97021798aea8df9b30d5433071d80bc8eae
2025-05-28,CN,0.1840438242070377,p12v4m6-B-ppo-s1024,416ff1829ee756ca42b2b3f3ac00d97021798aea8df9b30d5433071d80bc8eae
2025-05-28,HK,0.08241096185520291,p12v4m6-B-ppo-s1024,416ff1829ee756ca42b2b3f3ac00d97021798aea8df9b30d5433071d80bc8eae
2025-05-28,JP,0.17902196291834116,p12v4m6-B-ppo-s1024,416ff1829ee756ca42b2b3f3ac00d97021798aea8df9b30d5433071d80bc8eae
2025-05-28,US,0.28072968451306224,p12v4m6-B-ppo-s1024,416ff1829ee756ca42b2b3f3ac00d97021798aea8df9b30d5433071d80bc8eae
2025-05-29,CN,0.18643092224374413,p12v4m6-B-ppo-s1024,416ff1829ee756ca42b2b3f3ac00d97021798aea8df9b30d5433071d80bc8eae
2025-05-29,HK,0.08223429694771767,p12v4m6-B-ppo-s1024,416ff1829ee756ca42b2b3f3ac00d97021798aea8df9b30d5433071d80bc8eae
2025-05-29,JP,0.17889535054564476,p12v4m6-B-ppo-s1024,416ff1829ee756ca42b2b3f3ac00d97021798aea8df9b30d5433071d80bc8eae
2025-05-29,US,0.28001624112948775,p12v4m6-B-ppo-s1024,416ff1829ee756ca42b2b3f3ac00d97021798aea8df9b30d5433071d80bc8eae
2025-05-30,CN,0.18040143116377294,p12v4m6-B-ppo-s1024,416ff1829ee756ca42b2b3f3ac00d97021798aea8df9b30d5433071d80bc8eae
2025-05-30,HK,0.08197681559249759,p12v4m6-B-ppo-s1024,416ff1829ee756ca42b2b3f3ac00d97021798aea8df9b30d5433071d80bc8eae
2025-05-30,JP,0.1808933624997735,p12v4m6-B-ppo-s1024,416ff1829ee756ca42b2b3f3ac00d97021798aea8df9b30d5433071d80bc8eae
2025-05-30,US,0.28214079793542624,p12v4m6-B-ppo-s1024,416ff1829ee756ca42b2b3f3ac00d97021798aea8df9b30d5433071d80bc8eae
2025-06-02,CN,0.1803848702693358,p12v4m6-B-ppo-s1024,416ff1829ee756ca42b2b3f3ac00d97021798aea8df9b30d5433071d80bc8eae
2025-06-02,HK,0.08183474978432059,p12v4m6-B-ppo-s1024,416ff1829ee756ca42b2b3f3ac00d97021798aea8df9b30d5433071d80bc8eae
2025-06-02,JP,0.17950822785496712,p12v4m6-B-ppo-s1024,416ff1829ee756ca42b2b3f3ac00d97021798aea8df9b30d5433071d80bc8eae
2025-06-02,US,0.2830123598687351,p12v4m6-B-ppo-s1024,416ff1829ee756ca42b2b3f3ac00d97021798aea8df9b30d5433071d80bc8eae
2025-06-03,CN,0.17698080325499177,p12v4m6-B-ppo-s1024,416ff1829ee756ca42b2b3f3ac00d97021798aea8df9b30d5433071d80bc8eae
2025-06-03,HK,0.08337957505136728,p12v4m6-B-ppo-s1024,416ff1829ee756ca42b2b3f3ac00d97021798aea8df9b30d5433071d80bc8eae
2025-06-03,JP,0.1804697634652257,p12v4m6-B-ppo-s1024,416ff1829ee756ca42b2b3f3ac00d97021798aea8df9b30d5433071d80bc8eae
2025-06-03,US,0.28389081405475736,p12v4m6-B-ppo-s1024,416ff1829ee756ca42b2b3f3ac00d97021798aea8df9b30d5433071d80bc8eae
2025-06-04,CN,0.18387976614758372,p12v4m6-B-ppo-s1024,416ff1829ee756ca42b2b3f3ac00d97021798aea8df9b30d5433071d80bc8eae
2025-06-04,HK,0.0818964228965342,p12v4m6-B-ppo-s1024,416ff1829ee756ca42b2b3f3ac00d97021798aea8df9b30d5433071d80bc8eae
2025-06-04,JP,0.17960440646857023,p12v4m6-B-ppo-s1024,416ff1829ee756ca42b2b3f3ac00d97021798aea8df9b30d5433071d80bc8eae
2025-06-04,US,0.28161429380998015,p12v4m6-B-ppo-s1024,416ff1829ee756ca42b2b3f3ac00d97021798aea8df9b30d5433071d80bc8eae
2025-06-05,CN,0.18445031950250268,p12v4m6-B-ppo-s1024,416ff1829ee756ca42b2b3f3ac00d97021798aea8df9b30d5433071d80bc8eae
2025-06-05,HK,0.08201200421899557,p12v4m6-B-ppo-s1024,416ff1829ee756ca42b2b3f3ac00d97021798aea8df9b30d5433071d80bc8eae
2025-06-05,JP,0.17865739483386278,p12v4m6-B-ppo-s1024,416ff1829ee756ca42b2b3f3ac00d97021798aea8df9b30d5433071d80bc8eae
2025-06-05,US,0.28092475794255733,p12v4m6-B-ppo-s1024,416ff1829ee756ca42b2b3f3ac00d97021798aea8df9b30d5433071d80bc8eae
2025-06-06,CN,0.179908586316742,p12v4m6-B-ppo-s1024,416ff1829ee756ca42b2b3f3ac00d97021798aea8df9b30d5433071d80bc8eae
2025-06-06,HK,0.08187159802764654,p12v4m6-B-ppo-s1024,416ff1829ee756ca42b2b3f3ac00d97021798aea8df9b30d5433071d80bc8eae
2025-06-06,JP,0.17969797365367413,p12v4m6-B-ppo-s1024,416ff1829ee756ca42b2b3f3ac00d97021798aea8df9b30d5433071d80bc8eae
2025-06-06,US,0.28396541392430663,p12v4m6-B-ppo-s1024,416ff1829ee756ca42b2b3f3ac00d97021798aea8df9b30d5433071d80bc8eae
2025-06-09,CN,0.18416019494179636,p12v4m6-B-ppo-s1024,416ff1829ee756ca42b2b3f3ac00d97021798aea8df9b30d5433071d80bc8eae
2025-06-09,HK,0.08201571041718125,p12v4m6-B-ppo-s1024,416ff1829ee756ca42b2b3f3ac00d97021798aea8df9b30d5433071d80bc8eae
2025-06-09,JP,0.179125408641994,p12v4m6-B-ppo-s1024,416ff1829ee756ca42b2b3f3ac00d97021798aea8df9b30d5433071d80bc8eae
2025-06-09,US,0.2816643533296883,p12v4m6-B-ppo-s1024,416ff1829ee756ca42b2b3f3ac00d97021798aea8df9b30d5433071d80bc8eae
2025-06-10,CN,0.18017093383241445,p12v4m6-B-ppo-s1024,416ff1829ee756ca42b2b3f3ac00d97021798aea8df9b30d5433071d80bc8eae
2025-06-10,HK,0.08159764902666211,p12v4m6-B-ppo-s1024,416ff1829ee756ca42b2b3f3ac00d97021798aea8df9b30d5433071d80bc8eae
2025-06-10,JP,0.17927062325179577,p12v4m6-B-ppo-s1024,416ff1829ee756ca42b2b3f3ac00d97021798aea8df9b30d5433071d80bc8eae
2025-06-10,US,0.2852694890461862,p12v4m6-B-ppo-s1024,416ff1829ee756ca42b2b3f3ac00d97021798aea8df9b30d5433071d80bc8eae
2025-06-11,CN,0.1827115201158449,p12v4m6-B-ppo-s1024,416ff1829ee756ca42b2b3f3ac00d97021798aea8df9b30d5433071d80bc8eae
2025-06-11,HK,0.08238275768235326,p12v4m6-B-ppo-s1024,416ff1829ee756ca42b2b3f3ac00d97021798aea8df9b30d5433071d80bc8eae
2025-06-11,JP,0.18057390488684177,p12v4m6-B-ppo-s1024,416ff1829ee756ca42b2b3f3ac00d97021798aea8df9b30d5433071d80bc8eae
2025-06-11,US,0.2806137534789741,p12v4m6-B-ppo-s1024,416ff1829ee756ca42b2b3f3ac00d97021798aea8df9b30d5433071d80bc8eae
2025-06-12,CN,0.18380953196901828,p12v4m6-B-ppo-s1024,416ff1829ee756ca42b2b3f3ac00d97021798aea8df9b30d5433071d80bc8eae
2025-06-12,HK,0.0816304194740951,p12v4m6-B-ppo-s1024,416ff1829ee756ca42b2b3f3ac00d97021798aea8df9b30d5433071d80bc8eae
2025-06-12,JP,0.1776920771226287,p12v4m6-B-ppo-s1024,416ff1829ee756ca42b2b3f3ac00d97021798aea8df9b30d5433071d80bc8eae
2025-06-12,US,0.28285172022879124,p12v4m6-B-ppo-s1024,416ff1829ee756ca42b2b3f3ac00d97021798aea8df9b30d5433071d80bc8eae
2025-06-13,CN,0.18322879425249994,p12v4m6-B-ppo-s1024,416ff1829ee756ca42b2b3f3ac00d97021798aea8df9b30d5433071d80bc8eae
2025-06-13,HK,0.08155370969325304,p12v4m6-B-ppo-s1024,416ff1829ee756ca42b2b3f3ac00d97021798aea8df9b30d5433071d80bc8eae
2025-06-13,JP,0.177490696310997,p12v4m6-B-ppo-s1024,416ff1829ee756ca42b2b3f3ac00d97021798aea8df9b30d5433071d80bc8eae
2025-06-13,US,0.2829089229926467,p12v4m6-B-ppo-s1024,416ff1829ee756ca42b2b3f3ac00d97021798aea8df9b30d5433071d80bc8eae
2025-06-16,CN,0.18468915147241205,p12v4m6-B-ppo-s1024,416ff1829ee756ca42b2b3f3ac00d97021798aea8df9b30d5433071d80bc8eae
2025-06-16,HK,0.08249005023390055,p12v4m6-B-ppo-s1024,416ff1829ee756ca42b2b3f3ac00d97021798aea8df9b30d5433071d80bc8eae
2025-06-16,JP,0.17892853450030088,p12v4m6-B-ppo-s1024,416ff1829ee756ca42b2b3f3ac00d97021798aea8df9b30d5433071d80bc8eae
2025-06-16,US,0.2806047801859677,p12v4m6-B-ppo-s1024,416ff1829ee756ca42b2b3f3ac00d97021798aea8df9b30d5433071d80bc8eae
2025-06-17,CN,0.17966434510890394,p12v4m6-B-ppo-s1024,416ff1829ee756ca42b2b3f3ac00d97021798aea8df9b30d5433071d80bc8eae
2025-06-17,HK,0.08252808637917042,p12v4m6-B-ppo-s1024,416ff1829ee756ca42b2b3f3ac00d97021798aea8df9b30d5433071d80bc8eae
2025-06-17,JP,0.18058559950441122,p12v4m6-B-ppo-s1024,416ff1829ee756ca42b2b3f3ac00d97021798aea8df9b30d5433071d80bc8eae
2025-06-17,US,0.282013600692153,p12v4m6-B-ppo-s1024,416ff1829ee756ca42b2b3f3ac00d97021798aea8df9b30d5433071d80bc8eae
2025-06-18,CN,0.178782713948749,p12v4m6-B-ppo-s1024,416ff1829ee756ca42b2b3f3ac00d97021798aea8df9b30d5433071d80bc8eae
2025-06-18,HK,0.08206039108335972,p12v4m6-B-ppo-s1024,416ff1829ee756ca42b2b3f3ac00d97021798aea8df9b30d5433071d80bc8eae
2025-06-18,JP,0.18130561616271734,p12v4m6-B-ppo-s1024,416ff1829ee756ca42b2b3f3ac00d97021798aea8df9b30d5433071d80bc8eae
2025-06-18,US,0.28277768287807703,p12v4m6-B-ppo-s1024,416ff1829ee756ca42b2b3f3ac00d97021798aea8df9b30d5433071d80bc8eae
2025-06-19,CN,0.18126692448277026,p12v4m6-B-ppo-s1024,416ff1829ee756ca42b2b3f3ac00d97021798aea8df9b30d5433071d80bc8eae
2025-06-19,HK,0.0816472927108407,p12v4m6-B-ppo-s1024,416ff1829ee756ca42b2b3f3ac00d97021798aea8df9b30d5433071d80bc8eae
2025-06-19,JP,0.17949179466813803,p12v4m6-B-ppo-s1024,416ff1829ee756ca42b2b3f3ac00d97021798aea8df9b30d5433071d80bc8eae
2025-06-19,US,0.2838126583956182,p12v4m6-B-ppo-s1024,416ff1829ee756ca42b2b3f3ac00d97021798aea8df9b30d5433071d80bc8eae
2025-06-20,CN,0.18178795231506228,p12v4m6-B-ppo-s1024,416ff1829ee756ca42b2b3f3ac00d97021798aea8df9b30d5433071d80bc8eae
2025-06-20,HK,0.08281622594222426,p12v4m6-B-ppo-s1024,416ff1829ee756ca42b2b3f3ac00d97021798aea8df9b30d5433071d80bc8eae
2025-06-20,JP,0.1793870236724615,p12v4m6-B-ppo-s1024,416ff1829ee756ca42b2b3f3ac00d97021798aea8df9b30d5433071d80bc8eae
2025-06-20,US,0.28172782668843865,p12v4m6-B-ppo-s1024,416ff1829ee756ca42b2b3f3ac00d97021798aea8df9b30d5433071d80bc8eae
2025-06-23,CN,0.18437229946721345,p12v4m6-B-ppo-s1024,416ff1829ee756ca42b2b3f3ac00d97021798aea8df9b30d5433071d80bc8eae
2025-06-23,HK,0.08283268753439188,p12v4m6-B-ppo-s1024,416ff1829ee756ca42b2b3f3ac00d97021798aea8df9b30d5433071d80bc8eae
2025-06-23,JP,0.17933155316859484,p12v4m6-B-ppo-s1024,416ff1829ee756ca42b2b3f3ac00d97021798aea8df9b30d5433071d80bc8eae
2025-06-23,US,0.281567616853863,p12v4m6-B-ppo-s1024,416ff1829ee756ca42b2b3f3ac00d97021798aea8df9b30d5433071d80bc8eae
2025-06-24,CN,0.1822964184684679,p12v4m6-B-ppo-s1024,416ff1829ee756ca42b2b3f3ac00d97021798aea8df9b30d5433071d80bc8eae
2025-06-24,HK,0.0831128885038197,p12v4m6-B-ppo-s1024,416ff1829ee756ca42b2b3f3ac00d97021798aea8df9b30d5433071d80bc8eae
2025-06-24,JP,0.17788733262568712,p12v4m6-B-ppo-s1024,416ff1829ee756ca42b2b3f3ac00d97021798aea8df9b30d5433071d80bc8eae
2025-06-24,US,0.2838054238818586,p12v4m6-B-ppo-s1024,416ff1829ee756ca42b2b3f3ac00d97021798aea8df9b30d5433071d80bc8eae
2025-06-25,CN,0.18212104658596218,p12v4m6-B-ppo-s1024,416ff1829ee756ca42b2b3f3ac00d97021798aea8df9b30d5433071d80bc8eae
2025-06-25,HK,0.08312631724402308,p12v4m6-B-ppo-s1024,416ff1829ee756ca42b2b3f3ac00d97021798aea8df9b30d5433071d80bc8eae
2025-06-25,JP,0.1799786640331149,p12v4m6-B-ppo-s1024,416ff1829ee756ca42b2b3f3ac00d97021798aea8df9b30d5433071d80bc8eae
2025-06-25,US,0.2804939108900726,p12v4m6-B-ppo-s1024,416ff1829ee756ca42b2b3f3ac00d97021798aea8df9b30d5433071d80bc8eae
2025-06-26,CN,0.18366383225657046,p12v4m6-B-ppo-s1024,416ff1829ee756ca42b2b3f3ac00d97021798aea8df9b30d5433071d80bc8eae
2025-06-26,HK,0.08179706195369363,p12v4m6-B-ppo-s1024,416ff1829ee756ca42b2b3f3ac00d97021798aea8df9b30d5433071d80bc8eae
2025-06-26,JP,0.1797500178217888,p12v4m6-B-ppo-s1024,416ff1829ee756ca42b2b3f3ac00d97021798aea8df9b30d5433071d80bc8eae
2025-06-26,US,0.28194560669362545,p12v4m6-B-ppo-s1024,416ff1829ee756ca42b2b3f3ac00d97021798aea8df9b30d5433071d80bc8eae
2025-06-27,CN,0.1827806697692722,p12v4m6-B-ppo-s1024,416ff1829ee756ca42b2b3f3ac00d97021798aea8df9b30d5433071d80bc8eae
2025-06-27,HK,0.08085546921938658,p12v4m6-B-ppo-s1024,416ff1829ee756ca42b2b3f3ac00d97021798aea8df9b30d5433071d80bc8eae
2025-06-27,JP,0.18012662511318922,p12v4m6-B-ppo-s1024,416ff1829ee756ca42b2b3f3ac00d97021798aea8df9b30d5433071d80bc8eae
2025-06-27,US,0.28219117503613234,p12v4m6-B-ppo-s1024,416ff1829ee756ca42b2b3f3ac00d97021798aea8df9b30d5433071d80bc8eae
2025-06-30,CN,0.18299249233677983,p12v4m6-B-ppo-s1024,416ff1829ee756ca42b2b3f3ac00d97021798aea8df9b30d5433071d80bc8eae
2025-06-30,HK,0.08155677514150739,p12v4m6-B-ppo-s1024,416ff1829ee756ca42b2b3f3ac00d97021798aea8df9b30d5433071d80bc8eae
2025-06-30,JP,0.1783238034695387,p12v4m6-B-ppo-s1024,416ff1829ee756ca42b2b3f3ac00d97021798aea8df9b30d5433071d80bc8eae
2025-06-30,US,0.28361344803124666,p12v4m6-B-ppo-s1024,416ff1829ee756ca42b2b3f3ac00d97021798aea8df9b30d5433071d80bc8eae
2025-07-01,CN,0.18019355612341315,p12v4m6-B-ppo-s1024,416ff1829ee756ca42b2b3f3ac00d97021798aea8df9b30d5433071d80bc8eae
2025-07-01,HK,0.08205095026642084,p12v4m6-B-ppo-s1024,416ff1829ee756ca42b2b3f3ac00d97021798aea8df9b30d5433071d80bc8eae
2025-07-01,JP,0.17832156643271446,p12v4m6-B-ppo-s1024,416ff1829ee756ca42b2b3f3ac00d97021798aea8df9b30d5433071d80bc8eae
2025-07-01,US,0.28549331333488226,p12v4m6-B-ppo-s1024,416ff1829ee756ca42b2b3f3ac00d97021798aea8df9b30d5433071d80bc8eae
2025-07-02,CN,0.18171951232943684,p12v4m6-B-ppo-s1024,416ff1829ee756ca42b2b3f3ac00d97021798aea8df9b30d5433071d80bc8eae
2025-07-02,HK,0.08176764659583569,p12v4m6-B-ppo-s1024,416ff1829ee756ca42b2b3f3ac00d97021798aea8df9b30d5433071d80bc8eae
2025-07-02,JP,0.18072697333991528,p12v4m6-B-ppo-s1024,416ff1829ee756ca42b2b3f3ac00d97021798aea8df9b30d5433071d80bc8eae
2025-07-02,US,0.2825113604776561,p12v4m6-B-ppo-s1024,416ff1829ee756ca42b2b3f3ac00d97021798aea8df9b30d5433071d80bc8eae
2025-07-03,CN,0.18173623026814312,p12v4m6-B-ppo-s1024,416ff1829ee756ca42b2b3f3ac00d97021798aea8df9b30d5433071d80bc8eae
2025-07-03,HK,0.08178476942703128,p12v4m6-B-ppo-s1024,416ff1829ee756ca42b2b3f3ac00d97021798aea8df9b30d5433071d80bc8eae
2025-07-03,JP,0.17952454555779696,p12v4m6-B-ppo-s1024,416ff1829ee756ca42b2b3f3ac00d97021798aea8df9b30d5433071d80bc8eae
2025-07-03,US,0.28271274315193295,p12v4m6-B-ppo-s1024,416ff1829ee756ca42b2b3f3ac00d97021798aea8df9b30d5433071d80bc8eae
2025-07-04,CN,0.18030933244153857,p12v4m6-B-ppo-s1024,416ff1829ee756ca42b2b3f3ac00d97021798aea8df9b30d5433071d80bc8eae
2025-07-04,HK,0.08248931588605046,p12v4m6-B-ppo-s1024,416ff1829ee756ca42b2b3f3ac00d97021798aea8df9b30d5433071d80bc8eae
2025-07-04,JP,0.17945015523582697,p12v4m6-B-ppo-s1024,416ff1829ee756ca42b2b3f3ac00d97021798aea8df9b30d5433071d80bc8eae
2025-07-04,US,0.28321100026369095,p12v4m6-B-ppo-s1024,416ff1829ee756ca42b2b3f3ac00d97021798aea8df9b30d5433071d80bc8eae
2025-07-07,CN,0.18425533105619252,p12v4m6-B-ppo-s1024,416ff1829ee756ca42b2b3f3ac00d97021798aea8df9b30d5433071d80bc8eae
2025-07-07,HK,0.08190898224711418,p12v4m6-B-ppo-s1024,416ff1829ee756ca42b2b3f3ac00d97021798aea8df9b30d5433071d80bc8eae
2025-07-07,JP,0.17920776829123497,p12v4m6-B-ppo-s1024,416ff1829ee756ca42b2b3f3ac00d97021798aea8df9b30d5433071d80bc8eae
2025-07-07,US,0.2806295841000974,p12v4m6-B-ppo-s1024,416ff1829ee756ca42b2b3f3ac00d97021798aea8df9b30d5433071d80bc8eae
2025-07-08,CN,0.18389968166593462,p12v4m6-B-ppo-s1024,416ff1829ee756ca42b2b3f3ac00d97021798aea8df9b30d5433071d80bc8eae
2025-07-08,HK,0.08207888435572386,p12v4m6-B-ppo-s1024,416ff1829ee756ca42b2b3f3ac00d97021798aea8df9b30d5433071d80bc8eae
2025-07-08,JP,0.1779213435947895,p12v4m6-B-ppo-s1024,416ff1829ee756ca42b2b3f3ac00d97021798aea8df9b30d5433071d80bc8eae
2025-07-08,US,0.2831126470118761,p12v4m6-B-ppo-s1024,416ff1829ee756ca42b2b3f3ac00d97021798aea8df9b30d5433071d80bc8eae
2025-07-09,CN,0.18046771769877523,p12v4m6-B-ppo-s1024,416ff1829ee756ca42b2b3f3ac00d97021798aea8df9b30d5433071d80bc8eae
2025-07-09,HK,0.08237327076494694,p12v4m6-B-ppo-s1024,416ff1829ee756ca42b2b3f3ac00d97021798aea8df9b30d5433071d80bc8eae
2025-07-09,JP,0.180103893391788,p12v4m6-B-ppo-s1024,416ff1829ee756ca42b2b3f3ac00d97021798aea8df9b30d5433071d80bc8eae
2025-07-09,US,0.2822901979088783,p12v4m6-B-ppo-s1024,416ff1829ee756ca42b2b3f3ac00d97021798aea8df9b30d5433071d80bc8eae
2025-07-10,CN,0.18236807559151202,p12v4m6-B-ppo-s1024,416ff1829ee756ca42b2b3f3ac00d97021798aea8df9b30d5433071d80bc8eae
2025-07-10,HK,0.08233537105843425,p12v4m6-B-ppo-s1024,416ff1829ee756ca42b2b3f3ac00d97021798aea8df9b30d5433071d80bc8eae
2025-07-10,JP,0.17838875856250525,p12v4m6-B-ppo-s1024,416ff1829ee756ca42b2b3f3ac00d97021798aea8df9b30d5433071d80bc8eae
2025-07-10,US,0.28304433450102806,p12v4m6-B-ppo-s1024,416ff1829ee756ca42b2b3f3ac00d97021798aea8df9b30d5433071d80bc8eae
2025-07-11,CN,0.18204408418387175,p12v4m6-B-ppo-s1024,416ff1829ee756ca42b2b3f3ac00d97021798aea8df9b30d5433071d80bc8eae
2025-07-11,HK,0.081514498218894,p12v4m6-B-ppo-s1024,416ff1829ee756ca42b2b3f3ac00d97021798aea8df9b30d5433071d80bc8eae
2025-07-11,JP,0.17911552917212248,p12v4m6-B-ppo-s1024,416ff1829ee756ca42b2b3f3ac00d97021798aea8df9b30d5433071d80bc8eae
2025-07-11,US,0.28319194354116917,p12v4m6-B-ppo-s1024,416ff1829ee756ca42b2b3f3ac00d97021798aea8df9b30d5433071d80bc8eae
2025-07-14,CN,0.18045339174568653,p12v4m6-B-ppo-s1024,416ff1829ee756ca42b2b3f3ac00d97021798aea8df9b30d5433071d80bc8eae
2025-07-14,HK,0.0821328996680677,p12v4m6-B-ppo-s1024,416ff1829ee756ca42b2b3f3ac00d97021798aea8df9b30d5433071d80bc8eae
2025-07-14,JP,0.17986774817109108,p12v4m6-B-ppo-s1024,416ff1829ee756ca42b2b3f3ac00d97021798aea8df9b30d5433071d80bc8eae
2025-07-14,US,0.2834154302254319,p12v4m6-B-ppo-s1024,416ff1829ee756ca42b2b3f3ac00d97021798aea8df9b30d5433071d80bc8eae
2025-07-15,CN,0.18191809416748583,p12v4m6-B-ppo-s1024,416ff1829ee756ca42b2b3f3ac00d97021798aea8df9b30d5433071d80bc8eae
2025-07-15,HK,0.08235598867759109,p12v4m6-B-ppo-s1024,416ff1829ee756ca42b2b3f3ac00d97021798aea8df9b30d5433071d80bc8eae
2025-07-15,JP,0.17980238143354654,p12v4m6-B-ppo-s1024,416ff1829ee756ca42b2b3f3ac00d97021798aea8df9b30d5433071d80bc8eae
2025-07-15,US,0.27954022493213415,p12v4m6-B-ppo-s1024,416ff1829ee756ca42b2b3f3ac00d97021798aea8df9b30d5433071d80bc8eae
2025-07-16,CN,0.1825285186059773,p12v4m6-B-ppo-s1024,416ff1829ee756ca42b2b3f3ac00d97021798aea8df9b30d5433071d80bc8eae
2025-07-16,HK,0.08166440948843956,p12v4m6-B-ppo-s1024,416ff1829ee756ca42b2b3f3ac00d97021798aea8df9b30d5433071d80bc8eae
2025-07-16,JP,0.17977685946971178,p12v4m6-B-ppo-s1024,416ff1829ee756ca42b2b3f3ac00d97021798aea8df9b30d5433071d80bc8eae
2025-07-16,US,0.28222072357311845,p12v4m6-B-ppo-s1024,416ff1829ee756ca42b2b3f3ac00d97021798aea8df9b30d5433071d80bc8eae
2025-07-17,CN,0.1824999275850132,p12v4m6-B-ppo-s1024,416ff1829ee756ca42b2b3f3ac00d97021798aea8df9b30d5433071d80bc8eae
2025-07-17,HK,0.08154729614034295,p12v4m6-B-ppo-s1024,416ff1829ee756ca42b2b3f3ac00d97021798aea8df9b30d5433071d80bc8eae
2025-07-17,JP,0.18005980737507343,p12v4m6-B-ppo-s1024,416ff1829ee756ca42b2b3f3ac00d97021798aea8df9b30d5433071d80bc8eae
2025-07-17,US,0.2832242287695408,p12v4m6-B-ppo-s1024,416ff1829ee756ca42b2b3f3ac00d97021798aea8df9b30d5433071d80bc8eae
2025-07-18,CN,0.18239297345280647,p12v4m6-B-ppo-s1024,416ff1829ee756ca42b2b3f3ac00d97021798aea8df9b30d5433071d80bc8eae
2025-07-18,HK,0.08212239062413573,p12v4m6-B-ppo-s1024,416ff1829ee756ca42b2b3f3ac00d97021798aea8df9b30d5433071d80bc8eae
2025-07-18,JP,0.17887614201754332,p12v4m6-B-ppo-s1024,416ff1829ee756ca42b2b3f3ac00d97021798aea8df9b30d5433071d80bc8eae
2025-07-18,US,0.2820029417052865,p12v4m6-B-ppo-s1024,416ff1829ee756ca42b2b3f3ac00d97021798aea8df9b30d5433071d80bc8eae
2025-07-21,CN,0.1832106519723311,p12v4m6-B-ppo-s1024,416ff1829ee756ca42b2b3f3ac00d97021798aea8df9b30d5433071d80bc8eae
2025-07-21,HK,0.08167140744626522,p12v4m6-B-ppo-s1024,416ff1829ee756ca42b2b3f3ac00d97021798aea8df9b30d5433071d80bc8eae
2025-07-21,JP,0.17886155378073454,p12v4m6-B-ppo-s1024,416ff1829ee756ca42b2b3f3ac00d97021798aea8df9b30d5433071d80bc8eae
2025-07-21,US,0.28212716430425644,p12v4m6-B-ppo-s1024,416ff1829ee756ca42b2b3f3ac00d97021798aea8df9b30d5433071d80bc8eae
2025-07-22,CN,0.18394155462738127,p12v4m6-B-ppo-s1024,416ff1829ee756ca42b2b3f3ac00d97021798aea8df9b30d5433071d80bc8eae
2025-07-22,HK,0.08143022609874606,p12v4m6-B-ppo-s1024,416ff1829ee756ca42b2b3f3ac00d97021798aea8df9b30d5433071d80bc8eae
2025-07-22,JP,0.17939584981650114,p12v4m6-B-ppo-s1024,416ff1829ee756ca42b2b3f3ac00d97021798aea8df9b30d5433071d80bc8eae
2025-07-22,US,0.2822131090797484,p12v4m6-B-ppo-s1024,416ff1829ee756ca42b2b3f3ac00d97021798aea8df9b30d5433071d80bc8eae
2025-07-23,CN,0.17656722583342344,p12v4m6-B-ppo-s1024,416ff1829ee756ca42b2b3f3ac00d97021798aea8df9b30d5433071d80bc8eae
2025-07-23,HK,0.08154923329129815,p12v4m6-B-ppo-s1024,416ff1829ee756ca42b2b3f3ac00d97021798aea8df9b30d5433071d80bc8eae
2025-07-23,JP,0.18139730766415596,p12v4m6-B-ppo-s1024,416ff1829ee756ca42b2b3f3ac00d97021798aea8df9b30d5433071d80bc8eae
2025-07-23,US,0.28573385579511523,p12v4m6-B-ppo-s1024,416ff1829ee756ca42b2b3f3ac00d97021798aea8df9b30d5433071d80bc8eae
2025-07-24,CN,0.1833287924528122,p12v4m6-B-ppo-s1024,416ff1829ee756ca42b2b3f3ac00d97021798aea8df9b30d5433071d80bc8eae
2025-07-24,HK,0.08217122917994857,p12v4m6-B-ppo-s1024,416ff1829ee756ca42b2b3f3ac00d97021798aea8df9b30d5433071d80bc8eae
2025-07-24,JP,0.17986636329442263,p12v4m6-B-ppo-s1024,416ff1829ee756ca42b2b3f3ac00d97021798aea8df9b30d5433071d80bc8eae
2025-07-24,US,0.28035620180889964,p12v4m6-B-ppo-s1024,416ff1829ee756ca42b2b3f3ac00d97021798aea8df9b30d5433071d80bc8eae
2025-07-25,CN,0.18088320340029895,p12v4m6-B-ppo-s1024,416ff1829ee756ca42b2b3f3ac00d97021798aea8df9b30d5433071d80bc8eae
2025-07-25,HK,0.08236818015575409,p12v4m6-B-ppo-s1024,416ff1829ee756ca42b2b3f3ac00d97021798aea8df9b30d5433071d80bc8eae
2025-07-25,JP,0.17919301986694336,p12v4m6-B-ppo-s1024,416ff1829ee756ca42b2b3f3ac00d97021798aea8df9b30d5433071d80bc8eae
2025-07-25,US,0.28219944378361106,p12v4m6-B-ppo-s1024,416ff1829ee756ca42b2b3f3ac00d97021798aea8df9b30d5433071d80bc8eae
2025-07-28,CN,0.18278763082344085,p12v4m6-B-ppo-s1024,416ff1829ee756ca42b2b3f3ac00d97021798aea8df9b30d5433071d80bc8eae
2025-07-28,HK,0.08159298077225685,p12v4m6-B-ppo-s1024,416ff1829ee756ca42b2b3f3ac00d97021798aea8df9b30d5433071d80bc8eae
2025-07-28,JP,0.1799088390544057,p12v4m6-B-ppo-s1024,416ff1829ee756ca42b2b3f3ac00d97021798aea8df9b30d5433071d80bc8eae
2025-07-28,US,0.28045102022588253,p12v4m6-B-ppo-s1024,416ff1829ee756ca42b2b3f3ac00d97021798aea8df9b30d5433071d80bc8eae
2025-07-29,CN,0.18253978539723903,p12v4m6-B-ppo-s1024,416ff1829ee756ca42b2b3f3ac00d97021798aea8df9b30d5433071d80bc8eae
2025-07-29,HK,0.08196045411750674,p12v4m6-B-ppo-s1024,416ff1829ee756ca42b2b3f3ac00d97021798aea8df9b30d5433071d80bc8eae
2025-07-29,JP,0.1789344446733594,p12v4m6-B-ppo-s1024,416ff1829ee756ca42b2b3f3ac00d97021798aea8df9b30d5433071d80bc8eae
2025-07-29,US,0.2814757996238768,p12v4m6-B-ppo-s1024,416ff1829ee756ca42b2b3f3ac00d97021798aea8df9b30d5433071d80bc8eae
2025-07-30,CN,0.18225905823055655,p12v4m6-B-ppo-s1024,416ff1829ee756ca42b2b3f3ac00d97021798aea8df9b30d5433071d80bc8eae
2025-07-30,HK,0.08126563299447298,p12v4m6-B-ppo-s1024,416ff1829ee756ca42b2b3f3ac00d97021798aea8df9b30d5433071d80bc8eae
2025-07-30,JP,0.18055537808686495,p12v4m6-B-ppo-s1024,416ff1829ee756ca42b2b3f3ac00d97021798aea8df9b30d5433071d80bc8eae
2025-07-30,US,0.2818611431866884,p12v4m6-B-ppo-s1024,416ff1829ee756ca42b2b3f3ac00d97021798aea8df9b30d5433071d80bc8eae
2025-07-31,CN,0.18229848251212388,p12v4m6-B-ppo-s1024,416ff1829ee756ca42b2b3f3ac00d97021798aea8df9b30d5433071d80bc8eae
2025-07-31,HK,0.08190785720944405,p12v4m6-B-ppo-s1024,416ff1829ee756ca42b2b3f3ac00d97021798aea8df9b30d5433071d80bc8eae
2025-07-31,JP,0.18086943589150906,p12v4m6-B-ppo-s1024,416ff1829ee756ca42b2b3f3ac00d97021798aea8df9b30d5433071d80bc8eae
2025-07-31,US,0.2801530505530536,p12v4m6-B-ppo-s1024,416ff1829ee756ca42b2b3f3ac00d97021798aea8df9b30d5433071d80bc8eae
2025-08-01,CN,0.18155017553362995,p12v4m6-B-ppo-s1024,416ff1829ee756ca42b2b3f3ac00d97021798aea8df9b30d5433071d80bc8eae
2025-08-01,HK,0.08178405277431011,p12v4m6-B-ppo-s1024,416ff1829ee756ca42b2b3f3ac00d97021798aea8df9b30d5433071d80bc8eae
2025-08-01,JP,0.18101562466472387,p12v4m6-B-ppo-s1024,416ff1829ee756ca42b2b3f3ac00d97021798aea8df9b30d5433071d80bc8eae
2025-08-01,US,0.281201817560941,p12v4m6-B-ppo-s1024,416ff1829ee756ca42b2b3f3ac00d97021798aea8df9b30d5433071d80bc8eae
2025-08-04,CN,0.18340353877283633,p12v4m6-B-ppo-s1024,416ff1829ee756ca42b2b3f3ac00d97021798aea8df9b30d5433071d80bc8eae
2025-08-04,HK,0.08214226318523288,p12v4m6-B-ppo-s1024,416ff1829ee756ca42b2b3f3ac00d97021798aea8df9b30d5433071d80bc8eae
2025-08-04,JP,0.17917852383106947,p12v4m6-B-ppo-s1024,416ff1829ee756ca42b2b3f3ac00d97021798aea8df9b30d5433071d80bc8eae
2025-08-04,US,0.2820290899835527,p12v4m6-B-ppo-s1024,416ff1829ee756ca42b2b3f3ac00d97021798aea8df9b30d5433071d80bc8eae
2025-08-05,CN,0.18215073843020946,p12v4m6-B-ppo-s1024,416ff1829ee756ca42b2b3f3ac00d97021798aea8df9b30d5433071d80bc8eae
2025-08-05,HK,0.08239709073677659,p12v4m6-B-ppo-s1024,416ff1829ee756ca42b2b3f3ac00d97021798aea8df9b30d5433071d80bc8eae
2025-08-05,JP,0.1802214551717043,p12v4m6-B-ppo-s1024,416ff1829ee756ca42b2b3f3ac00d97021798aea8df9b30d5433071d80bc8eae
2025-08-05,US,0.282108124345541,p12v4m6-B-ppo-s1024,416ff1829ee756ca42b2b3f3ac00d97021798aea8df9b30d5433071d80bc8eae
2025-08-06,CN,0.18326771049760282,p12v4m6-B-ppo-s1024,416ff1829ee756ca42b2b3f3ac00d97021798aea8df9b30d5433071d80bc8eae
2025-08-06,HK,0.08197221392765641,p12v4m6-B-ppo-s1024,416ff1829ee756ca42b2b3f3ac00d97021798aea8df9b30d5433071d80bc8eae
2025-08-06,JP,0.18064745794981718,p12v4m6-B-ppo-s1024,416ff1829ee756ca42b2b3f3ac00d97021798aea8df9b30d5433071d80bc8eae
2025-08-06,US,0.2799163111485541,p12v4m6-B-ppo-s1024,416ff1829ee756ca42b2b3f3ac00d97021798aea8df9b30d5433071d80bc8eae
2025-08-07,CN,0.18484519282355905,p12v4m6-B-ppo-s1024,416ff1829ee756ca42b2b3f3ac00d97021798aea8df9b30d5433071d80bc8eae
2025-08-07,HK,0.08201621938496828,p12v4m6-B-ppo-s1024,416ff1829ee756ca42b2b3f3ac00d97021798aea8df9b30d5433071d80bc8eae
2025-08-07,JP,0.18065815046429634,p12v4m6-B-ppo-s1024,416ff1829ee756ca42b2b3f3ac00d97021798aea8df9b30d5433071d80bc8eae
2025-08-07,US,0.2789251976646483,p12v4m6-B-ppo-s1024,416ff1829ee756ca42b2b3f3ac00d97021798aea8df9b30d5433071d80bc8eae
2025-08-08,CN,0.1818282884778455,p12v4m6-B-ppo-s1024,416ff1829ee756ca42b2b3f3ac00d97021798aea8df9b30d5433071d80bc8eae
2025-08-08,HK,0.08167425217106938,p12v4m6-B-ppo-s1024,416ff1829ee756ca42b2b3f3ac00d97021798aea8df9b30d5433071d80bc8eae
2025-08-08,JP,0.18110787868499756,p12v4m6-B-ppo-s1024,416ff1829ee756ca42b2b3f3ac00d97021798aea8df9b30d5433071d80bc8eae
2025-08-08,US,0.2811436029151082,p12v4m6-B-ppo-s1024,416ff1829ee756ca42b2b3f3ac00d97021798aea8df9b30d5433071d80bc8eae
2025-08-11,CN,0.18203162867575884,p12v4m6-B-ppo-s1024,416ff1829ee756ca42b2b3f3ac00d97021798aea8df9b30d5433071d80bc8eae
2025-08-11,HK,0.0822362513281405,p12v4m6-B-ppo-s1024,416ff1829ee756ca42b2b3f3ac00d97021798aea8df9b30d5433071d80bc8eae
2025-08-11,JP,0.1810827422887087,p12v4m6-B-ppo-s1024,416ff1829ee756ca42b2b3f3ac00d97021798aea8df9b30d5433071d80bc8eae
2025-08-11,US,0.28105021733790636,p12v4m6-B-ppo-s1024,416ff1829ee756ca42b2b3f3ac00d97021798aea8df9b30d5433071d80bc8eae
2025-08-12,CN,0.18110576132312417,p12v4m6-B-ppo-s1024,416ff1829ee756ca42b2b3f3ac00d97021798aea8df9b30d5433071d80bc8eae
2025-08-12,HK,0.08168247016146779,p12v4m6-B-ppo-s1024,416ff1829ee756ca42b2b3f3ac00d97021798aea8df9b30d5433071d80bc8eae
2025-08-12,JP,0.1812794702127576,p12v4m6-B-ppo-s1024,416ff1829ee756ca42b2b3f3ac00d97021798aea8df9b30d5433071d80bc8eae
2025-08-12,US,0.28334470093250275,p12v4m6-B-ppo-s1024,416ff1829ee756ca42b2b3f3ac00d97021798aea8df9b30d5433071d80bc8eae
2025-08-13,CN,0.18159230996388942,p12v4m6-B-ppo-s1024,416ff1829ee756ca42b2b3f3ac00d97021798aea8df9b30d5433071d80bc8eae
2025-08-13,HK,0.08120659226551652,p12v4m6-B-ppo-s1024,416ff1829ee756ca42b2b3f3ac00d97021798aea8df9b30d5433071d80bc8eae
2025-08-13,JP,0.17913453187793493,p12v4m6-B-ppo-s1024,416ff1829ee756ca42b2b3f3ac00d97021798aea8df9b30d5433071d80bc8eae
2025-08-13,US,0.28429629001766443,p12v4m6-B-ppo-s1024,416ff1829ee756ca42b2b3f3ac00d97021798aea8df9b30d5433071d80bc8eae
2025-08-14,CN,0.17867325386032462,p12v4m6-B-ppo-s1024,416ff1829ee756ca42b2b3f3ac00d97021798aea8df9b30d5433071d80bc8eae
2025-08-14,HK,0.08239196706563234,p12v4m6-B-ppo-s1024,416ff1829ee756ca42b2b3f3ac00d97021798aea8df9b30d5433071d80bc8eae
2025-08-14,JP,0.17900596279650927,p12v4m6-B-ppo-s1024,416ff1829ee756ca42b2b3f3ac00d97021798aea8df9b30d5433071d80bc8eae
2025-08-14,US,0.2835352439433336,p12v4m6-B-ppo-s1024,416ff1829ee756ca42b2b3f3ac00d97021798aea8df9b30d5433071d80bc8eae
2025-08-15,CN,0.1835523466579616,p12v4m6-B-ppo-s1024,416ff1829ee756ca42b2b3f3ac00d97021798aea8df9b30d5433071d80bc8eae
2025-08-15,HK,0.08153843460604548,p12v4m6-B-ppo-s1024,416ff1829ee756ca42b2b3f3ac00d97021798aea8df9b30d5433071d80bc8eae
2025-08-15,JP,0.18026338890194893,p12v4m6-B-ppo-s1024,416ff1829ee756ca42b2b3f3ac00d97021798aea8df9b30d5433071d80bc8eae
2025-08-15,US,0.28082737419754267,p12v4m6-B-ppo-s1024,416ff1829ee756ca42b2b3f3ac00d97021798aea8df9b30d5433071d80bc8eae
2025-08-18,CN,0.18332115409430116,p12v4m6-B-ppo-s1024,416ff1829ee756ca42b2b3f3ac00d97021798aea8df9b30d5433071d80bc8eae
2025-08-18,HK,0.08188455458730459,p12v4m6-B-ppo-s1024,416ff1829ee756ca42b2b3f3ac00d97021798aea8df9b30d5433071d80bc8eae
2025-08-18,JP,0.1800770852714777,p12v4m6-B-ppo-s1024,416ff1829ee756ca42b2b3f3ac00d97021798aea8df9b30d5433071d80bc8eae
2025-08-18,US,0.28112931549549103,p12v4m6-B-ppo-s1024,416ff1829ee756ca42b2b3f3ac00d97021798aea8df9b30d5433071d80bc8eae
2025-08-19,CN,0.1799656986258924,p12v4m6-B-ppo-s1024,416ff1829ee756ca42b2b3f3ac00d97021798aea8df9b30d5433071d80bc8eae
2025-08-19,HK,0.08222097298130393,p12v4m6-B-ppo-s1024,416ff1829ee756ca42b2b3f3ac00d97021798aea8df9b30d5433071d80bc8eae
2025-08-19,JP,0.18140125088393688,p12v4m6-B-ppo-s1024,416ff1829ee756ca42b2b3f3ac00d97021798aea8df9b30d5433071d80bc8eae
2025-08-19,US,0.2826898191124201,p12v4m6-B-ppo-s1024,416ff1829ee756ca42b2b3f3ac00d97021798aea8df9b30d5433071d80bc8eae
2025-08-20,CN,0.18336599448230118,p12v4m6-B-ppo-s1024,416ff1829ee756ca42b2b3f3ac00d97021798aea8df9b30d5433071d80bc8eae
2025-08-20,HK,0.08275487925857306,p12v4m6-B-ppo-s1024,416ff1829ee756ca42b2b3f3ac00d97021798aea8df9b30d5433071d80bc8eae
2025-08-20,JP,0.17947564739733934,p12v4m6-B-ppo-s1024,416ff1829ee756ca42b2b3f3ac00d97021798aea8df9b30d5433071d80bc8eae
2025-08-20,US,0.2798933940939605,p12v4m6-B-ppo-s1024,416ff1829ee756ca42b2b3f3ac00d97021798aea8df9b30d5433071d80bc8eae
2025-08-21,CN,0.18184602994006127,p12v4m6-B-ppo-s1024,416ff1829ee756ca42b2b3f3ac00d97021798aea8df9b30d5433071d80bc8eae
2025-08-21,HK,0.0814996580593288,p12v4m6-B-ppo-s1024,416ff1829ee756ca42b2b3f3ac00d97021798aea8df9b30d5433071d80bc8eae
2025-08-21,JP,0.17926990799605846,p12v4m6-B-ppo-s1024,416ff1829ee756ca42b2b3f3ac00d97021798aea8df9b30d5433071d80bc8eae
2025-08-21,US,0.2827445799484849,p12v4m6-B-ppo-s1024,416ff1829ee756ca42b2b3f3ac00d97021798aea8df9b30d5433071d80bc8eae
2025-08-22,CN,0.18140571715775877,p12v4m6-B-ppo-s1024,416ff1829ee756ca42b2b3f3ac00d97021798aea8df9b30d5433071d80bc8eae
2025-08-22,HK,0.08189110271632671,p12v4m6-B-ppo-s1024,416ff1829ee756ca42b2b3f3ac00d97021798aea8df9b30d5433071d80bc8eae
2025-08-22,JP,0.17869020625948906,p12v4m6-B-ppo-s1024,416ff1829ee756ca42b2b3f3ac00d97021798aea8df9b30d5433071d80bc8eae
2025-08-22,US,0.2841970189474523,p12v4m6-B-ppo-s1024,416ff1829ee756ca42b2b3f3ac00d97021798aea8df9b30d5433071d80bc8eae
2025-08-25,CN,0.1814644739497453,p12v4m6-B-ppo-s1024,416ff1829ee756ca42b2b3f3ac00d97021798aea8df9b30d5433071d80bc8eae
2025-08-25,HK,0.08272130135446787,p12v4m6-B-ppo-s1024,416ff1829ee756ca42b2b3f3ac00d97021798aea8df9b30d5433071d80bc8eae
2025-08-25,JP,0.17867816891521215,p12v4m6-B-ppo-s1024,416ff1829ee756ca42b2b3f3ac00d97021798aea8df9b30d5433071d80bc8eae
2025-08-25,US,0.2816732474602759,p12v4m6-B-ppo-s1024,416ff1829ee756ca42b2b3f3ac00d97021798aea8df9b30d5433071d80bc8eae
2025-08-26,CN,0.18246886122506112,p12v4m6-B-ppo-s1024,416ff1829ee756ca42b2b3f3ac00d97021798aea8df9b30d5433071d80bc8eae
2025-08-26,HK,0.08186301263049245,p12v4m6-B-ppo-s1024,416ff1829ee756ca42b2b3f3ac00d97021798aea8df9b30d5433071d80bc8eae
2025-08-26,JP,0.17920565325766802,p12v4m6-B-ppo-s1024,416ff1829ee756ca42b2b3f3ac00d97021798aea8df9b30d5433071d80bc8eae
2025-08-26,US,0.2817559000104666,p12v4m6-B-ppo-s1024,416ff1829ee756ca42b2b3f3ac00d97021798aea8df9b30d5433071d80bc8eae
2025-08-27,CN,0.17833276104647666,p12v4m6-B-ppo-s1024,416ff1829ee756ca42b2b3f3ac00d97021798aea8df9b30d5433071d80bc8eae
2025-08-27,HK,0.08168920315802097,p12v4m6-B-ppo-s1024,416ff1829ee756ca42b2b3f3ac00d97021798aea8df9b30d5433071d80bc8eae
2025-08-27,JP,0.18058403488248587,p12v4m6-B-ppo-s1024,416ff1829ee756ca42b2b3f3ac00d97021798aea8df9b30d5433071d80bc8eae
2025-08-27,US,0.2842039689421654,p12v4m6-B-ppo-s1024,416ff1829ee756ca42b2b3f3ac00d97021798aea8df9b30d5433071d80bc8eae
2025-08-28,CN,0.18305215507280082,p12v4m6-B-ppo-s1024,416ff1829ee756ca42b2b3f3ac00d97021798aea8df9b30d5433071d80bc8eae
2025-08-28,HK,0.08233690215274692,p12v4m6-B-ppo-s1024,416ff1829ee756ca42b2b3f3ac00d97021798aea8df9b30d5433071d80bc8eae
2025-08-28,JP,0.1801416864618659,p12v4m6-B-ppo-s1024,416ff1829ee756ca42b2b3f3ac00d97021798aea8df9b30d5433071d80bc8eae
2025-08-28,US,0.28125996328890324,p12v4m6-B-ppo-s1024,416ff1829ee756ca42b2b3f3ac00d97021798aea8df9b30d5433071d80bc8eae
2025-08-29,CN,0.18000087013933808,p12v4m6-B-ppo-s1024,416ff1829ee756ca42b2b3f3ac00d97021798aea8df9b30d5433071d80bc8eae
2025-08-29,HK,0.08143075928092003,p12v4m6-B-ppo-s1024,416ff1829ee756ca42b2b3f3ac00d97021798aea8df9b30d5433071d80bc8eae
2025-08-29,JP,0.18023991212248802,p12v4m6-B-ppo-s1024,416ff1829ee756ca42b2b3f3ac00d97021798aea8df9b30d5433071d80bc8eae
2025-08-29,US,0.28352842712774873,p12v4m6-B-ppo-s1024,416ff1829ee756ca42b2b3f3ac00d97021798aea8df9b30d5433071d80bc8eae
2025-09-01,CN,0.185534474439919,p12v4m6-B-ppo-s1024,416ff1829ee756ca42b2b3f3ac00d97021798aea8df9b30d5433071d80bc8eae
2025-09-01,HK,0.08124224422499537,p12v4m6-B-ppo-s1024,416ff1829ee756ca42b2b3f3ac00d97021798aea8df9b30d5433071d80bc8eae
2025-09-01,JP,0.17990010604262352,p12v4m6-B-ppo-s1024,416ff1829ee756ca42b2b3f3ac00d97021798aea8df9b30d5433071d80bc8eae
2025-09-01,US,0.28167926566675305,p12v4m6-B-ppo-s1024,416ff1829ee756ca42b2b3f3ac00d97021798aea8df9b30d5433071d80bc8eae
2025-09-02,CN,0.1783937580185011,p12v4m6-B-ppo-s1024,416ff1829ee756ca42b2b3f3ac00d97021798aea8df9b30d5433071d80bc8eae
2025-09-02,HK,0.08174536796286702,p12v4m6-B-ppo-s1024,416ff1829ee756ca42b2b3f3ac00d97021798aea8df9b30d5433071d80bc8eae
2025-09-02,JP,0.180234482511878,p12v4m6-B-ppo-s1024,416ff1829ee756ca42b2b3f3ac00d97021798aea8df9b30d5433071d80bc8eae
2025-09-02,US,0.28459716867655516,p12v4m6-B-ppo-s1024,416ff1829ee756ca42b2b3f3ac00d97021798aea8df9b30d5433071d80bc8eae
2025-09-03,CN,0.17797835206147283,p12v4m6-B-ppo-s1024,416ff1829ee756ca42b2b3f3ac00d97021798aea8df9b30d5433071d80bc8eae
2025-09-03,HK,0.08271016040816903,p12v4m6-B-ppo-s1024,416ff1829ee756ca42b2b3f3ac00d97021798aea8df9b30d5433071d80bc8eae
2025-09-03,JP,0.18059065099805593,p12v4m6-B-ppo-s1024,416ff1829ee756ca42b2b3f3ac00d97021798aea8df9b30d5433071d80bc8eae
2025-09-03,US,0.2831979338079691,p12v4m6-B-ppo-s1024,416ff1829ee756ca42b2b3f3ac00d97021798aea8df9b30d5433071d80bc8eae
2025-09-04,CN,0.18279359035659581,p12v4m6-B-ppo-s1024,416ff1829ee756ca42b2b3f3ac00d97021798aea8df9b30d5433071d80bc8eae
2025-09-04,HK,0.08141932357102633,p12v4m6-B-ppo-s1024,416ff1829ee756ca42b2b3f3ac00d97021798aea8df9b30d5433071d80bc8eae
2025-09-04,JP,0.17937718518078327,p12v4m6-B-ppo-s1024,416ff1829ee756ca42b2b3f3ac00d97021798aea8df9b30d5433071d80bc8eae
2025-09-04,US,0.2829873776063323,p12v4m6-B-ppo-s1024,416ff1829ee756ca42b2b3f3ac00d97021798aea8df9b30d5433071d80bc8eae
2025-09-05,CN,0.18046900595072657,p12v4m6-B-ppo-s1024,416ff1829ee756ca42b2b3f3ac00d97021798aea8df9b30d5433071d80bc8eae
2025-09-05,HK,0.08297872403636575,p12v4m6-B-ppo-s1024,416ff1829ee756ca42b2b3f3ac00d97021798aea8df9b30d5433071d80bc8eae
2025-09-05,JP,0.1796523593366146,p12v4m6-B-ppo-s1024,416ff1829ee756ca42b2b3f3ac00d97021798aea8df9b30d5433071d80bc8eae
2025-09-05,US,0.28156350599601865,p12v4m6-B-ppo-s1024,416ff1829ee756ca42b2b3f3ac00d97021798aea8df9b30d5433071d80bc8eae
2025-09-08,CN,0.18147795728873461,p12v4m6-B-ppo-s1024,416ff1829ee756ca42b2b3f3ac00d97021798aea8df9b30d5433071d80bc8eae
2025-09-08,HK,0.08153920527547598,p12v4m6-B-ppo-s1024,416ff1829ee756ca42b2b3f3ac00d97021798aea8df9b30d5433071d80bc8eae
2025-09-08,JP,0.17865796200931072,p12v4m6-B-ppo-s1024,416ff1829ee756ca42b2b3f3ac00d97021798aea8df9b30d5433071d80bc8eae
2025-09-08,US,0.2844302412122488,p12v4m6-B-ppo-s1024,416ff1829ee756ca42b2b3f3ac00d97021798aea8df9b30d5433071d80bc8eae
2025-09-09,CN,0.18074539792723954,p12v4m6-B-ppo-s1024,416ff1829ee756ca42b2b3f3ac00d97021798aea8df9b30d5433071d80bc8eae
2025-09-09,HK,0.08159157494083047,p12v4m6-B-ppo-s1024,416ff1829ee756ca42b2b3f3ac00d97021798aea8df9b30d5433071d80bc8eae
2025-09-09,JP,0.18082620203495026,p12v4m6-B-ppo-s1024,416ff1829ee756ca42b2b3f3ac00d97021798aea8df9b30d5433071d80bc8eae
2025-09-09,US,0.2807781472802162,p12v4m6-B-ppo-s1024,416ff1829ee756ca42b2b3f3ac00d97021798aea8df9b30d5433071d80bc8eae
2025-09-10,CN,0.18241683603264391,p12v4m6-B-ppo-s1024,416ff1829ee756ca42b2b3f3ac00d97021798aea8df9b30d5433071d80bc8eae
2025-09-10,HK,0.0822780430316925,p12v4m6-B-ppo-s1024,416ff1829ee756ca42b2b3f3ac00d97021798aea8df9b30d5433071d80bc8eae
2025-09-10,JP,0.17893312312662601,p12v4m6-B-ppo-s1024,416ff1829ee756ca42b2b3f3ac00d97021798aea8df9b30d5433071d80bc8eae
2025-09-10,US,0.28249975107610226,p12v4m6-B-ppo-s1024,416ff1829ee756ca42b2b3f3ac00d97021798aea8df9b30d5433071d80bc8eae
2025-09-11,CN,0.1813058975385502,p12v4m6-B-ppo-s1024,416ff1829ee756ca42b2b3f3ac00d97021798aea8df9b30d5433071d80bc8eae
2025-09-11,HK,0.08264850359410048,p12v4m6-B-ppo-s1024,416ff1829ee756ca42b2b3f3ac00d97021798aea8df9b30d5433071d80bc8eae
2025-09-11,JP,0.17908669542521238,p12v4m6-B-ppo-s1024,416ff1829ee756ca42b2b3f3ac00d97021798aea8df9b30d5433071d80bc8eae
2025-09-11,US,0.2837739451788366,p12v4m6-B-ppo-s1024,416ff1829ee756ca42b2b3f3ac00d97021798aea8df9b30d5433071d80bc8eae
2025-09-12,CN,0.18160624033771455,p12v4m6-B-ppo-s1024,416ff1829ee756ca42b2b3f3ac00d97021798aea8df9b30d5433071d80bc8eae
2025-09-12,HK,0.08151888754218817,p12v4m6-B-ppo-s1024,416ff1829ee756ca42b2b3f3ac00d97021798aea8df9b30d5433071d80bc8eae
2025-09-12,JP,0.17837099451571703,p12v4m6-B-ppo-s1024,416ff1829ee756ca42b2b3f3ac00d97021798aea8df9b30d5433071d80bc8eae
2025-09-12,US,0.28215174097567797,p12v4m6-B-ppo-s1024,416ff1829ee756ca42b2b3f3ac00d97021798aea8df9b30d5433071d80bc8eae
2025-09-15,CN,0.1811277805827558,p12v4m6-B-ppo-s1024,416ff1829ee756ca42b2b3f3ac00d97021798aea8df9b30d5433071d80bc8eae
2025-09-15,HK,0.08229286642745137,p12v4m6-B-ppo-s1024,416ff1829ee756ca42b2b3f3ac00d97021798aea8df9b30d5433071d80bc8eae
2025-09-15,JP,0.17922326736152172,p12v4m6-B-ppo-s1024,416ff1829ee756ca42b2b3f3ac00d97021798aea8df9b30d5433071d80bc8eae
2025-09-15,US,0.2815096634440124,p12v4m6-B-ppo-s1024,416ff1829ee756ca42b2b3f3ac00d97021798aea8df9b30d5433071d80bc8eae
2025-09-16,CN,0.1804603700293228,p12v4m6-B-ppo-s1024,416ff1829ee756ca42b2b3f3ac00d97021798aea8df9b30d5433071d80bc8eae
2025-09-16,HK,0.08260810980573297,p12v4m6-B-ppo-s1024,416ff1829ee756ca42b2b3f3ac00d97021798aea8df9b30d5433071d80bc8eae
2025-09-16,JP,0.1801299685612321,p12v4m6-B-ppo-s1024,416ff1829ee756ca42b2b3f3ac00d97021798aea8df9b30d5433071d80bc8eae
2025-09-16,US,0.2810835135169327,p12v4m6-B-ppo-s1024,416ff1829ee756ca42b2b3f3ac00d97021798aea8df9b30d5433071d80bc8eae
2025-09-17,CN,0.18080705462489277,p12v4m6-B-ppo-s1024,416ff1829ee756ca42b2b3f3ac00d97021798aea8df9b30d5433071d80bc8eae
2025-09-17,HK,0.08199552400037646,p12v4m6-B-ppo-s1024,416ff1829ee756ca42b2b3f3ac00d97021798aea8df9b30d5433071d80bc8eae
2025-09-17,JP,0.17952520865947008,p12v4m6-B-ppo-s1024,416ff1829ee756ca42b2b3f3ac00d97021798aea8df9b30d5433071d80bc8eae
2025-09-17,US,0.2830004459246993,p12v4m6-B-ppo-s1024,416ff1829ee756ca42b2b3f3ac00d97021798aea8df9b30d5433071d80bc8eae
2025-09-18,CN,0.18082012503873557,p12v4m6-B-ppo-s1024,416ff1829ee756ca42b2b3f3ac00d97021798aea8df9b30d5433071d80bc8eae
2025-09-18,HK,0.08091205824166536,p12v4m6-B-ppo-s1024,416ff1829ee756ca42b2b3f3ac00d97021798aea8df9b30d5433071d80bc8eae
2025-09-18,JP,0.17979332711547613,p12v4m6-B-ppo-s1024,416ff1829ee756ca42b2b3f3ac00d97021798aea8df9b30d5433071d80bc8eae
2025-09-18,US,0.282548388466239,p12v4m6-B-ppo-s1024,416ff1829ee756ca42b2b3f3ac00d97021798aea8df9b30d5433071d80bc8eae
2025-09-19,CN,0.18225022277329117,p12v4m6-B-ppo-s1024,416ff1829ee756ca42b2b3f3ac00d97021798aea8df9b30d5433071d80bc8eae
2025-09-19,HK,0.08180422941222787,p12v4m6-B-ppo-s1024,416ff1829ee756ca42b2b3f3ac00d97021798aea8df9b30d5433071d80bc8eae
2025-09-19,JP,0.1780541418120265,p12v4m6-B-ppo-s1024,416ff1829ee756ca42b2b3f3ac00d97021798aea8df9b30d5433071d80bc8eae
2025-09-19,US,0.2822686629369855,p12v4m6-B-ppo-s1024,416ff1829ee756ca42b2b3f3ac00d97021798aea8df9b30d5433071d80bc8eae
2025-09-22,CN,0.18085465184412897,p12v4m6-B-ppo-s1024,416ff1829ee756ca42b2b3f3ac00d97021798aea8df9b30d5433071d80bc8eae
2025-09-22,HK,0.08113667462021112,p12v4m6-B-ppo-s1024,416ff1829ee756ca42b2b3f3ac00d97021798aea8df9b30d5433071d80bc8eae
2025-09-22,JP,0.17822647001594305,p12v4m6-B-ppo-s1024,416ff1829ee756ca42b2b3f3ac00d97021798aea8df9b30d5433071d80bc8eae
2025-09-22,US,0.2848686329089105,p12v4m6-B-ppo-s1024,416ff1829ee756ca42b2b3f3ac00d97021798aea8df9b30d5433071d80bc8eae
2025-09-23,CN,0.1791727098170668,p12v4m6-B-ppo-s1024,416ff1829ee756ca42b2b3f3ac00d97021798aea8df9b30d5433071d80bc8eae
2025-09-23,HK,0.08155663963407278,p12v4m6-B-ppo-s1024,416ff1829ee756ca42b2b3f3ac00d97021798aea8df9b30d5433071d80bc8eae
2025-09-23,JP,0.1782874148339033,p12v4m6-B-ppo-s1024,416ff1829ee756ca42b2b3f3ac00d97021798aea8df9b30d5433071d80bc8eae
2025-09-23,US,0.2853164914995432,p12v4m6-B-ppo-s1024,416ff1829ee756ca42b2b3f3ac00d97021798aea8df9b30d5433071d80bc8eae
2025-09-24,CN,0.18248823937028646,p12v4m6-B-ppo-s1024,416ff1829ee756ca42b2b3f3ac00d97021798aea8df9b30d5433071d80bc8eae
2025-09-24,HK,0.0821372140198946,p12v4m6-B-ppo-s1024,416ff1829ee756ca42b2b3f3ac00d97021798aea8df9b30d5433071d80bc8eae
2025-09-24,JP,0.1791106080636382,p12v4m6-B-ppo-s1024,416ff1829ee756ca42b2b3f3ac00d97021798aea8df9b30d5433071d80bc8eae
2025-09-24,US,0.28155733132734895,p12v4m6-B-ppo-s1024,416ff1829ee756ca42b2b3f3ac00d97021798aea8df9b30d5433071d80bc8eae
2025-09-25,CN,0.17923934501595795,p12v4m6-B-ppo-s1024,416ff1829ee756ca42b2b3f3ac00d97021798aea8df9b30d5433071d80bc8eae
2025-09-25,HK,0.08233391866087914,p12v4m6-B-ppo-s1024,416ff1829ee756ca42b2b3f3ac00d97021798aea8df9b30d5433071d80bc8eae
2025-09-25,JP,0.1797791039571166,p12v4m6-B-ppo-s1024,416ff1829ee756ca42b2b3f3ac00d97021798aea8df9b30d5433071d80bc8eae
2025-09-25,US,0.2831810344941914,p12v4m6-B-ppo-s1024,416ff1829ee756ca42b2b3f3ac00d97021798aea8df9b30d5433071d80bc8eae
2025-09-26,CN,0.18210986978374422,p12v4m6-B-ppo-s1024,416ff1829ee756ca42b2b3f3ac00d97021798aea8df9b30d5433071d80bc8eae
2025-09-26,HK,0.08137581497430801,p12v4m6-B-ppo-s1024,416ff1829ee756ca42b2b3f3ac00d97021798aea8df9b30d5433071d80bc8eae
2025-09-26,JP,0.1798433903604746,p12v4m6-B-ppo-s1024,416ff1829ee756ca42b2b3f3ac00d97021798aea8df9b30d5433071d80bc8eae
2025-09-26,US,0.28293414087966084,p12v4m6-B-ppo-s1024,416ff1829ee756ca42b2b3f3ac00d97021798aea8df9b30d5433071d80bc8eae
2025-09-29,CN,0.18285349558573216,p12v4m6-B-ppo-s1024,416ff1829ee756ca42b2b3f3ac00d97021798aea8df9b30d5433071d80bc8eae
2025-09-29,HK,0.0820023026317358,p12v4m6-B-ppo-s1024,416ff1829ee756ca42b2b3f3ac00d97021798aea8df9b30d5433071d80bc8eae
2025-09-29,JP,0.17746214289218187,p12v4m6-B-ppo-s1024,416ff1829ee756ca42b2b3f3ac00d97021798aea8df9b30d5433071d80bc8eae
2025-09-29,US,0.2825292283669114,p12v4m6-B-ppo-s1024,416ff1829ee756ca42b2b3f3ac00d97021798aea8df9b30d5433071d80bc8eae
2025-09-30,CN,0.1809077652869746,p12v4m6-B-ppo-s1024,416ff1829ee756ca42b2b3f3ac00d97021798aea8df9b30d5433071d80bc8eae
2025-09-30,HK,0.08142746426165104,p12v4m6-B-ppo-s1024,416ff1829ee756ca42b2b3f3ac00d97021798aea8df9b30d5433071d80bc8eae
2025-09-30,JP,0.1794139463454485,p12v4m6-B-ppo-s1024,416ff1829ee756ca42b2b3f3ac00d97021798aea8df9b30d5433071d80bc8eae
2025-09-30,US,0.2837576768361032,p12v4m6-B-ppo-s1024,416ff1829ee756ca42b2b3f3ac00d97021798aea8df9b30d5433071d80bc8eae
