run_id,group,method,seed,metric,value,protocol_sha256,dataset_manifest_sha256,code_commit
p12v4m6-A-transaction_cost-s0,A,transaction_cost,0,passed,1.0,90e40d212b5faaff644e0041eeef92c0b0056ce9a834095a047948a1d5e42529,0ed9091f1ab96d24ef5fbd41d0d080668623e954e4f15e4a277f1c217e825eb9,6f03d3da3ed6ecbe918c5a7f9aa35cb9abfb2b83
p12v4m6-A-transaction_cost-s0,A,transaction_cost,0,absolute_error,0.0,90e40d212b5faaff644e0041eeef92c0b0056ce9a834095a047948a1d5e42529,0ed9091f1ab96d24ef5fbd41d0d080668623e954e4f15e4a277f1c217e825eb9,6f03d3da3ed6ecbe918c5a7f9aa35cb9abfb2b83
p12v4m6-A-slippage-s0,A,slippage,0,passed,1.0,90e40d212b5faaff644e0041eeef92c0b0056ce9a834095a047948a1d5e42529,0ed9091f1ab96d24ef5fbd41d0d080668623e954e4f15e4a277f1c217e825eb9,6f03d3da3ed6ecbe918c5a7f9aa35cb9abfb2b83
p12v4m6-A-slippage-s0,A,slippage,0,absolute_error,0.0,90e40d212b5faaff644e0041eeef92c0b0056ce9a834095a047948a1d5e42529,0ed9091f1ab96d24ef5fbd41d0d080668623e954e4f15e4a277f1c217e825eb9,6f03d3da3ed6ecbe918c5a7f9aa35cb9abfb2b83
p12v4m6-A-t_plus_one-s0,A,t_plus_one,0,passed,1.0,90e40d212b5faaff644e0041eeef92c0b0056ce9a834095a047948a1d5e42529,0ed9091f1ab96d24ef5fbd41d0d080668623e954e4f15e4a277f1c217e825eb9,6f03d3da3ed6ecbe918c5a7f9aa35cb9abfb2b83
p12v4m6-A-t_plus_one-s0,A,t_plus_one,0,absolute_error,0.0,90e40d212b5faaff644e0041eeef92c0b0056ce9a834095a047948a1d5e42529,0ed9091f1ab96d24ef5fbd41d0d080668623e954e4f15e4a277f1c217e825eb9,6f03d3da3ed6ecbe918c5a7f9aa35cb9abfb2b83
p12v4m6-A-suspension-s0,A,suspension,0,passed,1.0,90e40d212b5faaff644e0041eeef92c0b0056ce9a834095a047948a1d5e42529,0ed9091f1ab96d24ef5fbd41d0d080668623e954e4f15e4a277f1c217e825eb9,6f03d3da3ed6ecbe918c5a7f9aa35cb9abfb2b83
p12v4m6-A-suspension-s0,A,suspension,0,absolute_error,0.0,90e40d212b5faaff644e0041eeef92c0b0056ce9a834095a047948a1d5e42529,0ed9091f1ab96d24ef5fbd41d0d080668623e954e4f15e4a277f1c217e825eb9,6f03d3da3ed6ecbe918c5a7f9aa35cb9abfb2b83
p12v4m6-A-price_limits-s0,A,price_limits,0,passed,1.0,90e40d212b5faaff644e0041eeef92c0b0056ce9a834095a047948a1d5e42529,0ed9091f1ab96d24ef5fbd41d0d080668623e954e4f15e4a277f1c217e825eb9,6f03d3da3ed6ecbe918c5a7f9aa35cb9abfb2b83
p12v4m6-A-price_limits-s0,A,price_limits,0,absolute_error,0.0,90e40d212b5faaff644e0041eeef92c0b0056ce9a834095a047948a1d5e42529,0ed9091f1ab96d24ef5fbd41d0d080668623e954e4f15e4a277f1c217e825eb9,6f03d3da3ed6ecbe918c5a7f9aa35cb9abfb2b83
p12v4m6-A-minimum_lot-s0,A,minimum_lot,0,passed,1.0,90e40d212b5faaff644e0041eeef92c0b0056ce9a834095a047948a1d5e42529,0ed9091f1ab96d24ef5fbd41d0d080668623e954e4f15e4a277f1c217e825eb9,6f03d3da3ed6ecbe918c5a7f9aa35cb9abfb2b83
p12v4m6-A-minimum_lot-s0,A,minimum_lot,0,absolute_error,0.0,90e40d212b5faaff644e0041eeef92c0b0056ce9a834095a047948a1d5e42529,0ed9091f1ab96d24ef5fbd41d0d080668623e954e4f15e4a277f1c217e825eb9,6f03d3da3ed6ecbe918c5a7f9aa35cb9abfb2b83
p12v4m6-A-market_holiday-s0,A,market_holiday,0,passed,1.0,90e40d212b5faaff644e0041eeef92c0b0056ce9a834095a047948a1d5e42529,0ed9091f1ab96d24ef5fbd41d0d080668623e954e4f15e4a277f1c217e825eb9,6f03d3da3ed6ecbe918c5a7f9aa35cb9abfb2b83
p12v4m6-A-market_holiday-s0,A,market_holiday,0,absolute_error,0.0,90e40d212b5faaff644e0041eeef92c0b0056ce9a834095a047948a1d5e42529,0ed9091f1ab96d24ef5fbd41d0d080668623e954e4f15e4a277f1c217e825eb9,6f03d3da3ed6ecbe918c5a7f9aa35cb9abfb2b83
p12v4m6-A-fx_conversion-s0,A,fx_conversion,0,passed,1.0,90e40d212b5faaff644e0041eeef92c0b0056ce9a834095a047948a1d5e42529,0ed9091f1ab96d24ef5fbd41d0d080668623e954e4f15e4a277f1c217e825eb9,6f03d3da3ed6ecbe918c5a7f9aa35cb9abfb2b83
p12v4m6-A-fx_conversion-s0,A,fx_conversion,0,absolute_error,0.0,90e40d212b5faaff644e0041eeef92c0b0056ce9a834095a047948a1d5e42529,0ed9091f1ab96d24ef5fbd41d0d080668623e954e4f15e4a277f1c217e825eb9,6f03d3da3ed6ecbe918c5a7f9aa35cb9abfb2b83
p12v4m6-A-weight_projection-s0,A,weight_projection,0,passed,1.0,90e40d212b5faaff644e0041eeef92c0b0056ce9a834095a047948a1d5e42529,0ed9091f1ab96d24ef5fbd41d0d080668623e954e4f15e4a277f1c217e825eb9,6f03d3da3ed6ecbe918c5a7f9aa35cb9abfb2b83
p12v4m6-A-weight_projection-s0,A,weight_projection,0,absolute_error,0.0,90e40d212b5faaff644e0041eeef92c0b0056ce9a834095a047948a1d5e42529,0ed9091f1ab96d24ef5fbd41d0d080668623e954e4f15e4a277f1c217e825eb9,6f03d3da3ed6ecbe918c5a7f9aa35cb9abfb2b83
p12v4m6-A-cash_holdings_nav-s0,A,cash_holdings_nav,0,passed,1.0,90e40d212b5faaff644e0041eeef92c0b0056ce9a834095a047948a1d5e42529,0ed9091f1ab96d24ef5fbd41d0d080668623e954e4f15e4a277f1c217e825eb9,6f03d3da3ed6ecbe918c5a7f9aa35cb9abfb2b83
p12v4m6-A-cash_holdings_nav-s0,A,cash_holdings_nav,0,absolute_error,0.0,90e40d212b5faaff644e0041eeef92c0b0056ce9a834095a047948a1d5e42529,0ed9091f1ab96d24ef5fbd41d0d080668623e954e4f15e4a277f1c217e825eb9,6f03d3da3ed6ecbe918c5a7f9aa35cb9abfb2b83
p12v4m6-B-cash-s1024,B,cash,1024,max_drawdown,0.0,90e40d212b5faaff644e0041eeef92c0b0056ce9a834095a047948a1d5e42529,0ed9091f1ab96d24ef5fbd41d0d080668623e954e4f15e4a277f1c217e825eb9,6f03d3da3ed6ecbe918c5a7f9aa35cb9abfb2b83
p12v4m6-B-cash-s1024,B,cash,1024,mean_return,0.0,90e40d212b5faaff644e0041eeef92c0b0056ce9a834095a047948a1d5e42529,0ed9091f1ab96d24ef5fbd41d0d080668623e954e4f15e4a277f1c217e825eb9,6f03d3da3ed6ecbe918c5a7f9aa35cb9abfb2b83
p12v4m6-B-cash-s1024,B,cash,1024,mean_reward,0.0,90e40d212b5faaff644e0041eeef92c0b0056ce9a834095a047948a1d5e42529,0ed9091f1ab96d24ef5fbd41d0d080668623e954e4f15e4a277f1c217e825eb9,6f03d3da3ed6ecbe918c5a7f9aa35cb9abfb2b83
p12v4m6-B-cash-s1024,B,cash,1024,mean_turnover,0.0,90e40d212b5faaff644e0041eeef92c0b0056ce9a834095a047948a1d5e42529,0ed9091f1ab96d24ef5fbd41d0d080668623e954e4f15e4a277f1c217e825eb9,6f03d3da3ed6ecbe918c5a7f9aa35cb9abfb2b83
p12v4m6-B-cash-s1024,B,cash,1024,sharpe,0.0,90e40d212b5faaff644e0041eeef92c0b0056ce9a834095a047948a1d5e42529,0ed9091f1ab96d24ef5fbd41d0d080668623e954e4f15e4a277f1c217e825eb9,6f03d3da3ed6ecbe918c5a7f9aa35cb9abfb2b83
p12v4m6-B-cash-s1024,B,cash,1024,std_return,0.0,90e40d212b5faaff644e0041eeef92c0b0056ce9a834095a047948a1d5e42529,0ed9091f1ab96d24ef5fbd41d0d080668623e954e4f15e4a277f1c217e825eb9,6f03d3da3ed6ecbe918c5a7f9aa35cb9abfb2b83
p12v4m6-B-cash-s1024,B,cash,1024,total_cost,0.0,90e40d212b5faaff644e0041eeef92c0b0056ce9a834095a047948a1d5e42529,0ed9091f1ab96d24ef5fbd41d0d080668623e954e4f15e4a277f1c217e825eb9,6f03d3da3ed6ecbe918c5a7f9aa35cb9abfb2b83
p12v4m6-B-cash-s1024,B,cash,1024,trade_count,0.0,90e40d212b5faaff644e0041eeef92c0b0056ce9a834095a047948a1d5e42529,0ed9091f1ab96d24ef5fbd41d0d080668623e954e4f15e4a277f1c217e825eb9,6f03d3da3ed6ecbe918c5a7f9aa35cb9abfb2b83
p12v4m6-B-cash-s1024,B,cash,1024,runtime_seconds,9.594285304076038,90e40d212b5faaff644e0041eeef92c0b0056ce9a834095a047948a1d5e42529,0ed9091f1ab96d24ef5fbd41d0d080668623e954e4f15e4a277f1c217e825eb9,6f03d3da3ed6ecbe918c5a7f9aa35cb9abfb2b83
p12v4m6-B-cash-s2048,B,cash,2048,max_drawdown,0.0,90e40d212b5faaff644e0041eeef92c0b0056ce9a834095a047948a1d5e42529,0ed9091f1ab96d24ef5fbd41d0d080668623e954e4f15e4a277f1c217e825eb9,6f03d3da3ed6ecbe918c5a7f9aa35cb9abfb2b83
p12v4m6-B-cash-s2048,B,cash,2048,mean_return,0.0,90e40d212b5faaff644e0041eeef92c0b0056ce9a834095a047948a1d5e42529,0ed9091f1ab96d24ef5fbd41d0d080668623e954e4f15e4a277f1c217e825eb9,6f03d3da3ed6ecbe918c5a7f9aa35cb9abfb2b83
p12v4m6-B-cash-s2048,B,cash,2048,mean_reward,0.0,90e40d212b5faaff644e0041eeef92c0b0056ce9a834095a047948a1d5e42529,0ed9091f1ab96d24ef5fbd41d0d080668623e954e4f15e4a277f1c217e825eb9,6f03d3da3ed6ecbe918c5a7f9aa35cb9abfb2b83
p12v4m6-B-cash-s2048,B,cash,2048,mean_turnover,0.0,90e40d212b5faaff644e0041eeef92c0b0056ce9a834095a047948a1d5e42529,0ed9091f1ab96d24ef5fbd41d0d080668623e954e4f15e4a277f1c217e825eb9,6f03d3da3ed6ecbe918c5a7f9aa35cb9abfb2b83
p12v4m6-B-cash-s2048,B,cash,2048,sharpe,0.0,90e40d212b5faaff644e0041eeef92c0b0056ce9a834095a047948a1d5e42529,0ed9091f1ab96d24ef5fbd41d0d080668623e954e4f15e4a277f1c217e825eb9,6f03d3da3ed6ecbe918c5a7f9aa35cb9abfb2b83
p12v4m6-B-cash-s2048,B,cash,2048,std_return,0.0,90e40d212b5faaff644e0041eeef92c0b0056ce9a834095a047948a1d5e42529,0ed9091f1ab96d24ef5fbd41d0d080668623e954e4f15e4a277f1c217e825eb9,6f03d3da3ed6ecbe918c5a7f9aa35cb9abfb2b83
p12v4m6-B-cash-s2048,B,cash,2048,total_cost,0.0,90e40d212b5faaff644e0041eeef92c0b0056ce9a834095a047948a1d5e42529,0ed9091f1ab96d24ef5fbd41d0d080668623e954e4f15e4a277f1c217e825eb9,6f03d3da3ed6ecbe918c5a7f9aa35cb9abfb2b83
p12v4m6-B-cash-s2048,B,cash,2048,trade_count,0.0,90e40d212b5faaff644e0041eeef92c0b0056ce9a834095a047948a1d5e42529,0ed9091f1ab96d24ef5fbd41d0d080668623e954e4f15e4a277f1c217e825eb9,6f03d3da3ed6ecbe918c5a7f9aa35cb9abfb2b83
p12v4m6-B-cash-s2048,B,cash,2048,runtime_seconds,9.744269882910885,90e40d212b5faaff644e0041eeef92c0b0056ce9a834095a047948a1d5e42529,0ed9091f1ab96d24ef5fbd41d0d080668623e954e4f15e4a277f1c217e825eb9,6f03d3da3ed6ecbe918c5a7f9aa35cb9abfb2b83
p12v4m6-B-cash-s4096,B,cash,4096,max_drawdown,0.0,90e40d212b5faaff644e0041eeef92c0b0056ce9a834095a047948a1d5e42529,0ed9091f1ab96d24ef5fbd41d0d080668623e954e4f15e4a277f1c217e825eb9,6f03d3da3ed6ecbe918c5a7f9aa35cb9abfb2b83
p12v4m6-B-cash-s4096,B,cash,4096,mean_return,0.0,90e40d212b5faaff644e0041eeef92c0b0056ce9a834095a047948a1d5e42529,0ed9091f1ab96d24ef5fbd41d0d080668623e954e4f15e4a277f1c217e825eb9,6f03d3da3ed6ecbe918c5a7f9aa35cb9abfb2b83
p12v4m6-B-cash-s4096,B,cash,4096,mean_reward,0.0,90e40d212b5faaff644e0041eeef92c0b0056ce9a834095a047948a1d5e42529,0ed9091f1ab96d24ef5fbd41d0d080668623e954e4f15e4a277f1c217e825eb9,6f03d3da3ed6ecbe918c5a7f9aa35cb9abfb2b83
p12v4m6-B-cash-s4096,B,cash,4096,mean_turnover,0.0,90e40d212b5faaff644e0041eeef92c0b0056ce9a834095a047948a1d5e42529,0ed9091f1ab96d24ef5fbd41d0d080668623e954e4f15e4a277f1c217e825eb9,6f03d3da3ed6ecbe918c5a7f9aa35cb9abfb2b83
p12v4m6-B-cash-s4096,B,cash,4096,sharpe,0.0,90e40d212b5faaff644e0041eeef92c0b0056ce9a834095a047948a1d5e42529,0ed9091f1ab96d24ef5fbd41d0d080668623e954e4f15e4a277f1c217e825eb9,6f03d3da3ed6ecbe918c5a7f9aa35cb9abfb2b83
p12v4m6-B-cash-s4096,B,cash,4096,std_return,0.0,90e40d212b5faaff644e0041eeef92c0b0056ce9a834095a047948a1d5e42529,0ed9091f1ab96d24ef5fbd41d0d080668623e954e4f15e4a277f1c217e825eb9,6f03d3da3ed6ecbe918c5a7f9aa35cb9abfb2b83
p12v4m6-B-cash-s4096,B,cash,4096,total_cost,0.0,90e40d212b5faaff644e0041eeef92c0b0056ce9a834095a047948a1d5e42529,0ed9091f1ab96d24ef5fbd41d0d080668623e954e4f15e4a277f1c217e825eb9,6f03d3da3ed6ecbe918c5a7f9aa35cb9abfb2b83
p12v4m6-B-cash-s4096,B,cash,4096,trade_count,0.0,90e40d212b5faaff644e0041eeef92c0b0056ce9a834095a047948a1d5e42529,0ed9091f1ab96d24ef5fbd41d0d080668623e954e4f15e4a277f1c217e825eb9,6f03d3da3ed6ecbe918c5a7f9aa35cb9abfb2b83
p12v4m6-B-cash-s4096,B,cash,4096,runtime_seconds,9.672920010983944,90e40d212b5faaff644e0041eeef92c0b0056ce9a834095a047948a1d5e42529,0ed9091f1ab96d24ef5fbd41d0d080668623e954e4f15e4a277f1c217e825eb9,6f03d3da3ed6ecbe918c5a7f9aa35cb9abfb2b83
p12v4m6-B-cash-s8192,B,cash,8192,max_drawdown,0.0,90e40d212b5faaff644e0041eeef92c0b0056ce9a834095a047948a1d5e42529,0ed9091f1ab96d24ef5fbd41d0d080668623e954e4f15e4a277f1c217e825eb9,6f03d3da3ed6ecbe918c5a7f9aa35cb9abfb2b83
p12v4m6-B-cash-s8192,B,cash,8192,mean_return,0.0,90e40d212b5faaff644e0041eeef92c0b0056ce9a834095a047948a1d5e42529,0ed9091f1ab96d24ef5fbd41d0d080668623e954e4f15e4a277f1c217e825eb9,6f03d3da3ed6ecbe918c5a7f9aa35cb9abfb2b83
p12v4m6-B-cash-s8192,B,cash,8192,mean_reward,0.0,90e40d212b5faaff644e0041eeef92c0b0056ce9a834095a047948a1d5e42529,0ed9091f1ab96d24ef5fbd41d0d080668623e954e4f15e4a277f1c217e825eb9,6f03d3da3ed6ecbe918c5a7f9aa35cb9abfb2b83
p12v4m6-B-cash-s8192,B,cash,8192,mean_turnover,0.0,90e40d212b5faaff644e0041eeef92c0b0056ce9a834095a047948a1d5e42529,0ed9091f1ab96d24ef5fbd41d0d080668623e954e4f15e4a277f1c217e825eb9,6f03d3da3ed6ecbe918c5a7f9aa35cb9abfb2b83
p12v4m6-B-cash-s8192,B,cash,8192,sharpe,0.0,90e40d212b5faaff644e0041eeef92c0b0056ce9a834095a047948a1d5e42529,0ed9091f1ab96d24ef5fbd41d0d080668623e954e4f15e4a277f1c217e825eb9,6f03d3da3ed6ecbe918c5a7f9aa35cb9abfb2b83
p12v4m6-B-cash-s8192,B,cash,8192,std_return,0.0,90e40d212b5faaff644e0041eeef92c0b0056ce9a834095a047948a1d5e42529,0ed9091f1ab96d24ef5fbd41d0d080668623e954e4f15e4a277f1c217e825eb9,6f03d3da3ed6ecbe918c5a7f9aa35cb9abfb2b83
p12v4m6-B-cash-s8192,B,cash,8192,total_cost,0.0,90e40d212b5faaff644e0041eeef92c0b0056ce9a834095a047948a1d5e42529,0ed9091f1ab96d24ef5fbd41d0d080668623e954e4f15e4a277f1c217e825eb9,6f03d3da3ed6ecbe918c5a7f9aa35cb9abfb2b83
p12v4m6-B-cash-s8192,B,cash,8192,trade_count,0.0,90e40d212b5faaff644e0041eeef92c0b0056ce9a834095a047948a1d5e42529,0ed9091f1ab96d24ef5fbd41d0d080668623e954e4f15e4a277f1c217e825eb9,6f03d3da3ed6ecbe918c5a7f9aa35cb9abfb2b83
p12v4m6-B-cash-s8192,B,cash,8192,runtime_seconds,9.859559020027518,90e40d212b5faaff644e0041eeef92c0b0056ce9a834095a047948a1d5e42529,0ed9091f1ab96d24ef5fbd41d0d080668623e954e4f15e4a277f1c217e825eb9,6f03d3da3ed6ecbe918c5a7f9aa35cb9abfb2b83
p12v4m6-B-cash-s16384,B,cash,16384,max_drawdown,0.0,90e40d212b5faaff644e0041eeef92c0b0056ce9a834095a047948a1d5e42529,0ed9091f1ab96d24ef5fbd41d0d080668623e954e4f15e4a277f1c217e825eb9,6f03d3da3ed6ecbe918c5a7f9aa35cb9abfb2b83
p12v4m6-B-cash-s16384,B,cash,16384,mean_return,0.0,90e40d212b5faaff644e0041eeef92c0b0056ce9a834095a047948a1d5e42529,0ed9091f1ab96d24ef5fbd41d0d080668623e954e4f15e4a277f1c217e825eb9,6f03d3da3ed6ecbe918c5a7f9aa35cb9abfb2b83
p12v4m6-B-cash-s16384,B,cash,16384,mean_reward,0.0,90e40d212b5faaff644e0041eeef92c0b0056ce9a834095a047948a1d5e42529,0ed9091f1ab96d24ef5fbd41d0d080668623e954e4f15e4a277f1c217e825eb9,6f03d3da3ed6ecbe918c5a7f9aa35cb9abfb2b83
p12v4m6-B-cash-s16384,B,cash,16384,mean_turnover,0.0,90e40d212b5faaff644e0041eeef92c0b0056ce9a834095a047948a1d5e42529,0ed9091f1ab96d24ef5fbd41d0d080668623e954e4f15e4a277f1c217e825eb9,6f03d3da3ed6ecbe918c5a7f9aa35cb9abfb2b83
p12v4m6-B-cash-s16384,B,cash,16384,sharpe,0.0,90e40d212b5faaff644e0041eeef92c0b0056ce9a834095a047948a1d5e42529,0ed9091f1ab96d24ef5fbd41d0d080668623e954e4f15e4a277f1c217e825eb9,6f03d3da3ed6ecbe918c5a7f9aa35cb9abfb2b83
p12v4m6-B-cash-s16384,B,cash,16384,std_return,0.0,90e40d212b5faaff644e0041eeef92c0b0056ce9a834095a047948a1d5e42529,0ed9091f1ab96d24ef5fbd41d0d080668623e954e4f15e4a277f1c217e825eb9,6f03d3da3ed6ecbe918c5a7f9aa35cb9abfb2b83
p12v4m6-B-cash-s16384,B,cash,16384,total_cost,0.0,90e40d212b5faaff644e0041eeef92c0b0056ce9a834095a047948a1d5e42529,0ed9091f1ab96d24ef5fbd41d0d080668623e954e4f15e4a277f1c217e825eb9,6f03d3da3ed6ecbe918c5a7f9aa35cb9abfb2b83
p12v4m6-B-cash-s16384,B,cash,16384,trade_count,0.0,90e40d212b5faaff644e0041eeef92c0b0056ce9a834095a047948a1d5e42529,0ed9091f1ab96d24ef5fbd41d0d080668623e954e4f15e4a277f1c217e825eb9,6f03d3da3ed6ecbe918c5a7f9aa35cb9abfb2b83
p12v4m6-B-cash-s16384,B,cash,16384,runtime_seconds,10.014032328035682,90e40d212b5faaff644e0041eeef92c0b0056ce9a834095a047948a1d5e42529,0ed9091f1ab96d24ef5fbd41d0d080668623e954e4f15e4a277f1c217e825eb9,6f03d3da3ed6ecbe918c5a7f9aa35cb9abfb2b83
p12v4m6-B-buy_and_hold-s1024,B,buy_and_hold,1024,max_drawdown,0.0658927028785029,90e40d212b5faaff644e0041eeef92c0b0056ce9a834095a047948a1d5e42529,0ed9091f1ab96d24ef5fbd41d0d080668623e954e4f15e4a277f1c217e825eb9,6f03d3da3ed6ecbe918c5a7f9aa35cb9abfb2b83
p12v4m6-B-buy_and_hold-s1024,B,buy_and_hold,1024,mean_return,0.07329416803889144,90e40d212b5faaff644e0041eeef92c0b0056ce9a834095a047948a1d5e42529,0ed9091f1ab96d24ef5fbd41d0d080668623e954e4f15e4a277f1c217e825eb9,6f03d3da3ed6ecbe918c5a7f9aa35cb9abfb2b83
p12v4m6-B-buy_and_hold-s1024,B,buy_and_hold,1024,mean_reward,-0.0011873707909897408,90e40d212b5faaff644e0041eeef92c0b0056ce9a834095a047948a1d5e42529,0ed9091f1ab96d24ef5fbd41d0d080668623e954e4f15e4a277f1c217e825eb9,6f03d3da3ed6ecbe918c5a7f9aa35cb9abfb2b83
p12v4m6-B-buy_and_hold-s1024,B,buy_and_hold,1024,mean_turnover,0.004529567520392462,90e40d212b5faaff644e0041eeef92c0b0056ce9a834095a047948a1d5e42529,0ed9091f1ab96d24ef5fbd41d0d080668623e954e4f15e4a277f1c217e825eb9,6f03d3da3ed6ecbe918c5a7f9aa35cb9abfb2b83
p12v4m6-B-buy_and_hold-s1024,B,buy_and_hold,1024,sharpe,1.5580479894866965,90e40d212b5faaff644e0041eeef92c0b0056ce9a834095a047948a1d5e42529,0ed9091f1ab96d24ef5fbd41d0d080668623e954e4f15e4a277f1c217e825eb9,6f03d3da3ed6ecbe918c5a7f9aa35cb9abfb2b83
p12v4m6-B-buy_and_hold-s1024,B,buy_and_hold,1024,std_return,0.0,90e40d212b5faaff644e0041eeef92c0b0056ce9a834095a047948a1d5e42529,0ed9091f1ab96d24ef5fbd41d0d080668623e954e4f15e4a277f1c217e825eb9,6f03d3da3ed6ecbe918c5a7f9aa35cb9abfb2b83
p12v4m6-B-buy_and_hold-s1024,B,buy_and_hold,1024,total_cost,6620.032090480385,90e40d212b5faaff644e0041eeef92c0b0056ce9a834095a047948a1d5e42529,0ed9091f1ab96d24ef5fbd41d0d080668623e954e4f15e4a277f1c217e825eb9,6f03d3da3ed6ecbe918c5a7f9aa35cb9abfb2b83
p12v4m6-B-buy_and_hold-s1024,B,buy_and_hold,1024,trade_count,970.0,90e40d212b5faaff644e0041eeef92c0b0056ce9a834095a047948a1d5e42529,0ed9091f1ab96d24ef5fbd41d0d080668623e954e4f15e4a277f1c217e825eb9,6f03d3da3ed6ecbe918c5a7f9aa35cb9abfb2b83
p12v4m6-B-buy_and_hold-s1024,B,buy_and_hold,1024,runtime_seconds,10.164396469015628,90e40d212b5faaff644e0041eeef92c0b0056ce9a834095a047948a1d5e42529,0ed9091f1ab96d24ef5fbd41d0d080668623e954e4f15e4a277f1c217e825eb9,6f03d3da3ed6ecbe918c5a7f9aa35cb9abfb2b83
p12v4m6-B-buy_and_hold-s2048,B,buy_and_hold,2048,max_drawdown,0.0658927028785029,90e40d212b5faaff644e0041eeef92c0b0056ce9a834095a047948a1d5e42529,0ed9091f1ab96d24ef5fbd41d0d080668623e954e4f15e4a277f1c217e825eb9,6f03d3da3ed6ecbe918c5a7f9aa35cb9abfb2b83
p12v4m6-B-buy_and_hold-s2048,B,buy_and_hold,2048,mean_return,0.07329416803889144,90e40d212b5faaff644e0041eeef92c0b0056ce9a834095a047948a1d5e42529,0ed9091f1ab96d24ef5fbd41d0d080668623e954e4f15e4a277f1c217e825eb9,6f03d3da3ed6ecbe918c5a7f9aa35cb9abfb2b83
p12v4m6-B-buy_and_hold-s2048,B,buy_and_hold,2048,mean_reward,-0.0011873707909897408,90e40d212b5faaff644e0041eeef92c0b0056ce9a834095a047948a1d5e42529,0ed9091f1ab96d24ef5fbd41d0d080668623e954e4f15e4a277f1c217e825eb9,6f03d3da3ed6ecbe918c5a7f9aa35cb9abfb2b83
p12v4m6-B-buy_and_hold-s2048,B,buy_and_hold,2048,mean_turnover,0.004529567520392462,90e40d212b5faaff644e0041eeef92c0b0056ce9a834095a047948a1d5e42529,0ed9091f1ab96d24ef5fbd41d0d080668623e954e4f15e4a277f1c217e825eb9,6f03d3da3ed6ecbe918c5a7f9aa35cb9abfb2b83
p12v4m6-B-buy_and_hold-s2048,B,buy_and_hold,2048,sharpe,1.5580479894866965,90e40d212b5faaff644e0041eeef92c0b0056ce9a834095a047948a1d5e42529,0ed9091f1ab96d24ef5fbd41d0d080668623e954e4f15e4a277f1c217e825eb9,6f03d3da3ed6ecbe918c5a7f9aa35cb9abfb2b83
p12v4m6-B-buy_and_hold-s2048,B,buy_and_hold,2048,std_return,0.0,90e40d212b5faaff644e0041eeef92c0b0056ce9a834095a047948a1d5e42529,0ed9091f1ab96d24ef5fbd41d0d080668623e954e4f15e4a277f1c217e825eb9,6f03d3da3ed6ecbe918c5a7f9aa35cb9abfb2b83
p12v4m6-B-buy_and_hold-s2048,B,buy_and_hold,2048,total_cost,6620.032090480385,90e40d212b5faaff644e0041eeef92c0b0056ce9a834095a047948a1d5e42529,0ed9091f1ab96d24ef5fbd41d0d080668623e954e4f15e4a277f1c217e825eb9,6f03d3da3ed6ecbe918c5a7f9aa35cb9abfb2b83
p12v4m6-B-buy_and_hold-s2048,B,buy_and_hold,2048,trade_count,970.0,90e40d212b5faaff644e0041eeef92c0b0056ce9a834095a047948a1d5e42529,0ed9091f1ab96d24ef5fbd41d0d080668623e954e4f15e4a277f1c217e825eb9,6f03d3da3ed6ecbe918c5a7f9aa35cb9abfb2b83
p12v4m6-B-buy_and_hold-s2048,B,buy_and_hold,2048,runtime_seconds,10.342853811918758,90e40d212b5faaff644e0041eeef92c0b0056ce9a834095a047948a1d5e42529,0ed9091f1ab96d24ef5fbd41d0d080668623e954e4f15e4a277f1c217e825eb9,6f03d3da3ed6ecbe918c5a7f9aa35cb9abfb2b83
p12v4m6-B-buy_and_hold-s4096,B,buy_and_hold,4096,max_drawdown,0.0658927028785029,90e40d212b5faaff644e0041eeef92c0b0056ce9a834095a047948a1d5e42529,0ed9091f1ab96d24ef5fbd41d0d080668623e954e4f15e4a277f1c217e825eb9,6f03d3da3ed6ecbe918c5a7f9aa35cb9abfb2b83
p12v4m6-B-buy_and_hold-s4096,B,buy_and_hold,4096,mean_return,0.07329416803889144,90e40d212b5faaff644e0041eeef92c0b0056ce9a834095a047948a1d5e42529,0ed9091f1ab96d24ef5fbd41d0d080668623e954e4f15e4a277f1c217e825eb9,6f03d3da3ed6ecbe918c5a7f9aa35cb9abfb2b83
p12v4m6-B-buy_and_hold-s4096,B,buy_and_hold,4096,mean_reward,-0.0011873707909897408,90e40d212b5faaff644e0041eeef92c0b0056ce9a834095a047948a1d5e42529,0ed9091f1ab96d24ef5fbd41d0d080668623e954e4f15e4a277f1c217e825eb9,6f03d3da3ed6ecbe918c5a7f9aa35cb9abfb2b83
p12v4m6-B-buy_and_hold-s4096,B,buy_and_hold,4096,mean_turnover,0.004529567520392462,90e40d212b5faaff644e0041eeef92c0b0056ce9a834095a047948a1d5e42529,0ed9091f1ab96d24ef5fbd41d0d080668623e954e4f15e4a277f1c217e825eb9,6f03d3da3ed6ecbe918c5a7f9aa35cb9abfb2b83
p12v4m6-B-buy_and_hold-s4096,B,buy_and_hold,4096,sharpe,1.5580479894866965,90e40d212b5faaff644e0041eeef92c0b0056ce9a834095a047948a1d5e42529,0ed9091f1ab96d24ef5fbd41d0d080668623e954e4f15e4a277f1c217e825eb9,6f03d3da3ed6ecbe918c5a7f9aa35cb9abfb2b83
p12v4m6-B-buy_and_hold-s4096,B,buy_and_hold,4096,std_return,0.0,90e40d212b5faaff644e0041eeef92c0b0056ce9a834095a047948a1d5e42529,0ed9091f1ab96d24ef5fbd41d0d080668623e954e4f15e4a277f1c217e825eb9,6f03d3da3ed6ecbe918c5a7f9aa35cb9abfb2b83
p12v4m6-B-buy_and_hold-s4096,B,buy_and_hold,4096,total_cost,6620.032090480385,90e40d212b5faaff644e0041eeef92c0b0056ce9a834095a047948a1d5e42529,0ed9091f1ab96d24ef5fbd41d0d080668623e954e4f15e4a277f1c217e825eb9,6f03d3da3ed6ecbe918c5a7f9aa35cb9abfb2b83
p12v4m6-B-buy_and_hold-s4096,B,buy_and_hold,4096,trade_count,970.0,90e40d212b5faaff644e0041eeef92c0b0056ce9a834095a047948a1d5e42529,0ed9091f1ab96d24ef5fbd41d0d080668623e954e4f15e4a277f1c217e825eb9,6f03d3da3ed6ecbe918c5a7f9aa35cb9abfb2b83
p12v4m6-B-buy_and_hold-s4096,B,buy_and_hold,4096,runtime_seconds,10.002499649999663,90e40d212b5faaff644e0041eeef92c0b0056ce9a834095a047948a1d5e42529,0ed9091f1ab96d24ef5fbd41d0d080668623e954e4f15e4a277f1c217e825eb9,6f03d3da3ed6ecbe918c5a7f9aa35cb9abfb2b83
p12v4m6-B-buy_and_hold-s8192,B,buy_and_hold,8192,max_drawdown,0.0658927028785029,90e40d212b5faaff644e0041eeef92c0b0056ce9a834095a047948a1d5e42529,0ed9091f1ab96d24ef5fbd41d0d080668623e954e4f15e4a277f1c217e825eb9,6f03d3da3ed6ecbe918c5a7f9aa35cb9abfb2b83
p12v4m6-B-buy_and_hold-s8192,B,buy_and_hold,8192,mean_return,0.07329416803889144,90e40d212b5faaff644e0041eeef92c0b0056ce9a834095a047948a1d5e42529,0ed9091f1ab96d24ef5fbd41d0d080668623e954e4f15e4a277f1c217e825eb9,6f03d3da3ed6ecbe918c5a7f9aa35cb9abfb2b83
p12v4m6-B-buy_and_hold-s8192,B,buy_and_hold,8192,mean_reward,-0.0011873707909897408,90e40d212b5faaff644e0041eeef92c0b0056ce9a834095a047948a1d5e42529,0ed9091f1ab96d24ef5fbd41d0d080668623e954e4f15e4a277f1c217e825eb9,6f03d3da3ed6ecbe918c5a7f9aa35cb9abfb2b83
p12v4m6-B-buy_and_hold-s8192,B,buy_and_hold,8192,mean_turnover,0.004529567520392462,90e40d212b5faaff644e0041eeef92c0b0056ce9a834095a047948a1d5e42529,0ed9091f1ab96d24ef5fbd41d0d080668623e954e4f15e4a277f1c217e825eb9,6f03d3da3ed6ecbe918c5a7f9aa35cb9abfb2b83
p12v4m6-B-buy_and_hold-s8192,B,buy_and_hold,8192,sharpe,1.5580479894866965,90e40d212b5faaff644e0041eeef92c0b0056ce9a834095a047948a1d5e42529,0ed9091f1ab96d24ef5fbd41d0d080668623e954e4f15e4a277f1c217e825eb9,6f03d3da3ed6ecbe918c5a7f9aa35cb9abfb2b83
p12v4m6-B-buy_and_hold-s8192,B,buy_and_hold,8192,std_return,0.0,90e40d212b5faaff644e0041eeef92c0b0056ce9a834095a047948a1d5e42529,0ed9091f1ab96d24ef5fbd41d0d080668623e954e4f15e4a277f1c217e825eb9,6f03d3da3ed6ecbe918c5a7f9aa35cb9abfb2b83
p12v4m6-B-buy_and_hold-s8192,B,buy_and_hold,8192,total_cost,6620.032090480385,90e40d212b5faaff644e0041eeef92c0b0056ce9a834095a047948a1d5e42529,0ed9091f1ab96d24ef5fbd41d0d080668623e954e4f15e4a277f1c217e825eb9,6f03d3da3ed6ecbe918c5a7f9aa35cb9abfb2b83
p12v4m6-B-buy_and_hold-s8192,B,buy_and_hold,8192,trade_count,970.0,90e40d212b5faaff644e0041eeef92c0b0056ce9a834095a047948a1d5e42529,0ed9091f1ab96d24ef5fbd41d0d080668623e954e4f15e4a277f1c217e825eb9,6f03d3da3ed6ecbe918c5a7f9aa35cb9abfb2b83
p12v4m6-B-buy_and_hold-s8192,B,buy_and_hold,8192,runtime_seconds,10.361441151006147,90e40d212b5faaff644e0041eeef92c0b0056ce9a834095a047948a1d5e42529,0ed9091f1ab96d24ef5fbd41d0d080668623e954e4f15e4a277f1c217e825eb9,6f03d3da3ed6ecbe918c5a7f9aa35cb9abfb2b83
p12v4m6-B-buy_and_hold-s16384,B,buy_and_hold,16384,max_drawdown,0.0658927028785029,90e40d212b5faaff644e0041eeef92c0b0056ce9a834095a047948a1d5e42529,0ed9091f1ab96d24ef5fbd41d0d080668623e954e4f15e4a277f1c217e825eb9,6f03d3da3ed6ecbe918c5a7f9aa35cb9abfb2b83
p12v4m6-B-buy_and_hold-s16384,B,buy_and_hold,16384,mean_return,0.07329416803889144,90e40d212b5faaff644e0041eeef92c0b0056ce9a834095a047948a1d5e42529,0ed9091f1ab96d24ef5fbd41d0d080668623e954e4f15e4a277f1c217e825eb9,6f03d3da3ed6ecbe918c5a7f9aa35cb9abfb2b83
p12v4m6-B-buy_and_hold-s16384,B,buy_and_hold,16384,mean_reward,-0.0011873707909897408,90e40d212b5faaff644e0041eeef92c0b0056ce9a834095a047948a1d5e42529,0ed9091f1ab96d24ef5fbd41d0d080668623e954e4f15e4a277f1c217e825eb9,6f03d3da3ed6ecbe918c5a7f9aa35cb9abfb2b83
p12v4m6-B-buy_and_hold-s16384,B,buy_and_hold,16384,mean_turnover,0.004529567520392462,90e40d212b5faaff644e0041eeef92c0b0056ce9a834095a047948a1d5e42529,0ed9091f1ab96d24ef5fbd41d0d080668623e954e4f15e4a277f1c217e825eb9,6f03d3da3ed6ecbe918c5a7f9aa35cb9abfb2b83
p12v4m6-B-buy_and_hold-s16384,B,buy_and_hold,16384,sharpe,1.5580479894866965,90e40d212b5faaff644e0041eeef92c0b0056ce9a834095a047948a1d5e42529,0ed9091f1ab96d24ef5fbd41d0d080668623e954e4f15e4a277f1c217e825eb9,6f03d3da3ed6ecbe918c5a7f9aa35cb9abfb2b83
p12v4m6-B-buy_and_hold-s16384,B,buy_and_hold,16384,std_return,0.0,90e40d212b5faaff644e0041eeef92c0b0056ce9a834095a047948a1d5e42529,0ed9091f1ab96d24ef5fbd41d0d080668623e954e4f15e4a277f1c217e825eb9,6f03d3da3ed6ecbe918c5a7f9aa35cb9abfb2b83
p12v4m6-B-buy_and_hold-s16384,B,buy_and_hold,16384,total_cost,6620.032090480385,90e40d212b5faaff644e0041eeef92c0b0056ce9a834095a047948a1d5e42529,0ed9091f1ab96d24ef5fbd41d0d080668623e954e4f15e4a277f1c217e825eb9,6f03d3da3ed6ecbe918c5a7f9aa35cb9abfb2b83
p12v4m6-B-buy_and_hold-s16384,B,buy_and_hold,16384,trade_count,970.0,90e40d212b5faaff644e0041eeef92c0b0056ce9a834095a047948a1d5e42529,0ed9091f1ab96d24ef5fbd41d0d080668623e954e4f15e4a277f1c217e825eb9,6f03d3da3ed6ecbe918c5a7f9aa35cb9abfb2b83
p12v4m6-B-buy_and_hold-s16384,B,buy_and_hold,16384,runtime_seconds,10.384561715065502,90e40d212b5faaff644e0041eeef92c0b0056ce9a834095a047948a1d5e42529,0ed9091f1ab96d24ef5fbd41d0d080668623e954e4f15e4a277f1c217e825eb9,6f03d3da3ed6ecbe918c5a7f9aa35cb9abfb2b83
p12v4m6-B-equal_weight-s1024,B,equal_weight,1024,max_drawdown,0.11185152949294119,90e40d212b5faaff644e0041eeef92c0b0056ce9a834095a047948a1d5e42529,0ed9091f1ab96d24ef5fbd41d0d080668623e954e4f15e4a277f1c217e825eb9,6f03d3da3ed6ecbe918c5a7f9aa35cb9abfb2b83
p12v4m6-B-equal_weight-s1024,B,equal_weight,1024,mean_return,0.1497271012088348,90e40d212b5faaff644e0041eeef92c0b0056ce9a834095a047948a1d5e42529,0ed9091f1ab96d24ef5fbd41d0d080668623e954e4f15e4a277f1c217e825eb9,6f03d3da3ed6ecbe918c5a7f9aa35cb9abfb2b83
p12v4m6-B-equal_weight-s1024,B,equal_weight,1024,mean_reward,0.023539357437511114,90e40d212b5faaff644e0041eeef92c0b0056ce9a834095a047948a1d5e42529,0ed9091f1ab96d24ef5fbd41d0d080668623e954e4f15e4a277f1c217e825eb9,6f03d3da3ed6ecbe918c5a7f9aa35cb9abfb2b83
p12v4m6-B-equal_weight-s1024,B,equal_weight,1024,mean_turnover,0.11081890697172984,90e40d212b5faaff644e0041eeef92c0b0056ce9a834095a047948a1d5e42529,0ed9091f1ab96d24ef5fbd41d0d080668623e954e4f15e4a277f1c217e825eb9,6f03d3da3ed6ecbe918c5a7f9aa35cb9abfb2b83
p12v4m6-B-equal_weight-s1024,B,equal_weight,1024,sharpe,1.7660093692296832,90e40d212b5faaff644e0041eeef92c0b0056ce9a834095a047948a1d5e42529,0ed9091f1ab96d24ef5fbd41d0d080668623e954e4f15e4a277f1c217e825eb9,6f03d3da3ed6ecbe918c5a7f9aa35cb9abfb2b83
p12v4m6-B-equal_weight-s1024,B,equal_weight,1024,std_return,0.0,90e40d212b5faaff644e0041eeef92c0b0056ce9a834095a047948a1d5e42529,0ed9091f1ab96d24ef5fbd41d0d080668623e954e4f15e4a277f1c217e825eb9,6f03d3da3ed6ecbe918c5a7f9aa35cb9abfb2b83
p12v4m6-B-equal_weight-s1024,B,equal_weight,1024,total_cost,166560.66736305764,90e40d212b5faaff644e0041eeef92c0b0056ce9a834095a047948a1d5e42529,0ed9091f1ab96d24ef5fbd41d0d080668623e954e4f15e4a277f1c217e825eb9,6f03d3da3ed6ecbe918c5a7f9aa35cb9abfb2b83
p12v4m6-B-equal_weight-s1024,B,equal_weight,1024,trade_count,970.0,90e40d212b5faaff644e0041eeef92c0b0056ce9a834095a047948a1d5e42529,0ed9091f1ab96d24ef5fbd41d0d080668623e954e4f15e4a277f1c217e825eb9,6f03d3da3ed6ecbe918c5a7f9aa35cb9abfb2b83
p12v4m6-B-equal_weight-s1024,B,equal_weight,1024,runtime_seconds,10.466748551931232,90e40d212b5faaff644e0041eeef92c0b0056ce9a834095a047948a1d5e42529,0ed9091f1ab96d24ef5fbd41d0d080668623e954e4f15e4a277f1c217e825eb9,6f03d3da3ed6ecbe918c5a7f9aa35cb9abfb2b83
p12v4m6-B-equal_weight-s2048,B,equal_weight,2048,max_drawdown,0.11185152949294119,90e40d212b5faaff644e0041eeef92c0b0056ce9a834095a047948a1d5e42529,0ed9091f1ab96d24ef5fbd41d0d080668623e954e4f15e4a277f1c217e825eb9,6f03d3da3ed6ecbe918c5a7f9aa35cb9abfb2b83
p12v4m6-B-equal_weight-s2048,B,equal_weight,2048,mean_return,0.1497271012088348,90e40d212b5faaff644e0041eeef92c0b0056ce9a834095a047948a1d5e42529,0ed9091f1ab96d24ef5fbd41d0d080668623e954e4f15e4a277f1c217e825eb9,6f03d3da3ed6ecbe918c5a7f9aa35cb9abfb2b83
p12v4m6-B-equal_weight-s2048,B,equal_weight,2048,mean_reward,0.023539357437511114,90e40d212b5faaff644e0041eeef92c0b0056ce9a834095a047948a1d5e42529,0ed9091f1ab96d24ef5fbd41d0d080668623e954e4f15e4a277f1c217e825eb9,6f03d3da3ed6ecbe918c5a7f9aa35cb9abfb2b83
p12v4m6-B-equal_weight-s2048,B,equal_weight,2048,mean_turnover,0.11081890697172984,90e40d212b5faaff644e0041eeef92c0b0056ce9a834095a047948a1d5e42529,0ed9091f1ab96d24ef5fbd41d0d080668623e954e4f15e4a277f1c217e825eb9,6f03d3da3ed6ecbe918c5a7f9aa35cb9abfb2b83
p12v4m6-B-equal_weight-s2048,B,equal_weight,2048,sharpe,1.7660093692296832,90e40d212b5faaff644e0041eeef92c0b0056ce9a834095a047948a1d5e42529,0ed9091f1ab96d24ef5fbd41d0d080668623e954e4f15e4a277f1c217e825eb9,6f03d3da3ed6ecbe918c5a7f9aa35cb9abfb2b83
p12v4m6-B-equal_weight-s2048,B,equal_weight,2048,std_return,0.0,90e40d212b5faaff644e0041eeef92c0b0056ce9a834095a047948a1d5e42529,0ed9091f1ab96d24ef5fbd41d0d080668623e954e4f15e4a277f1c217e825eb9,6f03d3da3ed6ecbe918c5a7f9aa35cb9abfb2b83
p12v4m6-B-equal_weight-s2048,B,equal_weight,2048,total_cost,166560.66736305764,90e40d212b5faaff644e0041eeef92c0b0056ce9a834095a047948a1d5e42529,0ed9091f1ab96d24ef5fbd41d0d080668623e954e4f15e4a277f1c217e825eb9,6f03d3da3ed6ecbe918c5a7f9aa35cb9abfb2b83
p12v4m6-B-equal_weight-s2048,B,equal_weight,2048,trade_count,970.0,90e40d212b5faaff644e0041eeef92c0b0056ce9a834095a047948a1d5e42529,0ed9091f1ab96d24ef5fbd41d0d080668623e954e4f15e4a277f1c217e825eb9,6f03d3da3ed6ecbe918c5a7f9aa35cb9abfb2b83
p12v4m6-B-equal_weight-s2048,B,equal_weight,2048,runtime_seconds,10.376613555010408,90e40d212b5faaff644e0041eeef92c0b0056ce9a834095a047948a1d5e42529,0ed9091f1ab96d24ef5fbd41d0d080668623e954e4f15e4a277f1c217e825eb9,6f03d3da3ed6ecbe918c5a7f9aa35cb9abfb2b83
p12v4m6-B-equal_weight-s4096,B,equal_weight,4096,max_drawdown,0.11185152949294119,90e40d212b5faaff644e0041eeef92c0b0056ce9a834095a047948a1d5e42529,0ed9091f1ab96d24ef5fbd41d0d080668623e954e4f15e4a277f1c217e825eb9,6f03d3da3ed6ecbe918c5a7f9aa35cb9abfb2b83
p12v4m6-B-equal_weight-s4096,B,equal_weight,4096,mean_return,0.1497271012088348,90e40d212b5faaff644e0041eeef92c0b0056ce9a834095a047948a1d5e42529,0ed9091f1ab96d24ef5fbd41d0d080668623e954e4f15e4a277f1c217e825eb9,6f03d3da3ed6ecbe918c5a7f9aa35cb9abfb2b83
p12v4m6-B-equal_weight-s4096,B,equal_weight,4096,mean_reward,0.023539357437511114,90e40d212b5faaff644e0041eeef92c0b0056ce9a834095a047948a1d5e42529,0ed9091f1ab96d24ef5fbd41d0d080668623e954e4f15e4a277f1c217e825eb9,6f03d3da3ed6ecbe918c5a7f9aa35cb9abfb2b83
p12v4m6-B-equal_weight-s4096,B,equal_weight,4096,mean_turnover,0.11081890697172984,90e40d212b5faaff644e0041eeef92c0b0056ce9a834095a047948a1d5e42529,0ed9091f1ab96d24ef5fbd41d0d080668623e954e4f15e4a277f1c217e825eb9,6f03d3da3ed6ecbe918c5a7f9aa35cb9abfb2b83
p12v4m6-B-equal_weight-s4096,B,equal_weight,4096,sharpe,1.7660093692296832,90e40d212b5faaff644e0041eeef92c0b0056ce9a834095a047948a1d5e42529,0ed9091f1ab96d24ef5fbd41d0d080668623e954e4f15e4a277f1c217e825eb9,6f03d3da3ed6ecbe918c5a7f9aa35cb9abfb2b83
p12v4m6-B-equal_weight-s4096,B,equal_weight,4096,std_return,0.0,90e40d212b5faaff644e0041eeef92c0b0056ce9a834095a047948a1d5e42529,0ed9091f1ab96d24ef5fbd41d0d080668623e954e4f15e4a277f1c217e825eb9,6f03d3da3ed6ecbe918c5a7f9aa35cb9abfb2b83
p12v4m6-B-equal_weight-s4096,B,equal_weight,4096,total_cost,166560.66736305764,90e40d212b5faaff644e0041eeef92c0b0056ce9a834095a047948a1d5e42529,0ed9091f1ab96d24ef5fbd41d0d080668623e954e4f15e4a277f1c217e825eb9,6f03d3da3ed6ecbe918c5a7f9aa35cb9abfb2b83
p12v4m6-B-equal_weight-s4096,B,equal_weight,4096,trade_count,970.0,90e40d212b5faaff644e0041eeef92c0b0056ce9a834095a047948a1d5e42529,0ed9091f1ab96d24ef5fbd41d0d080668623e954e4f15e4a277f1c217e825eb9,6f03d3da3ed6ecbe918c5a7f9aa35cb9abfb2b83
p12v4m6-B-equal_weight-s4096,B,equal_weight,4096,runtime_seconds,10.381905532907695,90e40d212b5faaff644e0041eeef92c0b0056ce9a834095a047948a1d5e42529,0ed9091f1ab96d24ef5fbd41d0d080668623e954e4f15e4a277f1c217e825eb9,6f03d3da3ed6ecbe918c5a7f9aa35cb9abfb2b83
p12v4m6-B-equal_weight-s8192,B,equal_weight,8192,max_drawdown,0.11185152949294119,90e40d212b5faaff644e0041eeef92c0b0056ce9a834095a047948a1d5e42529,0ed9091f1ab96d24ef5fbd41d0d080668623e954e4f15e4a277f1c217e825eb9,6f03d3da3ed6ecbe918c5a7f9aa35cb9abfb2b83
p12v4m6-B-equal_weight-s8192,B,equal_weight,8192,mean_return,0.1497271012088348,90e40d212b5faaff644e0041eeef92c0b0056ce9a834095a047948a1d5e42529,0ed9091f1ab96d24ef5fbd41d0d080668623e954e4f15e4a277f1c217e825eb9,6f03d3da3ed6ecbe918c5a7f9aa35cb9abfb2b83
p12v4m6-B-equal_weight-s8192,B,equal_weight,8192,mean_reward,0.023539357437511114,90e40d212b5faaff644e0041eeef92c0b0056ce9a834095a047948a1d5e42529,0ed9091f1ab96d24ef5fbd41d0d080668623e954e4f15e4a277f1c217e825eb9,6f03d3da3ed6ecbe918c5a7f9aa35cb9abfb2b83
p12v4m6-B-equal_weight-s8192,B,equal_weight,8192,mean_turnover,0.11081890697172984,90e40d212b5faaff644e0041eeef92c0b0056ce9a834095a047948a1d5e42529,0ed9091f1ab96d24ef5fbd41d0d080668623e954e4f15e4a277f1c217e825eb9,6f03d3da3ed6ecbe918c5a7f9aa35cb9abfb2b83
p12v4m6-B-equal_weight-s8192,B,equal_weight,8192,sharpe,1.7660093692296832,90e40d212b5faaff644e0041eeef92c0b0056ce9a834095a047948a1d5e42529,0ed9091f1ab96d24ef5fbd41d0d080668623e954e4f15e4a277f1c217e825eb9,6f03d3da3ed6ecbe918c5a7f9aa35cb9abfb2b83
p12v4m6-B-equal_weight-s8192,B,equal_weight,8192,std_return,0.0,90e40d212b5faaff644e0041eeef92c0b0056ce9a834095a047948a1d5e42529,0ed9091f1ab96d24ef5fbd41d0d080668623e954e4f15e4a277f1c217e825eb9,6f03d3da3ed6ecbe918c5a7f9aa35cb9abfb2b83
p12v4m6-B-equal_weight-s8192,B,equal_weight,8192,total_cost,166560.66736305764,90e40d212b5faaff644e0041eeef92c0b0056ce9a834095a047948a1d5e42529,0ed9091f1ab96d24ef5fbd41d0d080668623e954e4f15e4a277f1c217e825eb9,6f03d3da3ed6ecbe918c5a7f9aa35cb9abfb2b83
p12v4m6-B-equal_weight-s8192,B,equal_weight,8192,trade_count,970.0,90e40d212b5faaff644e0041eeef92c0b0056ce9a834095a047948a1d5e42529,0ed9091f1ab96d24ef5fbd41d0d080668623e954e4f15e4a277f1c217e825eb9,6f03d3da3ed6ecbe918c5a7f9aa35cb9abfb2b83
p12v4m6-B-equal_weight-s8192,B,equal_weight,8192,runtime_seconds,10.432500242022797,90e40d212b5faaff644e0041eeef92c0b0056ce9a834095a047948a1d5e42529,0ed9091f1ab96d24ef5fbd41d0d080668623e954e4f15e4a277f1c217e825eb9,6f03d3da3ed6ecbe918c5a7f9aa35cb9abfb2b83
p12v4m6-B-equal_weight-s16384,B,equal_weight,16384,max_drawdown,0.11185152949294119,90e40d212b5faaff644e0041eeef92c0b0056ce9a834095a047948a1d5e42529,0ed9091f1ab96d24ef5fbd41d0d080668623e954e4f15e4a277f1c217e825eb9,6f03d3da3ed6ecbe918c5a7f9aa35cb9abfb2b83
p12v4m6-B-equal_weight-s16384,B,equal_weight,16384,mean_return,0.1497271012088348,90e40d212b5faaff644e0041eeef92c0b0056ce9a834095a047948a1d5e42529,0ed9091f1ab96d24ef5fbd41d0d080668623e954e4f15e4a277f1c217e825eb9,6f03d3da3ed6ecbe918c5a7f9aa35cb9abfb2b83
p12v4m6-B-equal_weight-s16384,B,equal_weight,16384,mean_reward,0.023539357437511114,90e40d212b5faaff644e0041eeef92c0b0056ce9a834095a047948a1d5e42529,0ed9091f1ab96d24ef5fbd41d0d080668623e954e4f15e4a277f1c217e825eb9,6f03d3da3ed6ecbe918c5a7f9aa35cb9abfb2b83
p12v4m6-B-equal_weight-s16384,B,equal_weight,16384,mean_turnover,0.11081890697172984,90e40d212b5faaff644e0041eeef92c0b0056ce9a834095a047948a1d5e42529,0ed9091f1ab96d24ef5fbd41d0d080668623e954e4f15e4a277f1c217e825eb9,6f03d3da3ed6ecbe918c5a7f9aa35cb9abfb2b83
p12v4m6-B-equal_weight-s16384,B,equal_weight,16384,sharpe,1.7660093692296832,90e40d212b5faaff644e0041eeef92c0b0056ce9a834095a047948a1d5e42529,0ed9091f1ab96d24ef5fbd41d0d080668623e954e4f15e4a277f1c217e825eb9,6f03d3da3ed6ecbe918c5a7f9aa35cb9abfb2b83
p12v4m6-B-equal_weight-s16384,B,equal_weight,16384,std_return,0.0,90e40d212b5faaff644e0041eeef92c0b0056ce9a834095a047948a1d5e42529,0ed9091f1ab96d24ef5fbd41d0d080668623e954e4f15e4a277f1c217e825eb9,6f03d3da3ed6ecbe918c5a7f9aa35cb9abfb2b83
p12v4m6-B-equal_weight-s16384,B,equal_weight,16384,total_cost,166560.66736305764,90e40d212b5faaff644e0041eeef92c0b0056ce9a834095a047948a1d5e42529,0ed9091f1ab96d24ef5fbd41d0d080668623e954e4f15e4a277f1c217e825eb9,6f03d3da3ed6ecbe918c5a7f9aa35cb9abfb2b83
p12v4m6-B-equal_weight-s16384,B,equal_weight,16384,trade_count,970.0,90e40d212b5faaff644e0041eeef92c0b0056ce9a834095a047948a1d5e42529,0ed9091f1ab96d24ef5fbd41d0d080668623e954e4f15e4a277f1c217e825eb9,6f03d3da3ed6ecbe918c5a7f9aa35cb9abfb2b83
p12v4m6-B-equal_weight-s16384,B,equal_weight,16384,runtime_seconds,10.38017876399681,90e40d212b5faaff644e0041eeef92c0b0056ce9a834095a047948a1d5e42529,0ed9091f1ab96d24ef5fbd41d0d080668623e954e4f15e4a277f1c217e825eb9,6f03d3da3ed6ecbe918c5a7f9aa35cb9abfb2b83
p12v4m6-B-risk_parity-s1024,B,risk_parity,1024,max_drawdown,0.09618570963702011,90e40d212b5faaff644e0041eeef92c0b0056ce9a834095a047948a1d5e42529,0ed9091f1ab96d24ef5fbd41d0d080668623e954e4f15e4a277f1c217e825eb9,6f03d3da3ed6ecbe918c5a7f9aa35cb9abfb2b83
p12v4m6-B-risk_parity-s1024,B,risk_parity,1024,mean_return,0.12839260674683617,90e40d212b5faaff644e0041eeef92c0b0056ce9a834095a047948a1d5e42529,0ed9091f1ab96d24ef5fbd41d0d080668623e954e4f15e4a277f1c217e825eb9,6f03d3da3ed6ecbe918c5a7f9aa35cb9abfb2b83
p12v4m6-B-risk_parity-s1024,B,risk_parity,1024,mean_reward,0.019142982424761996,90e40d212b5faaff644e0041eeef92c0b0056ce9a834095a047948a1d5e42529,0ed9091f1ab96d24ef5fbd41d0d080668623e954e4f15e4a277f1c217e825eb9,6f03d3da3ed6ecbe918c5a7f9aa35cb9abfb2b83
p12v4m6-B-risk_parity-s1024,B,risk_parity,1024,mean_turnover,0.13782824603802882,90e40d212b5faaff644e0041eeef92c0b0056ce9a834095a047948a1d5e42529,0ed9091f1ab96d24ef5fbd41d0d080668623e954e4f15e4a277f1c217e825eb9,6f03d3da3ed6ecbe918c5a7f9aa35cb9abfb2b83
p12v4m6-B-risk_parity-s1024,B,risk_parity,1024,sharpe,1.7562095943824427,90e40d212b5faaff644e0041eeef92c0b0056ce9a834095a047948a1d5e42529,0ed9091f1ab96d24ef5fbd41d0d080668623e954e4f15e4a277f1c217e825eb9,6f03d3da3ed6ecbe918c5a7f9aa35cb9abfb2b83
p12v4m6-B-risk_parity-s1024,B,risk_parity,1024,std_return,0.0,90e40d212b5faaff644e0041eeef92c0b0056ce9a834095a047948a1d5e42529,0ed9091f1ab96d24ef5fbd41d0d080668623e954e4f15e4a277f1c217e825eb9,6f03d3da3ed6ecbe918c5a7f9aa35cb9abfb2b83
p12v4m6-B-risk_parity-s1024,B,risk_parity,1024,total_cost,207960.8963307967,90e40d212b5faaff644e0041eeef92c0b0056ce9a834095a047948a1d5e42529,0ed9091f1ab96d24ef5fbd41d0d080668623e954e4f15e4a277f1c217e825eb9,6f03d3da3ed6ecbe918c5a7f9aa35cb9abfb2b83
p12v4m6-B-risk_parity-s1024,B,risk_parity,1024,trade_count,970.0,90e40d212b5faaff644e0041eeef92c0b0056ce9a834095a047948a1d5e42529,0ed9091f1ab96d24ef5fbd41d0d080668623e954e4f15e4a277f1c217e825eb9,6f03d3da3ed6ecbe918c5a7f9aa35cb9abfb2b83
p12v4m6-B-risk_parity-s1024,B,risk_parity,1024,runtime_seconds,11.52519230695907,90e40d212b5faaff644e0041eeef92c0b0056ce9a834095a047948a1d5e42529,0ed9091f1ab96d24ef5fbd41d0d080668623e954e4f15e4a277f1c217e825eb9,6f03d3da3ed6ecbe918c5a7f9aa35cb9abfb2b83
p12v4m6-B-risk_parity-s2048,B,risk_parity,2048,max_drawdown,0.09618570963702011,90e40d212b5faaff644e0041eeef92c0b0056ce9a834095a047948a1d5e42529,0ed9091f1ab96d24ef5fbd41d0d080668623e954e4f15e4a277f1c217e825eb9,6f03d3da3ed6ecbe918c5a7f9aa35cb9abfb2b83
p12v4m6-B-risk_parity-s2048,B,risk_parity,2048,mean_return,0.12839260674683617,90e40d212b5faaff644e0041eeef92c0b0056ce9a834095a047948a1d5e42529,0ed9091f1ab96d24ef5fbd41d0d080668623e954e4f15e4a277f1c217e825eb9,6f03d3da3ed6ecbe918c5a7f9aa35cb9abfb2b83
p12v4m6-B-risk_parity-s2048,B,risk_parity,2048,mean_reward,0.019142982424761996,90e40d212b5faaff644e0041eeef92c0b0056ce9a834095a047948a1d5e42529,0ed9091f1ab96d24ef5fbd41d0d080668623e954e4f15e4a277f1c217e825eb9,6f03d3da3ed6ecbe918c5a7f9aa35cb9abfb2b83
p12v4m6-B-risk_parity-s2048,B,risk_parity,2048,mean_turnover,0.13782824603802882,90e40d212b5faaff644e0041eeef92c0b0056ce9a834095a047948a1d5e42529,0ed9091f1ab96d24ef5fbd41d0d080668623e954e4f15e4a277f1c217e825eb9,6f03d3da3ed6ecbe918c5a7f9aa35cb9abfb2b83
p12v4m6-B-risk_parity-s2048,B,risk_parity,2048,sharpe,1.7562095943824427,90e40d212b5faaff644e0041eeef92c0b0056ce9a834095a047948a1d5e42529,0ed9091f1ab96d24ef5fbd41d0d080668623e954e4f15e4a277f1c217e825eb9,6f03d3da3ed6ecbe918c5a7f9aa35cb9abfb2b83
p12v4m6-B-risk_parity-s2048,B,risk_parity,2048,std_return,0.0,90e40d212b5faaff644e0041eeef92c0b0056ce9a834095a047948a1d5e42529,0ed9091f1ab96d24ef5fbd41d0d080668623e954e4f15e4a277f1c217e825eb9,6f03d3da3ed6ecbe918c5a7f9aa35cb9abfb2b83
p12v4m6-B-risk_parity-s2048,B,risk_parity,2048,total_cost,207960.8963307967,90e40d212b5faaff644e0041eeef92c0b0056ce9a834095a047948a1d5e42529,0ed9091f1ab96d24ef5fbd41d0d080668623e954e4f15e4a277f1c217e825eb9,6f03d3da3ed6ecbe918c5a7f9aa35cb9abfb2b83
p12v4m6-B-risk_parity-s2048,B,risk_parity,2048,trade_count,970.0,90e40d212b5faaff644e0041eeef92c0b0056ce9a834095a047948a1d5e42529,0ed9091f1ab96d24ef5fbd41d0d080668623e954e4f15e4a277f1c217e825eb9,6f03d3da3ed6ecbe918c5a7f9aa35cb9abfb2b83
p12v4m6-B-risk_parity-s2048,B,risk_parity,2048,runtime_seconds,11.400384258013219,90e40d212b5faaff644e0041eeef92c0b0056ce9a834095a047948a1d5e42529,0ed9091f1ab96d24ef5fbd41d0d080668623e954e4f15e4a277f1c217e825eb9,6f03d3da3ed6ecbe918c5a7f9aa35cb9abfb2b83
p12v4m6-B-risk_parity-s4096,B,risk_parity,4096,max_drawdown,0.09618570963702011,90e40d212b5faaff644e0041eeef92c0b0056ce9a834095a047948a1d5e42529,0ed9091f1ab96d24ef5fbd41d0d080668623e954e4f15e4a277f1c217e825eb9,6f03d3da3ed6ecbe918c5a7f9aa35cb9abfb2b83
p12v4m6-B-risk_parity-s4096,B,risk_parity,4096,mean_return,0.12839260674683617,90e40d212b5faaff644e0041eeef92c0b0056ce9a834095a047948a1d5e42529,0ed9091f1ab96d24ef5fbd41d0d080668623e954e4f15e4a277f1c217e825eb9,6f03d3da3ed6ecbe918c5a7f9aa35cb9abfb2b83
p12v4m6-B-risk_parity-s4096,B,risk_parity,4096,mean_reward,0.019142982424761996,90e40d212b5faaff644e0041eeef92c0b0056ce9a834095a047948a1d5e42529,0ed9091f1ab96d24ef5fbd41d0d080668623e954e4f15e4a277f1c217e825eb9,6f03d3da3ed6ecbe918c5a7f9aa35cb9abfb2b83
p12v4m6-B-risk_parity-s4096,B,risk_parity,4096,mean_turnover,0.13782824603802882,90e40d212b5faaff644e0041eeef92c0b0056ce9a834095a047948a1d5e42529,0ed9091f1ab96d24ef5fbd41d0d080668623e954e4f15e4a277f1c217e825eb9,6f03d3da3ed6ecbe918c5a7f9aa35cb9abfb2b83
p12v4m6-B-risk_parity-s4096,B,risk_parity,4096,sharpe,1.7562095943824427,90e40d212b5faaff644e0041eeef92c0b0056ce9a834095a047948a1d5e42529,0ed9091f1ab96d24ef5fbd41d0d080668623e954e4f15e4a277f1c217e825eb9,6f03d3da3ed6ecbe918c5a7f9aa35cb9abfb2b83
p12v4m6-B-risk_parity-s4096,B,risk_parity,4096,std_return,0.0,90e40d212b5faaff644e0041eeef92c0b0056ce9a834095a047948a1d5e42529,0ed9091f1ab96d24ef5fbd41d0d080668623e954e4f15e4a277f1c217e825eb9,6f03d3da3ed6ecbe918c5a7f9aa35cb9abfb2b83
p12v4m6-B-risk_parity-s4096,B,risk_parity,4096,total_cost,207960.8963307967,90e40d212b5faaff644e0041eeef92c0b0056ce9a834095a047948a1d5e42529,0ed9091f1ab96d24ef5fbd41d0d080668623e954e4f15e4a277f1c217e825eb9,6f03d3da3ed6ecbe918c5a7f9aa35cb9abfb2b83
p12v4m6-B-risk_parity-s4096,B,risk_parity,4096,trade_count,970.0,90e40d212b5faaff644e0041eeef92c0b0056ce9a834095a047948a1d5e42529,0ed9091f1ab96d24ef5fbd41d0d080668623e954e4f15e4a277f1c217e825eb9,6f03d3da3ed6ecbe918c5a7f9aa35cb9abfb2b83
p12v4m6-B-risk_parity-s4096,B,risk_parity,4096,runtime_seconds,11.135805433965288,90e40d212b5faaff644e0041eeef92c0b0056ce9a834095a047948a1d5e42529,0ed9091f1ab96d24ef5fbd41d0d080668623e954e4f15e4a277f1c217e825eb9,6f03d3da3ed6ecbe918c5a7f9aa35cb9abfb2b83
p12v4m6-B-risk_parity-s8192,B,risk_parity,8192,max_drawdown,0.09618570963702011,90e40d212b5faaff644e0041eeef92c0b0056ce9a834095a047948a1d5e42529,0ed9091f1ab96d24ef5fbd41d0d080668623e954e4f15e4a277f1c217e825eb9,6f03d3da3ed6ecbe918c5a7f9aa35cb9abfb2b83
p12v4m6-B-risk_parity-s8192,B,risk_parity,8192,mean_return,0.12839260674683617,90e40d212b5faaff644e0041eeef92c0b0056ce9a834095a047948a1d5e42529,0ed9091f1ab96d24ef5fbd41d0d080668623e954e4f15e4a277f1c217e825eb9,6f03d3da3ed6ecbe918c5a7f9aa35cb9abfb2b83
p12v4m6-B-risk_parity-s8192,B,risk_parity,8192,mean_reward,0.019142982424761996,90e40d212b5faaff644e0041eeef92c0b0056ce9a834095a047948a1d5e42529,0ed9091f1ab96d24ef5fbd41d0d080668623e954e4f15e4a277f1c217e825eb9,6f03d3da3ed6ecbe918c5a7f9aa35cb9abfb2b83
p12v4m6-B-risk_parity-s8192,B,risk_parity,8192,mean_turnover,0.13782824603802882,90e40d212b5faaff644e0041eeef92c0b0056ce9a834095a047948a1d5e42529,0ed9091f1ab96d24ef5fbd41d0d080668623e954e4f15e4a277f1c217e825eb9,6f03d3da3ed6ecbe918c5a7f9aa35cb9abfb2b83
p12v4m6-B-risk_parity-s8192,B,risk_parity,8192,sharpe,1.7562095943824427,90e40d212b5faaff644e0041eeef92c0b0056ce9a834095a047948a1d5e42529,0ed9091f1ab96d24ef5fbd41d0d080668623e954e4f15e4a277f1c217e825eb9,6f03d3da3ed6ecbe918c5a7f9aa35cb9abfb2b83
p12v4m6-B-risk_parity-s8192,B,risk_parity,8192,std_return,0.0,90e40d212b5faaff644e0041eeef92c0b0056ce9a834095a047948a1d5e42529,0ed9091f1ab96d24ef5fbd41d0d080668623e954e4f15e4a277f1c217e825eb9,6f03d3da3ed6ecbe918c5a7f9aa35cb9abfb2b83
p12v4m6-B-risk_parity-s8192,B,risk_parity,8192,total_cost,207960.8963307967,90e40d212b5faaff644e0041eeef92c0b0056ce9a834095a047948a1d5e42529,0ed9091f1ab96d24ef5fbd41d0d080668623e954e4f15e4a277f1c217e825eb9,6f03d3da3ed6ecbe918c5a7f9aa35cb9abfb2b83
p12v4m6-B-risk_parity-s8192,B,risk_parity,8192,trade_count,970.0,90e40d212b5faaff644e0041eeef92c0b0056ce9a834095a047948a1d5e42529,0ed9091f1ab96d24ef5fbd41d0d080668623e954e4f15e4a277f1c217e825eb9,6f03d3da3ed6ecbe918c5a7f9aa35cb9abfb2b83
p12v4m6-B-risk_parity-s8192,B,risk_parity,8192,runtime_seconds,11.582801916985773,90e40d212b5faaff644e0041eeef92c0b0056ce9a834095a047948a1d5e42529,0ed9091f1ab96d24ef5fbd41d0d080668623e954e4f15e4a277f1c217e825eb9,6f03d3da3ed6ecbe918c5a7f9aa35cb9abfb2b83
p12v4m6-B-risk_parity-s16384,B,risk_parity,16384,max_drawdown,0.09618570963702011,90e40d212b5faaff644e0041eeef92c0b0056ce9a834095a047948a1d5e42529,0ed9091f1ab96d24ef5fbd41d0d080668623e954e4f15e4a277f1c217e825eb9,6f03d3da3ed6ecbe918c5a7f9aa35cb9abfb2b83
p12v4m6-B-risk_parity-s16384,B,risk_parity,16384,mean_return,0.12839260674683617,90e40d212b5faaff644e0041eeef92c0b0056ce9a834095a047948a1d5e42529,0ed9091f1ab96d24ef5fbd41d0d080668623e954e4f15e4a277f1c217e825eb9,6f03d3da3ed6ecbe918c5a7f9aa35cb9abfb2b83
p12v4m6-B-risk_parity-s16384,B,risk_parity,16384,mean_reward,0.019142982424761996,90e40d212b5faaff644e0041eeef92c0b0056ce9a834095a047948a1d5e42529,0ed9091f1ab96d24ef5fbd41d0d080668623e954e4f15e4a277f1c217e825eb9,6f03d3da3ed6ecbe918c5a7f9aa35cb9abfb2b83
p12v4m6-B-risk_parity-s16384,B,risk_parity,16384,mean_turnover,0.13782824603802882,90e40d212b5faaff644e0041eeef92c0b0056ce9a834095a047948a1d5e42529,0ed9091f1ab96d24ef5fbd41d0d080668623e954e4f15e4a277f1c217e825eb9,6f03d3da3ed6ecbe918c5a7f9aa35cb9abfb2b83
p12v4m6-B-risk_parity-s16384,B,risk_parity,16384,sharpe,1.7562095943824427,90e40d212b5faaff644e0041eeef92c0b0056ce9a834095a047948a1d5e42529,0ed9091f1ab96d24ef5fbd41d0d080668623e954e4f15e4a277f1c217e825eb9,6f03d3da3ed6ecbe918c5a7f9aa35cb9abfb2b83
p12v4m6-B-risk_parity-s16384,B,risk_parity,16384,std_return,0.0,90e40d212b5faaff644e0041eeef92c0b0056ce9a834095a047948a1d5e42529,0ed9091f1ab96d24ef5fbd41d0d080668623e954e4f15e4a277f1c217e825eb9,6f03d3da3ed6ecbe918c5a7f9aa35cb9abfb2b83
p12v4m6-B-risk_parity-s16384,B,risk_parity,16384,total_cost,207960.8963307967,90e40d212b5faaff644e0041eeef92c0b0056ce9a834095a047948a1d5e42529,0ed9091f1ab96d24ef5fbd41d0d080668623e954e4f15e4a277f1c217e825eb9,6f03d3da3ed6ecbe918c5a7f9aa35cb9abfb2b83
p12v4m6-B-risk_parity-s16384,B,risk_parity,16384,trade_count,970.0,90e40d212b5faaff644e0041eeef92c0b0056ce9a834095a047948a1d5e42529,0ed9091f1ab96d24ef5fbd41d0d080668623e954e4f15e4a277f1c217e825eb9,6f03d3da3ed6ecbe918c5a7f9aa35cb9abfb2b83
p12v4m6-B-risk_parity-s16384,B,risk_parity,16384,runtime_seconds,11.690632906975225,90e40d212b5faaff644e0041eeef92c0b0056ce9a834095a047948a1d5e42529,0ed9091f1ab96d24ef5fbd41d0d080668623e954e4f15e4a277f1c217e825eb9,6f03d3da3ed6ecbe918c5a7f9aa35cb9abfb2b83
p12v4m6-B-mean_variance-s1024,B,mean_variance,1024,max_drawdown,0.14862488488836834,90e40d212b5faaff644e0041eeef92c0b0056ce9a834095a047948a1d5e42529,0ed9091f1ab96d24ef5fbd41d0d080668623e954e4f15e4a277f1c217e825eb9,6f03d3da3ed6ecbe918c5a7f9aa35cb9abfb2b83
p12v4m6-B-mean_variance-s1024,B,mean_variance,1024,mean_return,0.08779897747770016,90e40d212b5faaff644e0041eeef92c0b0056ce9a834095a047948a1d5e42529,0ed9091f1ab96d24ef5fbd41d0d080668623e954e4f15e4a277f1c217e825eb9,6f03d3da3ed6ecbe918c5a7f9aa35cb9abfb2b83
p12v4m6-B-mean_variance-s1024,B,mean_variance,1024,mean_reward,-0.04947761956392692,90e40d212b5faaff644e0041eeef92c0b0056ce9a834095a047948a1d5e42529,0ed9091f1ab96d24ef5fbd41d0d080668623e954e4f15e4a277f1c217e825eb9,6f03d3da3ed6ecbe918c5a7f9aa35cb9abfb2b83
p12v4m6-B-mean_variance-s1024,B,mean_variance,1024,mean_turnover,0.32647953226008514,90e40d212b5faaff644e0041eeef92c0b0056ce9a834095a047948a1d5e42529,0ed9091f1ab96d24ef5fbd41d0d080668623e954e4f15e4a277f1c217e825eb9,6f03d3da3ed6ecbe918c5a7f9aa35cb9abfb2b83
p12v4m6-B-mean_variance-s1024,B,mean_variance,1024,sharpe,1.00782521305288,90e40d212b5faaff644e0041eeef92c0b0056ce9a834095a047948a1d5e42529,0ed9091f1ab96d24ef5fbd41d0d080668623e954e4f15e4a277f1c217e825eb9,6f03d3da3ed6ecbe918c5a7f9aa35cb9abfb2b83
p12v4m6-B-mean_variance-s1024,B,mean_variance,1024,std_return,0.0,90e40d212b5faaff644e0041eeef92c0b0056ce9a834095a047948a1d5e42529,0ed9091f1ab96d24ef5fbd41d0d080668623e954e4f15e4a277f1c217e825eb9,6f03d3da3ed6ecbe918c5a7f9aa35cb9abfb2b83
p12v4m6-B-mean_variance-s1024,B,mean_variance,1024,total_cost,467452.9989931235,90e40d212b5faaff644e0041eeef92c0b0056ce9a834095a047948a1d5e42529,0ed9091f1ab96d24ef5fbd41d0d080668623e954e4f15e4a277f1c217e825eb9,6f03d3da3ed6ecbe918c5a7f9aa35cb9abfb2b83
p12v4m6-B-mean_variance-s1024,B,mean_variance,1024,trade_count,970.0,90e40d212b5faaff644e0041eeef92c0b0056ce9a834095a047948a1d5e42529,0ed9091f1ab96d24ef5fbd41d0d080668623e954e4f15e4a277f1c217e825eb9,6f03d3da3ed6ecbe918c5a7f9aa35cb9abfb2b83
p12v4m6-B-mean_variance-s1024,B,mean_variance,1024,runtime_seconds,458.8912885909667,90e40d212b5faaff644e0041eeef92c0b0056ce9a834095a047948a1d5e42529,0ed9091f1ab96d24ef5fbd41d0d080668623e954e4f15e4a277f1c217e825eb9,6f03d3da3ed6ecbe918c5a7f9aa35cb9abfb2b83
p12v4m6-B-mean_variance-s2048,B,mean_variance,2048,max_drawdown,0.14862488488836834,90e40d212b5faaff644e0041eeef92c0b0056ce9a834095a047948a1d5e42529,0ed9091f1ab96d24ef5fbd41d0d080668623e954e4f15e4a277f1c217e825eb9,6f03d3da3ed6ecbe918c5a7f9aa35cb9abfb2b83
p12v4m6-B-mean_variance-s2048,B,mean_variance,2048,mean_return,0.08779897747770016,90e40d212b5faaff644e0041eeef92c0b0056ce9a834095a047948a1d5e42529,0ed9091f1ab96d24ef5fbd41d0d080668623e954e4f15e4a277f1c217e825eb9,6f03d3da3ed6ecbe918c5a7f9aa35cb9abfb2b83
p12v4m6-B-mean_variance-s2048,B,mean_variance,2048,mean_reward,-0.04947761956392692,90e40d212b5faaff644e0041eeef92c0b0056ce9a834095a047948a1d5e42529,0ed9091f1ab96d24ef5fbd41d0d080668623e954e4f15e4a277f1c217e825eb9,6f03d3da3ed6ecbe918c5a7f9aa35cb9abfb2b83
p12v4m6-B-mean_variance-s2048,B,mean_variance,2048,mean_turnover,0.32647953226008514,90e40d212b5faaff644e0041eeef92c0b0056ce9a834095a047948a1d5e42529,0ed9091f1ab96d24ef5fbd41d0d080668623e954e4f15e4a277f1c217e825eb9,6f03d3da3ed6ecbe918c5a7f9aa35cb9abfb2b83
p12v4m6-B-mean_variance-s2048,B,mean_variance,2048,sharpe,1.00782521305288,90e40d212b5faaff644e0041eeef92c0b0056ce9a834095a047948a1d5e42529,0ed9091f1ab96d24ef5fbd41d0d080668623e954e4f15e4a277f1c217e825eb9,6f03d3da3ed6ecbe918c5a7f9aa35cb9abfb2b83
p12v4m6-B-mean_variance-s2048,B,mean_variance,2048,std_return,0.0,90e40d212b5faaff644e0041eeef92c0b0056ce9a834095a047948a1d5e42529,0ed9091f1ab96d24ef5fbd41d0d080668623e954e4f15e4a277f1c217e825eb9,6f03d3da3ed6ecbe918c5a7f9aa35cb9abfb2b83
p12v4m6-B-mean_variance-s2048,B,mean_variance,2048,total_cost,467452.9989931235,90e40d212b5faaff644e0041eeef92c0b0056ce9a834095a047948a1d5e42529,0ed9091f1ab96d24ef5fbd41d0d080668623e954e4f15e4a277f1c217e825eb9,6f03d3da3ed6ecbe918c5a7f9aa35cb9abfb2b83
p12v4m6-B-mean_variance-s2048,B,mean_variance,2048,trade_count,970.0,90e40d212b5faaff644e0041eeef92c0b0056ce9a834095a047948a1d5e42529,0ed9091f1ab96d24ef5fbd41d0d080668623e954e4f15e4a277f1c217e825eb9,6f03d3da3ed6ecbe918c5a7f9aa35cb9abfb2b83
p12v4m6-B-mean_variance-s2048,B,mean_variance,2048,runtime_seconds,459.3756315910723,90e40d212b5faaff644e0041eeef92c0b0056ce9a834095a047948a1d5e42529,0ed9091f1ab96d24ef5fbd41d0d080668623e954e4f15e4a277f1c217e825eb9,6f03d3da3ed6ecbe918c5a7f9aa35cb9abfb2b83
p12v4m6-B-mean_variance-s4096,B,mean_variance,4096,max_drawdown,0.14862488488836834,90e40d212b5faaff644e0041eeef92c0b0056ce9a834095a047948a1d5e42529,0ed9091f1ab96d24ef5fbd41d0d080668623e954e4f15e4a277f1c217e825eb9,6f03d3da3ed6ecbe918c5a7f9aa35cb9abfb2b83
p12v4m6-B-mean_variance-s4096,B,mean_variance,4096,mean_return,0.08779897747770016,90e40d212b5faaff644e0041eeef92c0b0056ce9a834095a047948a1d5e42529,0ed9091f1ab96d24ef5fbd41d0d080668623e954e4f15e4a277f1c217e825eb9,6f03d3da3ed6ecbe918c5a7f9aa35cb9abfb2b83
p12v4m6-B-mean_variance-s4096,B,mean_variance,4096,mean_reward,-0.04947761956392692,90e40d212b5faaff644e0041eeef92c0b0056ce9a834095a047948a1d5e42529,0ed9091f1ab96d24ef5fbd41d0d080668623e954e4f15e4a277f1c217e825eb9,6f03d3da3ed6ecbe918c5a7f9aa35cb9abfb2b83
p12v4m6-B-mean_variance-s4096,B,mean_variance,4096,mean_turnover,0.32647953226008514,90e40d212b5faaff644e0041eeef92c0b0056ce9a834095a047948a1d5e42529,0ed9091f1ab96d24ef5fbd41d0d080668623e954e4f15e4a277f1c217e825eb9,6f03d3da3ed6ecbe918c5a7f9aa35cb9abfb2b83
p12v4m6-B-mean_variance-s4096,B,mean_variance,4096,sharpe,1.00782521305288,90e40d212b5faaff644e0041eeef92c0b0056ce9a834095a047948a1d5e42529,0ed9091f1ab96d24ef5fbd41d0d080668623e954e4f15e4a277f1c217e825eb9,6f03d3da3ed6ecbe918c5a7f9aa35cb9abfb2b83
p12v4m6-B-mean_variance-s4096,B,mean_variance,4096,std_return,0.0,90e40d212b5faaff644e0041eeef92c0b0056ce9a834095a047948a1d5e42529,0ed9091f1ab96d24ef5fbd41d0d080668623e954e4f15e4a277f1c217e825eb9,6f03d3da3ed6ecbe918c5a7f9aa35cb9abfb2b83
p12v4m6-B-mean_variance-s4096,B,mean_variance,4096,total_cost,467452.9989931235,90e40d212b5faaff644e0041eeef92c0b0056ce9a834095a047948a1d5e42529,0ed9091f1ab96d24ef5fbd41d0d080668623e954e4f15e4a277f1c217e825eb9,6f03d3da3ed6ecbe918c5a7f9aa35cb9abfb2b83
p12v4m6-B-mean_variance-s4096,B,mean_variance,4096,trade_count,970.0,90e40d212b5faaff644e0041eeef92c0b0056ce9a834095a047948a1d5e42529,0ed9091f1ab96d24ef5fbd41d0d080668623e954e4f15e4a277f1c217e825eb9,6f03d3da3ed6ecbe918c5a7f9aa35cb9abfb2b83
p12v4m6-B-mean_variance-s4096,B,mean_variance,4096,runtime_seconds,519.6357499610167,90e40d212b5faaff644e0041eeef92c0b0056ce9a834095a047948a1d5e42529,0ed9091f1ab96d24ef5fbd41d0d080668623e954e4f15e4a277f1c217e825eb9,6f03d3da3ed6ecbe918c5a7f9aa35cb9abfb2b83
p12v4m6-B-mean_variance-s8192,B,mean_variance,8192,max_drawdown,0.14862488488836834,90e40d212b5faaff644e0041eeef92c0b0056ce9a834095a047948a1d5e42529,0ed9091f1ab96d24ef5fbd41d0d080668623e954e4f15e4a277f1c217e825eb9,6f03d3da3ed6ecbe918c5a7f9aa35cb9abfb2b83
p12v4m6-B-mean_variance-s8192,B,mean_variance,8192,mean_return,0.08779897747770016,90e40d212b5faaff644e0041eeef92c0b0056ce9a834095a047948a1d5e42529,0ed9091f1ab96d24ef5fbd41d0d080668623e954e4f15e4a277f1c217e825eb9,6f03d3da3ed6ecbe918c5a7f9aa35cb9abfb2b83
p12v4m6-B-mean_variance-s8192,B,mean_variance,8192,mean_reward,-0.04947761956392692,90e40d212b5faaff644e0041eeef92c0b0056ce9a834095a047948a1d5e42529,0ed9091f1ab96d24ef5fbd41d0d080668623e954e4f15e4a277f1c217e825eb9,6f03d3da3ed6ecbe918c5a7f9aa35cb9abfb2b83
p12v4m6-B-mean_variance-s8192,B,mean_variance,8192,mean_turnover,0.32647953226008514,90e40d212b5faaff644e0041eeef92c0b0056ce9a834095a047948a1d5e42529,0ed9091f1ab96d24ef5fbd41d0d080668623e954e4f15e4a277f1c217e825eb9,6f03d3da3ed6ecbe918c5a7f9aa35cb9abfb2b83
p12v4m6-B-mean_variance-s8192,B,mean_variance,8192,sharpe,1.00782521305288,90e40d212b5faaff644e0041eeef92c0b0056ce9a834095a047948a1d5e42529,0ed9091f1ab96d24ef5fbd41d0d080668623e954e4f15e4a277f1c217e825eb9,6f03d3da3ed6ecbe918c5a7f9aa35cb9abfb2b83
p12v4m6-B-mean_variance-s8192,B,mean_variance,8192,std_return,0.0,90e40d212b5faaff644e0041eeef92c0b0056ce9a834095a047948a1d5e42529,0ed9091f1ab96d24ef5fbd41d0d080668623e954e4f15e4a277f1c217e825eb9,6f03d3da3ed6ecbe918c5a7f9aa35cb9abfb2b83
p12v4m6-B-mean_variance-s8192,B,mean_variance,8192,total_cost,467452.9989931235,90e40d212b5faaff644e0041eeef92c0b0056ce9a834095a047948a1d5e42529,0ed9091f1ab96d24ef5fbd41d0d080668623e954e4f15e4a277f1c217e825eb9,6f03d3da3ed6ecbe918c5a7f9aa35cb9abfb2b83
p12v4m6-B-mean_variance-s8192,B,mean_variance,8192,trade_count,970.0,90e40d212b5faaff644e0041eeef92c0b0056ce9a834095a047948a1d5e42529,0ed9091f1ab96d24ef5fbd41d0d080668623e954e4f15e4a277f1c217e825eb9,6f03d3da3ed6ecbe918c5a7f9aa35cb9abfb2b83
p12v4m6-B-mean_variance-s8192,B,mean_variance,8192,runtime_seconds,519.8918322719401,90e40d212b5faaff644e0041eeef92c0b0056ce9a834095a047948a1d5e42529,0ed9091f1ab96d24ef5fbd41d0d080668623e954e4f15e4a277f1c217e825eb9,6f03d3da3ed6ecbe918c5a7f9aa35cb9abfb2b83
p12v4m6-B-mean_variance-s16384,B,mean_variance,16384,max_drawdown,0.14862488488836834,90e40d212b5faaff644e0041eeef92c0b0056ce9a834095a047948a1d5e42529,0ed9091f1ab96d24ef5fbd41d0d080668623e954e4f15e4a277f1c217e825eb9,6f03d3da3ed6ecbe918c5a7f9aa35cb9abfb2b83
p12v4m6-B-mean_variance-s16384,B,mean_variance,16384,mean_return,0.08779897747770016,90e40d212b5faaff644e0041eeef92c0b0056ce9a834095a047948a1d5e42529,0ed9091f1ab96d24ef5fbd41d0d080668623e954e4f15e4a277f1c217e825eb9,6f03d3da3ed6ecbe918c5a7f9aa35cb9abfb2b83
p12v4m6-B-mean_variance-s16384,B,mean_variance,16384,mean_reward,-0.04947761956392692,90e40d212b5faaff644e0041eeef92c0b0056ce9a834095a047948a1d5e42529,0ed9091f1ab96d24ef5fbd41d0d080668623e954e4f15e4a277f1c217e825eb9,6f03d3da3ed6ecbe918c5a7f9aa35cb9abfb2b83
p12v4m6-B-mean_variance-s16384,B,mean_variance,16384,mean_turnover,0.32647953226008514,90e40d212b5faaff644e0041eeef92c0b0056ce9a834095a047948a1d5e42529,0ed9091f1ab96d24ef5fbd41d0d080668623e954e4f15e4a277f1c217e825eb9,6f03d3da3ed6ecbe918c5a7f9aa35cb9abfb2b83
p12v4m6-B-mean_variance-s16384,B,mean_variance,16384,sharpe,1.00782521305288,90e40d212b5faaff644e0041eeef92c0b0056ce9a834095a047948a1d5e42529,0ed9091f1ab96d24ef5fbd41d0d080668623e954e4f15e4a277f1c217e825eb9,6f03d3da3ed6ecbe918c5a7f9aa35cb9abfb2b83
p12v4m6-B-mean_variance-s16384,B,mean_variance,16384,std_return,0.0,90e40d212b5faaff644e0041eeef92c0b0056ce9a834095a047948a1d5e42529,0ed9091f1ab96d24ef5fbd41d0d080668623e954e4f15e4a277f1c217e825eb9,6f03d3da3ed6ecbe918c5a7f9aa35cb9abfb2b83
p12v4m6-B-mean_variance-s16384,B,mean_variance,16384,total_cost,467452.9989931235,90e40d212b5faaff644e0041eeef92c0b0056ce9a834095a047948a1d5e42529,0ed9091f1ab96d24ef5fbd41d0d080668623e954e4f15e4a277f1c217e825eb9,6f03d3da3ed6ecbe918c5a7f9aa35cb9abfb2b83
p12v4m6-B-mean_variance-s16384,B,mean_variance,16384,trade_count,970.0,90e40d212b5faaff644e0041eeef92c0b0056ce9a834095a047948a1d5e42529,0ed9091f1ab96d24ef5fbd41d0d080668623e954e4f15e4a277f1c217e825eb9,6f03d3da3ed6ecbe918c5a7f9aa35cb9abfb2b83
p12v4m6-B-mean_variance-s16384,B,mean_variance,16384,runtime_seconds,18.021395093062893,90e40d212b5faaff644e0041eeef92c0b0056ce9a834095a047948a1d5e42529,0ed9091f1ab96d24ef5fbd41d0d080668623e954e4f15e4a277f1c217e825eb9,6f03d3da3ed6ecbe918c5a7f9aa35cb9abfb2b83
p12v4m6-B-ppo-s1024,B,PPO,1024,max_drawdown,0.08851357331118415,90e40d212b5faaff644e0041eeef92c0b0056ce9a834095a047948a1d5e42529,0ed9091f1ab96d24ef5fbd41d0d080668623e954e4f15e4a277f1c217e825eb9,6f03d3da3ed6ecbe918c5a7f9aa35cb9abfb2b83
p12v4m6-B-ppo-s1024,B,PPO,1024,mean_return,0.12149887186307917,90e40d212b5faaff644e0041eeef92c0b0056ce9a834095a047948a1d5e42529,0ed9091f1ab96d24ef5fbd41d0d080668623e954e4f15e4a277f1c217e825eb9,6f03d3da3ed6ecbe918c5a7f9aa35cb9abfb2b83
p12v4m6-B-ppo-s1024,B,PPO,1024,mean_reward,0.023409270336817,90e40d212b5faaff644e0041eeef92c0b0056ce9a834095a047948a1d5e42529,0ed9091f1ab96d24ef5fbd41d0d080668623e954e4f15e4a277f1c217e825eb9,6f03d3da3ed6ecbe918c5a7f9aa35cb9abfb2b83
p12v4m6-B-ppo-s1024,B,PPO,1024,mean_turnover,0.011919046951191304,90e40d212b5faaff644e0041eeef92c0b0056ce9a834095a047948a1d5e42529,0ed9091f1ab96d24ef5fbd41d0d080668623e954e4f15e4a277f1c217e825eb9,6f03d3da3ed6ecbe918c5a7f9aa35cb9abfb2b83
p12v4m6-B-ppo-s1024,B,PPO,1024,sharpe,1.8162359424632966,90e40d212b5faaff644e0041eeef92c0b0056ce9a834095a047948a1d5e42529,0ed9091f1ab96d24ef5fbd41d0d080668623e954e4f15e4a277f1c217e825eb9,6f03d3da3ed6ecbe918c5a7f9aa35cb9abfb2b83
p12v4m6-B-ppo-s1024,B,PPO,1024,std_return,0.0,90e40d212b5faaff644e0041eeef92c0b0056ce9a834095a047948a1d5e42529,0ed9091f1ab96d24ef5fbd41d0d080668623e954e4f15e4a277f1c217e825eb9,6f03d3da3ed6ecbe918c5a7f9aa35cb9abfb2b83
p12v4m6-B-ppo-s1024,B,PPO,1024,total_cost,17766.91084583045,90e40d212b5faaff644e0041eeef92c0b0056ce9a834095a047948a1d5e42529,0ed9091f1ab96d24ef5fbd41d0d080668623e954e4f15e4a277f1c217e825eb9,6f03d3da3ed6ecbe918c5a7f9aa35cb9abfb2b83
p12v4m6-B-ppo-s1024,B,PPO,1024,trade_count,970.0,90e40d212b5faaff644e0041eeef92c0b0056ce9a834095a047948a1d5e42529,0ed9091f1ab96d24ef5fbd41d0d080668623e954e4f15e4a277f1c217e825eb9,6f03d3da3ed6ecbe918c5a7f9aa35cb9abfb2b83
p12v4m6-B-ppo-s1024,B,PPO,1024,runtime_seconds,207.44986415293533,90e40d212b5faaff644e0041eeef92c0b0056ce9a834095a047948a1d5e42529,0ed9091f1ab96d24ef5fbd41d0d080668623e954e4f15e4a277f1c217e825eb9,6f03d3da3ed6ecbe918c5a7f9aa35cb9abfb2b83
p12v4m6-B-ppo-s2048,B,PPO,2048,max_drawdown,0.0944094692471188,90e40d212b5faaff644e0041eeef92c0b0056ce9a834095a047948a1d5e42529,0ed9091f1ab96d24ef5fbd41d0d080668623e954e4f15e4a277f1c217e825eb9,6f03d3da3ed6ecbe918c5a7f9aa35cb9abfb2b83
p12v4m6-B-ppo-s2048,B,PPO,2048,mean_return,0.10996737305377358,90e40d212b5faaff644e0041eeef92c0b0056ce9a834095a047948a1d5e42529,0ed9091f1ab96d24ef5fbd41d0d080668623e954e4f15e4a277f1c217e825eb9,6f03d3da3ed6ecbe918c5a7f9aa35cb9abfb2b83
p12v4m6-B-ppo-s2048,B,PPO,2048,mean_reward,0.007660849979948106,90e40d212b5faaff644e0041eeef92c0b0056ce9a834095a047948a1d5e42529,0ed9091f1ab96d24ef5fbd41d0d080668623e954e4f15e4a277f1c217e825eb9,6f03d3da3ed6ecbe918c5a7f9aa35cb9abfb2b83
p12v4m6-B-ppo-s2048,B,PPO,2048,mean_turnover,0.01194293913475577,90e40d212b5faaff644e0041eeef92c0b0056ce9a834095a047948a1d5e42529,0ed9091f1ab96d24ef5fbd41d0d080668623e954e4f15e4a277f1c217e825eb9,6f03d3da3ed6ecbe918c5a7f9aa35cb9abfb2b83
p12v4m6-B-ppo-s2048,B,PPO,2048,sharpe,1.6751500612476462,90e40d212b5faaff644e0041eeef92c0b0056ce9a834095a047948a1d5e42529,0ed9091f1ab96d24ef5fbd41d0d080668623e954e4f15e4a277f1c217e825eb9,6f03d3da3ed6ecbe918c5a7f9aa35cb9abfb2b83
p12v4m6-B-ppo-s2048,B,PPO,2048,std_return,0.0,90e40d212b5faaff644e0041eeef92c0b0056ce9a834095a047948a1d5e42529,0ed9091f1ab96d24ef5fbd41d0d080668623e954e4f15e4a277f1c217e825eb9,6f03d3da3ed6ecbe918c5a7f9aa35cb9abfb2b83
p12v4m6-B-ppo-s2048,B,PPO,2048,total_cost,17635.993983468525,90e40d212b5faaff644e0041eeef92c0b0056ce9a834095a047948a1d5e42529,0ed9091f1ab96d24ef5fbd41d0d080668623e954e4f15e4a277f1c217e825eb9,6f03d3da3ed6ecbe918c5a7f9aa35cb9abfb2b83
p12v4m6-B-ppo-s2048,B,PPO,2048,trade_count,970.0,90e40d212b5faaff644e0041eeef92c0b0056ce9a834095a047948a1d5e42529,0ed9091f1ab96d24ef5fbd41d0d080668623e954e4f15e4a277f1c217e825eb9,6f03d3da3ed6ecbe918c5a7f9aa35cb9abfb2b83
p12v4m6-B-ppo-s2048,B,PPO,2048,runtime_seconds,184.49484470800962,90e40d212b5faaff644e0041eeef92c0b0056ce9a834095a047948a1d5e42529,0ed9091f1ab96d24ef5fbd41d0d080668623e954e4f15e4a277f1c217e825eb9,6f03d3da3ed6ecbe918c5a7f9aa35cb9abfb2b83
p12v4m6-B-ppo-s4096,B,PPO,4096,max_drawdown,0.10865124936850878,90e40d212b5faaff644e0041eeef92c0b0056ce9a834095a047948a1d5e42529,0ed9091f1ab96d24ef5fbd41d0d080668623e954e4f15e4a277f1c217e825eb9,6f03d3da3ed6ecbe918c5a7f9aa35cb9abfb2b83
p12v4m6-B-ppo-s4096,B,PPO,4096,mean_return,0.09630426511474344,90e40d212b5faaff644e0041eeef92c0b0056ce9a834095a047948a1d5e42529,0ed9091f1ab96d24ef5fbd41d0d080668623e954e4f15e4a277f1c217e825eb9,6f03d3da3ed6ecbe918c5a7f9aa35cb9abfb2b83
p12v4m6-B-ppo-s4096,B,PPO,4096,mean_reward,-0.027846748802343124,90e40d212b5faaff644e0041eeef92c0b0056ce9a834095a047948a1d5e42529,0ed9091f1ab96d24ef5fbd41d0d080668623e954e4f15e4a277f1c217e825eb9,6f03d3da3ed6ecbe918c5a7f9aa35cb9abfb2b83
p12v4m6-B-ppo-s4096,B,PPO,4096,mean_turnover,0.013677737834299784,90e40d212b5faaff644e0041eeef92c0b0056ce9a834095a047948a1d5e42529,0ed9091f1ab96d24ef5fbd41d0d080668623e954e4f15e4a277f1c217e825eb9,6f03d3da3ed6ecbe918c5a7f9aa35cb9abfb2b83
p12v4m6-B-ppo-s4096,B,PPO,4096,sharpe,1.1699071756177353,90e40d212b5faaff644e0041eeef92c0b0056ce9a834095a047948a1d5e42529,0ed9091f1ab96d24ef5fbd41d0d080668623e954e4f15e4a277f1c217e825eb9,6f03d3da3ed6ecbe918c5a7f9aa35cb9abfb2b83
p12v4m6-B-ppo-s4096,B,PPO,4096,std_return,0.0,90e40d212b5faaff644e0041eeef92c0b0056ce9a834095a047948a1d5e42529,0ed9091f1ab96d24ef5fbd41d0d080668623e954e4f15e4a277f1c217e825eb9,6f03d3da3ed6ecbe918c5a7f9aa35cb9abfb2b83
p12v4m6-B-ppo-s4096,B,PPO,4096,total_cost,19978.264887078716,90e40d212b5faaff644e0041eeef92c0b0056ce9a834095a047948a1d5e42529,0ed9091f1ab96d24ef5fbd41d0d080668623e954e4f15e4a277f1c217e825eb9,6f03d3da3ed6ecbe918c5a7f9aa35cb9abfb2b83
p12v4m6-B-ppo-s4096,B,PPO,4096,trade_count,970.0,90e40d212b5faaff644e0041eeef92c0b0056ce9a834095a047948a1d5e42529,0ed9091f1ab96d24ef5fbd41d0d080668623e954e4f15e4a277f1c217e825eb9,6f03d3da3ed6ecbe918c5a7f9aa35cb9abfb2b83
p12v4m6-B-ppo-s4096,B,PPO,4096,runtime_seconds,211.05911614303477,90e40d212b5faaff644e0041eeef92c0b0056ce9a834095a047948a1d5e42529,0ed9091f1ab96d24ef5fbd41d0d080668623e954e4f15e4a277f1c217e825eb9,6f03d3da3ed6ecbe918c5a7f9aa35cb9abfb2b83
p12v4m6-B-ppo-s8192,B,PPO,8192,max_drawdown,0.12532123217236335,90e40d212b5faaff644e0041eeef92c0b0056ce9a834095a047948a1d5e42529,0ed9091f1ab96d24ef5fbd41d0d080668623e954e4f15e4a277f1c217e825eb9,6f03d3da3ed6ecbe918c5a7f9aa35cb9abfb2b83
p12v4m6-B-ppo-s8192,B,PPO,8192,mean_return,0.17376508706039795,90e40d212b5faaff644e0041eeef92c0b0056ce9a834095a047948a1d5e42529,0ed9091f1ab96d24ef5fbd41d0d080668623e954e4f15e4a277f1c217e825eb9,6f03d3da3ed6ecbe918c5a7f9aa35cb9abfb2b83
p12v4m6-B-ppo-s8192,B,PPO,8192,mean_reward,0.03997633181930904,90e40d212b5faaff644e0041eeef92c0b0056ce9a834095a047948a1d5e42529,0ed9091f1ab96d24ef5fbd41d0d080668623e954e4f15e4a277f1c217e825eb9,6f03d3da3ed6ecbe918c5a7f9aa35cb9abfb2b83
p12v4m6-B-ppo-s8192,B,PPO,8192,mean_turnover,0.015134720973216081,90e40d212b5faaff644e0041eeef92c0b0056ce9a834095a047948a1d5e42529,0ed9091f1ab96d24ef5fbd41d0d080668623e954e4f15e4a277f1c217e825eb9,6f03d3da3ed6ecbe918c5a7f9aa35cb9abfb2b83
p12v4m6-B-ppo-s8192,B,PPO,8192,sharpe,1.9140809752146968,90e40d212b5faaff644e0041eeef92c0b0056ce9a834095a047948a1d5e42529,0ed9091f1ab96d24ef5fbd41d0d080668623e954e4f15e4a277f1c217e825eb9,6f03d3da3ed6ecbe918c5a7f9aa35cb9abfb2b83
p12v4m6-B-ppo-s8192,B,PPO,8192,std_return,0.0,90e40d212b5faaff644e0041eeef92c0b0056ce9a834095a047948a1d5e42529,0ed9091f1ab96d24ef5fbd41d0d080668623e954e4f15e4a277f1c217e825eb9,6f03d3da3ed6ecbe918c5a7f9aa35cb9abfb2b83
p12v4m6-B-ppo-s8192,B,PPO,8192,total_cost,22694.796808253348,90e40d212b5faaff644e0041eeef92c0b0056ce9a834095a047948a1d5e42529,0ed9091f1ab96d24ef5fbd41d0d080668623e954e4f15e4a277f1c217e825eb9,6f03d3da3ed6ecbe918c5a7f9aa35cb9abfb2b83
p12v4m6-B-ppo-s8192,B,PPO,8192,trade_count,970.0,90e40d212b5faaff644e0041eeef92c0b0056ce9a834095a047948a1d5e42529,0ed9091f1ab96d24ef5fbd41d0d080668623e954e4f15e4a277f1c217e825eb9,6f03d3da3ed6ecbe918c5a7f9aa35cb9abfb2b83
p12v4m6-B-ppo-s8192,B,PPO,8192,runtime_seconds,241.59179045504425,90e40d212b5faaff644e0041eeef92c0b0056ce9a834095a047948a1d5e42529,0ed9091f1ab96d24ef5fbd41d0d080668623e954e4f15e4a277f1c217e825eb9,6f03d3da3ed6ecbe918c5a7f9aa35cb9abfb2b83
p12v4m6-B-ppo-s16384,B,PPO,16384,max_drawdown,0.08626622385422411,90e40d212b5faaff644e0041eeef92c0b0056ce9a834095a047948a1d5e42529,0ed9091f1ab96d24ef5fbd41d0d080668623e954e4f15e4a277f1c217e825eb9,6f03d3da3ed6ecbe918c5a7f9aa35cb9abfb2b83
p12v4m6-B-ppo-s16384,B,PPO,16384,mean_return,0.10430219817622399,90e40d212b5faaff644e0041eeef92c0b0056ce9a834095a047948a1d5e42529,0ed9091f1ab96d24ef5fbd41d0d080668623e954e4f15e4a277f1c217e825eb9,6f03d3da3ed6ecbe918c5a7f9aa35cb9abfb2b83
p12v4m6-B-ppo-s16384,B,PPO,16384,mean_reward,0.01799306965667049,90e40d212b5faaff644e0041eeef92c0b0056ce9a834095a047948a1d5e42529,0ed9091f1ab96d24ef5fbd41d0d080668623e954e4f15e4a277f1c217e825eb9,6f03d3da3ed6ecbe918c5a7f9aa35cb9abfb2b83
p12v4m6-B-ppo-s16384,B,PPO,16384,mean_turnover,0.009698913476611285,90e40d212b5faaff644e0041eeef92c0b0056ce9a834095a047948a1d5e42529,0ed9091f1ab96d24ef5fbd41d0d080668623e954e4f15e4a277f1c217e825eb9,6f03d3da3ed6ecbe918c5a7f9aa35cb9abfb2b83
p12v4m6-B-ppo-s16384,B,PPO,16384,sharpe,1.8731882037406664,90e40d212b5faaff644e0041eeef92c0b0056ce9a834095a047948a1d5e42529,0ed9091f1ab96d24ef5fbd41d0d080668623e954e4f15e4a277f1c217e825eb9,6f03d3da3ed6ecbe918c5a7f9aa35cb9abfb2b83
p12v4m6-B-ppo-s16384,B,PPO,16384,std_return,0.0,90e40d212b5faaff644e0041eeef92c0b0056ce9a834095a047948a1d5e42529,0ed9091f1ab96d24ef5fbd41d0d080668623e954e4f15e4a277f1c217e825eb9,6f03d3da3ed6ecbe918c5a7f9aa35cb9abfb2b83
p12v4m6-B-ppo-s16384,B,PPO,16384,total_cost,14226.567176499262,90e40d212b5faaff644e0041eeef92c0b0056ce9a834095a047948a1d5e42529,0ed9091f1ab96d24ef5fbd41d0d080668623e954e4f15e4a277f1c217e825eb9,6f03d3da3ed6ecbe918c5a7f9aa35cb9abfb2b83
p12v4m6-B-ppo-s16384,B,PPO,16384,trade_count,970.0,90e40d212b5faaff644e0041eeef92c0b0056ce9a834095a047948a1d5e42529,0ed9091f1ab96d24ef5fbd41d0d080668623e954e4f15e4a277f1c217e825eb9,6f03d3da3ed6ecbe918c5a7f9aa35cb9abfb2b83
p12v4m6-B-ppo-s16384,B,PPO,16384,runtime_seconds,222.66731332498603,90e40d212b5faaff644e0041eeef92c0b0056ce9a834095a047948a1d5e42529,0ed9091f1ab96d24ef5fbd41d0d080668623e954e4f15e4a277f1c217e825eb9,6f03d3da3ed6ecbe918c5a7f9aa35cb9abfb2b83
p12v4m6-B-sac-s1024,B,SAC,1024,max_drawdown,0.11938116516038255,90e40d212b5faaff644e0041eeef92c0b0056ce9a834095a047948a1d5e42529,0ed9091f1ab96d24ef5fbd41d0d080668623e954e4f15e4a277f1c217e825eb9,6f03d3da3ed6ecbe918c5a7f9aa35cb9abfb2b83
p12v4m6-B-sac-s1024,B,SAC,1024,mean_return,0.12860009822327378,90e40d212b5faaff644e0041eeef92c0b0056ce9a834095a047948a1d5e42529,0ed9091f1ab96d24ef5fbd41d0d080668623e954e4f15e4a277f1c217e825eb9,6f03d3da3ed6ecbe918c5a7f9aa35cb9abfb2b83
p12v4m6-B-sac-s1024,B,SAC,1024,mean_reward,0.015795211760647146,90e40d212b5faaff644e0041eeef92c0b0056ce9a834095a047948a1d5e42529,0ed9091f1ab96d24ef5fbd41d0d080668623e954e4f15e4a277f1c217e825eb9,6f03d3da3ed6ecbe918c5a7f9aa35cb9abfb2b83
p12v4m6-B-sac-s1024,B,SAC,1024,mean_turnover,0.014035188421715817,90e40d212b5faaff644e0041eeef92c0b0056ce9a834095a047948a1d5e42529,0ed9091f1ab96d24ef5fbd41d0d080668623e954e4f15e4a277f1c217e825eb9,6f03d3da3ed6ecbe918c5a7f9aa35cb9abfb2b83
p12v4m6-B-sac-s1024,B,SAC,1024,sharpe,1.6534724721838001,90e40d212b5faaff644e0041eeef92c0b0056ce9a834095a047948a1d5e42529,0ed9091f1ab96d24ef5fbd41d0d080668623e954e4f15e4a277f1c217e825eb9,6f03d3da3ed6ecbe918c5a7f9aa35cb9abfb2b83
p12v4m6-B-sac-s1024,B,SAC,1024,std_return,0.0,90e40d212b5faaff644e0041eeef92c0b0056ce9a834095a047948a1d5e42529,0ed9091f1ab96d24ef5fbd41d0d080668623e954e4f15e4a277f1c217e825eb9,6f03d3da3ed6ecbe918c5a7f9aa35cb9abfb2b83
p12v4m6-B-sac-s1024,B,SAC,1024,total_cost,20913.79711984325,90e40d212b5faaff644e0041eeef92c0b0056ce9a834095a047948a1d5e42529,0ed9091f1ab96d24ef5fbd41d0d080668623e954e4f15e4a277f1c217e825eb9,6f03d3da3ed6ecbe918c5a7f9aa35cb9abfb2b83
p12v4m6-B-sac-s1024,B,SAC,1024,trade_count,970.0,90e40d212b5faaff644e0041eeef92c0b0056ce9a834095a047948a1d5e42529,0ed9091f1ab96d24ef5fbd41d0d080668623e954e4f15e4a277f1c217e825eb9,6f03d3da3ed6ecbe918c5a7f9aa35cb9abfb2b83
p12v4m6-B-sac-s1024,B,SAC,1024,runtime_seconds,1460.4798810139764,90e40d212b5faaff644e0041eeef92c0b0056ce9a834095a047948a1d5e42529,0ed9091f1ab96d24ef5fbd41d0d080668623e954e4f15e4a277f1c217e825eb9,6f03d3da3ed6ecbe918c5a7f9aa35cb9abfb2b83
p12v4m6-B-sac-s2048,B,SAC,2048,max_drawdown,0.09473257027840487,90e40d212b5faaff644e0041eeef92c0b0056ce9a834095a047948a1d5e42529,0ed9091f1ab96d24ef5fbd41d0d080668623e954e4f15e4a277f1c217e825eb9,6f03d3da3ed6ecbe918c5a7f9aa35cb9abfb2b83
p12v4m6-B-sac-s2048,B,SAC,2048,mean_return,0.11704784026776527,90e40d212b5faaff644e0041eeef92c0b0056ce9a834095a047948a1d5e42529,0ed9091f1ab96d24ef5fbd41d0d080668623e954e4f15e4a277f1c217e825eb9,6f03d3da3ed6ecbe918c5a7f9aa35cb9abfb2b83
p12v4m6-B-sac-s2048,B,SAC,2048,mean_reward,0.0009156114145446694,90e40d212b5faaff644e0041eeef92c0b0056ce9a834095a047948a1d5e42529,0ed9091f1ab96d24ef5fbd41d0d080668623e954e4f15e4a277f1c217e825eb9,6f03d3da3ed6ecbe918c5a7f9aa35cb9abfb2b83
p12v4m6-B-sac-s2048,B,SAC,2048,mean_turnover,0.013446758948605154,90e40d212b5faaff644e0041eeef92c0b0056ce9a834095a047948a1d5e42529,0ed9091f1ab96d24ef5fbd41d0d080668623e954e4f15e4a277f1c217e825eb9,6f03d3da3ed6ecbe918c5a7f9aa35cb9abfb2b83
p12v4m6-B-sac-s2048,B,SAC,2048,sharpe,1.411720484250714,90e40d212b5faaff644e0041eeef92c0b0056ce9a834095a047948a1d5e42529,0ed9091f1ab96d24ef5fbd41d0d080668623e954e4f15e4a277f1c217e825eb9,6f03d3da3ed6ecbe918c5a7f9aa35cb9abfb2b83
p12v4m6-B-sac-s2048,B,SAC,2048,std_return,0.0,90e40d212b5faaff644e0041eeef92c0b0056ce9a834095a047948a1d5e42529,0ed9091f1ab96d24ef5fbd41d0d080668623e954e4f15e4a277f1c217e825eb9,6f03d3da3ed6ecbe918c5a7f9aa35cb9abfb2b83
p12v4m6-B-sac-s2048,B,SAC,2048,total_cost,19928.57440201376,90e40d212b5faaff644e0041eeef92c0b0056ce9a834095a047948a1d5e42529,0ed9091f1ab96d24ef5fbd41d0d080668623e954e4f15e4a277f1c217e825eb9,6f03d3da3ed6ecbe918c5a7f9aa35cb9abfb2b83
p12v4m6-B-sac-s2048,B,SAC,2048,trade_count,970.0,90e40d212b5faaff644e0041eeef92c0b0056ce9a834095a047948a1d5e42529,0ed9091f1ab96d24ef5fbd41d0d080668623e954e4f15e4a277f1c217e825eb9,6f03d3da3ed6ecbe918c5a7f9aa35cb9abfb2b83
p12v4m6-B-sac-s2048,B,SAC,2048,runtime_seconds,1481.6264177379198,90e40d212b5faaff644e0041eeef92c0b0056ce9a834095a047948a1d5e42529,0ed9091f1ab96d24ef5fbd41d0d080668623e954e4f15e4a277f1c217e825eb9,6f03d3da3ed6ecbe918c5a7f9aa35cb9abfb2b83
p12v4m6-B-sac-s4096,B,SAC,4096,max_drawdown,0.09635240219333985,90e40d212b5faaff644e0041eeef92c0b0056ce9a834095a047948a1d5e42529,0ed9091f1ab96d24ef5fbd41d0d080668623e954e4f15e4a277f1c217e825eb9,6f03d3da3ed6ecbe918c5a7f9aa35cb9abfb2b83
p12v4m6-B-sac-s4096,B,SAC,4096,mean_return,0.14850267170552822,90e40d212b5faaff644e0041eeef92c0b0056ce9a834095a047948a1d5e42529,0ed9091f1ab96d24ef5fbd41d0d080668623e954e4f15e4a277f1c217e825eb9,6f03d3da3ed6ecbe918c5a7f9aa35cb9abfb2b83
p12v4m6-B-sac-s4096,B,SAC,4096,mean_reward,0.04711925497876615,90e40d212b5faaff644e0041eeef92c0b0056ce9a834095a047948a1d5e42529,0ed9091f1ab96d24ef5fbd41d0d080668623e954e4f15e4a277f1c217e825eb9,6f03d3da3ed6ecbe918c5a7f9aa35cb9abfb2b83
p12v4m6-B-sac-s4096,B,SAC,4096,mean_turnover,0.010930190920189358,90e40d212b5faaff644e0041eeef92c0b0056ce9a834095a047948a1d5e42529,0ed9091f1ab96d24ef5fbd41d0d080668623e954e4f15e4a277f1c217e825eb9,6f03d3da3ed6ecbe918c5a7f9aa35cb9abfb2b83
p12v4m6-B-sac-s4096,B,SAC,4096,sharpe,2.1800451802983356,90e40d212b5faaff644e0041eeef92c0b0056ce9a834095a047948a1d5e42529,0ed9091f1ab96d24ef5fbd41d0d080668623e954e4f15e4a277f1c217e825eb9,6f03d3da3ed6ecbe918c5a7f9aa35cb9abfb2b83
p12v4m6-B-sac-s4096,B,SAC,4096,std_return,0.0,90e40d212b5faaff644e0041eeef92c0b0056ce9a834095a047948a1d5e42529,0ed9091f1ab96d24ef5fbd41d0d080668623e954e4f15e4a277f1c217e825eb9,6f03d3da3ed6ecbe918c5a7f9aa35cb9abfb2b83
p12v4m6-B-sac-s4096,B,SAC,4096,total_cost,16525.71264845401,90e40d212b5faaff644e0041eeef92c0b0056ce9a834095a047948a1d5e42529,0ed9091f1ab96d24ef5fbd41d0d080668623e954e4f15e4a277f1c217e825eb9,6f03d3da3ed6ecbe918c5a7f9aa35cb9abfb2b83
p12v4m6-B-sac-s4096,B,SAC,4096,trade_count,970.0,90e40d212b5faaff644e0041eeef92c0b0056ce9a834095a047948a1d5e42529,0ed9091f1ab96d24ef5fbd41d0d080668623e954e4f15e4a277f1c217e825eb9,6f03d3da3ed6ecbe918c5a7f9aa35cb9abfb2b83
p12v4m6-B-sac-s4096,B,SAC,4096,runtime_seconds,1356.7310365389567,90e40d212b5faaff644e0041eeef92c0b0056ce9a834095a047948a1d5e42529,0ed9091f1ab96d24ef5fbd41d0d080668623e954e4f15e4a277f1c217e825eb9,6f03d3da3ed6ecbe918c5a7f9aa35cb9abfb2b83
p12v4m6-B-sac-s8192,B,SAC,8192,max_drawdown,0.09558094433794584,90e40d212b5faaff644e0041eeef92c0b0056ce9a834095a047948a1d5e42529,0ed9091f1ab96d24ef5fbd41d0d080668623e954e4f15e4a277f1c217e825eb9,6f03d3da3ed6ecbe918c5a7f9aa35cb9abfb2b83
p12v4m6-B-sac-s8192,B,SAC,8192,mean_return,0.14839162343338996,90e40d212b5faaff644e0041eeef92c0b0056ce9a834095a047948a1d5e42529,0ed9091f1ab96d24ef5fbd41d0d080668623e954e4f15e4a277f1c217e825eb9,6f03d3da3ed6ecbe918c5a7f9aa35cb9abfb2b83
p12v4m6-B-sac-s8192,B,SAC,8192,mean_reward,0.031361567903071985,90e40d212b5faaff644e0041eeef92c0b0056ce9a834095a047948a1d5e42529,0ed9091f1ab96d24ef5fbd41d0d080668623e954e4f15e4a277f1c217e825eb9,6f03d3da3ed6ecbe918c5a7f9aa35cb9abfb2b83
p12v4m6-B-sac-s8192,B,SAC,8192,mean_turnover,0.013020239254830068,90e40d212b5faaff644e0041eeef92c0b0056ce9a834095a047948a1d5e42529,0ed9091f1ab96d24ef5fbd41d0d080668623e954e4f15e4a277f1c217e825eb9,6f03d3da3ed6ecbe918c5a7f9aa35cb9abfb2b83
p12v4m6-B-sac-s8192,B,SAC,8192,sharpe,1.8726316460577335,90e40d212b5faaff644e0041eeef92c0b0056ce9a834095a047948a1d5e42529,0ed9091f1ab96d24ef5fbd41d0d080668623e954e4f15e4a277f1c217e825eb9,6f03d3da3ed6ecbe918c5a7f9aa35cb9abfb2b83
p12v4m6-B-sac-s8192,B,SAC,8192,std_return,0.0,90e40d212b5faaff644e0041eeef92c0b0056ce9a834095a047948a1d5e42529,0ed9091f1ab96d24ef5fbd41d0d080668623e954e4f15e4a277f1c217e825eb9,6f03d3da3ed6ecbe918c5a7f9aa35cb9abfb2b83
p12v4m6-B-sac-s8192,B,SAC,8192,total_cost,19401.501151072098,90e40d212b5faaff644e0041eeef92c0b0056ce9a834095a047948a1d5e42529,0ed9091f1ab96d24ef5fbd41d0d080668623e954e4f15e4a277f1c217e825eb9,6f03d3da3ed6ecbe918c5a7f9aa35cb9abfb2b83
p12v4m6-B-sac-s8192,B,SAC,8192,trade_count,970.0,90e40d212b5faaff644e0041eeef92c0b0056ce9a834095a047948a1d5e42529,0ed9091f1ab96d24ef5fbd41d0d080668623e954e4f15e4a277f1c217e825eb9,6f03d3da3ed6ecbe918c5a7f9aa35cb9abfb2b83
p12v4m6-B-sac-s8192,B,SAC,8192,runtime_seconds,1044.2427109340206,90e40d212b5faaff644e0041eeef92c0b0056ce9a834095a047948a1d5e42529,0ed9091f1ab96d24ef5fbd41d0d080668623e954e4f15e4a277f1c217e825eb9,6f03d3da3ed6ecbe918c5a7f9aa35cb9abfb2b83
p12v4m6-B-sac-s16384,B,SAC,16384,max_drawdown,0.09727782567435561,90e40d212b5faaff644e0041eeef92c0b0056ce9a834095a047948a1d5e42529,0ed9091f1ab96d24ef5fbd41d0d080668623e954e4f15e4a277f1c217e825eb9,6f03d3da3ed6ecbe918c5a7f9aa35cb9abfb2b83
p12v4m6-B-sac-s16384,B,SAC,16384,mean_return,0.14887782606406819,90e40d212b5faaff644e0041eeef92c0b0056ce9a834095a047948a1d5e42529,0ed9091f1ab96d24ef5fbd41d0d080668623e954e4f15e4a277f1c217e825eb9,6f03d3da3ed6ecbe918c5a7f9aa35cb9abfb2b83
p12v4m6-B-sac-s16384,B,SAC,16384,mean_reward,0.032915584535444894,90e40d212b5faaff644e0041eeef92c0b0056ce9a834095a047948a1d5e42529,0ed9091f1ab96d24ef5fbd41d0d080668623e954e4f15e4a277f1c217e825eb9,6f03d3da3ed6ecbe918c5a7f9aa35cb9abfb2b83
p12v4m6-B-sac-s16384,B,SAC,16384,mean_turnover,0.015104460511425085,90e40d212b5faaff644e0041eeef92c0b0056ce9a834095a047948a1d5e42529,0ed9091f1ab96d24ef5fbd41d0d080668623e954e4f15e4a277f1c217e825eb9,6f03d3da3ed6ecbe918c5a7f9aa35cb9abfb2b83
p12v4m6-B-sac-s16384,B,SAC,16384,sharpe,1.8907004307246797,90e40d212b5faaff644e0041eeef92c0b0056ce9a834095a047948a1d5e42529,0ed9091f1ab96d24ef5fbd41d0d080668623e954e4f15e4a277f1c217e825eb9,6f03d3da3ed6ecbe918c5a7f9aa35cb9abfb2b83
p12v4m6-B-sac-s16384,B,SAC,16384,std_return,0.0,90e40d212b5faaff644e0041eeef92c0b0056ce9a834095a047948a1d5e42529,0ed9091f1ab96d24ef5fbd41d0d080668623e954e4f15e4a277f1c217e825eb9,6f03d3da3ed6ecbe918c5a7f9aa35cb9abfb2b83
p12v4m6-B-sac-s16384,B,SAC,16384,total_cost,22701.492071477318,90e40d212b5faaff644e0041eeef92c0b0056ce9a834095a047948a1d5e42529,0ed9091f1ab96d24ef5fbd41d0d080668623e954e4f15e4a277f1c217e825eb9,6f03d3da3ed6ecbe918c5a7f9aa35cb9abfb2b83
p12v4m6-B-sac-s16384,B,SAC,16384,trade_count,970.0,90e40d212b5faaff644e0041eeef92c0b0056ce9a834095a047948a1d5e42529,0ed9091f1ab96d24ef5fbd41d0d080668623e954e4f15e4a277f1c217e825eb9,6f03d3da3ed6ecbe918c5a7f9aa35cb9abfb2b83
p12v4m6-B-sac-s16384,B,SAC,16384,runtime_seconds,861.9375997489551,90e40d212b5faaff644e0041eeef92c0b0056ce9a834095a047948a1d5e42529,0ed9091f1ab96d24ef5fbd41d0d080668623e954e4f15e4a277f1c217e825eb9,6f03d3da3ed6ecbe918c5a7f9aa35cb9abfb2b83
p12v4m6-B-td3-s1024,B,TD3,1024,max_drawdown,0.08132543444655693,90e40d212b5faaff644e0041eeef92c0b0056ce9a834095a047948a1d5e42529,0ed9091f1ab96d24ef5fbd41d0d080668623e954e4f15e4a277f1c217e825eb9,6f03d3da3ed6ecbe918c5a7f9aa35cb9abfb2b83
p12v4m6-B-td3-s1024,B,TD3,1024,mean_return,0.09456657247212696,90e40d212b5faaff644e0041eeef92c0b0056ce9a834095a047948a1d5e42529,0ed9091f1ab96d24ef5fbd41d0d080668623e954e4f15e4a277f1c217e825eb9,6f03d3da3ed6ecbe918c5a7f9aa35cb9abfb2b83
p12v4m6-B-td3-s1024,B,TD3,1024,mean_reward,0.006857855229036078,90e40d212b5faaff644e0041eeef92c0b0056ce9a834095a047948a1d5e42529,0ed9091f1ab96d24ef5fbd41d0d080668623e954e4f15e4a277f1c217e825eb9,6f03d3da3ed6ecbe918c5a7f9aa35cb9abfb2b83
p12v4m6-B-td3-s1024,B,TD3,1024,mean_turnover,0.010920923087487124,90e40d212b5faaff644e0041eeef92c0b0056ce9a834095a047948a1d5e42529,0ed9091f1ab96d24ef5fbd41d0d080668623e954e4f15e4a277f1c217e825eb9,6f03d3da3ed6ecbe918c5a7f9aa35cb9abfb2b83
p12v4m6-B-td3-s1024,B,TD3,1024,sharpe,1.656019997094423,90e40d212b5faaff644e0041eeef92c0b0056ce9a834095a047948a1d5e42529,0ed9091f1ab96d24ef5fbd41d0d080668623e954e4f15e4a277f1c217e825eb9,6f03d3da3ed6ecbe918c5a7f9aa35cb9abfb2b83
p12v4m6-B-td3-s1024,B,TD3,1024,std_return,0.0,90e40d212b5faaff644e0041eeef92c0b0056ce9a834095a047948a1d5e42529,0ed9091f1ab96d24ef5fbd41d0d080668623e954e4f15e4a277f1c217e825eb9,6f03d3da3ed6ecbe918c5a7f9aa35cb9abfb2b83
p12v4m6-B-td3-s1024,B,TD3,1024,total_cost,16113.74911862379,90e40d212b5faaff644e0041eeef92c0b0056ce9a834095a047948a1d5e42529,0ed9091f1ab96d24ef5fbd41d0d080668623e954e4f15e4a277f1c217e825eb9,6f03d3da3ed6ecbe918c5a7f9aa35cb9abfb2b83
p12v4m6-B-td3-s1024,B,TD3,1024,trade_count,970.0,90e40d212b5faaff644e0041eeef92c0b0056ce9a834095a047948a1d5e42529,0ed9091f1ab96d24ef5fbd41d0d080668623e954e4f15e4a277f1c217e825eb9,6f03d3da3ed6ecbe918c5a7f9aa35cb9abfb2b83
p12v4m6-B-td3-s1024,B,TD3,1024,runtime_seconds,575.671505756909,90e40d212b5faaff644e0041eeef92c0b0056ce9a834095a047948a1d5e42529,0ed9091f1ab96d24ef5fbd41d0d080668623e954e4f15e4a277f1c217e825eb9,6f03d3da3ed6ecbe918c5a7f9aa35cb9abfb2b83
p12v4m6-B-td3-s2048,B,TD3,2048,max_drawdown,0.09041666246509195,90e40d212b5faaff644e0041eeef92c0b0056ce9a834095a047948a1d5e42529,0ed9091f1ab96d24ef5fbd41d0d080668623e954e4f15e4a277f1c217e825eb9,6f03d3da3ed6ecbe918c5a7f9aa35cb9abfb2b83
p12v4m6-B-td3-s2048,B,TD3,2048,mean_return,0.16874499855606095,90e40d212b5faaff644e0041eeef92c0b0056ce9a834095a047948a1d5e42529,0ed9091f1ab96d24ef5fbd41d0d080668623e954e4f15e4a277f1c217e825eb9,6f03d3da3ed6ecbe918c5a7f9aa35cb9abfb2b83
p12v4m6-B-td3-s2048,B,TD3,2048,mean_reward,0.05346077382245579,90e40d212b5faaff644e0041eeef92c0b0056ce9a834095a047948a1d5e42529,0ed9091f1ab96d24ef5fbd41d0d080668623e954e4f15e4a277f1c217e825eb9,6f03d3da3ed6ecbe918c5a7f9aa35cb9abfb2b83
p12v4m6-B-td3-s2048,B,TD3,2048,mean_turnover,0.012231074085186549,90e40d212b5faaff644e0041eeef92c0b0056ce9a834095a047948a1d5e42529,0ed9091f1ab96d24ef5fbd41d0d080668623e954e4f15e4a277f1c217e825eb9,6f03d3da3ed6ecbe918c5a7f9aa35cb9abfb2b83
p12v4m6-B-td3-s2048,B,TD3,2048,sharpe,2.0536755805520444,90e40d212b5faaff644e0041eeef92c0b0056ce9a834095a047948a1d5e42529,0ed9091f1ab96d24ef5fbd41d0d080668623e954e4f15e4a277f1c217e825eb9,6f03d3da3ed6ecbe918c5a7f9aa35cb9abfb2b83
p12v4m6-B-td3-s2048,B,TD3,2048,std_return,0.0,90e40d212b5faaff644e0041eeef92c0b0056ce9a834095a047948a1d5e42529,0ed9091f1ab96d24ef5fbd41d0d080668623e954e4f15e4a277f1c217e825eb9,6f03d3da3ed6ecbe918c5a7f9aa35cb9abfb2b83
p12v4m6-B-td3-s2048,B,TD3,2048,total_cost,18472.51391678166,90e40d212b5faaff644e0041eeef92c0b0056ce9a834095a047948a1d5e42529,0ed9091f1ab96d24ef5fbd41d0d080668623e954e4f15e4a277f1c217e825eb9,6f03d3da3ed6ecbe918c5a7f9aa35cb9abfb2b83
p12v4m6-B-td3-s2048,B,TD3,2048,trade_count,970.0,90e40d212b5faaff644e0041eeef92c0b0056ce9a834095a047948a1d5e42529,0ed9091f1ab96d24ef5fbd41d0d080668623e954e4f15e4a277f1c217e825eb9,6f03d3da3ed6ecbe918c5a7f9aa35cb9abfb2b83
p12v4m6-B-td3-s2048,B,TD3,2048,runtime_seconds,494.5525738960132,90e40d212b5faaff644e0041eeef92c0b0056ce9a834095a047948a1d5e42529,0ed9091f1ab96d24ef5fbd41d0d080668623e954e4f15e4a277f1c217e825eb9,6f03d3da3ed6ecbe918c5a7f9aa35cb9abfb2b83
p12v4m6-B-td3-s4096,B,TD3,4096,max_drawdown,0.10294006477389062,90e40d212b5faaff644e0041eeef92c0b0056ce9a834095a047948a1d5e42529,0ed9091f1ab96d24ef5fbd41d0d080668623e954e4f15e4a277f1c217e825eb9,6f03d3da3ed6ecbe918c5a7f9aa35cb9abfb2b83
p12v4m6-B-td3-s4096,B,TD3,4096,mean_return,0.11995450765486226,90e40d212b5faaff644e0041eeef92c0b0056ce9a834095a047948a1d5e42529,0ed9091f1ab96d24ef5fbd41d0d080668623e954e4f15e4a277f1c217e825eb9,6f03d3da3ed6ecbe918c5a7f9aa35cb9abfb2b83
p12v4m6-B-td3-s4096,B,TD3,4096,mean_reward,0.010134989896572851,90e40d212b5faaff644e0041eeef92c0b0056ce9a834095a047948a1d5e42529,0ed9091f1ab96d24ef5fbd41d0d080668623e954e4f15e4a277f1c217e825eb9,6f03d3da3ed6ecbe918c5a7f9aa35cb9abfb2b83
p12v4m6-B-td3-s4096,B,TD3,4096,mean_turnover,0.012848258085328863,90e40d212b5faaff644e0041eeef92c0b0056ce9a834095a047948a1d5e42529,0ed9091f1ab96d24ef5fbd41d0d080668623e954e4f15e4a277f1c217e825eb9,6f03d3da3ed6ecbe918c5a7f9aa35cb9abfb2b83
p12v4m6-B-td3-s4096,B,TD3,4096,sharpe,1.6166190372428317,90e40d212b5faaff644e0041eeef92c0b0056ce9a834095a047948a1d5e42529,0ed9091f1ab96d24ef5fbd41d0d080668623e954e4f15e4a277f1c217e825eb9,6f03d3da3ed6ecbe918c5a7f9aa35cb9abfb2b83
p12v4m6-B-td3-s4096,B,TD3,4096,std_return,0.0,90e40d212b5faaff644e0041eeef92c0b0056ce9a834095a047948a1d5e42529,0ed9091f1ab96d24ef5fbd41d0d080668623e954e4f15e4a277f1c217e825eb9,6f03d3da3ed6ecbe918c5a7f9aa35cb9abfb2b83
p12v4m6-B-td3-s4096,B,TD3,4096,total_cost,19051.681326904894,90e40d212b5faaff644e0041eeef92c0b0056ce9a834095a047948a1d5e42529,0ed9091f1ab96d24ef5fbd41d0d080668623e954e4f15e4a277f1c217e825eb9,6f03d3da3ed6ecbe918c5a7f9aa35cb9abfb2b83
p12v4m6-B-td3-s4096,B,TD3,4096,trade_count,970.0,90e40d212b5faaff644e0041eeef92c0b0056ce9a834095a047948a1d5e42529,0ed9091f1ab96d24ef5fbd41d0d080668623e954e4f15e4a277f1c217e825eb9,6f03d3da3ed6ecbe918c5a7f9aa35cb9abfb2b83
p12v4m6-B-td3-s4096,B,TD3,4096,runtime_seconds,574.0914271420334,90e40d212b5faaff644e0041eeef92c0b0056ce9a834095a047948a1d5e42529,0ed9091f1ab96d24ef5fbd41d0d080668623e954e4f15e4a277f1c217e825eb9,6f03d3da3ed6ecbe918c5a7f9aa35cb9abfb2b83
p12v4m6-B-td3-s8192,B,TD3,8192,max_drawdown,0.11945043158171686,90e40d212b5faaff644e0041eeef92c0b0056ce9a834095a047948a1d5e42529,0ed9091f1ab96d24ef5fbd41d0d080668623e954e4f15e4a277f1c217e825eb9,6f03d3da3ed6ecbe918c5a7f9aa35cb9abfb2b83
p12v4m6-B-td3-s8192,B,TD3,8192,mean_return,0.11876055250642348,90e40d212b5faaff644e0041eeef92c0b0056ce9a834095a047948a1d5e42529,0ed9091f1ab96d24ef5fbd41d0d080668623e954e4f15e4a277f1c217e825eb9,6f03d3da3ed6ecbe918c5a7f9aa35cb9abfb2b83
p12v4m6-B-td3-s8192,B,TD3,8192,mean_reward,0.006817944018333404,90e40d212b5faaff644e0041eeef92c0b0056ce9a834095a047948a1d5e42529,0ed9091f1ab96d24ef5fbd41d0d080668623e954e4f15e4a277f1c217e825eb9,6f03d3da3ed6ecbe918c5a7f9aa35cb9abfb2b83
p12v4m6-B-td3-s8192,B,TD3,8192,mean_turnover,0.012931884089474913,90e40d212b5faaff644e0041eeef92c0b0056ce9a834095a047948a1d5e42529,0ed9091f1ab96d24ef5fbd41d0d080668623e954e4f15e4a277f1c217e825eb9,6f03d3da3ed6ecbe918c5a7f9aa35cb9abfb2b83
p12v4m6-B-td3-s8192,B,TD3,8192,sharpe,1.5411644298385612,90e40d212b5faaff644e0041eeef92c0b0056ce9a834095a047948a1d5e42529,0ed9091f1ab96d24ef5fbd41d0d080668623e954e4f15e4a277f1c217e825eb9,6f03d3da3ed6ecbe918c5a7f9aa35cb9abfb2b83
p12v4m6-B-td3-s8192,B,TD3,8192,std_return,0.0,90e40d212b5faaff644e0041eeef92c0b0056ce9a834095a047948a1d5e42529,0ed9091f1ab96d24ef5fbd41d0d080668623e954e4f15e4a277f1c217e825eb9,6f03d3da3ed6ecbe918c5a7f9aa35cb9abfb2b83
p12v4m6-B-td3-s8192,B,TD3,8192,total_cost,18993.415070546296,90e40d212b5faaff644e0041eeef92c0b0056ce9a834095a047948a1d5e42529,0ed9091f1ab96d24ef5fbd41d0d080668623e954e4f15e4a277f1c217e825eb9,6f03d3da3ed6ecbe918c5a7f9aa35cb9abfb2b83
p12v4m6-B-td3-s8192,B,TD3,8192,trade_count,970.0,90e40d212b5faaff644e0041eeef92c0b0056ce9a834095a047948a1d5e42529,0ed9091f1ab96d24ef5fbd41d0d080668623e954e4f15e4a277f1c217e825eb9,6f03d3da3ed6ecbe918c5a7f9aa35cb9abfb2b83
p12v4m6-B-td3-s8192,B,TD3,8192,runtime_seconds,566.1487332390388,90e40d212b5faaff644e0041eeef92c0b0056ce9a834095a047948a1d5e42529,0ed9091f1ab96d24ef5fbd41d0d080668623e954e4f15e4a277f1c217e825eb9,6f03d3da3ed6ecbe918c5a7f9aa35cb9abfb2b83
p12v4m6-B-td3-s16384,B,TD3,16384,max_drawdown,0.11013585200596554,90e40d212b5faaff644e0041eeef92c0b0056ce9a834095a047948a1d5e42529,0ed9091f1ab96d24ef5fbd41d0d080668623e954e4f15e4a277f1c217e825eb9,6f03d3da3ed6ecbe918c5a7f9aa35cb9abfb2b83
p12v4m6-B-td3-s16384,B,TD3,16384,mean_return,0.1587466864870395,90e40d212b5faaff644e0041eeef92c0b0056ce9a834095a047948a1d5e42529,0ed9091f1ab96d24ef5fbd41d0d080668623e954e4f15e4a277f1c217e825eb9,6f03d3da3ed6ecbe918c5a7f9aa35cb9abfb2b83
p12v4m6-B-td3-s16384,B,TD3,16384,mean_reward,0.030367597103693723,90e40d212b5faaff644e0041eeef92c0b0056ce9a834095a047948a1d5e42529,0ed9091f1ab96d24ef5fbd41d0d080668623e954e4f15e4a277f1c217e825eb9,6f03d3da3ed6ecbe918c5a7f9aa35cb9abfb2b83
p12v4m6-B-td3-s16384,B,TD3,16384,mean_turnover,0.02313012692661781,90e40d212b5faaff644e0041eeef92c0b0056ce9a834095a047948a1d5e42529,0ed9091f1ab96d24ef5fbd41d0d080668623e954e4f15e4a277f1c217e825eb9,6f03d3da3ed6ecbe918c5a7f9aa35cb9abfb2b83
p12v4m6-B-td3-s16384,B,TD3,16384,sharpe,1.7837297962380843,90e40d212b5faaff644e0041eeef92c0b0056ce9a834095a047948a1d5e42529,0ed9091f1ab96d24ef5fbd41d0d080668623e954e4f15e4a277f1c217e825eb9,6f03d3da3ed6ecbe918c5a7f9aa35cb9abfb2b83
p12v4m6-B-td3-s16384,B,TD3,16384,std_return,0.0,90e40d212b5faaff644e0041eeef92c0b0056ce9a834095a047948a1d5e42529,0ed9091f1ab96d24ef5fbd41d0d080668623e954e4f15e4a277f1c217e825eb9,6f03d3da3ed6ecbe918c5a7f9aa35cb9abfb2b83
p12v4m6-B-td3-s16384,B,TD3,16384,total_cost,34893.48776833984,90e40d212b5faaff644e0041eeef92c0b0056ce9a834095a047948a1d5e42529,0ed9091f1ab96d24ef5fbd41d0d080668623e954e4f15e4a277f1c217e825eb9,6f03d3da3ed6ecbe918c5a7f9aa35cb9abfb2b83
p12v4m6-B-td3-s16384,B,TD3,16384,trade_count,970.0,90e40d212b5faaff644e0041eeef92c0b0056ce9a834095a047948a1d5e42529,0ed9091f1ab96d24ef5fbd41d0d080668623e954e4f15e4a277f1c217e825eb9,6f03d3da3ed6ecbe918c5a7f9aa35cb9abfb2b83
p12v4m6-B-td3-s16384,B,TD3,16384,runtime_seconds,570.4824753790163,90e40d212b5faaff644e0041eeef92c0b0056ce9a834095a047948a1d5e42529,0ed9091f1ab96d24ef5fbd41d0d080668623e954e4f15e4a277f1c217e825eb9,6f03d3da3ed6ecbe918c5a7f9aa35cb9abfb2b83
p12v4m6-C-cn_hk_jp_to_us-s1024,C,CN+HK+JP_to_US,1024,max_drawdown,0.03380248332263569,90e40d212b5faaff644e0041eeef92c0b0056ce9a834095a047948a1d5e42529,0ed9091f1ab96d24ef5fbd41d0d080668623e954e4f15e4a277f1c217e825eb9,6f03d3da3ed6ecbe918c5a7f9aa35cb9abfb2b83
p12v4m6-C-cn_hk_jp_to_us-s1024,C,CN+HK+JP_to_US,1024,mean_return,0.03594082364804785,90e40d212b5faaff644e0041eeef92c0b0056ce9a834095a047948a1d5e42529,0ed9091f1ab96d24ef5fbd41d0d080668623e954e4f15e4a277f1c217e825eb9,6f03d3da3ed6ecbe918c5a7f9aa35cb9abfb2b83
p12v4m6-C-cn_hk_jp_to_us-s1024,C,CN+HK+JP_to_US,1024,mean_reward,-0.007704775605251601,90e40d212b5faaff644e0041eeef92c0b0056ce9a834095a047948a1d5e42529,0ed9091f1ab96d24ef5fbd41d0d080668623e954e4f15e4a277f1c217e825eb9,6f03d3da3ed6ecbe918c5a7f9aa35cb9abfb2b83
p12v4m6-C-cn_hk_jp_to_us-s1024,C,CN+HK+JP_to_US,1024,mean_turnover,0.023413895915037022,90e40d212b5faaff644e0041eeef92c0b0056ce9a834095a047948a1d5e42529,0ed9091f1ab96d24ef5fbd41d0d080668623e954e4f15e4a277f1c217e825eb9,6f03d3da3ed6ecbe918c5a7f9aa35cb9abfb2b83
p12v4m6-C-cn_hk_jp_to_us-s1024,C,CN+HK+JP_to_US,1024,sharpe,1.201440401489788,90e40d212b5faaff644e0041eeef92c0b0056ce9a834095a047948a1d5e42529,0ed9091f1ab96d24ef5fbd41d0d080668623e954e4f15e4a277f1c217e825eb9,6f03d3da3ed6ecbe918c5a7f9aa35cb9abfb2b83
p12v4m6-C-cn_hk_jp_to_us-s1024,C,CN+HK+JP_to_US,1024,std_return,0.0,90e40d212b5faaff644e0041eeef92c0b0056ce9a834095a047948a1d5e42529,0ed9091f1ab96d24ef5fbd41d0d080668623e954e4f15e4a277f1c217e825eb9,6f03d3da3ed6ecbe918c5a7f9aa35cb9abfb2b83
p12v4m6-C-cn_hk_jp_to_us-s1024,C,CN+HK+JP_to_US,1024,total_cost,34530.887233858106,90e40d212b5faaff644e0041eeef92c0b0056ce9a834095a047948a1d5e42529,0ed9091f1ab96d24ef5fbd41d0d080668623e954e4f15e4a277f1c217e825eb9,6f03d3da3ed6ecbe918c5a7f9aa35cb9abfb2b83
p12v4m6-C-cn_hk_jp_to_us-s1024,C,CN+HK+JP_to_US,1024,trade_count,930.0,90e40d212b5faaff644e0041eeef92c0b0056ce9a834095a047948a1d5e42529,0ed9091f1ab96d24ef5fbd41d0d080668623e954e4f15e4a277f1c217e825eb9,6f03d3da3ed6ecbe918c5a7f9aa35cb9abfb2b83
p12v4m6-C-cn_hk_jp_to_us-s2048,C,CN+HK+JP_to_US,2048,max_drawdown,0.039058067980307865,90e40d212b5faaff644e0041eeef92c0b0056ce9a834095a047948a1d5e42529,0ed9091f1ab96d24ef5fbd41d0d080668623e954e4f15e4a277f1c217e825eb9,6f03d3da3ed6ecbe918c5a7f9aa35cb9abfb2b83
p12v4m6-C-cn_hk_jp_to_us-s2048,C,CN+HK+JP_to_US,2048,mean_return,0.06570640504849146,90e40d212b5faaff644e0041eeef92c0b0056ce9a834095a047948a1d5e42529,0ed9091f1ab96d24ef5fbd41d0d080668623e954e4f15e4a277f1c217e825eb9,6f03d3da3ed6ecbe918c5a7f9aa35cb9abfb2b83
p12v4m6-C-cn_hk_jp_to_us-s2048,C,CN+HK+JP_to_US,2048,mean_reward,0.005158981195866894,90e40d212b5faaff644e0041eeef92c0b0056ce9a834095a047948a1d5e42529,0ed9091f1ab96d24ef5fbd41d0d080668623e954e4f15e4a277f1c217e825eb9,6f03d3da3ed6ecbe918c5a7f9aa35cb9abfb2b83
p12v4m6-C-cn_hk_jp_to_us-s2048,C,CN+HK+JP_to_US,2048,mean_turnover,0.018045329902983798,90e40d212b5faaff644e0041eeef92c0b0056ce9a834095a047948a1d5e42529,0ed9091f1ab96d24ef5fbd41d0d080668623e954e4f15e4a277f1c217e825eb9,6f03d3da3ed6ecbe918c5a7f9aa35cb9abfb2b83
p12v4m6-C-cn_hk_jp_to_us-s2048,C,CN+HK+JP_to_US,2048,sharpe,1.604519318968066,90e40d212b5faaff644e0041eeef92c0b0056ce9a834095a047948a1d5e42529,0ed9091f1ab96d24ef5fbd41d0d080668623e954e4f15e4a277f1c217e825eb9,6f03d3da3ed6ecbe918c5a7f9aa35cb9abfb2b83
p12v4m6-C-cn_hk_jp_to_us-s2048,C,CN+HK+JP_to_US,2048,std_return,0.0,90e40d212b5faaff644e0041eeef92c0b0056ce9a834095a047948a1d5e42529,0ed9091f1ab96d24ef5fbd41d0d080668623e954e4f15e4a277f1c217e825eb9,6f03d3da3ed6ecbe918c5a7f9aa35cb9abfb2b83
p12v4m6-C-cn_hk_jp_to_us-s2048,C,CN+HK+JP_to_US,2048,total_cost,26971.48731170653,90e40d212b5faaff644e0041eeef92c0b0056ce9a834095a047948a1d5e42529,0ed9091f1ab96d24ef5fbd41d0d080668623e954e4f15e4a277f1c217e825eb9,6f03d3da3ed6ecbe918c5a7f9aa35cb9abfb2b83
p12v4m6-C-cn_hk_jp_to_us-s2048,C,CN+HK+JP_to_US,2048,trade_count,930.0,90e40d212b5faaff644e0041eeef92c0b0056ce9a834095a047948a1d5e42529,0ed9091f1ab96d24ef5fbd41d0d080668623e954e4f15e4a277f1c217e825eb9,6f03d3da3ed6ecbe918c5a7f9aa35cb9abfb2b83
p12v4m6-C-cn_hk_jp_to_us-s4096,C,CN+HK+JP_to_US,4096,max_drawdown,0.03730425770339607,90e40d212b5faaff644e0041eeef92c0b0056ce9a834095a047948a1d5e42529,0ed9091f1ab96d24ef5fbd41d0d080668623e954e4f15e4a277f1c217e825eb9,6f03d3da3ed6ecbe918c5a7f9aa35cb9abfb2b83
p12v4m6-C-cn_hk_jp_to_us-s4096,C,CN+HK+JP_to_US,4096,mean_return,0.029659410078290316,90e40d212b5faaff644e0041eeef92c0b0056ce9a834095a047948a1d5e42529,0ed9091f1ab96d24ef5fbd41d0d080668623e954e4f15e4a277f1c217e825eb9,6f03d3da3ed6ecbe918c5a7f9aa35cb9abfb2b83
p12v4m6-C-cn_hk_jp_to_us-s4096,C,CN+HK+JP_to_US,4096,mean_reward,-0.010791355213183841,90e40d212b5faaff644e0041eeef92c0b0056ce9a834095a047948a1d5e42529,0ed9091f1ab96d24ef5fbd41d0d080668623e954e4f15e4a277f1c217e825eb9,6f03d3da3ed6ecbe918c5a7f9aa35cb9abfb2b83
p12v4m6-C-cn_hk_jp_to_us-s4096,C,CN+HK+JP_to_US,4096,mean_turnover,0.012371469543909793,90e40d212b5faaff644e0041eeef92c0b0056ce9a834095a047948a1d5e42529,0ed9091f1ab96d24ef5fbd41d0d080668623e954e4f15e4a277f1c217e825eb9,6f03d3da3ed6ecbe918c5a7f9aa35cb9abfb2b83
p12v4m6-C-cn_hk_jp_to_us-s4096,C,CN+HK+JP_to_US,4096,sharpe,1.142655837634776,90e40d212b5faaff644e0041eeef92c0b0056ce9a834095a047948a1d5e42529,0ed9091f1ab96d24ef5fbd41d0d080668623e954e4f15e4a277f1c217e825eb9,6f03d3da3ed6ecbe918c5a7f9aa35cb9abfb2b83
p12v4m6-C-cn_hk_jp_to_us-s4096,C,CN+HK+JP_to_US,4096,std_return,0.0,90e40d212b5faaff644e0041eeef92c0b0056ce9a834095a047948a1d5e42529,0ed9091f1ab96d24ef5fbd41d0d080668623e954e4f15e4a277f1c217e825eb9,6f03d3da3ed6ecbe918c5a7f9aa35cb9abfb2b83
p12v4m6-C-cn_hk_jp_to_us-s4096,C,CN+HK+JP_to_US,4096,total_cost,18213.880184869766,90e40d212b5faaff644e0041eeef92c0b0056ce9a834095a047948a1d5e42529,0ed9091f1ab96d24ef5fbd41d0d080668623e954e4f15e4a277f1c217e825eb9,6f03d3da3ed6ecbe918c5a7f9aa35cb9abfb2b83
p12v4m6-C-cn_hk_jp_to_us-s4096,C,CN+HK+JP_to_US,4096,trade_count,930.0,90e40d212b5faaff644e0041eeef92c0b0056ce9a834095a047948a1d5e42529,0ed9091f1ab96d24ef5fbd41d0d080668623e954e4f15e4a277f1c217e825eb9,6f03d3da3ed6ecbe918c5a7f9aa35cb9abfb2b83
p12v4m6-C-cn_hk_jp_to_us-s8192,C,CN+HK+JP_to_US,8192,max_drawdown,0.0791491693213443,90e40d212b5faaff644e0041eeef92c0b0056ce9a834095a047948a1d5e42529,0ed9091f1ab96d24ef5fbd41d0d080668623e954e4f15e4a277f1c217e825eb9,6f03d3da3ed6ecbe918c5a7f9aa35cb9abfb2b83
p12v4m6-C-cn_hk_jp_to_us-s8192,C,CN+HK+JP_to_US,8192,mean_return,0.05979278565317481,90e40d212b5faaff644e0041eeef92c0b0056ce9a834095a047948a1d5e42529,0ed9091f1ab96d24ef5fbd41d0d080668623e954e4f15e4a277f1c217e825eb9,6f03d3da3ed6ecbe918c5a7f9aa35cb9abfb2b83
p12v4m6-C-cn_hk_jp_to_us-s8192,C,CN+HK+JP_to_US,8192,mean_reward,-0.027166534871078545,90e40d212b5faaff644e0041eeef92c0b0056ce9a834095a047948a1d5e42529,0ed9091f1ab96d24ef5fbd41d0d080668623e954e4f15e4a277f1c217e825eb9,6f03d3da3ed6ecbe918c5a7f9aa35cb9abfb2b83
p12v4m6-C-cn_hk_jp_to_us-s8192,C,CN+HK+JP_to_US,8192,mean_turnover,0.034775290988002236,90e40d212b5faaff644e0041eeef92c0b0056ce9a834095a047948a1d5e42529,0ed9091f1ab96d24ef5fbd41d0d080668623e954e4f15e4a277f1c217e825eb9,6f03d3da3ed6ecbe918c5a7f9aa35cb9abfb2b83
p12v4m6-C-cn_hk_jp_to_us-s8192,C,CN+HK+JP_to_US,8192,sharpe,1.0641767957862442,90e40d212b5faaff644e0041eeef92c0b0056ce9a834095a047948a1d5e42529,0ed9091f1ab96d24ef5fbd41d0d080668623e954e4f15e4a277f1c217e825eb9,6f03d3da3ed6ecbe918c5a7f9aa35cb9abfb2b83
p12v4m6-C-cn_hk_jp_to_us-s8192,C,CN+HK+JP_to_US,8192,std_return,0.0,90e40d212b5faaff644e0041eeef92c0b0056ce9a834095a047948a1d5e42529,0ed9091f1ab96d24ef5fbd41d0d080668623e954e4f15e4a277f1c217e825eb9,6f03d3da3ed6ecbe918c5a7f9aa35cb9abfb2b83
p12v4m6-C-cn_hk_jp_to_us-s8192,C,CN+HK+JP_to_US,8192,total_cost,50940.68204372402,90e40d212b5faaff644e0041eeef92c0b0056ce9a834095a047948a1d5e42529,0ed9091f1ab96d24ef5fbd41d0d080668623e954e4f15e4a277f1c217e825eb9,6f03d3da3ed6ecbe918c5a7f9aa35cb9abfb2b83
p12v4m6-C-cn_hk_jp_to_us-s8192,C,CN+HK+JP_to_US,8192,trade_count,930.0,90e40d212b5faaff644e0041eeef92c0b0056ce9a834095a047948a1d5e42529,0ed9091f1ab96d24ef5fbd41d0d080668623e954e4f15e4a277f1c217e825eb9,6f03d3da3ed6ecbe918c5a7f9aa35cb9abfb2b83
p12v4m6-C-cn_hk_jp_to_us-s16384,C,CN+HK+JP_to_US,16384,max_drawdown,0.044307680796221716,90e40d212b5faaff644e0041eeef92c0b0056ce9a834095a047948a1d5e42529,0ed9091f1ab96d24ef5fbd41d0d080668623e954e4f15e4a277f1c217e825eb9,6f03d3da3ed6ecbe918c5a7f9aa35cb9abfb2b83
p12v4m6-C-cn_hk_jp_to_us-s16384,C,CN+HK+JP_to_US,16384,mean_return,0.05159887990466694,90e40d212b5faaff644e0041eeef92c0b0056ce9a834095a047948a1d5e42529,0ed9091f1ab96d24ef5fbd41d0d080668623e954e4f15e4a277f1c217e825eb9,6f03d3da3ed6ecbe918c5a7f9aa35cb9abfb2b83
p12v4m6-C-cn_hk_jp_to_us-s16384,C,CN+HK+JP_to_US,16384,mean_reward,-0.011985914286794686,90e40d212b5faaff644e0041eeef92c0b0056ce9a834095a047948a1d5e42529,0ed9091f1ab96d24ef5fbd41d0d080668623e954e4f15e4a277f1c217e825eb9,6f03d3da3ed6ecbe918c5a7f9aa35cb9abfb2b83
p12v4m6-C-cn_hk_jp_to_us-s16384,C,CN+HK+JP_to_US,16384,mean_turnover,0.03908556253758915,90e40d212b5faaff644e0041eeef92c0b0056ce9a834095a047948a1d5e42529,0ed9091f1ab96d24ef5fbd41d0d080668623e954e4f15e4a277f1c217e825eb9,6f03d3da3ed6ecbe918c5a7f9aa35cb9abfb2b83
p12v4m6-C-cn_hk_jp_to_us-s16384,C,CN+HK+JP_to_US,16384,sharpe,1.2000030790791802,90e40d212b5faaff644e0041eeef92c0b0056ce9a834095a047948a1d5e42529,0ed9091f1ab96d24ef5fbd41d0d080668623e954e4f15e4a277f1c217e825eb9,6f03d3da3ed6ecbe918c5a7f9aa35cb9abfb2b83
p12v4m6-C-cn_hk_jp_to_us-s16384,C,CN+HK+JP_to_US,16384,std_return,0.0,90e40d212b5faaff644e0041eeef92c0b0056ce9a834095a047948a1d5e42529,0ed9091f1ab96d24ef5fbd41d0d080668623e954e4f15e4a277f1c217e825eb9,6f03d3da3ed6ecbe918c5a7f9aa35cb9abfb2b83
p12v4m6-C-cn_hk_jp_to_us-s16384,C,CN+HK+JP_to_US,16384,total_cost,58171.48626843451,90e40d212b5faaff644e0041eeef92c0b0056ce9a834095a047948a1d5e42529,0ed9091f1ab96d24ef5fbd41d0d080668623e954e4f15e4a277f1c217e825eb9,6f03d3da3ed6ecbe918c5a7f9aa35cb9abfb2b83
p12v4m6-C-cn_hk_jp_to_us-s16384,C,CN+HK+JP_to_US,16384,trade_count,930.0,90e40d212b5faaff644e0041eeef92c0b0056ce9a834095a047948a1d5e42529,0ed9091f1ab96d24ef5fbd41d0d080668623e954e4f15e4a277f1c217e825eb9,6f03d3da3ed6ecbe918c5a7f9aa35cb9abfb2b83
p12v4m6-C-cn_hk_us_to_jp-s1024,C,CN+HK+US_to_JP,1024,max_drawdown,0.02496883337587108,90e40d212b5faaff644e0041eeef92c0b0056ce9a834095a047948a1d5e42529,0ed9091f1ab96d24ef5fbd41d0d080668623e954e4f15e4a277f1c217e825eb9,6f03d3da3ed6ecbe918c5a7f9aa35cb9abfb2b83
p12v4m6-C-cn_hk_us_to_jp-s1024,C,CN+HK+US_to_JP,1024,mean_return,0.019054520837998634,90e40d212b5faaff644e0041eeef92c0b0056ce9a834095a047948a1d5e42529,0ed9091f1ab96d24ef5fbd41d0d080668623e954e4f15e4a277f1c217e825eb9,6f03d3da3ed6ecbe918c5a7f9aa35cb9abfb2b83
p12v4m6-C-cn_hk_us_to_jp-s1024,C,CN+HK+US_to_JP,1024,mean_reward,-0.014998945257702484,90e40d212b5faaff644e0041eeef92c0b0056ce9a834095a047948a1d5e42529,0ed9091f1ab96d24ef5fbd41d0d080668623e954e4f15e4a277f1c217e825eb9,6f03d3da3ed6ecbe918c5a7f9aa35cb9abfb2b83
p12v4m6-C-cn_hk_us_to_jp-s1024,C,CN+HK+US_to_JP,1024,mean_turnover,0.01108884906049251,90e40d212b5faaff644e0041eeef92c0b0056ce9a834095a047948a1d5e42529,0ed9091f1ab96d24ef5fbd41d0d080668623e954e4f15e4a277f1c217e825eb9,6f03d3da3ed6ecbe918c5a7f9aa35cb9abfb2b83
p12v4m6-C-cn_hk_us_to_jp-s1024,C,CN+HK+US_to_JP,1024,sharpe,0.7912332121079605,90e40d212b5faaff644e0041eeef92c0b0056ce9a834095a047948a1d5e42529,0ed9091f1ab96d24ef5fbd41d0d080668623e954e4f15e4a277f1c217e825eb9,6f03d3da3ed6ecbe918c5a7f9aa35cb9abfb2b83
p12v4m6-C-cn_hk_us_to_jp-s1024,C,CN+HK+US_to_JP,1024,std_return,0.0,90e40d212b5faaff644e0041eeef92c0b0056ce9a834095a047948a1d5e42529,0ed9091f1ab96d24ef5fbd41d0d080668623e954e4f15e4a277f1c217e825eb9,6f03d3da3ed6ecbe918c5a7f9aa35cb9abfb2b83
p12v4m6-C-cn_hk_us_to_jp-s1024,C,CN+HK+US_to_JP,1024,total_cost,16248.54199155828,90e40d212b5faaff644e0041eeef92c0b0056ce9a834095a047948a1d5e42529,0ed9091f1ab96d24ef5fbd41d0d080668623e954e4f15e4a277f1c217e825eb9,6f03d3da3ed6ecbe918c5a7f9aa35cb9abfb2b83
p12v4m6-C-cn_hk_us_to_jp-s1024,C,CN+HK+US_to_JP,1024,trade_count,905.0,90e40d212b5faaff644e0041eeef92c0b0056ce9a834095a047948a1d5e42529,0ed9091f1ab96d24ef5fbd41d0d080668623e954e4f15e4a277f1c217e825eb9,6f03d3da3ed6ecbe918c5a7f9aa35cb9abfb2b83
p12v4m6-C-cn_hk_us_to_jp-s2048,C,CN+HK+US_to_JP,2048,max_drawdown,0.028873303495035585,90e40d212b5faaff644e0041eeef92c0b0056ce9a834095a047948a1d5e42529,0ed9091f1ab96d24ef5fbd41d0d080668623e954e4f15e4a277f1c217e825eb9,6f03d3da3ed6ecbe918c5a7f9aa35cb9abfb2b83
p12v4m6-C-cn_hk_us_to_jp-s2048,C,CN+HK+US_to_JP,2048,mean_return,0.026331770754746575,90e40d212b5faaff644e0041eeef92c0b0056ce9a834095a047948a1d5e42529,0ed9091f1ab96d24ef5fbd41d0d080668623e954e4f15e4a277f1c217e825eb9,6f03d3da3ed6ecbe918c5a7f9aa35cb9abfb2b83
p12v4m6-C-cn_hk_us_to_jp-s2048,C,CN+HK+US_to_JP,2048,mean_reward,-0.0060517061955542035,90e40d212b5faaff644e0041eeef92c0b0056ce9a834095a047948a1d5e42529,0ed9091f1ab96d24ef5fbd41d0d080668623e954e4f15e4a277f1c217e825eb9,6f03d3da3ed6ecbe918c5a7f9aa35cb9abfb2b83
p12v4m6-C-cn_hk_us_to_jp-s2048,C,CN+HK+US_to_JP,2048,mean_turnover,0.006750680557829699,90e40d212b5faaff644e0041eeef92c0b0056ce9a834095a047948a1d5e42529,0ed9091f1ab96d24ef5fbd41d0d080668623e954e4f15e4a277f1c217e825eb9,6f03d3da3ed6ecbe918c5a7f9aa35cb9abfb2b83
p12v4m6-C-cn_hk_us_to_jp-s2048,C,CN+HK+US_to_JP,2048,sharpe,1.0752777216142653,90e40d212b5faaff644e0041eeef92c0b0056ce9a834095a047948a1d5e42529,0ed9091f1ab96d24ef5fbd41d0d080668623e954e4f15e4a277f1c217e825eb9,6f03d3da3ed6ecbe918c5a7f9aa35cb9abfb2b83
p12v4m6-C-cn_hk_us_to_jp-s2048,C,CN+HK+US_to_JP,2048,std_return,0.0,90e40d212b5faaff644e0041eeef92c0b0056ce9a834095a047948a1d5e42529,0ed9091f1ab96d24ef5fbd41d0d080668623e954e4f15e4a277f1c217e825eb9,6f03d3da3ed6ecbe918c5a7f9aa35cb9abfb2b83
p12v4m6-C-cn_hk_us_to_jp-s2048,C,CN+HK+US_to_JP,2048,total_cost,9886.969797138145,90e40d212b5faaff644e0041eeef92c0b0056ce9a834095a047948a1d5e42529,0ed9091f1ab96d24ef5fbd41d0d080668623e954e4f15e4a277f1c217e825eb9,6f03d3da3ed6ecbe918c5a7f9aa35cb9abfb2b83
p12v4m6-C-cn_hk_us_to_jp-s2048,C,CN+HK+US_to_JP,2048,trade_count,905.0,90e40d212b5faaff644e0041eeef92c0b0056ce9a834095a047948a1d5e42529,0ed9091f1ab96d24ef5fbd41d0d080668623e954e4f15e4a277f1c217e825eb9,6f03d3da3ed6ecbe918c5a7f9aa35cb9abfb2b83
p12v4m6-C-cn_hk_us_to_jp-s4096,C,CN+HK+US_to_JP,4096,max_drawdown,0.03909076591722005,90e40d212b5faaff644e0041eeef92c0b0056ce9a834095a047948a1d5e42529,0ed9091f1ab96d24ef5fbd41d0d080668623e954e4f15e4a277f1c217e825eb9,6f03d3da3ed6ecbe918c5a7f9aa35cb9abfb2b83
p12v4m6-C-cn_hk_us_to_jp-s4096,C,CN+HK+US_to_JP,4096,mean_return,0.06957846822978642,90e40d212b5faaff644e0041eeef92c0b0056ce9a834095a047948a1d5e42529,0ed9091f1ab96d24ef5fbd41d0d080668623e954e4f15e4a277f1c217e825eb9,6f03d3da3ed6ecbe918c5a7f9aa35cb9abfb2b83
p12v4m6-C-cn_hk_us_to_jp-s4096,C,CN+HK+US_to_JP,4096,mean_reward,0.015539324825696055,90e40d212b5faaff644e0041eeef92c0b0056ce9a834095a047948a1d5e42529,0ed9091f1ab96d24ef5fbd41d0d080668623e954e4f15e4a277f1c217e825eb9,6f03d3da3ed6ecbe918c5a7f9aa35cb9abfb2b83
p12v4m6-C-cn_hk_us_to_jp-s4096,C,CN+HK+US_to_JP,4096,mean_turnover,0.046869733747494015,90e40d212b5faaff644e0041eeef92c0b0056ce9a834095a047948a1d5e42529,0ed9091f1ab96d24ef5fbd41d0d080668623e954e4f15e4a277f1c217e825eb9,6f03d3da3ed6ecbe918c5a7f9aa35cb9abfb2b83
p12v4m6-C-cn_hk_us_to_jp-s4096,C,CN+HK+US_to_JP,4096,sharpe,1.7373610897615084,90e40d212b5faaff644e0041eeef92c0b0056ce9a834095a047948a1d5e42529,0ed9091f1ab96d24ef5fbd41d0d080668623e954e4f15e4a277f1c217e825eb9,6f03d3da3ed6ecbe918c5a7f9aa35cb9abfb2b83
p12v4m6-C-cn_hk_us_to_jp-s4096,C,CN+HK+US_to_JP,4096,std_return,0.0,90e40d212b5faaff644e0041eeef92c0b0056ce9a834095a047948a1d5e42529,0ed9091f1ab96d24ef5fbd41d0d080668623e954e4f15e4a277f1c217e825eb9,6f03d3da3ed6ecbe918c5a7f9aa35cb9abfb2b83
p12v4m6-C-cn_hk_us_to_jp-s4096,C,CN+HK+US_to_JP,4096,total_cost,70175.04135457664,90e40d212b5faaff644e0041eeef92c0b0056ce9a834095a047948a1d5e42529,0ed9091f1ab96d24ef5fbd41d0d080668623e954e4f15e4a277f1c217e825eb9,6f03d3da3ed6ecbe918c5a7f9aa35cb9abfb2b83
p12v4m6-C-cn_hk_us_to_jp-s4096,C,CN+HK+US_to_JP,4096,trade_count,905.0,90e40d212b5faaff644e0041eeef92c0b0056ce9a834095a047948a1d5e42529,0ed9091f1ab96d24ef5fbd41d0d080668623e954e4f15e4a277f1c217e825eb9,6f03d3da3ed6ecbe918c5a7f9aa35cb9abfb2b83
p12v4m6-C-cn_hk_us_to_jp-s8192,C,CN+HK+US_to_JP,8192,max_drawdown,0.016118104961517554,90e40d212b5faaff644e0041eeef92c0b0056ce9a834095a047948a1d5e42529,0ed9091f1ab96d24ef5fbd41d0d080668623e954e4f15e4a277f1c217e825eb9,6f03d3da3ed6ecbe918c5a7f9aa35cb9abfb2b83
p12v4m6-C-cn_hk_us_to_jp-s8192,C,CN+HK+US_to_JP,8192,mean_return,0.019202844800095598,90e40d212b5faaff644e0041eeef92c0b0056ce9a834095a047948a1d5e42529,0ed9091f1ab96d24ef5fbd41d0d080668623e954e4f15e4a277f1c217e825eb9,6f03d3da3ed6ecbe918c5a7f9aa35cb9abfb2b83
p12v4m6-C-cn_hk_us_to_jp-s8192,C,CN+HK+US_to_JP,8192,mean_reward,-0.010375438803735731,90e40d212b5faaff644e0041eeef92c0b0056ce9a834095a047948a1d5e42529,0ed9091f1ab96d24ef5fbd41d0d080668623e954e4f15e4a277f1c217e825eb9,6f03d3da3ed6ecbe918c5a7f9aa35cb9abfb2b83
p12v4m6-C-cn_hk_us_to_jp-s8192,C,CN+HK+US_to_JP,8192,mean_turnover,0.010276768569586332,90e40d212b5faaff644e0041eeef92c0b0056ce9a834095a047948a1d5e42529,0ed9091f1ab96d24ef5fbd41d0d080668623e954e4f15e4a277f1c217e825eb9,6f03d3da3ed6ecbe918c5a7f9aa35cb9abfb2b83
p12v4m6-C-cn_hk_us_to_jp-s8192,C,CN+HK+US_to_JP,8192,sharpe,0.9359491738829747,90e40d212b5faaff644e0041eeef92c0b0056ce9a834095a047948a1d5e42529,0ed9091f1ab96d24ef5fbd41d0d080668623e954e4f15e4a277f1c217e825eb9,6f03d3da3ed6ecbe918c5a7f9aa35cb9abfb2b83
p12v4m6-C-cn_hk_us_to_jp-s8192,C,CN+HK+US_to_JP,8192,std_return,0.0,90e40d212b5faaff644e0041eeef92c0b0056ce9a834095a047948a1d5e42529,0ed9091f1ab96d24ef5fbd41d0d080668623e954e4f15e4a277f1c217e825eb9,6f03d3da3ed6ecbe918c5a7f9aa35cb9abfb2b83
p12v4m6-C-cn_hk_us_to_jp-s8192,C,CN+HK+US_to_JP,8192,total_cost,15030.284006293929,90e40d212b5faaff644e0041eeef92c0b0056ce9a834095a047948a1d5e42529,0ed9091f1ab96d24ef5fbd41d0d080668623e954e4f15e4a277f1c217e825eb9,6f03d3da3ed6ecbe918c5a7f9aa35cb9abfb2b83
p12v4m6-C-cn_hk_us_to_jp-s8192,C,CN+HK+US_to_JP,8192,trade_count,905.0,90e40d212b5faaff644e0041eeef92c0b0056ce9a834095a047948a1d5e42529,0ed9091f1ab96d24ef5fbd41d0d080668623e954e4f15e4a277f1c217e825eb9,6f03d3da3ed6ecbe918c5a7f9aa35cb9abfb2b83
p12v4m6-C-cn_hk_us_to_jp-s16384,C,CN+HK+US_to_JP,16384,max_drawdown,0.02118221550312127,90e40d212b5faaff644e0041eeef92c0b0056ce9a834095a047948a1d5e42529,0ed9091f1ab96d24ef5fbd41d0d080668623e954e4f15e4a277f1c217e825eb9,6f03d3da3ed6ecbe918c5a7f9aa35cb9abfb2b83
p12v4m6-C-cn_hk_us_to_jp-s16384,C,CN+HK+US_to_JP,16384,mean_return,-0.007844009496603355,90e40d212b5faaff644e0041eeef92c0b0056ce9a834095a047948a1d5e42529,0ed9091f1ab96d24ef5fbd41d0d080668623e954e4f15e4a277f1c217e825eb9,6f03d3da3ed6ecbe918c5a7f9aa35cb9abfb2b83
p12v4m6-C-cn_hk_us_to_jp-s16384,C,CN+HK+US_to_JP,16384,mean_reward,-0.02730507824928986,90e40d212b5faaff644e0041eeef92c0b0056ce9a834095a047948a1d5e42529,0ed9091f1ab96d24ef5fbd41d0d080668623e954e4f15e4a277f1c217e825eb9,6f03d3da3ed6ecbe918c5a7f9aa35cb9abfb2b83
p12v4m6-C-cn_hk_us_to_jp-s16384,C,CN+HK+US_to_JP,16384,mean_turnover,0.0071925076248524076,90e40d212b5faaff644e0041eeef92c0b0056ce9a834095a047948a1d5e42529,0ed9091f1ab96d24ef5fbd41d0d080668623e954e4f15e4a277f1c217e825eb9,6f03d3da3ed6ecbe918c5a7f9aa35cb9abfb2b83
p12v4m6-C-cn_hk_us_to_jp-s16384,C,CN+HK+US_to_JP,16384,sharpe,-0.5449879363841437,90e40d212b5faaff644e0041eeef92c0b0056ce9a834095a047948a1d5e42529,0ed9091f1ab96d24ef5fbd41d0d080668623e954e4f15e4a277f1c217e825eb9,6f03d3da3ed6ecbe918c5a7f9aa35cb9abfb2b83
p12v4m6-C-cn_hk_us_to_jp-s16384,C,CN+HK+US_to_JP,16384,std_return,0.0,90e40d212b5faaff644e0041eeef92c0b0056ce9a834095a047948a1d5e42529,0ed9091f1ab96d24ef5fbd41d0d080668623e954e4f15e4a277f1c217e825eb9,6f03d3da3ed6ecbe918c5a7f9aa35cb9abfb2b83
p12v4m6-C-cn_hk_us_to_jp-s16384,C,CN+HK+US_to_JP,16384,total_cost,10394.965139238877,90e40d212b5faaff644e0041eeef92c0b0056ce9a834095a047948a1d5e42529,0ed9091f1ab96d24ef5fbd41d0d080668623e954e4f15e4a277f1c217e825eb9,6f03d3da3ed6ecbe918c5a7f9aa35cb9abfb2b83
p12v4m6-C-cn_hk_us_to_jp-s16384,C,CN+HK+US_to_JP,16384,trade_count,905.0,90e40d212b5faaff644e0041eeef92c0b0056ce9a834095a047948a1d5e42529,0ed9091f1ab96d24ef5fbd41d0d080668623e954e4f15e4a277f1c217e825eb9,6f03d3da3ed6ecbe918c5a7f9aa35cb9abfb2b83
p12v4m6-C-cn_jp_us_to_hk-s1024,C,CN+JP+US_to_HK,1024,max_drawdown,0.004251865587434733,90e40d212b5faaff644e0041eeef92c0b0056ce9a834095a047948a1d5e42529,0ed9091f1ab96d24ef5fbd41d0d080668623e954e4f15e4a277f1c217e825eb9,6f03d3da3ed6ecbe918c5a7f9aa35cb9abfb2b83
p12v4m6-C-cn_jp_us_to_hk-s1024,C,CN+JP+US_to_HK,1024,mean_return,0.0004688988275287631,90e40d212b5faaff644e0041eeef92c0b0056ce9a834095a047948a1d5e42529,0ed9091f1ab96d24ef5fbd41d0d080668623e954e4f15e4a277f1c217e825eb9,6f03d3da3ed6ecbe918c5a7f9aa35cb9abfb2b83
p12v4m6-C-cn_jp_us_to_hk-s1024,C,CN+JP+US_to_HK,1024,mean_reward,-0.0019406785137319812,90e40d212b5faaff644e0041eeef92c0b0056ce9a834095a047948a1d5e42529,0ed9091f1ab96d24ef5fbd41d0d080668623e954e4f15e4a277f1c217e825eb9,6f03d3da3ed6ecbe918c5a7f9aa35cb9abfb2b83
p12v4m6-C-cn_jp_us_to_hk-s1024,C,CN+JP+US_to_HK,1024,mean_turnover,0.000697208902932369,90e40d212b5faaff644e0041eeef92c0b0056ce9a834095a047948a1d5e42529,0ed9091f1ab96d24ef5fbd41d0d080668623e954e4f15e4a277f1c217e825eb9,6f03d3da3ed6ecbe918c5a7f9aa35cb9abfb2b83
p12v4m6-C-cn_jp_us_to_hk-s1024,C,CN+JP+US_to_HK,1024,sharpe,0.43176479060632716,90e40d212b5faaff644e0041eeef92c0b0056ce9a834095a047948a1d5e42529,0ed9091f1ab96d24ef5fbd41d0d080668623e954e4f15e4a277f1c217e825eb9,6f03d3da3ed6ecbe918c5a7f9aa35cb9abfb2b83
p12v4m6-C-cn_jp_us_to_hk-s1024,C,CN+JP+US_to_HK,1024,std_return,0.0,90e40d212b5faaff644e0041eeef92c0b0056ce9a834095a047948a1d5e42529,0ed9091f1ab96d24ef5fbd41d0d080668623e954e4f15e4a277f1c217e825eb9,6f03d3da3ed6ecbe918c5a7f9aa35cb9abfb2b83
p12v4m6-C-cn_jp_us_to_hk-s1024,C,CN+JP+US_to_HK,1024,total_cost,1012.9300186174927,90e40d212b5faaff644e0041eeef92c0b0056ce9a834095a047948a1d5e42529,0ed9091f1ab96d24ef5fbd41d0d080668623e954e4f15e4a277f1c217e825eb9,6f03d3da3ed6ecbe918c5a7f9aa35cb9abfb2b83
p12v4m6-C-cn_jp_us_to_hk-s1024,C,CN+JP+US_to_HK,1024,trade_count,220.0,90e40d212b5faaff644e0041eeef92c0b0056ce9a834095a047948a1d5e42529,0ed9091f1ab96d24ef5fbd41d0d080668623e954e4f15e4a277f1c217e825eb9,6f03d3da3ed6ecbe918c5a7f9aa35cb9abfb2b83
p12v4m6-C-cn_jp_us_to_hk-s2048,C,CN+JP+US_to_HK,2048,max_drawdown,0.0014565093642245897,90e40d212b5faaff644e0041eeef92c0b0056ce9a834095a047948a1d5e42529,0ed9091f1ab96d24ef5fbd41d0d080668623e954e4f15e4a277f1c217e825eb9,6f03d3da3ed6ecbe918c5a7f9aa35cb9abfb2b83
p12v4m6-C-cn_jp_us_to_hk-s2048,C,CN+JP+US_to_HK,2048,mean_return,0.002035751139725317,90e40d212b5faaff644e0041eeef92c0b0056ce9a834095a047948a1d5e42529,0ed9091f1ab96d24ef5fbd41d0d080668623e954e4f15e4a277f1c217e825eb9,6f03d3da3ed6ecbe918c5a7f9aa35cb9abfb2b83
p12v4m6-C-cn_jp_us_to_hk-s2048,C,CN+JP+US_to_HK,2048,mean_reward,-0.0004541672562370344,90e40d212b5faaff644e0041eeef92c0b0056ce9a834095a047948a1d5e42529,0ed9091f1ab96d24ef5fbd41d0d080668623e954e4f15e4a277f1c217e825eb9,6f03d3da3ed6ecbe918c5a7f9aa35cb9abfb2b83
p12v4m6-C-cn_jp_us_to_hk-s2048,C,CN+JP+US_to_HK,2048,mean_turnover,0.0015944763249471103,90e40d212b5faaff644e0041eeef92c0b0056ce9a834095a047948a1d5e42529,0ed9091f1ab96d24ef5fbd41d0d080668623e954e4f15e4a277f1c217e825eb9,6f03d3da3ed6ecbe918c5a7f9aa35cb9abfb2b83
p12v4m6-C-cn_jp_us_to_hk-s2048,C,CN+JP+US_to_HK,2048,sharpe,1.2875032158355706,90e40d212b5faaff644e0041eeef92c0b0056ce9a834095a047948a1d5e42529,0ed9091f1ab96d24ef5fbd41d0d080668623e954e4f15e4a277f1c217e825eb9,6f03d3da3ed6ecbe918c5a7f9aa35cb9abfb2b83
p12v4m6-C-cn_jp_us_to_hk-s2048,C,CN+JP+US_to_HK,2048,std_return,0.0,90e40d212b5faaff644e0041eeef92c0b0056ce9a834095a047948a1d5e42529,0ed9091f1ab96d24ef5fbd41d0d080668623e954e4f15e4a277f1c217e825eb9,6f03d3da3ed6ecbe918c5a7f9aa35cb9abfb2b83
p12v4m6-C-cn_jp_us_to_hk-s2048,C,CN+JP+US_to_HK,2048,total_cost,2320.716668742745,90e40d212b5faaff644e0041eeef92c0b0056ce9a834095a047948a1d5e42529,0ed9091f1ab96d24ef5fbd41d0d080668623e954e4f15e4a277f1c217e825eb9,6f03d3da3ed6ecbe918c5a7f9aa35cb9abfb2b83
p12v4m6-C-cn_jp_us_to_hk-s2048,C,CN+JP+US_to_HK,2048,trade_count,900.0,90e40d212b5faaff644e0041eeef92c0b0056ce9a834095a047948a1d5e42529,0ed9091f1ab96d24ef5fbd41d0d080668623e954e4f15e4a277f1c217e825eb9,6f03d3da3ed6ecbe918c5a7f9aa35cb9abfb2b83
p12v4m6-C-cn_jp_us_to_hk-s4096,C,CN+JP+US_to_HK,4096,max_drawdown,0.0023563867353763035,90e40d212b5faaff644e0041eeef92c0b0056ce9a834095a047948a1d5e42529,0ed9091f1ab96d24ef5fbd41d0d080668623e954e4f15e4a277f1c217e825eb9,6f03d3da3ed6ecbe918c5a7f9aa35cb9abfb2b83
p12v4m6-C-cn_jp_us_to_hk-s4096,C,CN+JP+US_to_HK,4096,mean_return,0.0001186024142940667,90e40d212b5faaff644e0041eeef92c0b0056ce9a834095a047948a1d5e42529,0ed9091f1ab96d24ef5fbd41d0d080668623e954e4f15e4a277f1c217e825eb9,6f03d3da3ed6ecbe918c5a7f9aa35cb9abfb2b83
p12v4m6-C-cn_jp_us_to_hk-s4096,C,CN+JP+US_to_HK,4096,mean_reward,-0.0011553967920849982,90e40d212b5faaff644e0041eeef92c0b0056ce9a834095a047948a1d5e42529,0ed9091f1ab96d24ef5fbd41d0d080668623e954e4f15e4a277f1c217e825eb9,6f03d3da3ed6ecbe918c5a7f9aa35cb9abfb2b83
p12v4m6-C-cn_jp_us_to_hk-s4096,C,CN+JP+US_to_HK,4096,mean_turnover,0.0004335947681146295,90e40d212b5faaff644e0041eeef92c0b0056ce9a834095a047948a1d5e42529,0ed9091f1ab96d24ef5fbd41d0d080668623e954e4f15e4a277f1c217e825eb9,6f03d3da3ed6ecbe918c5a7f9aa35cb9abfb2b83
p12v4m6-C-cn_jp_us_to_hk-s4096,C,CN+JP+US_to_HK,4096,sharpe,0.363563545437875,90e40d212b5faaff644e0041eeef92c0b0056ce9a834095a047948a1d5e42529,0ed9091f1ab96d24ef5fbd41d0d080668623e954e4f15e4a277f1c217e825eb9,6f03d3da3ed6ecbe918c5a7f9aa35cb9abfb2b83
p12v4m6-C-cn_jp_us_to_hk-s4096,C,CN+JP+US_to_HK,4096,std_return,0.0,90e40d212b5faaff644e0041eeef92c0b0056ce9a834095a047948a1d5e42529,0ed9091f1ab96d24ef5fbd41d0d080668623e954e4f15e4a277f1c217e825eb9,6f03d3da3ed6ecbe918c5a7f9aa35cb9abfb2b83
p12v4m6-C-cn_jp_us_to_hk-s4096,C,CN+JP+US_to_HK,4096,total_cost,630.3581791729705,90e40d212b5faaff644e0041eeef92c0b0056ce9a834095a047948a1d5e42529,0ed9091f1ab96d24ef5fbd41d0d080668623e954e4f15e4a277f1c217e825eb9,6f03d3da3ed6ecbe918c5a7f9aa35cb9abfb2b83
p12v4m6-C-cn_jp_us_to_hk-s4096,C,CN+JP+US_to_HK,4096,trade_count,190.0,90e40d212b5faaff644e0041eeef92c0b0056ce9a834095a047948a1d5e42529,0ed9091f1ab96d24ef5fbd41d0d080668623e954e4f15e4a277f1c217e825eb9,6f03d3da3ed6ecbe918c5a7f9aa35cb9abfb2b83
p12v4m6-C-cn_jp_us_to_hk-s8192,C,CN+JP+US_to_HK,8192,max_drawdown,0.011446412870511069,90e40d212b5faaff644e0041eeef92c0b0056ce9a834095a047948a1d5e42529,0ed9091f1ab96d24ef5fbd41d0d080668623e954e4f15e4a277f1c217e825eb9,6f03d3da3ed6ecbe918c5a7f9aa35cb9abfb2b83
p12v4m6-C-cn_jp_us_to_hk-s8192,C,CN+JP+US_to_HK,8192,mean_return,0.014679444980840506,90e40d212b5faaff644e0041eeef92c0b0056ce9a834095a047948a1d5e42529,0ed9091f1ab96d24ef5fbd41d0d080668623e954e4f15e4a277f1c217e825eb9,6f03d3da3ed6ecbe918c5a7f9aa35cb9abfb2b83
p12v4m6-C-cn_jp_us_to_hk-s8192,C,CN+JP+US_to_HK,8192,mean_reward,-0.0006458431405916519,90e40d212b5faaff644e0041eeef92c0b0056ce9a834095a047948a1d5e42529,0ed9091f1ab96d24ef5fbd41d0d080668623e954e4f15e4a277f1c217e825eb9,6f03d3da3ed6ecbe918c5a7f9aa35cb9abfb2b83
p12v4m6-C-cn_jp_us_to_hk-s8192,C,CN+JP+US_to_HK,8192,mean_turnover,0.00252213785453853,90e40d212b5faaff644e0041eeef92c0b0056ce9a834095a047948a1d5e42529,0ed9091f1ab96d24ef5fbd41d0d080668623e954e4f15e4a277f1c217e825eb9,6f03d3da3ed6ecbe918c5a7f9aa35cb9abfb2b83
p12v4m6-C-cn_jp_us_to_hk-s8192,C,CN+JP+US_to_HK,8192,sharpe,1.5288350805585256,90e40d212b5faaff644e0041eeef92c0b0056ce9a834095a047948a1d5e42529,0ed9091f1ab96d24ef5fbd41d0d080668623e954e4f15e4a277f1c217e825eb9,6f03d3da3ed6ecbe918c5a7f9aa35cb9abfb2b83
p12v4m6-C-cn_jp_us_to_hk-s8192,C,CN+JP+US_to_HK,8192,std_return,0.0,90e40d212b5faaff644e0041eeef92c0b0056ce9a834095a047948a1d5e42529,0ed9091f1ab96d24ef5fbd41d0d080668623e954e4f15e4a277f1c217e825eb9,6f03d3da3ed6ecbe918c5a7f9aa35cb9abfb2b83
p12v4m6-C-cn_jp_us_to_hk-s8192,C,CN+JP+US_to_HK,8192,total_cost,3677.9118911010205,90e40d212b5faaff644e0041eeef92c0b0056ce9a834095a047948a1d5e42529,0ed9091f1ab96d24ef5fbd41d0d080668623e954e4f15e4a277f1c217e825eb9,6f03d3da3ed6ecbe918c5a7f9aa35cb9abfb2b83
p12v4m6-C-cn_jp_us_to_hk-s8192,C,CN+JP+US_to_HK,8192,trade_count,925.0,90e40d212b5faaff644e0041eeef92c0b0056ce9a834095a047948a1d5e42529,0ed9091f1ab96d24ef5fbd41d0d080668623e954e4f15e4a277f1c217e825eb9,6f03d3da3ed6ecbe918c5a7f9aa35cb9abfb2b83
p12v4m6-C-cn_jp_us_to_hk-s16384,C,CN+JP+US_to_HK,16384,max_drawdown,0.011668094663777495,90e40d212b5faaff644e0041eeef92c0b0056ce9a834095a047948a1d5e42529,0ed9091f1ab96d24ef5fbd41d0d080668623e954e4f15e4a277f1c217e825eb9,6f03d3da3ed6ecbe918c5a7f9aa35cb9abfb2b83
p12v4m6-C-cn_jp_us_to_hk-s16384,C,CN+JP+US_to_HK,16384,mean_return,0.013977055130822036,90e40d212b5faaff644e0041eeef92c0b0056ce9a834095a047948a1d5e42529,0ed9091f1ab96d24ef5fbd41d0d080668623e954e4f15e4a277f1c217e825eb9,6f03d3da3ed6ecbe918c5a7f9aa35cb9abfb2b83
p12v4m6-C-cn_jp_us_to_hk-s16384,C,CN+JP+US_to_HK,16384,mean_reward,-0.003522649027080395,90e40d212b5faaff644e0041eeef92c0b0056ce9a834095a047948a1d5e42529,0ed9091f1ab96d24ef5fbd41d0d080668623e954e4f15e4a277f1c217e825eb9,6f03d3da3ed6ecbe918c5a7f9aa35cb9abfb2b83
p12v4m6-C-cn_jp_us_to_hk-s16384,C,CN+JP+US_to_HK,16384,mean_turnover,0.0029170796180068197,90e40d212b5faaff644e0041eeef92c0b0056ce9a834095a047948a1d5e42529,0ed9091f1ab96d24ef5fbd41d0d080668623e954e4f15e4a277f1c217e825eb9,6f03d3da3ed6ecbe918c5a7f9aa35cb9abfb2b83
p12v4m6-C-cn_jp_us_to_hk-s16384,C,CN+JP+US_to_HK,16384,sharpe,1.3244889228906298,90e40d212b5faaff644e0041eeef92c0b0056ce9a834095a047948a1d5e42529,0ed9091f1ab96d24ef5fbd41d0d080668623e954e4f15e4a277f1c217e825eb9,6f03d3da3ed6ecbe918c5a7f9aa35cb9abfb2b83
p12v4m6-C-cn_jp_us_to_hk-s16384,C,CN+JP+US_to_HK,16384,std_return,0.0,90e40d212b5faaff644e0041eeef92c0b0056ce9a834095a047948a1d5e42529,0ed9091f1ab96d24ef5fbd41d0d080668623e954e4f15e4a277f1c217e825eb9,6f03d3da3ed6ecbe918c5a7f9aa35cb9abfb2b83
p12v4m6-C-cn_jp_us_to_hk-s16384,C,CN+JP+US_to_HK,16384,total_cost,4239.263740105835,90e40d212b5faaff644e0041eeef92c0b0056ce9a834095a047948a1d5e42529,0ed9091f1ab96d24ef5fbd41d0d080668623e954e4f15e4a277f1c217e825eb9,6f03d3da3ed6ecbe918c5a7f9aa35cb9abfb2b83
p12v4m6-C-cn_jp_us_to_hk-s16384,C,CN+JP+US_to_HK,16384,trade_count,925.0,90e40d212b5faaff644e0041eeef92c0b0056ce9a834095a047948a1d5e42529,0ed9091f1ab96d24ef5fbd41d0d080668623e954e4f15e4a277f1c217e825eb9,6f03d3da3ed6ecbe918c5a7f9aa35cb9abfb2b83
p12v4m6-C-hk_jp_us_to_cn-s1024,C,HK+JP+US_to_CN,1024,max_drawdown,0.03405233889576875,90e40d212b5faaff644e0041eeef92c0b0056ce9a834095a047948a1d5e42529,0ed9091f1ab96d24ef5fbd41d0d080668623e954e4f15e4a277f1c217e825eb9,6f03d3da3ed6ecbe918c5a7f9aa35cb9abfb2b83
p12v4m6-C-hk_jp_us_to_cn-s1024,C,HK+JP+US_to_CN,1024,mean_return,0.007573049136511134,90e40d212b5faaff644e0041eeef92c0b0056ce9a834095a047948a1d5e42529,0ed9091f1ab96d24ef5fbd41d0d080668623e954e4f15e4a277f1c217e825eb9,6f03d3da3ed6ecbe918c5a7f9aa35cb9abfb2b83
p12v4m6-C-hk_jp_us_to_cn-s1024,C,HK+JP+US_to_CN,1024,mean_reward,-0.03690127747440334,90e40d212b5faaff644e0041eeef92c0b0056ce9a834095a047948a1d5e42529,0ed9091f1ab96d24ef5fbd41d0d080668623e954e4f15e4a277f1c217e825eb9,6f03d3da3ed6ecbe918c5a7f9aa35cb9abfb2b83
p12v4m6-C-hk_jp_us_to_cn-s1024,C,HK+JP+US_to_CN,1024,mean_turnover,0.009961545586740617,90e40d212b5faaff644e0041eeef92c0b0056ce9a834095a047948a1d5e42529,0ed9091f1ab96d24ef5fbd41d0d080668623e954e4f15e4a277f1c217e825eb9,6f03d3da3ed6ecbe918c5a7f9aa35cb9abfb2b83
p12v4m6-C-hk_jp_us_to_cn-s1024,C,HK+JP+US_to_CN,1024,sharpe,0.474305361269485,90e40d212b5faaff644e0041eeef92c0b0056ce9a834095a047948a1d5e42529,0ed9091f1ab96d24ef5fbd41d0d080668623e954e4f15e4a277f1c217e825eb9,6f03d3da3ed6ecbe918c5a7f9aa35cb9abfb2b83
p12v4m6-C-hk_jp_us_to_cn-s1024,C,HK+JP+US_to_CN,1024,std_return,0.0,90e40d212b5faaff644e0041eeef92c0b0056ce9a834095a047948a1d5e42529,0ed9091f1ab96d24ef5fbd41d0d080668623e954e4f15e4a277f1c217e825eb9,6f03d3da3ed6ecbe918c5a7f9aa35cb9abfb2b83
p12v4m6-C-hk_jp_us_to_cn-s1024,C,HK+JP+US_to_CN,1024,total_cost,14412.716408594708,90e40d212b5faaff644e0041eeef92c0b0056ce9a834095a047948a1d5e42529,0ed9091f1ab96d24ef5fbd41d0d080668623e954e4f15e4a277f1c217e825eb9,6f03d3da3ed6ecbe918c5a7f9aa35cb9abfb2b83
p12v4m6-C-hk_jp_us_to_cn-s1024,C,HK+JP+US_to_CN,1024,trade_count,915.0,90e40d212b5faaff644e0041eeef92c0b0056ce9a834095a047948a1d5e42529,0ed9091f1ab96d24ef5fbd41d0d080668623e954e4f15e4a277f1c217e825eb9,6f03d3da3ed6ecbe918c5a7f9aa35cb9abfb2b83
p12v4m6-C-hk_jp_us_to_cn-s2048,C,HK+JP+US_to_CN,2048,max_drawdown,0.023918881858220553,90e40d212b5faaff644e0041eeef92c0b0056ce9a834095a047948a1d5e42529,0ed9091f1ab96d24ef5fbd41d0d080668623e954e4f15e4a277f1c217e825eb9,6f03d3da3ed6ecbe918c5a7f9aa35cb9abfb2b83
p12v4m6-C-hk_jp_us_to_cn-s2048,C,HK+JP+US_to_CN,2048,mean_return,0.08260169998840938,90e40d212b5faaff644e0041eeef92c0b0056ce9a834095a047948a1d5e42529,0ed9091f1ab96d24ef5fbd41d0d080668623e954e4f15e4a277f1c217e825eb9,6f03d3da3ed6ecbe918c5a7f9aa35cb9abfb2b83
p12v4m6-C-hk_jp_us_to_cn-s2048,C,HK+JP+US_to_CN,2048,mean_reward,0.03376883483427486,90e40d212b5faaff644e0041eeef92c0b0056ce9a834095a047948a1d5e42529,0ed9091f1ab96d24ef5fbd41d0d080668623e954e4f15e4a277f1c217e825eb9,6f03d3da3ed6ecbe918c5a7f9aa35cb9abfb2b83
p12v4m6-C-hk_jp_us_to_cn-s2048,C,HK+JP+US_to_CN,2048,mean_turnover,0.01062046148200618,90e40d212b5faaff644e0041eeef92c0b0056ce9a834095a047948a1d5e42529,0ed9091f1ab96d24ef5fbd41d0d080668623e954e4f15e4a277f1c217e825eb9,6f03d3da3ed6ecbe918c5a7f9aa35cb9abfb2b83
p12v4m6-C-hk_jp_us_to_cn-s2048,C,HK+JP+US_to_CN,2048,sharpe,2.558675454211244,90e40d212b5faaff644e0041eeef92c0b0056ce9a834095a047948a1d5e42529,0ed9091f1ab96d24ef5fbd41d0d080668623e954e4f15e4a277f1c217e825eb9,6f03d3da3ed6ecbe918c5a7f9aa35cb9abfb2b83
p12v4m6-C-hk_jp_us_to_cn-s2048,C,HK+JP+US_to_CN,2048,std_return,0.0,90e40d212b5faaff644e0041eeef92c0b0056ce9a834095a047948a1d5e42529,0ed9091f1ab96d24ef5fbd41d0d080668623e954e4f15e4a277f1c217e825eb9,6f03d3da3ed6ecbe918c5a7f9aa35cb9abfb2b83
p12v4m6-C-hk_jp_us_to_cn-s2048,C,HK+JP+US_to_CN,2048,total_cost,15659.337885533238,90e40d212b5faaff644e0041eeef92c0b0056ce9a834095a047948a1d5e42529,0ed9091f1ab96d24ef5fbd41d0d080668623e954e4f15e4a277f1c217e825eb9,6f03d3da3ed6ecbe918c5a7f9aa35cb9abfb2b83
p12v4m6-C-hk_jp_us_to_cn-s2048,C,HK+JP+US_to_CN,2048,trade_count,915.0,90e40d212b5faaff644e0041eeef92c0b0056ce9a834095a047948a1d5e42529,0ed9091f1ab96d24ef5fbd41d0d080668623e954e4f15e4a277f1c217e825eb9,6f03d3da3ed6ecbe918c5a7f9aa35cb9abfb2b83
p12v4m6-C-hk_jp_us_to_cn-s4096,C,HK+JP+US_to_CN,4096,max_drawdown,0.049923125633898224,90e40d212b5faaff644e0041eeef92c0b0056ce9a834095a047948a1d5e42529,0ed9091f1ab96d24ef5fbd41d0d080668623e954e4f15e4a277f1c217e825eb9,6f03d3da3ed6ecbe918c5a7f9aa35cb9abfb2b83
p12v4m6-C-hk_jp_us_to_cn-s4096,C,HK+JP+US_to_CN,4096,mean_return,0.07630033714110396,90e40d212b5faaff644e0041eeef92c0b0056ce9a834095a047948a1d5e42529,0ed9091f1ab96d24ef5fbd41d0d080668623e954e4f15e4a277f1c217e825eb9,6f03d3da3ed6ecbe918c5a7f9aa35cb9abfb2b83
p12v4m6-C-hk_jp_us_to_cn-s4096,C,HK+JP+US_to_CN,4096,mean_reward,-0.003763002693294394,90e40d212b5faaff644e0041eeef92c0b0056ce9a834095a047948a1d5e42529,0ed9091f1ab96d24ef5fbd41d0d080668623e954e4f15e4a277f1c217e825eb9,6f03d3da3ed6ecbe918c5a7f9aa35cb9abfb2b83
p12v4m6-C-hk_jp_us_to_cn-s4096,C,HK+JP+US_to_CN,4096,mean_turnover,0.013428261912715303,90e40d212b5faaff644e0041eeef92c0b0056ce9a834095a047948a1d5e42529,0ed9091f1ab96d24ef5fbd41d0d080668623e954e4f15e4a277f1c217e825eb9,6f03d3da3ed6ecbe918c5a7f9aa35cb9abfb2b83
p12v4m6-C-hk_jp_us_to_cn-s4096,C,HK+JP+US_to_CN,4096,sharpe,1.384220050478065,90e40d212b5faaff644e0041eeef92c0b0056ce9a834095a047948a1d5e42529,0ed9091f1ab96d24ef5fbd41d0d080668623e954e4f15e4a277f1c217e825eb9,6f03d3da3ed6ecbe918c5a7f9aa35cb9abfb2b83
p12v4m6-C-hk_jp_us_to_cn-s4096,C,HK+JP+US_to_CN,4096,std_return,0.0,90e40d212b5faaff644e0041eeef92c0b0056ce9a834095a047948a1d5e42529,0ed9091f1ab96d24ef5fbd41d0d080668623e954e4f15e4a277f1c217e825eb9,6f03d3da3ed6ecbe918c5a7f9aa35cb9abfb2b83
p12v4m6-C-hk_jp_us_to_cn-s4096,C,HK+JP+US_to_CN,4096,total_cost,19805.27657955203,90e40d212b5faaff644e0041eeef92c0b0056ce9a834095a047948a1d5e42529,0ed9091f1ab96d24ef5fbd41d0d080668623e954e4f15e4a277f1c217e825eb9,6f03d3da3ed6ecbe918c5a7f9aa35cb9abfb2b83
p12v4m6-C-hk_jp_us_to_cn-s4096,C,HK+JP+US_to_CN,4096,trade_count,915.0,90e40d212b5faaff644e0041eeef92c0b0056ce9a834095a047948a1d5e42529,0ed9091f1ab96d24ef5fbd41d0d080668623e954e4f15e4a277f1c217e825eb9,6f03d3da3ed6ecbe918c5a7f9aa35cb9abfb2b83
p12v4m6-C-hk_jp_us_to_cn-s8192,C,HK+JP+US_to_CN,8192,max_drawdown,0.06617060503571848,90e40d212b5faaff644e0041eeef92c0b0056ce9a834095a047948a1d5e42529,0ed9091f1ab96d24ef5fbd41d0d080668623e954e4f15e4a277f1c217e825eb9,6f03d3da3ed6ecbe918c5a7f9aa35cb9abfb2b83
p12v4m6-C-hk_jp_us_to_cn-s8192,C,HK+JP+US_to_CN,8192,mean_return,0.025980319862578094,90e40d212b5faaff644e0041eeef92c0b0056ce9a834095a047948a1d5e42529,0ed9091f1ab96d24ef5fbd41d0d080668623e954e4f15e4a277f1c217e825eb9,6f03d3da3ed6ecbe918c5a7f9aa35cb9abfb2b83
p12v4m6-C-hk_jp_us_to_cn-s8192,C,HK+JP+US_to_CN,8192,mean_reward,-0.05157370217501792,90e40d212b5faaff644e0041eeef92c0b0056ce9a834095a047948a1d5e42529,0ed9091f1ab96d24ef5fbd41d0d080668623e954e4f15e4a277f1c217e825eb9,6f03d3da3ed6ecbe918c5a7f9aa35cb9abfb2b83
p12v4m6-C-hk_jp_us_to_cn-s8192,C,HK+JP+US_to_CN,8192,mean_turnover,0.01832878406168461,90e40d212b5faaff644e0041eeef92c0b0056ce9a834095a047948a1d5e42529,0ed9091f1ab96d24ef5fbd41d0d080668623e954e4f15e4a277f1c217e825eb9,6f03d3da3ed6ecbe918c5a7f9aa35cb9abfb2b83
p12v4m6-C-hk_jp_us_to_cn-s8192,C,HK+JP+US_to_CN,8192,sharpe,0.606232690061039,90e40d212b5faaff644e0041eeef92c0b0056ce9a834095a047948a1d5e42529,0ed9091f1ab96d24ef5fbd41d0d080668623e954e4f15e4a277f1c217e825eb9,6f03d3da3ed6ecbe918c5a7f9aa35cb9abfb2b83
p12v4m6-C-hk_jp_us_to_cn-s8192,C,HK+JP+US_to_CN,8192,std_return,0.0,90e40d212b5faaff644e0041eeef92c0b0056ce9a834095a047948a1d5e42529,0ed9091f1ab96d24ef5fbd41d0d080668623e954e4f15e4a277f1c217e825eb9,6f03d3da3ed6ecbe918c5a7f9aa35cb9abfb2b83
p12v4m6-C-hk_jp_us_to_cn-s8192,C,HK+JP+US_to_CN,8192,total_cost,26528.71826096312,90e40d212b5faaff644e0041eeef92c0b0056ce9a834095a047948a1d5e42529,0ed9091f1ab96d24ef5fbd41d0d080668623e954e4f15e4a277f1c217e825eb9,6f03d3da3ed6ecbe918c5a7f9aa35cb9abfb2b83
p12v4m6-C-hk_jp_us_to_cn-s8192,C,HK+JP+US_to_CN,8192,trade_count,915.0,90e40d212b5faaff644e0041eeef92c0b0056ce9a834095a047948a1d5e42529,0ed9091f1ab96d24ef5fbd41d0d080668623e954e4f15e4a277f1c217e825eb9,6f03d3da3ed6ecbe918c5a7f9aa35cb9abfb2b83
p12v4m6-C-hk_jp_us_to_cn-s16384,C,HK+JP+US_to_CN,16384,max_drawdown,0.026588917234627307,90e40d212b5faaff644e0041eeef92c0b0056ce9a834095a047948a1d5e42529,0ed9091f1ab96d24ef5fbd41d0d080668623e954e4f15e4a277f1c217e825eb9,6f03d3da3ed6ecbe918c5a7f9aa35cb9abfb2b83
p12v4m6-C-hk_jp_us_to_cn-s16384,C,HK+JP+US_to_CN,16384,mean_return,0.011769672581895874,90e40d212b5faaff644e0041eeef92c0b0056ce9a834095a047948a1d5e42529,0ed9091f1ab96d24ef5fbd41d0d080668623e954e4f15e4a277f1c217e825eb9,6f03d3da3ed6ecbe918c5a7f9aa35cb9abfb2b83
p12v4m6-C-hk_jp_us_to_cn-s16384,C,HK+JP+US_to_CN,16384,mean_reward,-0.024674596981780553,90e40d212b5faaff644e0041eeef92c0b0056ce9a834095a047948a1d5e42529,0ed9091f1ab96d24ef5fbd41d0d080668623e954e4f15e4a277f1c217e825eb9,6f03d3da3ed6ecbe918c5a7f9aa35cb9abfb2b83
p12v4m6-C-hk_jp_us_to_cn-s16384,C,HK+JP+US_to_CN,16384,mean_turnover,0.015969979474954783,90e40d212b5faaff644e0041eeef92c0b0056ce9a834095a047948a1d5e42529,0ed9091f1ab96d24ef5fbd41d0d080668623e954e4f15e4a277f1c217e825eb9,6f03d3da3ed6ecbe918c5a7f9aa35cb9abfb2b83
p12v4m6-C-hk_jp_us_to_cn-s16384,C,HK+JP+US_to_CN,16384,sharpe,0.7198274115885636,90e40d212b5faaff644e0041eeef92c0b0056ce9a834095a047948a1d5e42529,0ed9091f1ab96d24ef5fbd41d0d080668623e954e4f15e4a277f1c217e825eb9,6f03d3da3ed6ecbe918c5a7f9aa35cb9abfb2b83
p12v4m6-C-hk_jp_us_to_cn-s16384,C,HK+JP+US_to_CN,16384,std_return,0.0,90e40d212b5faaff644e0041eeef92c0b0056ce9a834095a047948a1d5e42529,0ed9091f1ab96d24ef5fbd41d0d080668623e954e4f15e4a277f1c217e825eb9,6f03d3da3ed6ecbe918c5a7f9aa35cb9abfb2b83
p12v4m6-C-hk_jp_us_to_cn-s16384,C,HK+JP+US_to_CN,16384,total_cost,23200.909292360924,90e40d212b5faaff644e0041eeef92c0b0056ce9a834095a047948a1d5e42529,0ed9091f1ab96d24ef5fbd41d0d080668623e954e4f15e4a277f1c217e825eb9,6f03d3da3ed6ecbe918c5a7f9aa35cb9abfb2b83
p12v4m6-C-hk_jp_us_to_cn-s16384,C,HK+JP+US_to_CN,16384,trade_count,915.0,90e40d212b5faaff644e0041eeef92c0b0056ce9a834095a047948a1d5e42529,0ed9091f1ab96d24ef5fbd41d0d080668623e954e4f15e4a277f1c217e825eb9,6f03d3da3ed6ecbe918c5a7f9aa35cb9abfb2b83
p12v4m6-C-single_market-s1024,C,single_market,1024,max_drawdown,0.026504577036961963,90e40d212b5faaff644e0041eeef92c0b0056ce9a834095a047948a1d5e42529,0ed9091f1ab96d24ef5fbd41d0d080668623e954e4f15e4a277f1c217e825eb9,6f03d3da3ed6ecbe918c5a7f9aa35cb9abfb2b83
p12v4m6-C-single_market-s1024,C,single_market,1024,mean_return,0.03480306027642999,90e40d212b5faaff644e0041eeef92c0b0056ce9a834095a047948a1d5e42529,0ed9091f1ab96d24ef5fbd41d0d080668623e954e4f15e4a277f1c217e825eb9,6f03d3da3ed6ecbe918c5a7f9aa35cb9abfb2b83
p12v4m6-C-single_market-s1024,C,single_market,1024,mean_reward,0.0020808789254064724,90e40d212b5faaff644e0041eeef92c0b0056ce9a834095a047948a1d5e42529,0ed9091f1ab96d24ef5fbd41d0d080668623e954e4f15e4a277f1c217e825eb9,6f03d3da3ed6ecbe918c5a7f9aa35cb9abfb2b83
p12v4m6-C-single_market-s1024,C,single_market,1024,mean_turnover,0.0023162989058809385,90e40d212b5faaff644e0041eeef92c0b0056ce9a834095a047948a1d5e42529,0ed9091f1ab96d24ef5fbd41d0d080668623e954e4f15e4a277f1c217e825eb9,6f03d3da3ed6ecbe918c5a7f9aa35cb9abfb2b83
p12v4m6-C-single_market-s1024,C,single_market,1024,sharpe,1.5244604506197155,90e40d212b5faaff644e0041eeef92c0b0056ce9a834095a047948a1d5e42529,0ed9091f1ab96d24ef5fbd41d0d080668623e954e4f15e4a277f1c217e825eb9,6f03d3da3ed6ecbe918c5a7f9aa35cb9abfb2b83
p12v4m6-C-single_market-s1024,C,single_market,1024,std_return,0.0,90e40d212b5faaff644e0041eeef92c0b0056ce9a834095a047948a1d5e42529,0ed9091f1ab96d24ef5fbd41d0d080668623e954e4f15e4a277f1c217e825eb9,6f03d3da3ed6ecbe918c5a7f9aa35cb9abfb2b83
p12v4m6-C-single_market-s1024,C,single_market,1024,total_cost,3396.6772027190536,90e40d212b5faaff644e0041eeef92c0b0056ce9a834095a047948a1d5e42529,0ed9091f1ab96d24ef5fbd41d0d080668623e954e4f15e4a277f1c217e825eb9,6f03d3da3ed6ecbe918c5a7f9aa35cb9abfb2b83
p12v4m6-C-single_market-s1024,C,single_market,1024,trade_count,907.5,90e40d212b5faaff644e0041eeef92c0b0056ce9a834095a047948a1d5e42529,0ed9091f1ab96d24ef5fbd41d0d080668623e954e4f15e4a277f1c217e825eb9,6f03d3da3ed6ecbe918c5a7f9aa35cb9abfb2b83
p12v4m6-C-single_market-s2048,C,single_market,2048,max_drawdown,0.026837536674523266,90e40d212b5faaff644e0041eeef92c0b0056ce9a834095a047948a1d5e42529,0ed9091f1ab96d24ef5fbd41d0d080668623e954e4f15e4a277f1c217e825eb9,6f03d3da3ed6ecbe918c5a7f9aa35cb9abfb2b83
p12v4m6-C-single_market-s2048,C,single_market,2048,mean_return,0.03215071200569719,90e40d212b5faaff644e0041eeef92c0b0056ce9a834095a047948a1d5e42529,0ed9091f1ab96d24ef5fbd41d0d080668623e954e4f15e4a277f1c217e825eb9,6f03d3da3ed6ecbe918c5a7f9aa35cb9abfb2b83
p12v4m6-C-single_market-s2048,C,single_market,2048,mean_reward,-0.0020879758492805493,90e40d212b5faaff644e0041eeef92c0b0056ce9a834095a047948a1d5e42529,0ed9091f1ab96d24ef5fbd41d0d080668623e954e4f15e4a277f1c217e825eb9,6f03d3da3ed6ecbe918c5a7f9aa35cb9abfb2b83
p12v4m6-C-single_market-s2048,C,single_market,2048,mean_turnover,0.0025176285890501004,90e40d212b5faaff644e0041eeef92c0b0056ce9a834095a047948a1d5e42529,0ed9091f1ab96d24ef5fbd41d0d080668623e954e4f15e4a277f1c217e825eb9,6f03d3da3ed6ecbe918c5a7f9aa35cb9abfb2b83
p12v4m6-C-single_market-s2048,C,single_market,2048,sharpe,1.2924496180049407,90e40d212b5faaff644e0041eeef92c0b0056ce9a834095a047948a1d5e42529,0ed9091f1ab96d24ef5fbd41d0d080668623e954e4f15e4a277f1c217e825eb9,6f03d3da3ed6ecbe918c5a7f9aa35cb9abfb2b83
p12v4m6-C-single_market-s2048,C,single_market,2048,std_return,0.0,90e40d212b5faaff644e0041eeef92c0b0056ce9a834095a047948a1d5e42529,0ed9091f1ab96d24ef5fbd41d0d080668623e954e4f15e4a277f1c217e825eb9,6f03d3da3ed6ecbe918c5a7f9aa35cb9abfb2b83
p12v4m6-C-single_market-s2048,C,single_market,2048,total_cost,3700.7845418534916,90e40d212b5faaff644e0041eeef92c0b0056ce9a834095a047948a1d5e42529,0ed9091f1ab96d24ef5fbd41d0d080668623e954e4f15e4a277f1c217e825eb9,6f03d3da3ed6ecbe918c5a7f9aa35cb9abfb2b83
p12v4m6-C-single_market-s2048,C,single_market,2048,trade_count,901.25,90e40d212b5faaff644e0041eeef92c0b0056ce9a834095a047948a1d5e42529,0ed9091f1ab96d24ef5fbd41d0d080668623e954e4f15e4a277f1c217e825eb9,6f03d3da3ed6ecbe918c5a7f9aa35cb9abfb2b83
p12v4m6-C-single_market-s4096,C,single_market,4096,max_drawdown,0.021822208846864033,90e40d212b5faaff644e0041eeef92c0b0056ce9a834095a047948a1d5e42529,0ed9091f1ab96d24ef5fbd41d0d080668623e954e4f15e4a277f1c217e825eb9,6f03d3da3ed6ecbe918c5a7f9aa35cb9abfb2b83
p12v4m6-C-single_market-s4096,C,single_market,4096,mean_return,0.016569872914585893,90e40d212b5faaff644e0041eeef92c0b0056ce9a834095a047948a1d5e42529,0ed9091f1ab96d24ef5fbd41d0d080668623e954e4f15e4a277f1c217e825eb9,6f03d3da3ed6ecbe918c5a7f9aa35cb9abfb2b83
p12v4m6-C-single_market-s4096,C,single_market,4096,mean_reward,-0.016091492251184066,90e40d212b5faaff644e0041eeef92c0b0056ce9a834095a047948a1d5e42529,0ed9091f1ab96d24ef5fbd41d0d080668623e954e4f15e4a277f1c217e825eb9,6f03d3da3ed6ecbe918c5a7f9aa35cb9abfb2b83
p12v4m6-C-single_market-s4096,C,single_market,4096,mean_turnover,0.003591363922312673,90e40d212b5faaff644e0041eeef92c0b0056ce9a834095a047948a1d5e42529,0ed9091f1ab96d24ef5fbd41d0d080668623e954e4f15e4a277f1c217e825eb9,6f03d3da3ed6ecbe918c5a7f9aa35cb9abfb2b83
p12v4m6-C-single_market-s4096,C,single_market,4096,sharpe,1.0008860045742625,90e40d212b5faaff644e0041eeef92c0b0056ce9a834095a047948a1d5e42529,0ed9091f1ab96d24ef5fbd41d0d080668623e954e4f15e4a277f1c217e825eb9,6f03d3da3ed6ecbe918c5a7f9aa35cb9abfb2b83
p12v4m6-C-single_market-s4096,C,single_market,4096,std_return,0.0,90e40d212b5faaff644e0041eeef92c0b0056ce9a834095a047948a1d5e42529,0ed9091f1ab96d24ef5fbd41d0d080668623e954e4f15e4a277f1c217e825eb9,6f03d3da3ed6ecbe918c5a7f9aa35cb9abfb2b83
p12v4m6-C-single_market-s4096,C,single_market,4096,total_cost,5204.464315317696,90e40d212b5faaff644e0041eeef92c0b0056ce9a834095a047948a1d5e42529,0ed9091f1ab96d24ef5fbd41d0d080668623e954e4f15e4a277f1c217e825eb9,6f03d3da3ed6ecbe918c5a7f9aa35cb9abfb2b83
p12v4m6-C-single_market-s4096,C,single_market,4096,trade_count,912.5,90e40d212b5faaff644e0041eeef92c0b0056ce9a834095a047948a1d5e42529,0ed9091f1ab96d24ef5fbd41d0d080668623e954e4f15e4a277f1c217e825eb9,6f03d3da3ed6ecbe918c5a7f9aa35cb9abfb2b83
p12v4m6-C-single_market-s8192,C,single_market,8192,max_drawdown,0.02960904049572327,90e40d212b5faaff644e0041eeef92c0b0056ce9a834095a047948a1d5e42529,0ed9091f1ab96d24ef5fbd41d0d080668623e954e4f15e4a277f1c217e825eb9,6f03d3da3ed6ecbe918c5a7f9aa35cb9abfb2b83
p12v4m6-C-single_market-s8192,C,single_market,8192,mean_return,0.02895855809889475,90e40d212b5faaff644e0041eeef92c0b0056ce9a834095a047948a1d5e42529,0ed9091f1ab96d24ef5fbd41d0d080668623e954e4f15e4a277f1c217e825eb9,6f03d3da3ed6ecbe918c5a7f9aa35cb9abfb2b83
p12v4m6-C-single_market-s8192,C,single_market,8192,mean_reward,-0.009792630532971733,90e40d212b5faaff644e0041eeef92c0b0056ce9a834095a047948a1d5e42529,0ed9091f1ab96d24ef5fbd41d0d080668623e954e4f15e4a277f1c217e825eb9,6f03d3da3ed6ecbe918c5a7f9aa35cb9abfb2b83
p12v4m6-C-single_market-s8192,C,single_market,8192,mean_turnover,0.0032421461020390114,90e40d212b5faaff644e0041eeef92c0b0056ce9a834095a047948a1d5e42529,0ed9091f1ab96d24ef5fbd41d0d080668623e954e4f15e4a277f1c217e825eb9,6f03d3da3ed6ecbe918c5a7f9aa35cb9abfb2b83
p12v4m6-C-single_market-s8192,C,single_market,8192,sharpe,0.7710868058139507,90e40d212b5faaff644e0041eeef92c0b0056ce9a834095a047948a1d5e42529,0ed9091f1ab96d24ef5fbd41d0d080668623e954e4f15e4a277f1c217e825eb9,6f03d3da3ed6ecbe918c5a7f9aa35cb9abfb2b83
p12v4m6-C-single_market-s8192,C,single_market,8192,std_return,0.0,90e40d212b5faaff644e0041eeef92c0b0056ce9a834095a047948a1d5e42529,0ed9091f1ab96d24ef5fbd41d0d080668623e954e4f15e4a277f1c217e825eb9,6f03d3da3ed6ecbe918c5a7f9aa35cb9abfb2b83
p12v4m6-C-single_market-s8192,C,single_market,8192,total_cost,4738.217226497272,90e40d212b5faaff644e0041eeef92c0b0056ce9a834095a047948a1d5e42529,0ed9091f1ab96d24ef5fbd41d0d080668623e954e4f15e4a277f1c217e825eb9,6f03d3da3ed6ecbe918c5a7f9aa35cb9abfb2b83
p12v4m6-C-single_market-s8192,C,single_market,8192,trade_count,687.5,90e40d212b5faaff644e0041eeef92c0b0056ce9a834095a047948a1d5e42529,0ed9091f1ab96d24ef5fbd41d0d080668623e954e4f15e4a277f1c217e825eb9,6f03d3da3ed6ecbe918c5a7f9aa35cb9abfb2b83
p12v4m6-C-single_market-s16384,C,single_market,16384,max_drawdown,0.02551958832471135,90e40d212b5faaff644e0041eeef92c0b0056ce9a834095a047948a1d5e42529,0ed9091f1ab96d24ef5fbd41d0d080668623e954e4f15e4a277f1c217e825eb9,6f03d3da3ed6ecbe918c5a7f9aa35cb9abfb2b83
p12v4m6-C-single_market-s16384,C,single_market,16384,mean_return,0.0073068297459366605,90e40d212b5faaff644e0041eeef92c0b0056ce9a834095a047948a1d5e42529,0ed9091f1ab96d24ef5fbd41d0d080668623e954e4f15e4a277f1c217e825eb9,6f03d3da3ed6ecbe918c5a7f9aa35cb9abfb2b83
p12v4m6-C-single_market-s16384,C,single_market,16384,mean_reward,-0.019724060378624213,90e40d212b5faaff644e0041eeef92c0b0056ce9a834095a047948a1d5e42529,0ed9091f1ab96d24ef5fbd41d0d080668623e954e4f15e4a277f1c217e825eb9,6f03d3da3ed6ecbe918c5a7f9aa35cb9abfb2b83
p12v4m6-C-single_market-s16384,C,single_market,16384,mean_turnover,0.0022301581120856826,90e40d212b5faaff644e0041eeef92c0b0056ce9a834095a047948a1d5e42529,0ed9091f1ab96d24ef5fbd41d0d080668623e954e4f15e4a277f1c217e825eb9,6f03d3da3ed6ecbe918c5a7f9aa35cb9abfb2b83
p12v4m6-C-single_market-s16384,C,single_market,16384,sharpe,0.5850033114924132,90e40d212b5faaff644e0041eeef92c0b0056ce9a834095a047948a1d5e42529,0ed9091f1ab96d24ef5fbd41d0d080668623e954e4f15e4a277f1c217e825eb9,6f03d3da3ed6ecbe918c5a7f9aa35cb9abfb2b83
p12v4m6-C-single_market-s16384,C,single_market,16384,std_return,0.0,90e40d212b5faaff644e0041eeef92c0b0056ce9a834095a047948a1d5e42529,0ed9091f1ab96d24ef5fbd41d0d080668623e954e4f15e4a277f1c217e825eb9,6f03d3da3ed6ecbe918c5a7f9aa35cb9abfb2b83
p12v4m6-C-single_market-s16384,C,single_market,16384,total_cost,3232.1335923568654,90e40d212b5faaff644e0041eeef92c0b0056ce9a834095a047948a1d5e42529,0ed9091f1ab96d24ef5fbd41d0d080668623e954e4f15e4a277f1c217e825eb9,6f03d3da3ed6ecbe918c5a7f9aa35cb9abfb2b83
p12v4m6-C-single_market-s16384,C,single_market,16384,trade_count,735.0,90e40d212b5faaff644e0041eeef92c0b0056ce9a834095a047948a1d5e42529,0ed9091f1ab96d24ef5fbd41d0d080668623e954e4f15e4a277f1c217e825eb9,6f03d3da3ed6ecbe918c5a7f9aa35cb9abfb2b83
p12v4m6-C-joint_market-s1024,C,joint_market,1024,max_drawdown,0.05885363932796672,90e40d212b5faaff644e0041eeef92c0b0056ce9a834095a047948a1d5e42529,0ed9091f1ab96d24ef5fbd41d0d080668623e954e4f15e4a277f1c217e825eb9,6f03d3da3ed6ecbe918c5a7f9aa35cb9abfb2b83
p12v4m6-C-joint_market-s1024,C,joint_market,1024,mean_return,0.11000670713612148,90e40d212b5faaff644e0041eeef92c0b0056ce9a834095a047948a1d5e42529,0ed9091f1ab96d24ef5fbd41d0d080668623e954e4f15e4a277f1c217e825eb9,6f03d3da3ed6ecbe918c5a7f9aa35cb9abfb2b83
p12v4m6-C-joint_market-s1024,C,joint_market,1024,mean_reward,0.04131513991261635,90e40d212b5faaff644e0041eeef92c0b0056ce9a834095a047948a1d5e42529,0ed9091f1ab96d24ef5fbd41d0d080668623e954e4f15e4a277f1c217e825eb9,6f03d3da3ed6ecbe918c5a7f9aa35cb9abfb2b83
p12v4m6-C-joint_market-s1024,C,joint_market,1024,mean_turnover,0.008343840263250718,90e40d212b5faaff644e0041eeef92c0b0056ce9a834095a047948a1d5e42529,0ed9091f1ab96d24ef5fbd41d0d080668623e954e4f15e4a277f1c217e825eb9,6f03d3da3ed6ecbe918c5a7f9aa35cb9abfb2b83
p12v4m6-C-joint_market-s1024,C,joint_market,1024,sharpe,2.401718755248404,90e40d212b5faaff644e0041eeef92c0b0056ce9a834095a047948a1d5e42529,0ed9091f1ab96d24ef5fbd41d0d080668623e954e4f15e4a277f1c217e825eb9,6f03d3da3ed6ecbe918c5a7f9aa35cb9abfb2b83
p12v4m6-C-joint_market-s1024,C,joint_market,1024,std_return,0.0,90e40d212b5faaff644e0041eeef92c0b0056ce9a834095a047948a1d5e42529,0ed9091f1ab96d24ef5fbd41d0d080668623e954e4f15e4a277f1c217e825eb9,6f03d3da3ed6ecbe918c5a7f9aa35cb9abfb2b83
p12v4m6-C-joint_market-s1024,C,joint_market,1024,total_cost,12385.525047412713,90e40d212b5faaff644e0041eeef92c0b0056ce9a834095a047948a1d5e42529,0ed9091f1ab96d24ef5fbd41d0d080668623e954e4f15e4a277f1c217e825eb9,6f03d3da3ed6ecbe918c5a7f9aa35cb9abfb2b83
p12v4m6-C-joint_market-s1024,C,joint_market,1024,trade_count,970.0,90e40d212b5faaff644e0041eeef92c0b0056ce9a834095a047948a1d5e42529,0ed9091f1ab96d24ef5fbd41d0d080668623e954e4f15e4a277f1c217e825eb9,6f03d3da3ed6ecbe918c5a7f9aa35cb9abfb2b83
p12v4m6-C-joint_market-s2048,C,joint_market,2048,max_drawdown,0.10759053674387342,90e40d212b5faaff644e0041eeef92c0b0056ce9a834095a047948a1d5e42529,0ed9091f1ab96d24ef5fbd41d0d080668623e954e4f15e4a277f1c217e825eb9,6f03d3da3ed6ecbe918c5a7f9aa35cb9abfb2b83
p12v4m6-C-joint_market-s2048,C,joint_market,2048,mean_return,0.17708010919767658,90e40d212b5faaff644e0041eeef92c0b0056ce9a834095a047948a1d5e42529,0ed9091f1ab96d24ef5fbd41d0d080668623e954e4f15e4a277f1c217e825eb9,6f03d3da3ed6ecbe918c5a7f9aa35cb9abfb2b83
p12v4m6-C-joint_market-s2048,C,joint_market,2048,mean_reward,0.06976237817548282,90e40d212b5faaff644e0041eeef92c0b0056ce9a834095a047948a1d5e42529,0ed9091f1ab96d24ef5fbd41d0d080668623e954e4f15e4a277f1c217e825eb9,6f03d3da3ed6ecbe918c5a7f9aa35cb9abfb2b83
p12v4m6-C-joint_market-s2048,C,joint_market,2048,mean_turnover,0.011162159999932256,90e40d212b5faaff644e0041eeef92c0b0056ce9a834095a047948a1d5e42529,0ed9091f1ab96d24ef5fbd41d0d080668623e954e4f15e4a277f1c217e825eb9,6f03d3da3ed6ecbe918c5a7f9aa35cb9abfb2b83
p12v4m6-C-joint_market-s2048,C,joint_market,2048,sharpe,2.4156696875776515,90e40d212b5faaff644e0041eeef92c0b0056ce9a834095a047948a1d5e42529,0ed9091f1ab96d24ef5fbd41d0d080668623e954e4f15e4a277f1c217e825eb9,6f03d3da3ed6ecbe918c5a7f9aa35cb9abfb2b83
p12v4m6-C-joint_market-s2048,C,joint_market,2048,std_return,0.0,90e40d212b5faaff644e0041eeef92c0b0056ce9a834095a047948a1d5e42529,0ed9091f1ab96d24ef5fbd41d0d080668623e954e4f15e4a277f1c217e825eb9,6f03d3da3ed6ecbe918c5a7f9aa35cb9abfb2b83
p12v4m6-C-joint_market-s2048,C,joint_market,2048,total_cost,16734.743081311764,90e40d212b5faaff644e0041eeef92c0b0056ce9a834095a047948a1d5e42529,0ed9091f1ab96d24ef5fbd41d0d080668623e954e4f15e4a277f1c217e825eb9,6f03d3da3ed6ecbe918c5a7f9aa35cb9abfb2b83
p12v4m6-C-joint_market-s2048,C,joint_market,2048,trade_count,970.0,90e40d212b5faaff644e0041eeef92c0b0056ce9a834095a047948a1d5e42529,0ed9091f1ab96d24ef5fbd41d0d080668623e954e4f15e4a277f1c217e825eb9,6f03d3da3ed6ecbe918c5a7f9aa35cb9abfb2b83
p12v4m6-C-joint_market-s4096,C,joint_market,4096,max_drawdown,0.0796894818479078,90e40d212b5faaff644e0041eeef92c0b0056ce9a834095a047948a1d5e42529,0ed9091f1ab96d24ef5fbd41d0d080668623e954e4f15e4a277f1c217e825eb9,6f03d3da3ed6ecbe918c5a7f9aa35cb9abfb2b83
p12v4m6-C-joint_market-s4096,C,joint_market,4096,mean_return,0.11198158708335781,90e40d212b5faaff644e0041eeef92c0b0056ce9a834095a047948a1d5e42529,0ed9091f1ab96d24ef5fbd41d0d080668623e954e4f15e4a277f1c217e825eb9,6f03d3da3ed6ecbe918c5a7f9aa35cb9abfb2b83
p12v4m6-C-joint_market-s4096,C,joint_market,4096,mean_reward,0.024561559652333458,90e40d212b5faaff644e0041eeef92c0b0056ce9a834095a047948a1d5e42529,0ed9091f1ab96d24ef5fbd41d0d080668623e954e4f15e4a277f1c217e825eb9,6f03d3da3ed6ecbe918c5a7f9aa35cb9abfb2b83
p12v4m6-C-joint_market-s4096,C,joint_market,4096,mean_turnover,0.009941309325619574,90e40d212b5faaff644e0041eeef92c0b0056ce9a834095a047948a1d5e42529,0ed9091f1ab96d24ef5fbd41d0d080668623e954e4f15e4a277f1c217e825eb9,6f03d3da3ed6ecbe918c5a7f9aa35cb9abfb2b83
p12v4m6-C-joint_market-s4096,C,joint_market,4096,sharpe,1.7971619101800222,90e40d212b5faaff644e0041eeef92c0b0056ce9a834095a047948a1d5e42529,0ed9091f1ab96d24ef5fbd41d0d080668623e954e4f15e4a277f1c217e825eb9,6f03d3da3ed6ecbe918c5a7f9aa35cb9abfb2b83
p12v4m6-C-joint_market-s4096,C,joint_market,4096,std_return,0.0,90e40d212b5faaff644e0041eeef92c0b0056ce9a834095a047948a1d5e42529,0ed9091f1ab96d24ef5fbd41d0d080668623e954e4f15e4a277f1c217e825eb9,6f03d3da3ed6ecbe918c5a7f9aa35cb9abfb2b83
p12v4m6-C-joint_market-s4096,C,joint_market,4096,total_cost,14781.138796304105,90e40d212b5faaff644e0041eeef92c0b0056ce9a834095a047948a1d5e42529,0ed9091f1ab96d24ef5fbd41d0d080668623e954e4f15e4a277f1c217e825eb9,6f03d3da3ed6ecbe918c5a7f9aa35cb9abfb2b83
p12v4m6-C-joint_market-s4096,C,joint_market,4096,trade_count,970.0,90e40d212b5faaff644e0041eeef92c0b0056ce9a834095a047948a1d5e42529,0ed9091f1ab96d24ef5fbd41d0d080668623e954e4f15e4a277f1c217e825eb9,6f03d3da3ed6ecbe918c5a7f9aa35cb9abfb2b83
p12v4m6-C-joint_market-s8192,C,joint_market,8192,max_drawdown,0.10753766641774187,90e40d212b5faaff644e0041eeef92c0b0056ce9a834095a047948a1d5e42529,0ed9091f1ab96d24ef5fbd41d0d080668623e954e4f15e4a277f1c217e825eb9,6f03d3da3ed6ecbe918c5a7f9aa35cb9abfb2b83
p12v4m6-C-joint_market-s8192,C,joint_market,8192,mean_return,0.1314291739502944,90e40d212b5faaff644e0041eeef92c0b0056ce9a834095a047948a1d5e42529,0ed9091f1ab96d24ef5fbd41d0d080668623e954e4f15e4a277f1c217e825eb9,6f03d3da3ed6ecbe918c5a7f9aa35cb9abfb2b83
p12v4m6-C-joint_market-s8192,C,joint_market,8192,mean_reward,0.01589253917362392,90e40d212b5faaff644e0041eeef92c0b0056ce9a834095a047948a1d5e42529,0ed9091f1ab96d24ef5fbd41d0d080668623e954e4f15e4a277f1c217e825eb9,6f03d3da3ed6ecbe918c5a7f9aa35cb9abfb2b83
p12v4m6-C-joint_market-s8192,C,joint_market,8192,mean_turnover,0.01340070126120999,90e40d212b5faaff644e0041eeef92c0b0056ce9a834095a047948a1d5e42529,0ed9091f1ab96d24ef5fbd41d0d080668623e954e4f15e4a277f1c217e825eb9,6f03d3da3ed6ecbe918c5a7f9aa35cb9abfb2b83
p12v4m6-C-joint_market-s8192,C,joint_market,8192,sharpe,1.7104265388963598,90e40d212b5faaff644e0041eeef92c0b0056ce9a834095a047948a1d5e42529,0ed9091f1ab96d24ef5fbd41d0d080668623e954e4f15e4a277f1c217e825eb9,6f03d3da3ed6ecbe918c5a7f9aa35cb9abfb2b83
p12v4m6-C-joint_market-s8192,C,joint_market,8192,std_return,0.0,90e40d212b5faaff644e0041eeef92c0b0056ce9a834095a047948a1d5e42529,0ed9091f1ab96d24ef5fbd41d0d080668623e954e4f15e4a277f1c217e825eb9,6f03d3da3ed6ecbe918c5a7f9aa35cb9abfb2b83
p12v4m6-C-joint_market-s8192,C,joint_market,8192,total_cost,19896.347777951414,90e40d212b5faaff644e0041eeef92c0b0056ce9a834095a047948a1d5e42529,0ed9091f1ab96d24ef5fbd41d0d080668623e954e4f15e4a277f1c217e825eb9,6f03d3da3ed6ecbe918c5a7f9aa35cb9abfb2b83
p12v4m6-C-joint_market-s8192,C,joint_market,8192,trade_count,970.0,90e40d212b5faaff644e0041eeef92c0b0056ce9a834095a047948a1d5e42529,0ed9091f1ab96d24ef5fbd41d0d080668623e954e4f15e4a277f1c217e825eb9,6f03d3da3ed6ecbe918c5a7f9aa35cb9abfb2b83
p12v4m6-C-joint_market-s16384,C,joint_market,16384,max_drawdown,0.1148888680949216,90e40d212b5faaff644e0041eeef92c0b0056ce9a834095a047948a1d5e42529,0ed9091f1ab96d24ef5fbd41d0d080668623e954e4f15e4a277f1c217e825eb9,6f03d3da3ed6ecbe918c5a7f9aa35cb9abfb2b83
p12v4m6-C-joint_market-s16384,C,joint_market,16384,mean_return,0.06642804430485105,90e40d212b5faaff644e0041eeef92c0b0056ce9a834095a047948a1d5e42529,0ed9091f1ab96d24ef5fbd41d0d080668623e954e4f15e4a277f1c217e825eb9,6f03d3da3ed6ecbe918c5a7f9aa35cb9abfb2b83
p12v4m6-C-joint_market-s16384,C,joint_market,16384,mean_reward,-0.030568530021931196,90e40d212b5faaff644e0041eeef92c0b0056ce9a834095a047948a1d5e42529,0ed9091f1ab96d24ef5fbd41d0d080668623e954e4f15e4a277f1c217e825eb9,6f03d3da3ed6ecbe918c5a7f9aa35cb9abfb2b83
p12v4m6-C-joint_market-s16384,C,joint_market,16384,mean_turnover,0.010325199033255269,90e40d212b5faaff644e0041eeef92c0b0056ce9a834095a047948a1d5e42529,0ed9091f1ab96d24ef5fbd41d0d080668623e954e4f15e4a277f1c217e825eb9,6f03d3da3ed6ecbe918c5a7f9aa35cb9abfb2b83
p12v4m6-C-joint_market-s16384,C,joint_market,16384,sharpe,1.1452706379401154,90e40d212b5faaff644e0041eeef92c0b0056ce9a834095a047948a1d5e42529,0ed9091f1ab96d24ef5fbd41d0d080668623e954e4f15e4a277f1c217e825eb9,6f03d3da3ed6ecbe918c5a7f9aa35cb9abfb2b83
p12v4m6-C-joint_market-s16384,C,joint_market,16384,std_return,0.0,90e40d212b5faaff644e0041eeef92c0b0056ce9a834095a047948a1d5e42529,0ed9091f1ab96d24ef5fbd41d0d080668623e954e4f15e4a277f1c217e825eb9,6f03d3da3ed6ecbe918c5a7f9aa35cb9abfb2b83
p12v4m6-C-joint_market-s16384,C,joint_market,16384,total_cost,14971.83188941592,90e40d212b5faaff644e0041eeef92c0b0056ce9a834095a047948a1d5e42529,0ed9091f1ab96d24ef5fbd41d0d080668623e954e4f15e4a277f1c217e825eb9,6f03d3da3ed6ecbe918c5a7f9aa35cb9abfb2b83
p12v4m6-C-joint_market-s16384,C,joint_market,16384,trade_count,970.0,90e40d212b5faaff644e0041eeef92c0b0056ce9a834095a047948a1d5e42529,0ed9091f1ab96d24ef5fbd41d0d080668623e954e4f15e4a277f1c217e825eb9,6f03d3da3ed6ecbe918c5a7f9aa35cb9abfb2b83
p12v4m6-C-unseen_stock-s1024,C,unseen_stock,1024,max_drawdown,0.01433599669933272,90e40d212b5faaff644e0041eeef92c0b0056ce9a834095a047948a1d5e42529,0ed9091f1ab96d24ef5fbd41d0d080668623e954e4f15e4a277f1c217e825eb9,6f03d3da3ed6ecbe918c5a7f9aa35cb9abfb2b83
p12v4m6-C-unseen_stock-s1024,C,unseen_stock,1024,mean_return,0.015215495692072478,90e40d212b5faaff644e0041eeef92c0b0056ce9a834095a047948a1d5e42529,0ed9091f1ab96d24ef5fbd41d0d080668623e954e4f15e4a277f1c217e825eb9,6f03d3da3ed6ecbe918c5a7f9aa35cb9abfb2b83
p12v4m6-C-unseen_stock-s1024,C,unseen_stock,1024,mean_reward,-0.007966558576579347,90e40d212b5faaff644e0041eeef92c0b0056ce9a834095a047948a1d5e42529,0ed9091f1ab96d24ef5fbd41d0d080668623e954e4f15e4a277f1c217e825eb9,6f03d3da3ed6ecbe918c5a7f9aa35cb9abfb2b83
p12v4m6-C-unseen_stock-s1024,C,unseen_stock,1024,mean_turnover,0.026074729626025674,90e40d212b5faaff644e0041eeef92c0b0056ce9a834095a047948a1d5e42529,0ed9091f1ab96d24ef5fbd41d0d080668623e954e4f15e4a277f1c217e825eb9,6f03d3da3ed6ecbe918c5a7f9aa35cb9abfb2b83
p12v4m6-C-unseen_stock-s1024,C,unseen_stock,1024,sharpe,1.0664630868318183,90e40d212b5faaff644e0041eeef92c0b0056ce9a834095a047948a1d5e42529,0ed9091f1ab96d24ef5fbd41d0d080668623e954e4f15e4a277f1c217e825eb9,6f03d3da3ed6ecbe918c5a7f9aa35cb9abfb2b83
p12v4m6-C-unseen_stock-s1024,C,unseen_stock,1024,std_return,0.0,90e40d212b5faaff644e0041eeef92c0b0056ce9a834095a047948a1d5e42529,0ed9091f1ab96d24ef5fbd41d0d080668623e954e4f15e4a277f1c217e825eb9,6f03d3da3ed6ecbe918c5a7f9aa35cb9abfb2b83
p12v4m6-C-unseen_stock-s1024,C,unseen_stock,1024,total_cost,38037.04159125675,90e40d212b5faaff644e0041eeef92c0b0056ce9a834095a047948a1d5e42529,0ed9091f1ab96d24ef5fbd41d0d080668623e954e4f15e4a277f1c217e825eb9,6f03d3da3ed6ecbe918c5a7f9aa35cb9abfb2b83
p12v4m6-C-unseen_stock-s1024,C,unseen_stock,1024,trade_count,970.0,90e40d212b5faaff644e0041eeef92c0b0056ce9a834095a047948a1d5e42529,0ed9091f1ab96d24ef5fbd41d0d080668623e954e4f15e4a277f1c217e825eb9,6f03d3da3ed6ecbe918c5a7f9aa35cb9abfb2b83
p12v4m6-C-unseen_stock-s2048,C,unseen_stock,2048,max_drawdown,0.01170135918918036,90e40d212b5faaff644e0041eeef92c0b0056ce9a834095a047948a1d5e42529,0ed9091f1ab96d24ef5fbd41d0d080668623e954e4f15e4a277f1c217e825eb9,6f03d3da3ed6ecbe918c5a7f9aa35cb9abfb2b83
p12v4m6-C-unseen_stock-s2048,C,unseen_stock,2048,mean_return,-0.0008883418143854627,90e40d212b5faaff644e0041eeef92c0b0056ce9a834095a047948a1d5e42529,0ed9091f1ab96d24ef5fbd41d0d080668623e954e4f15e4a277f1c217e825eb9,6f03d3da3ed6ecbe918c5a7f9aa35cb9abfb2b83
p12v4m6-C-unseen_stock-s2048,C,unseen_stock,2048,mean_reward,-0.0162901225102536,90e40d212b5faaff644e0041eeef92c0b0056ce9a834095a047948a1d5e42529,0ed9091f1ab96d24ef5fbd41d0d080668623e954e4f15e4a277f1c217e825eb9,6f03d3da3ed6ecbe918c5a7f9aa35cb9abfb2b83
p12v4m6-C-unseen_stock-s2048,C,unseen_stock,2048,mean_turnover,0.019884552695388608,90e40d212b5faaff644e0041eeef92c0b0056ce9a834095a047948a1d5e42529,0ed9091f1ab96d24ef5fbd41d0d080668623e954e4f15e4a277f1c217e825eb9,6f03d3da3ed6ecbe918c5a7f9aa35cb9abfb2b83
p12v4m6-C-unseen_stock-s2048,C,unseen_stock,2048,sharpe,0.04645687701562945,90e40d212b5faaff644e0041eeef92c0b0056ce9a834095a047948a1d5e42529,0ed9091f1ab96d24ef5fbd41d0d080668623e954e4f15e4a277f1c217e825eb9,6f03d3da3ed6ecbe918c5a7f9aa35cb9abfb2b83
p12v4m6-C-unseen_stock-s2048,C,unseen_stock,2048,std_return,0.0,90e40d212b5faaff644e0041eeef92c0b0056ce9a834095a047948a1d5e42529,0ed9091f1ab96d24ef5fbd41d0d080668623e954e4f15e4a277f1c217e825eb9,6f03d3da3ed6ecbe918c5a7f9aa35cb9abfb2b83
p12v4m6-C-unseen_stock-s2048,C,unseen_stock,2048,total_cost,28810.432883124,90e40d212b5faaff644e0041eeef92c0b0056ce9a834095a047948a1d5e42529,0ed9091f1ab96d24ef5fbd41d0d080668623e954e4f15e4a277f1c217e825eb9,6f03d3da3ed6ecbe918c5a7f9aa35cb9abfb2b83
p12v4m6-C-unseen_stock-s2048,C,unseen_stock,2048,trade_count,970.0,90e40d212b5faaff644e0041eeef92c0b0056ce9a834095a047948a1d5e42529,0ed9091f1ab96d24ef5fbd41d0d080668623e954e4f15e4a277f1c217e825eb9,6f03d3da3ed6ecbe918c5a7f9aa35cb9abfb2b83
p12v4m6-C-unseen_stock-s4096,C,unseen_stock,4096,max_drawdown,0.023193411698495203,90e40d212b5faaff644e0041eeef92c0b0056ce9a834095a047948a1d5e42529,0ed9091f1ab96d24ef5fbd41d0d080668623e954e4f15e4a277f1c217e825eb9,6f03d3da3ed6ecbe918c5a7f9aa35cb9abfb2b83
p12v4m6-C-unseen_stock-s4096,C,unseen_stock,4096,mean_return,-0.00650787414811127,90e40d212b5faaff644e0041eeef92c0b0056ce9a834095a047948a1d5e42529,0ed9091f1ab96d24ef5fbd41d0d080668623e954e4f15e4a277f1c217e825eb9,6f03d3da3ed6ecbe918c5a7f9aa35cb9abfb2b83
p12v4m6-C-unseen_stock-s4096,C,unseen_stock,4096,mean_reward,-0.03611497740456801,90e40d212b5faaff644e0041eeef92c0b0056ce9a834095a047948a1d5e42529,0ed9091f1ab96d24ef5fbd41d0d080668623e954e4f15e4a277f1c217e825eb9,6f03d3da3ed6ecbe918c5a7f9aa35cb9abfb2b83
p12v4m6-C-unseen_stock-s4096,C,unseen_stock,4096,mean_turnover,0.015569386150696071,90e40d212b5faaff644e0041eeef92c0b0056ce9a834095a047948a1d5e42529,0ed9091f1ab96d24ef5fbd41d0d080668623e954e4f15e4a277f1c217e825eb9,6f03d3da3ed6ecbe918c5a7f9aa35cb9abfb2b83
p12v4m6-C-unseen_stock-s4096,C,unseen_stock,4096,sharpe,-0.12166733332825307,90e40d212b5faaff644e0041eeef92c0b0056ce9a834095a047948a1d5e42529,0ed9091f1ab96d24ef5fbd41d0d080668623e954e4f15e4a277f1c217e825eb9,6f03d3da3ed6ecbe918c5a7f9aa35cb9abfb2b83
p12v4m6-C-unseen_stock-s4096,C,unseen_stock,4096,std_return,0.0,90e40d212b5faaff644e0041eeef92c0b0056ce9a834095a047948a1d5e42529,0ed9091f1ab96d24ef5fbd41d0d080668623e954e4f15e4a277f1c217e825eb9,6f03d3da3ed6ecbe918c5a7f9aa35cb9abfb2b83
p12v4m6-C-unseen_stock-s4096,C,unseen_stock,4096,total_cost,22438.64476921175,90e40d212b5faaff644e0041eeef92c0b0056ce9a834095a047948a1d5e42529,0ed9091f1ab96d24ef5fbd41d0d080668623e954e4f15e4a277f1c217e825eb9,6f03d3da3ed6ecbe918c5a7f9aa35cb9abfb2b83
p12v4m6-C-unseen_stock-s4096,C,unseen_stock,4096,trade_count,970.0,90e40d212b5faaff644e0041eeef92c0b0056ce9a834095a047948a1d5e42529,0ed9091f1ab96d24ef5fbd41d0d080668623e954e4f15e4a277f1c217e825eb9,6f03d3da3ed6ecbe918c5a7f9aa35cb9abfb2b83
p12v4m6-C-unseen_stock-s8192,C,unseen_stock,8192,max_drawdown,0.01872944301928925,90e40d212b5faaff644e0041eeef92c0b0056ce9a834095a047948a1d5e42529,0ed9091f1ab96d24ef5fbd41d0d080668623e954e4f15e4a277f1c217e825eb9,6f03d3da3ed6ecbe918c5a7f9aa35cb9abfb2b83
p12v4m6-C-unseen_stock-s8192,C,unseen_stock,8192,mean_return,0.015456302457375948,90e40d212b5faaff644e0041eeef92c0b0056ce9a834095a047948a1d5e42529,0ed9091f1ab96d24ef5fbd41d0d080668623e954e4f15e4a277f1c217e825eb9,6f03d3da3ed6ecbe918c5a7f9aa35cb9abfb2b83
p12v4m6-C-unseen_stock-s8192,C,unseen_stock,8192,mean_reward,-0.02099101978588675,90e40d212b5faaff644e0041eeef92c0b0056ce9a834095a047948a1d5e42529,0ed9091f1ab96d24ef5fbd41d0d080668623e954e4f15e4a277f1c217e825eb9,6f03d3da3ed6ecbe918c5a7f9aa35cb9abfb2b83
p12v4m6-C-unseen_stock-s8192,C,unseen_stock,8192,mean_turnover,0.006235407345298041,90e40d212b5faaff644e0041eeef92c0b0056ce9a834095a047948a1d5e42529,0ed9091f1ab96d24ef5fbd41d0d080668623e954e4f15e4a277f1c217e825eb9,6f03d3da3ed6ecbe918c5a7f9aa35cb9abfb2b83
p12v4m6-C-unseen_stock-s8192,C,unseen_stock,8192,sharpe,0.5977779415298913,90e40d212b5faaff644e0041eeef92c0b0056ce9a834095a047948a1d5e42529,0ed9091f1ab96d24ef5fbd41d0d080668623e954e4f15e4a277f1c217e825eb9,6f03d3da3ed6ecbe918c5a7f9aa35cb9abfb2b83
p12v4m6-C-unseen_stock-s8192,C,unseen_stock,8192,std_return,0.0,90e40d212b5faaff644e0041eeef92c0b0056ce9a834095a047948a1d5e42529,0ed9091f1ab96d24ef5fbd41d0d080668623e954e4f15e4a277f1c217e825eb9,6f03d3da3ed6ecbe918c5a7f9aa35cb9abfb2b83
p12v4m6-C-unseen_stock-s8192,C,unseen_stock,8192,total_cost,9074.935550175001,90e40d212b5faaff644e0041eeef92c0b0056ce9a834095a047948a1d5e42529,0ed9091f1ab96d24ef5fbd41d0d080668623e954e4f15e4a277f1c217e825eb9,6f03d3da3ed6ecbe918c5a7f9aa35cb9abfb2b83
p12v4m6-C-unseen_stock-s8192,C,unseen_stock,8192,trade_count,970.0,90e40d212b5faaff644e0041eeef92c0b0056ce9a834095a047948a1d5e42529,0ed9091f1ab96d24ef5fbd41d0d080668623e954e4f15e4a277f1c217e825eb9,6f03d3da3ed6ecbe918c5a7f9aa35cb9abfb2b83
p12v4m6-C-unseen_stock-s16384,C,unseen_stock,16384,max_drawdown,0.012652203205325119,90e40d212b5faaff644e0041eeef92c0b0056ce9a834095a047948a1d5e42529,0ed9091f1ab96d24ef5fbd41d0d080668623e954e4f15e4a277f1c217e825eb9,6f03d3da3ed6ecbe918c5a7f9aa35cb9abfb2b83
p12v4m6-C-unseen_stock-s16384,C,unseen_stock,16384,mean_return,0.0035516612163715156,90e40d212b5faaff644e0041eeef92c0b0056ce9a834095a047948a1d5e42529,0ed9091f1ab96d24ef5fbd41d0d080668623e954e4f15e4a277f1c217e825eb9,6f03d3da3ed6ecbe918c5a7f9aa35cb9abfb2b83
p12v4m6-C-unseen_stock-s16384,C,unseen_stock,16384,mean_reward,-0.0163497728149788,90e40d212b5faaff644e0041eeef92c0b0056ce9a834095a047948a1d5e42529,0ed9091f1ab96d24ef5fbd41d0d080668623e954e4f15e4a277f1c217e825eb9,6f03d3da3ed6ecbe918c5a7f9aa35cb9abfb2b83
p12v4m6-C-unseen_stock-s16384,C,unseen_stock,16384,mean_turnover,0.01995861507052851,90e40d212b5faaff644e0041eeef92c0b0056ce9a834095a047948a1d5e42529,0ed9091f1ab96d24ef5fbd41d0d080668623e954e4f15e4a277f1c217e825eb9,6f03d3da3ed6ecbe918c5a7f9aa35cb9abfb2b83
p12v4m6-C-unseen_stock-s16384,C,unseen_stock,16384,sharpe,0.44085938690943866,90e40d212b5faaff644e0041eeef92c0b0056ce9a834095a047948a1d5e42529,0ed9091f1ab96d24ef5fbd41d0d080668623e954e4f15e4a277f1c217e825eb9,6f03d3da3ed6ecbe918c5a7f9aa35cb9abfb2b83
p12v4m6-C-unseen_stock-s16384,C,unseen_stock,16384,std_return,0.0,90e40d212b5faaff644e0041eeef92c0b0056ce9a834095a047948a1d5e42529,0ed9091f1ab96d24ef5fbd41d0d080668623e954e4f15e4a277f1c217e825eb9,6f03d3da3ed6ecbe918c5a7f9aa35cb9abfb2b83
p12v4m6-C-unseen_stock-s16384,C,unseen_stock,16384,total_cost,28980.45712472869,90e40d212b5faaff644e0041eeef92c0b0056ce9a834095a047948a1d5e42529,0ed9091f1ab96d24ef5fbd41d0d080668623e954e4f15e4a277f1c217e825eb9,6f03d3da3ed6ecbe918c5a7f9aa35cb9abfb2b83
p12v4m6-C-unseen_stock-s16384,C,unseen_stock,16384,trade_count,970.0,90e40d212b5faaff644e0041eeef92c0b0056ce9a834095a047948a1d5e42529,0ed9091f1ab96d24ef5fbd41d0d080668623e954e4f15e4a277f1c217e825eb9,6f03d3da3ed6ecbe918c5a7f9aa35cb9abfb2b83
p12v4m6-C-leave_one_market_out-s1024,C,leave_one_market_out,1024,max_drawdown,0.024268880295427564,90e40d212b5faaff644e0041eeef92c0b0056ce9a834095a047948a1d5e42529,0ed9091f1ab96d24ef5fbd41d0d080668623e954e4f15e4a277f1c217e825eb9,6f03d3da3ed6ecbe918c5a7f9aa35cb9abfb2b83
p12v4m6-C-leave_one_market_out-s1024,C,leave_one_market_out,1024,mean_return,0.015759323112521595,90e40d212b5faaff644e0041eeef92c0b0056ce9a834095a047948a1d5e42529,0ed9091f1ab96d24ef5fbd41d0d080668623e954e4f15e4a277f1c217e825eb9,6f03d3da3ed6ecbe918c5a7f9aa35cb9abfb2b83
p12v4m6-C-leave_one_market_out-s1024,C,leave_one_market_out,1024,mean_reward,-0.015386419212772352,90e40d212b5faaff644e0041eeef92c0b0056ce9a834095a047948a1d5e42529,0ed9091f1ab96d24ef5fbd41d0d080668623e954e4f15e4a277f1c217e825eb9,6f03d3da3ed6ecbe918c5a7f9aa35cb9abfb2b83
p12v4m6-C-leave_one_market_out-s1024,C,leave_one_market_out,1024,mean_turnover,0.011290374866300629,90e40d212b5faaff644e0041eeef92c0b0056ce9a834095a047948a1d5e42529,0ed9091f1ab96d24ef5fbd41d0d080668623e954e4f15e4a277f1c217e825eb9,6f03d3da3ed6ecbe918c5a7f9aa35cb9abfb2b83
p12v4m6-C-leave_one_market_out-s1024,C,leave_one_market_out,1024,sharpe,0.7246859413683902,90e40d212b5faaff644e0041eeef92c0b0056ce9a834095a047948a1d5e42529,0ed9091f1ab96d24ef5fbd41d0d080668623e954e4f15e4a277f1c217e825eb9,6f03d3da3ed6ecbe918c5a7f9aa35cb9abfb2b83
p12v4m6-C-leave_one_market_out-s1024,C,leave_one_market_out,1024,std_return,0.0,90e40d212b5faaff644e0041eeef92c0b0056ce9a834095a047948a1d5e42529,0ed9091f1ab96d24ef5fbd41d0d080668623e954e4f15e4a277f1c217e825eb9,6f03d3da3ed6ecbe918c5a7f9aa35cb9abfb2b83
p12v4m6-C-leave_one_market_out-s1024,C,leave_one_market_out,1024,total_cost,16551.268913157146,90e40d212b5faaff644e0041eeef92c0b0056ce9a834095a047948a1d5e42529,0ed9091f1ab96d24ef5fbd41d0d080668623e954e4f15e4a277f1c217e825eb9,6f03d3da3ed6ecbe918c5a7f9aa35cb9abfb2b83
p12v4m6-C-leave_one_market_out-s1024,C,leave_one_market_out,1024,trade_count,742.5,90e40d212b5faaff644e0041eeef92c0b0056ce9a834095a047948a1d5e42529,0ed9091f1ab96d24ef5fbd41d0d080668623e954e4f15e4a277f1c217e825eb9,6f03d3da3ed6ecbe918c5a7f9aa35cb9abfb2b83
p12v4m6-C-leave_one_market_out-s2048,C,leave_one_market_out,2048,max_drawdown,0.023326690674447148,90e40d212b5faaff644e0041eeef92c0b0056ce9a834095a047948a1d5e42529,0ed9091f1ab96d24ef5fbd41d0d080668623e954e4f15e4a277f1c217e825eb9,6f03d3da3ed6ecbe918c5a7f9aa35cb9abfb2b83
p12v4m6-C-leave_one_market_out-s2048,C,leave_one_market_out,2048,mean_return,0.04416890673284318,90e40d212b5faaff644e0041eeef92c0b0056ce9a834095a047948a1d5e42529,0ed9091f1ab96d24ef5fbd41d0d080668623e954e4f15e4a277f1c217e825eb9,6f03d3da3ed6ecbe918c5a7f9aa35cb9abfb2b83
p12v4m6-C-leave_one_market_out-s2048,C,leave_one_market_out,2048,mean_reward,0.008105485644587629,90e40d212b5faaff644e0041eeef92c0b0056ce9a834095a047948a1d5e42529,0ed9091f1ab96d24ef5fbd41d0d080668623e954e4f15e4a277f1c217e825eb9,6f03d3da3ed6ecbe918c5a7f9aa35cb9abfb2b83
p12v4m6-C-leave_one_market_out-s2048,C,leave_one_market_out,2048,mean_turnover,0.009252737066941696,90e40d212b5faaff644e0041eeef92c0b0056ce9a834095a047948a1d5e42529,0ed9091f1ab96d24ef5fbd41d0d080668623e954e4f15e4a277f1c217e825eb9,6f03d3da3ed6ecbe918c5a7f9aa35cb9abfb2b83
p12v4m6-C-leave_one_market_out-s2048,C,leave_one_market_out,2048,sharpe,1.6314939276572864,90e40d212b5faaff644e0041eeef92c0b0056ce9a834095a047948a1d5e42529,0ed9091f1ab96d24ef5fbd41d0d080668623e954e4f15e4a277f1c217e825eb9,6f03d3da3ed6ecbe918c5a7f9aa35cb9abfb2b83
p12v4m6-C-leave_one_market_out-s2048,C,leave_one_market_out,2048,std_return,0.0,90e40d212b5faaff644e0041eeef92c0b0056ce9a834095a047948a1d5e42529,0ed9091f1ab96d24ef5fbd41d0d080668623e954e4f15e4a277f1c217e825eb9,6f03d3da3ed6ecbe918c5a7f9aa35cb9abfb2b83
p12v4m6-C-leave_one_market_out-s2048,C,leave_one_market_out,2048,total_cost,13709.627915780164,90e40d212b5faaff644e0041eeef92c0b0056ce9a834095a047948a1d5e42529,0ed9091f1ab96d24ef5fbd41d0d080668623e954e4f15e4a277f1c217e825eb9,6f03d3da3ed6ecbe918c5a7f9aa35cb9abfb2b83
p12v4m6-C-leave_one_market_out-s2048,C,leave_one_market_out,2048,trade_count,912.5,90e40d212b5faaff644e0041eeef92c0b0056ce9a834095a047948a1d5e42529,0ed9091f1ab96d24ef5fbd41d0d080668623e954e4f15e4a277f1c217e825eb9,6f03d3da3ed6ecbe918c5a7f9aa35cb9abfb2b83
p12v4m6-C-leave_one_market_out-s4096,C,leave_one_market_out,4096,max_drawdown,0.03216863399747266,90e40d212b5faaff644e0041eeef92c0b0056ce9a834095a047948a1d5e42529,0ed9091f1ab96d24ef5fbd41d0d080668623e954e4f15e4a277f1c217e825eb9,6f03d3da3ed6ecbe918c5a7f9aa35cb9abfb2b83
p12v4m6-C-leave_one_market_out-s4096,C,leave_one_market_out,4096,mean_return,0.04391420446586869,90e40d212b5faaff644e0041eeef92c0b0056ce9a834095a047948a1d5e42529,0ed9091f1ab96d24ef5fbd41d0d080668623e954e4f15e4a277f1c217e825eb9,6f03d3da3ed6ecbe918c5a7f9aa35cb9abfb2b83
p12v4m6-C-leave_one_market_out-s4096,C,leave_one_market_out,4096,mean_reward,-4.260746821679439e-05,90e40d212b5faaff644e0041eeef92c0b0056ce9a834095a047948a1d5e42529,0ed9091f1ab96d24ef5fbd41d0d080668623e954e4f15e4a277f1c217e825eb9,6f03d3da3ed6ecbe918c5a7f9aa35cb9abfb2b83
p12v4m6-C-leave_one_market_out-s4096,C,leave_one_market_out,4096,mean_turnover,0.018275764993058434,90e40d212b5faaff644e0041eeef92c0b0056ce9a834095a047948a1d5e42529,0ed9091f1ab96d24ef5fbd41d0d080668623e954e4f15e4a277f1c217e825eb9,6f03d3da3ed6ecbe918c5a7f9aa35cb9abfb2b83
p12v4m6-C-leave_one_market_out-s4096,C,leave_one_market_out,4096,sharpe,1.156950130828056,90e40d212b5faaff644e0041eeef92c0b0056ce9a834095a047948a1d5e42529,0ed9091f1ab96d24ef5fbd41d0d080668623e954e4f15e4a277f1c217e825eb9,6f03d3da3ed6ecbe918c5a7f9aa35cb9abfb2b83
p12v4m6-C-leave_one_market_out-s4096,C,leave_one_market_out,4096,std_return,0.0,90e40d212b5faaff644e0041eeef92c0b0056ce9a834095a047948a1d5e42529,0ed9091f1ab96d24ef5fbd41d0d080668623e954e4f15e4a277f1c217e825eb9,6f03d3da3ed6ecbe918c5a7f9aa35cb9abfb2b83
p12v4m6-C-leave_one_market_out-s4096,C,leave_one_market_out,4096,total_cost,27206.13907454285,90e40d212b5faaff644e0041eeef92c0b0056ce9a834095a047948a1d5e42529,0ed9091f1ab96d24ef5fbd41d0d080668623e954e4f15e4a277f1c217e825eb9,6f03d3da3ed6ecbe918c5a7f9aa35cb9abfb2b83
p12v4m6-C-leave_one_market_out-s4096,C,leave_one_market_out,4096,trade_count,735.0,90e40d212b5faaff644e0041eeef92c0b0056ce9a834095a047948a1d5e42529,0ed9091f1ab96d24ef5fbd41d0d080668623e954e4f15e4a277f1c217e825eb9,6f03d3da3ed6ecbe918c5a7f9aa35cb9abfb2b83
p12v4m6-C-leave_one_market_out-s8192,C,leave_one_market_out,8192,max_drawdown,0.04322107304727285,90e40d212b5faaff644e0041eeef92c0b0056ce9a834095a047948a1d5e42529,0ed9091f1ab96d24ef5fbd41d0d080668623e954e4f15e4a277f1c217e825eb9,6f03d3da3ed6ecbe918c5a7f9aa35cb9abfb2b83
p12v4m6-C-leave_one_market_out-s8192,C,leave_one_market_out,8192,mean_return,0.02991384882417225,90e40d212b5faaff644e0041eeef92c0b0056ce9a834095a047948a1d5e42529,0ed9091f1ab96d24ef5fbd41d0d080668623e954e4f15e4a277f1c217e825eb9,6f03d3da3ed6ecbe918c5a7f9aa35cb9abfb2b83
p12v4m6-C-leave_one_market_out-s8192,C,leave_one_market_out,8192,mean_reward,-0.022440379747605963,90e40d212b5faaff644e0041eeef92c0b0056ce9a834095a047948a1d5e42529,0ed9091f1ab96d24ef5fbd41d0d080668623e954e4f15e4a277f1c217e825eb9,6f03d3da3ed6ecbe918c5a7f9aa35cb9abfb2b83
p12v4m6-C-leave_one_market_out-s8192,C,leave_one_market_out,8192,mean_turnover,0.016475745368452928,90e40d212b5faaff644e0041eeef92c0b0056ce9a834095a047948a1d5e42529,0ed9091f1ab96d24ef5fbd41d0d080668623e954e4f15e4a277f1c217e825eb9,6f03d3da3ed6ecbe918c5a7f9aa35cb9abfb2b83
p12v4m6-C-leave_one_market_out-s8192,C,leave_one_market_out,8192,sharpe,1.0337984350721958,90e40d212b5faaff644e0041eeef92c0b0056ce9a834095a047948a1d5e42529,0ed9091f1ab96d24ef5fbd41d0d080668623e954e4f15e4a277f1c217e825eb9,6f03d3da3ed6ecbe918c5a7f9aa35cb9abfb2b83
p12v4m6-C-leave_one_market_out-s8192,C,leave_one_market_out,8192,std_return,0.0,90e40d212b5faaff644e0041eeef92c0b0056ce9a834095a047948a1d5e42529,0ed9091f1ab96d24ef5fbd41d0d080668623e954e4f15e4a277f1c217e825eb9,6f03d3da3ed6ecbe918c5a7f9aa35cb9abfb2b83
p12v4m6-C-leave_one_market_out-s8192,C,leave_one_market_out,8192,total_cost,24044.399050520522,90e40d212b5faaff644e0041eeef92c0b0056ce9a834095a047948a1d5e42529,0ed9091f1ab96d24ef5fbd41d0d080668623e954e4f15e4a277f1c217e825eb9,6f03d3da3ed6ecbe918c5a7f9aa35cb9abfb2b83
p12v4m6-C-leave_one_market_out-s8192,C,leave_one_market_out,8192,trade_count,918.75,90e40d212b5faaff644e0041eeef92c0b0056ce9a834095a047948a1d5e42529,0ed9091f1ab96d24ef5fbd41d0d080668623e954e4f15e4a277f1c217e825eb9,6f03d3da3ed6ecbe918c5a7f9aa35cb9abfb2b83
p12v4m6-C-leave_one_market_out-s16384,C,leave_one_market_out,16384,max_drawdown,0.025936727049436947,90e40d212b5faaff644e0041eeef92c0b0056ce9a834095a047948a1d5e42529,0ed9091f1ab96d24ef5fbd41d0d080668623e954e4f15e4a277f1c217e825eb9,6f03d3da3ed6ecbe918c5a7f9aa35cb9abfb2b83
p12v4m6-C-leave_one_market_out-s16384,C,leave_one_market_out,16384,mean_return,0.017375399530195373,90e40d212b5faaff644e0041eeef92c0b0056ce9a834095a047948a1d5e42529,0ed9091f1ab96d24ef5fbd41d0d080668623e954e4f15e4a277f1c217e825eb9,6f03d3da3ed6ecbe918c5a7f9aa35cb9abfb2b83
p12v4m6-C-leave_one_market_out-s16384,C,leave_one_market_out,16384,mean_reward,-0.016872059636236374,90e40d212b5faaff644e0041eeef92c0b0056ce9a834095a047948a1d5e42529,0ed9091f1ab96d24ef5fbd41d0d080668623e954e4f15e4a277f1c217e825eb9,6f03d3da3ed6ecbe918c5a7f9aa35cb9abfb2b83
p12v4m6-C-leave_one_market_out-s16384,C,leave_one_market_out,16384,mean_turnover,0.01629128231385079,90e40d212b5faaff644e0041eeef92c0b0056ce9a834095a047948a1d5e42529,0ed9091f1ab96d24ef5fbd41d0d080668623e954e4f15e4a277f1c217e825eb9,6f03d3da3ed6ecbe918c5a7f9aa35cb9abfb2b83
p12v4m6-C-leave_one_market_out-s16384,C,leave_one_market_out,16384,sharpe,0.6748328692935575,90e40d212b5faaff644e0041eeef92c0b0056ce9a834095a047948a1d5e42529,0ed9091f1ab96d24ef5fbd41d0d080668623e954e4f15e4a277f1c217e825eb9,6f03d3da3ed6ecbe918c5a7f9aa35cb9abfb2b83
p12v4m6-C-leave_one_market_out-s16384,C,leave_one_market_out,16384,std_return,0.0,90e40d212b5faaff644e0041eeef92c0b0056ce9a834095a047948a1d5e42529,0ed9091f1ab96d24ef5fbd41d0d080668623e954e4f15e4a277f1c217e825eb9,6f03d3da3ed6ecbe918c5a7f9aa35cb9abfb2b83
p12v4m6-C-leave_one_market_out-s16384,C,leave_one_market_out,16384,total_cost,24001.656110035037,90e40d212b5faaff644e0041eeef92c0b0056ce9a834095a047948a1d5e42529,0ed9091f1ab96d24ef5fbd41d0d080668623e954e4f15e4a277f1c217e825eb9,6f03d3da3ed6ecbe918c5a7f9aa35cb9abfb2b83
p12v4m6-C-leave_one_market_out-s16384,C,leave_one_market_out,16384,trade_count,918.75,90e40d212b5faaff644e0041eeef92c0b0056ce9a834095a047948a1d5e42529,0ed9091f1ab96d24ef5fbd41d0d080668623e954e4f15e4a277f1c217e825eb9,6f03d3da3ed6ecbe918c5a7f9aa35cb9abfb2b83
p12v4m6-C-market_rule_sensitivity-s1024,C,market_rule_sensitivity,1024,max_drawdown,0.05885363932796672,90e40d212b5faaff644e0041eeef92c0b0056ce9a834095a047948a1d5e42529,0ed9091f1ab96d24ef5fbd41d0d080668623e954e4f15e4a277f1c217e825eb9,6f03d3da3ed6ecbe918c5a7f9aa35cb9abfb2b83
p12v4m6-C-market_rule_sensitivity-s1024,C,market_rule_sensitivity,1024,mean_return,0.11000670713612148,90e40d212b5faaff644e0041eeef92c0b0056ce9a834095a047948a1d5e42529,0ed9091f1ab96d24ef5fbd41d0d080668623e954e4f15e4a277f1c217e825eb9,6f03d3da3ed6ecbe918c5a7f9aa35cb9abfb2b83
p12v4m6-C-market_rule_sensitivity-s1024,C,market_rule_sensitivity,1024,mean_reward,0.04131513991261635,90e40d212b5faaff644e0041eeef92c0b0056ce9a834095a047948a1d5e42529,0ed9091f1ab96d24ef5fbd41d0d080668623e954e4f15e4a277f1c217e825eb9,6f03d3da3ed6ecbe918c5a7f9aa35cb9abfb2b83
p12v4m6-C-market_rule_sensitivity-s1024,C,market_rule_sensitivity,1024,mean_turnover,0.008343840263250718,90e40d212b5faaff644e0041eeef92c0b0056ce9a834095a047948a1d5e42529,0ed9091f1ab96d24ef5fbd41d0d080668623e954e4f15e4a277f1c217e825eb9,6f03d3da3ed6ecbe918c5a7f9aa35cb9abfb2b83
p12v4m6-C-market_rule_sensitivity-s1024,C,market_rule_sensitivity,1024,sharpe,2.401718755248404,90e40d212b5faaff644e0041eeef92c0b0056ce9a834095a047948a1d5e42529,0ed9091f1ab96d24ef5fbd41d0d080668623e954e4f15e4a277f1c217e825eb9,6f03d3da3ed6ecbe918c5a7f9aa35cb9abfb2b83
p12v4m6-C-market_rule_sensitivity-s1024,C,market_rule_sensitivity,1024,std_return,0.0,90e40d212b5faaff644e0041eeef92c0b0056ce9a834095a047948a1d5e42529,0ed9091f1ab96d24ef5fbd41d0d080668623e954e4f15e4a277f1c217e825eb9,6f03d3da3ed6ecbe918c5a7f9aa35cb9abfb2b83
p12v4m6-C-market_rule_sensitivity-s1024,C,market_rule_sensitivity,1024,total_cost,12385.525047412713,90e40d212b5faaff644e0041eeef92c0b0056ce9a834095a047948a1d5e42529,0ed9091f1ab96d24ef5fbd41d0d080668623e954e4f15e4a277f1c217e825eb9,6f03d3da3ed6ecbe918c5a7f9aa35cb9abfb2b83
p12v4m6-C-market_rule_sensitivity-s1024,C,market_rule_sensitivity,1024,trade_count,970.0,90e40d212b5faaff644e0041eeef92c0b0056ce9a834095a047948a1d5e42529,0ed9091f1ab96d24ef5fbd41d0d080668623e954e4f15e4a277f1c217e825eb9,6f03d3da3ed6ecbe918c5a7f9aa35cb9abfb2b83
p12v4m6-C-market_rule_sensitivity-s2048,C,market_rule_sensitivity,2048,max_drawdown,0.10759053674387342,90e40d212b5faaff644e0041eeef92c0b0056ce9a834095a047948a1d5e42529,0ed9091f1ab96d24ef5fbd41d0d080668623e954e4f15e4a277f1c217e825eb9,6f03d3da3ed6ecbe918c5a7f9aa35cb9abfb2b83
p12v4m6-C-market_rule_sensitivity-s2048,C,market_rule_sensitivity,2048,mean_return,0.17708010919767658,90e40d212b5faaff644e0041eeef92c0b0056ce9a834095a047948a1d5e42529,0ed9091f1ab96d24ef5fbd41d0d080668623e954e4f15e4a277f1c217e825eb9,6f03d3da3ed6ecbe918c5a7f9aa35cb9abfb2b83
p12v4m6-C-market_rule_sensitivity-s2048,C,market_rule_sensitivity,2048,mean_reward,0.06976237817548282,90e40d212b5faaff644e0041eeef92c0b0056ce9a834095a047948a1d5e42529,0ed9091f1ab96d24ef5fbd41d0d080668623e954e4f15e4a277f1c217e825eb9,6f03d3da3ed6ecbe918c5a7f9aa35cb9abfb2b83
p12v4m6-C-market_rule_sensitivity-s2048,C,market_rule_sensitivity,2048,mean_turnover,0.011162159999932256,90e40d212b5faaff644e0041eeef92c0b0056ce9a834095a047948a1d5e42529,0ed9091f1ab96d24ef5fbd41d0d080668623e954e4f15e4a277f1c217e825eb9,6f03d3da3ed6ecbe918c5a7f9aa35cb9abfb2b83
p12v4m6-C-market_rule_sensitivity-s2048,C,market_rule_sensitivity,2048,sharpe,2.4156696875776515,90e40d212b5faaff644e0041eeef92c0b0056ce9a834095a047948a1d5e42529,0ed9091f1ab96d24ef5fbd41d0d080668623e954e4f15e4a277f1c217e825eb9,6f03d3da3ed6ecbe918c5a7f9aa35cb9abfb2b83
p12v4m6-C-market_rule_sensitivity-s2048,C,market_rule_sensitivity,2048,std_return,0.0,90e40d212b5faaff644e0041eeef92c0b0056ce9a834095a047948a1d5e42529,0ed9091f1ab96d24ef5fbd41d0d080668623e954e4f15e4a277f1c217e825eb9,6f03d3da3ed6ecbe918c5a7f9aa35cb9abfb2b83
p12v4m6-C-market_rule_sensitivity-s2048,C,market_rule_sensitivity,2048,total_cost,16734.743081311764,90e40d212b5faaff644e0041eeef92c0b0056ce9a834095a047948a1d5e42529,0ed9091f1ab96d24ef5fbd41d0d080668623e954e4f15e4a277f1c217e825eb9,6f03d3da3ed6ecbe918c5a7f9aa35cb9abfb2b83
p12v4m6-C-market_rule_sensitivity-s2048,C,market_rule_sensitivity,2048,trade_count,970.0,90e40d212b5faaff644e0041eeef92c0b0056ce9a834095a047948a1d5e42529,0ed9091f1ab96d24ef5fbd41d0d080668623e954e4f15e4a277f1c217e825eb9,6f03d3da3ed6ecbe918c5a7f9aa35cb9abfb2b83
p12v4m6-C-market_rule_sensitivity-s4096,C,market_rule_sensitivity,4096,max_drawdown,0.0796894818479078,90e40d212b5faaff644e0041eeef92c0b0056ce9a834095a047948a1d5e42529,0ed9091f1ab96d24ef5fbd41d0d080668623e954e4f15e4a277f1c217e825eb9,6f03d3da3ed6ecbe918c5a7f9aa35cb9abfb2b83
p12v4m6-C-market_rule_sensitivity-s4096,C,market_rule_sensitivity,4096,mean_return,0.11198158708335781,90e40d212b5faaff644e0041eeef92c0b0056ce9a834095a047948a1d5e42529,0ed9091f1ab96d24ef5fbd41d0d080668623e954e4f15e4a277f1c217e825eb9,6f03d3da3ed6ecbe918c5a7f9aa35cb9abfb2b83
p12v4m6-C-market_rule_sensitivity-s4096,C,market_rule_sensitivity,4096,mean_reward,0.024561559652333458,90e40d212b5faaff644e0041eeef92c0b0056ce9a834095a047948a1d5e42529,0ed9091f1ab96d24ef5fbd41d0d080668623e954e4f15e4a277f1c217e825eb9,6f03d3da3ed6ecbe918c5a7f9aa35cb9abfb2b83
p12v4m6-C-market_rule_sensitivity-s4096,C,market_rule_sensitivity,4096,mean_turnover,0.009941309325619574,90e40d212b5faaff644e0041eeef92c0b0056ce9a834095a047948a1d5e42529,0ed9091f1ab96d24ef5fbd41d0d080668623e954e4f15e4a277f1c217e825eb9,6f03d3da3ed6ecbe918c5a7f9aa35cb9abfb2b83
p12v4m6-C-market_rule_sensitivity-s4096,C,market_rule_sensitivity,4096,sharpe,1.7971619101800222,90e40d212b5faaff644e0041eeef92c0b0056ce9a834095a047948a1d5e42529,0ed9091f1ab96d24ef5fbd41d0d080668623e954e4f15e4a277f1c217e825eb9,6f03d3da3ed6ecbe918c5a7f9aa35cb9abfb2b83
p12v4m6-C-market_rule_sensitivity-s4096,C,market_rule_sensitivity,4096,std_return,0.0,90e40d212b5faaff644e0041eeef92c0b0056ce9a834095a047948a1d5e42529,0ed9091f1ab96d24ef5fbd41d0d080668623e954e4f15e4a277f1c217e825eb9,6f03d3da3ed6ecbe918c5a7f9aa35cb9abfb2b83
p12v4m6-C-market_rule_sensitivity-s4096,C,market_rule_sensitivity,4096,total_cost,14781.138796304105,90e40d212b5faaff644e0041eeef92c0b0056ce9a834095a047948a1d5e42529,0ed9091f1ab96d24ef5fbd41d0d080668623e954e4f15e4a277f1c217e825eb9,6f03d3da3ed6ecbe918c5a7f9aa35cb9abfb2b83
p12v4m6-C-market_rule_sensitivity-s4096,C,market_rule_sensitivity,4096,trade_count,970.0,90e40d212b5faaff644e0041eeef92c0b0056ce9a834095a047948a1d5e42529,0ed9091f1ab96d24ef5fbd41d0d080668623e954e4f15e4a277f1c217e825eb9,6f03d3da3ed6ecbe918c5a7f9aa35cb9abfb2b83
p12v4m6-C-market_rule_sensitivity-s8192,C,market_rule_sensitivity,8192,max_drawdown,0.10753766641774187,90e40d212b5faaff644e0041eeef92c0b0056ce9a834095a047948a1d5e42529,0ed9091f1ab96d24ef5fbd41d0d080668623e954e4f15e4a277f1c217e825eb9,6f03d3da3ed6ecbe918c5a7f9aa35cb9abfb2b83
p12v4m6-C-market_rule_sensitivity-s8192,C,market_rule_sensitivity,8192,mean_return,0.1314291739502944,90e40d212b5faaff644e0041eeef92c0b0056ce9a834095a047948a1d5e42529,0ed9091f1ab96d24ef5fbd41d0d080668623e954e4f15e4a277f1c217e825eb9,6f03d3da3ed6ecbe918c5a7f9aa35cb9abfb2b83
p12v4m6-C-market_rule_sensitivity-s8192,C,market_rule_sensitivity,8192,mean_reward,0.01589253917362392,90e40d212b5faaff644e0041eeef92c0b0056ce9a834095a047948a1d5e42529,0ed9091f1ab96d24ef5fbd41d0d080668623e954e4f15e4a277f1c217e825eb9,6f03d3da3ed6ecbe918c5a7f9aa35cb9abfb2b83
p12v4m6-C-market_rule_sensitivity-s8192,C,market_rule_sensitivity,8192,mean_turnover,0.01340070126120999,90e40d212b5faaff644e0041eeef92c0b0056ce9a834095a047948a1d5e42529,0ed9091f1ab96d24ef5fbd41d0d080668623e954e4f15e4a277f1c217e825eb9,6f03d3da3ed6ecbe918c5a7f9aa35cb9abfb2b83
p12v4m6-C-market_rule_sensitivity-s8192,C,market_rule_sensitivity,8192,sharpe,1.7104265388963598,90e40d212b5faaff644e0041eeef92c0b0056ce9a834095a047948a1d5e42529,0ed9091f1ab96d24ef5fbd41d0d080668623e954e4f15e4a277f1c217e825eb9,6f03d3da3ed6ecbe918c5a7f9aa35cb9abfb2b83
p12v4m6-C-market_rule_sensitivity-s8192,C,market_rule_sensitivity,8192,std_return,0.0,90e40d212b5faaff644e0041eeef92c0b0056ce9a834095a047948a1d5e42529,0ed9091f1ab96d24ef5fbd41d0d080668623e954e4f15e4a277f1c217e825eb9,6f03d3da3ed6ecbe918c5a7f9aa35cb9abfb2b83
p12v4m6-C-market_rule_sensitivity-s8192,C,market_rule_sensitivity,8192,total_cost,19896.347777951414,90e40d212b5faaff644e0041eeef92c0b0056ce9a834095a047948a1d5e42529,0ed9091f1ab96d24ef5fbd41d0d080668623e954e4f15e4a277f1c217e825eb9,6f03d3da3ed6ecbe918c5a7f9aa35cb9abfb2b83
p12v4m6-C-market_rule_sensitivity-s8192,C,market_rule_sensitivity,8192,trade_count,970.0,90e40d212b5faaff644e0041eeef92c0b0056ce9a834095a047948a1d5e42529,0ed9091f1ab96d24ef5fbd41d0d080668623e954e4f15e4a277f1c217e825eb9,6f03d3da3ed6ecbe918c5a7f9aa35cb9abfb2b83
p12v4m6-C-market_rule_sensitivity-s16384,C,market_rule_sensitivity,16384,max_drawdown,0.1148888680949216,90e40d212b5faaff644e0041eeef92c0b0056ce9a834095a047948a1d5e42529,0ed9091f1ab96d24ef5fbd41d0d080668623e954e4f15e4a277f1c217e825eb9,6f03d3da3ed6ecbe918c5a7f9aa35cb9abfb2b83
p12v4m6-C-market_rule_sensitivity-s16384,C,market_rule_sensitivity,16384,mean_return,0.06642804430485105,90e40d212b5faaff644e0041eeef92c0b0056ce9a834095a047948a1d5e42529,0ed9091f1ab96d24ef5fbd41d0d080668623e954e4f15e4a277f1c217e825eb9,6f03d3da3ed6ecbe918c5a7f9aa35cb9abfb2b83
p12v4m6-C-market_rule_sensitivity-s16384,C,market_rule_sensitivity,16384,mean_reward,-0.030568530021931196,90e40d212b5faaff644e0041eeef92c0b0056ce9a834095a047948a1d5e42529,0ed9091f1ab96d24ef5fbd41d0d080668623e954e4f15e4a277f1c217e825eb9,6f03d3da3ed6ecbe918c5a7f9aa35cb9abfb2b83
p12v4m6-C-market_rule_sensitivity-s16384,C,market_rule_sensitivity,16384,mean_turnover,0.010325199033255269,90e40d212b5faaff644e0041eeef92c0b0056ce9a834095a047948a1d5e42529,0ed9091f1ab96d24ef5fbd41d0d080668623e954e4f15e4a277f1c217e825eb9,6f03d3da3ed6ecbe918c5a7f9aa35cb9abfb2b83
p12v4m6-C-market_rule_sensitivity-s16384,C,market_rule_sensitivity,16384,sharpe,1.1452706379401154,90e40d212b5faaff644e0041eeef92c0b0056ce9a834095a047948a1d5e42529,0ed9091f1ab96d24ef5fbd41d0d080668623e954e4f15e4a277f1c217e825eb9,6f03d3da3ed6ecbe918c5a7f9aa35cb9abfb2b83
p12v4m6-C-market_rule_sensitivity-s16384,C,market_rule_sensitivity,16384,std_return,0.0,90e40d212b5faaff644e0041eeef92c0b0056ce9a834095a047948a1d5e42529,0ed9091f1ab96d24ef5fbd41d0d080668623e954e4f15e4a277f1c217e825eb9,6f03d3da3ed6ecbe918c5a7f9aa35cb9abfb2b83
p12v4m6-C-market_rule_sensitivity-s16384,C,market_rule_sensitivity,16384,total_cost,14971.83188941592,90e40d212b5faaff644e0041eeef92c0b0056ce9a834095a047948a1d5e42529,0ed9091f1ab96d24ef5fbd41d0d080668623e954e4f15e4a277f1c217e825eb9,6f03d3da3ed6ecbe918c5a7f9aa35cb9abfb2b83
p12v4m6-C-market_rule_sensitivity-s16384,C,market_rule_sensitivity,16384,trade_count,970.0,90e40d212b5faaff644e0041eeef92c0b0056ce9a834095a047948a1d5e42529,0ed9091f1ab96d24ef5fbd41d0d080668623e954e4f15e4a277f1c217e825eb9,6f03d3da3ed6ecbe918c5a7f9aa35cb9abfb2b83
p12v4m6-D-no_transaction_cost-s1024,D,no_transaction_cost,1024,invalid_order_count,43270.0,90e40d212b5faaff644e0041eeef92c0b0056ce9a834095a047948a1d5e42529,0ed9091f1ab96d24ef5fbd41d0d080668623e954e4f15e4a277f1c217e825eb9,6f03d3da3ed6ecbe918c5a7f9aa35cb9abfb2b83
p12v4m6-D-no_transaction_cost-s1024,D,no_transaction_cost,1024,max_drawdown,0.12292443068100223,90e40d212b5faaff644e0041eeef92c0b0056ce9a834095a047948a1d5e42529,0ed9091f1ab96d24ef5fbd41d0d080668623e954e4f15e4a277f1c217e825eb9,6f03d3da3ed6ecbe918c5a7f9aa35cb9abfb2b83
p12v4m6-D-no_transaction_cost-s1024,D,no_transaction_cost,1024,mean_return,0.1902416079835354,90e40d212b5faaff644e0041eeef92c0b0056ce9a834095a047948a1d5e42529,0ed9091f1ab96d24ef5fbd41d0d080668623e954e4f15e4a277f1c217e825eb9,6f03d3da3ed6ecbe918c5a7f9aa35cb9abfb2b83
p12v4m6-D-no_transaction_cost-s1024,D,no_transaction_cost,1024,mean_reward,0.048490747073802784,90e40d212b5faaff644e0041eeef92c0b0056ce9a834095a047948a1d5e42529,0ed9091f1ab96d24ef5fbd41d0d080668623e954e4f15e4a277f1c217e825eb9,6f03d3da3ed6ecbe918c5a7f9aa35cb9abfb2b83
p12v4m6-D-no_transaction_cost-s1024,D,no_transaction_cost,1024,mean_turnover,0.11409989034440529,90e40d212b5faaff644e0041eeef92c0b0056ce9a834095a047948a1d5e42529,0ed9091f1ab96d24ef5fbd41d0d080668623e954e4f15e4a277f1c217e825eb9,6f03d3da3ed6ecbe918c5a7f9aa35cb9abfb2b83
p12v4m6-D-no_transaction_cost-s1024,D,no_transaction_cost,1024,sharpe,2.002387804895091,90e40d212b5faaff644e0041eeef92c0b0056ce9a834095a047948a1d5e42529,0ed9091f1ab96d24ef5fbd41d0d080668623e954e4f15e4a277f1c217e825eb9,6f03d3da3ed6ecbe918c5a7f9aa35cb9abfb2b83
p12v4m6-D-no_transaction_cost-s1024,D,no_transaction_cost,1024,std_return,0.0,90e40d212b5faaff644e0041eeef92c0b0056ce9a834095a047948a1d5e42529,0ed9091f1ab96d24ef5fbd41d0d080668623e954e4f15e4a277f1c217e825eb9,6f03d3da3ed6ecbe918c5a7f9aa35cb9abfb2b83
p12v4m6-D-no_transaction_cost-s1024,D,no_transaction_cost,1024,total_cost,58110.76243907025,90e40d212b5faaff644e0041eeef92c0b0056ce9a834095a047948a1d5e42529,0ed9091f1ab96d24ef5fbd41d0d080668623e954e4f15e4a277f1c217e825eb9,6f03d3da3ed6ecbe918c5a7f9aa35cb9abfb2b83
p12v4m6-D-no_transaction_cost-s1024,D,no_transaction_cost,1024,trade_count,970.0,90e40d212b5faaff644e0041eeef92c0b0056ce9a834095a047948a1d5e42529,0ed9091f1ab96d24ef5fbd41d0d080668623e954e4f15e4a277f1c217e825eb9,6f03d3da3ed6ecbe918c5a7f9aa35cb9abfb2b83
p12v4m6-D-no_transaction_cost-s1024,D,no_transaction_cost,1024,delta_invalid_order_count,130.0,90e40d212b5faaff644e0041eeef92c0b0056ce9a834095a047948a1d5e42529,0ed9091f1ab96d24ef5fbd41d0d080668623e954e4f15e4a277f1c217e825eb9,6f03d3da3ed6ecbe918c5a7f9aa35cb9abfb2b83
p12v4m6-D-no_transaction_cost-s1024,D,no_transaction_cost,1024,delta_max_drawdown,-0.002996308486434174,90e40d212b5faaff644e0041eeef92c0b0056ce9a834095a047948a1d5e42529,0ed9091f1ab96d24ef5fbd41d0d080668623e954e4f15e4a277f1c217e825eb9,6f03d3da3ed6ecbe918c5a7f9aa35cb9abfb2b83
p12v4m6-D-no_transaction_cost-s1024,D,no_transaction_cost,1024,delta_mean_return,0.026134889709633846,90e40d212b5faaff644e0041eeef92c0b0056ce9a834095a047948a1d5e42529,0ed9091f1ab96d24ef5fbd41d0d080668623e954e4f15e4a277f1c217e825eb9,6f03d3da3ed6ecbe918c5a7f9aa35cb9abfb2b83
p12v4m6-D-no_transaction_cost-s1024,D,no_transaction_cost,1024,delta_mean_reward,0.02224105506394035,90e40d212b5faaff644e0041eeef92c0b0056ce9a834095a047948a1d5e42529,0ed9091f1ab96d24ef5fbd41d0d080668623e954e4f15e4a277f1c217e825eb9,6f03d3da3ed6ecbe918c5a7f9aa35cb9abfb2b83
p12v4m6-D-no_transaction_cost-s1024,D,no_transaction_cost,1024,delta_mean_turnover,1.1939873191091355e-05,90e40d212b5faaff644e0041eeef92c0b0056ce9a834095a047948a1d5e42529,0ed9091f1ab96d24ef5fbd41d0d080668623e954e4f15e4a277f1c217e825eb9,6f03d3da3ed6ecbe918c5a7f9aa35cb9abfb2b83
p12v4m6-D-no_transaction_cost-s1024,D,no_transaction_cost,1024,delta_sharpe,0.23613409025051268,90e40d212b5faaff644e0041eeef92c0b0056ce9a834095a047948a1d5e42529,0ed9091f1ab96d24ef5fbd41d0d080668623e954e4f15e4a277f1c217e825eb9,6f03d3da3ed6ecbe918c5a7f9aa35cb9abfb2b83
p12v4m6-D-no_transaction_cost-s1024,D,no_transaction_cost,1024,delta_std_return,0.0,90e40d212b5faaff644e0041eeef92c0b0056ce9a834095a047948a1d5e42529,0ed9091f1ab96d24ef5fbd41d0d080668623e954e4f15e4a277f1c217e825eb9,6f03d3da3ed6ecbe918c5a7f9aa35cb9abfb2b83
p12v4m6-D-no_transaction_cost-s1024,D,no_transaction_cost,1024,delta_total_cost,-114252.73945215571,90e40d212b5faaff644e0041eeef92c0b0056ce9a834095a047948a1d5e42529,0ed9091f1ab96d24ef5fbd41d0d080668623e954e4f15e4a277f1c217e825eb9,6f03d3da3ed6ecbe918c5a7f9aa35cb9abfb2b83
p12v4m6-D-no_transaction_cost-s1024,D,no_transaction_cost,1024,delta_trade_count,0.0,90e40d212b5faaff644e0041eeef92c0b0056ce9a834095a047948a1d5e42529,0ed9091f1ab96d24ef5fbd41d0d080668623e954e4f15e4a277f1c217e825eb9,6f03d3da3ed6ecbe918c5a7f9aa35cb9abfb2b83
p12v4m6-D-no_transaction_cost-s1024,D,no_transaction_cost,1024,runtime_seconds,2.2401834510965273,90e40d212b5faaff644e0041eeef92c0b0056ce9a834095a047948a1d5e42529,0ed9091f1ab96d24ef5fbd41d0d080668623e954e4f15e4a277f1c217e825eb9,6f03d3da3ed6ecbe918c5a7f9aa35cb9abfb2b83
p12v4m6-D-no_transaction_cost-s2048,D,no_transaction_cost,2048,invalid_order_count,43270.0,90e40d212b5faaff644e0041eeef92c0b0056ce9a834095a047948a1d5e42529,0ed9091f1ab96d24ef5fbd41d0d080668623e954e4f15e4a277f1c217e825eb9,6f03d3da3ed6ecbe918c5a7f9aa35cb9abfb2b83
p12v4m6-D-no_transaction_cost-s2048,D,no_transaction_cost,2048,max_drawdown,0.12292443068100223,90e40d212b5faaff644e0041eeef92c0b0056ce9a834095a047948a1d5e42529,0ed9091f1ab96d24ef5fbd41d0d080668623e954e4f15e4a277f1c217e825eb9,6f03d3da3ed6ecbe918c5a7f9aa35cb9abfb2b83
p12v4m6-D-no_transaction_cost-s2048,D,no_transaction_cost,2048,mean_return,0.1902416079835354,90e40d212b5faaff644e0041eeef92c0b0056ce9a834095a047948a1d5e42529,0ed9091f1ab96d24ef5fbd41d0d080668623e954e4f15e4a277f1c217e825eb9,6f03d3da3ed6ecbe918c5a7f9aa35cb9abfb2b83
p12v4m6-D-no_transaction_cost-s2048,D,no_transaction_cost,2048,mean_reward,0.048490747073802784,90e40d212b5faaff644e0041eeef92c0b0056ce9a834095a047948a1d5e42529,0ed9091f1ab96d24ef5fbd41d0d080668623e954e4f15e4a277f1c217e825eb9,6f03d3da3ed6ecbe918c5a7f9aa35cb9abfb2b83
p12v4m6-D-no_transaction_cost-s2048,D,no_transaction_cost,2048,mean_turnover,0.11409989034440529,90e40d212b5faaff644e0041eeef92c0b0056ce9a834095a047948a1d5e42529,0ed9091f1ab96d24ef5fbd41d0d080668623e954e4f15e4a277f1c217e825eb9,6f03d3da3ed6ecbe918c5a7f9aa35cb9abfb2b83
p12v4m6-D-no_transaction_cost-s2048,D,no_transaction_cost,2048,sharpe,2.002387804895091,90e40d212b5faaff644e0041eeef92c0b0056ce9a834095a047948a1d5e42529,0ed9091f1ab96d24ef5fbd41d0d080668623e954e4f15e4a277f1c217e825eb9,6f03d3da3ed6ecbe918c5a7f9aa35cb9abfb2b83
p12v4m6-D-no_transaction_cost-s2048,D,no_transaction_cost,2048,std_return,0.0,90e40d212b5faaff644e0041eeef92c0b0056ce9a834095a047948a1d5e42529,0ed9091f1ab96d24ef5fbd41d0d080668623e954e4f15e4a277f1c217e825eb9,6f03d3da3ed6ecbe918c5a7f9aa35cb9abfb2b83
p12v4m6-D-no_transaction_cost-s2048,D,no_transaction_cost,2048,total_cost,58110.76243907025,90e40d212b5faaff644e0041eeef92c0b0056ce9a834095a047948a1d5e42529,0ed9091f1ab96d24ef5fbd41d0d080668623e954e4f15e4a277f1c217e825eb9,6f03d3da3ed6ecbe918c5a7f9aa35cb9abfb2b83
p12v4m6-D-no_transaction_cost-s2048,D,no_transaction_cost,2048,trade_count,970.0,90e40d212b5faaff644e0041eeef92c0b0056ce9a834095a047948a1d5e42529,0ed9091f1ab96d24ef5fbd41d0d080668623e954e4f15e4a277f1c217e825eb9,6f03d3da3ed6ecbe918c5a7f9aa35cb9abfb2b83
p12v4m6-D-no_transaction_cost-s2048,D,no_transaction_cost,2048,delta_invalid_order_count,130.0,90e40d212b5faaff644e0041eeef92c0b0056ce9a834095a047948a1d5e42529,0ed9091f1ab96d24ef5fbd41d0d080668623e954e4f15e4a277f1c217e825eb9,6f03d3da3ed6ecbe918c5a7f9aa35cb9abfb2b83
p12v4m6-D-no_transaction_cost-s2048,D,no_transaction_cost,2048,delta_max_drawdown,-0.002996308486434174,90e40d212b5faaff644e0041eeef92c0b0056ce9a834095a047948a1d5e42529,0ed9091f1ab96d24ef5fbd41d0d080668623e954e4f15e4a277f1c217e825eb9,6f03d3da3ed6ecbe918c5a7f9aa35cb9abfb2b83
p12v4m6-D-no_transaction_cost-s2048,D,no_transaction_cost,2048,delta_mean_return,0.026134889709633846,90e40d212b5faaff644e0041eeef92c0b0056ce9a834095a047948a1d5e42529,0ed9091f1ab96d24ef5fbd41d0d080668623e954e4f15e4a277f1c217e825eb9,6f03d3da3ed6ecbe918c5a7f9aa35cb9abfb2b83
p12v4m6-D-no_transaction_cost-s2048,D,no_transaction_cost,2048,delta_mean_reward,0.02224105506394035,90e40d212b5faaff644e0041eeef92c0b0056ce9a834095a047948a1d5e42529,0ed9091f1ab96d24ef5fbd41d0d080668623e954e4f15e4a277f1c217e825eb9,6f03d3da3ed6ecbe918c5a7f9aa35cb9abfb2b83
p12v4m6-D-no_transaction_cost-s2048,D,no_transaction_cost,2048,delta_mean_turnover,1.1939873191091355e-05,90e40d212b5faaff644e0041eeef92c0b0056ce9a834095a047948a1d5e42529,0ed9091f1ab96d24ef5fbd41d0d080668623e954e4f15e4a277f1c217e825eb9,6f03d3da3ed6ecbe918c5a7f9aa35cb9abfb2b83
p12v4m6-D-no_transaction_cost-s2048,D,no_transaction_cost,2048,delta_sharpe,0.23613409025051268,90e40d212b5faaff644e0041eeef92c0b0056ce9a834095a047948a1d5e42529,0ed9091f1ab96d24ef5fbd41d0d080668623e954e4f15e4a277f1c217e825eb9,6f03d3da3ed6ecbe918c5a7f9aa35cb9abfb2b83
p12v4m6-D-no_transaction_cost-s2048,D,no_transaction_cost,2048,delta_std_return,0.0,90e40d212b5faaff644e0041eeef92c0b0056ce9a834095a047948a1d5e42529,0ed9091f1ab96d24ef5fbd41d0d080668623e954e4f15e4a277f1c217e825eb9,6f03d3da3ed6ecbe918c5a7f9aa35cb9abfb2b83
p12v4m6-D-no_transaction_cost-s2048,D,no_transaction_cost,2048,delta_total_cost,-114252.73945215571,90e40d212b5faaff644e0041eeef92c0b0056ce9a834095a047948a1d5e42529,0ed9091f1ab96d24ef5fbd41d0d080668623e954e4f15e4a277f1c217e825eb9,6f03d3da3ed6ecbe918c5a7f9aa35cb9abfb2b83
p12v4m6-D-no_transaction_cost-s2048,D,no_transaction_cost,2048,delta_trade_count,0.0,90e40d212b5faaff644e0041eeef92c0b0056ce9a834095a047948a1d5e42529,0ed9091f1ab96d24ef5fbd41d0d080668623e954e4f15e4a277f1c217e825eb9,6f03d3da3ed6ecbe918c5a7f9aa35cb9abfb2b83
p12v4m6-D-no_transaction_cost-s2048,D,no_transaction_cost,2048,runtime_seconds,2.2441113129025325,90e40d212b5faaff644e0041eeef92c0b0056ce9a834095a047948a1d5e42529,0ed9091f1ab96d24ef5fbd41d0d080668623e954e4f15e4a277f1c217e825eb9,6f03d3da3ed6ecbe918c5a7f9aa35cb9abfb2b83
p12v4m6-D-no_transaction_cost-s4096,D,no_transaction_cost,4096,invalid_order_count,43270.0,90e40d212b5faaff644e0041eeef92c0b0056ce9a834095a047948a1d5e42529,0ed9091f1ab96d24ef5fbd41d0d080668623e954e4f15e4a277f1c217e825eb9,6f03d3da3ed6ecbe918c5a7f9aa35cb9abfb2b83
p12v4m6-D-no_transaction_cost-s4096,D,no_transaction_cost,4096,max_drawdown,0.12292443068100223,90e40d212b5faaff644e0041eeef92c0b0056ce9a834095a047948a1d5e42529,0ed9091f1ab96d24ef5fbd41d0d080668623e954e4f15e4a277f1c217e825eb9,6f03d3da3ed6ecbe918c5a7f9aa35cb9abfb2b83
p12v4m6-D-no_transaction_cost-s4096,D,no_transaction_cost,4096,mean_return,0.1902416079835354,90e40d212b5faaff644e0041eeef92c0b0056ce9a834095a047948a1d5e42529,0ed9091f1ab96d24ef5fbd41d0d080668623e954e4f15e4a277f1c217e825eb9,6f03d3da3ed6ecbe918c5a7f9aa35cb9abfb2b83
p12v4m6-D-no_transaction_cost-s4096,D,no_transaction_cost,4096,mean_reward,0.048490747073802784,90e40d212b5faaff644e0041eeef92c0b0056ce9a834095a047948a1d5e42529,0ed9091f1ab96d24ef5fbd41d0d080668623e954e4f15e4a277f1c217e825eb9,6f03d3da3ed6ecbe918c5a7f9aa35cb9abfb2b83
p12v4m6-D-no_transaction_cost-s4096,D,no_transaction_cost,4096,mean_turnover,0.11409989034440529,90e40d212b5faaff644e0041eeef92c0b0056ce9a834095a047948a1d5e42529,0ed9091f1ab96d24ef5fbd41d0d080668623e954e4f15e4a277f1c217e825eb9,6f03d3da3ed6ecbe918c5a7f9aa35cb9abfb2b83
p12v4m6-D-no_transaction_cost-s4096,D,no_transaction_cost,4096,sharpe,2.002387804895091,90e40d212b5faaff644e0041eeef92c0b0056ce9a834095a047948a1d5e42529,0ed9091f1ab96d24ef5fbd41d0d080668623e954e4f15e4a277f1c217e825eb9,6f03d3da3ed6ecbe918c5a7f9aa35cb9abfb2b83
p12v4m6-D-no_transaction_cost-s4096,D,no_transaction_cost,4096,std_return,0.0,90e40d212b5faaff644e0041eeef92c0b0056ce9a834095a047948a1d5e42529,0ed9091f1ab96d24ef5fbd41d0d080668623e954e4f15e4a277f1c217e825eb9,6f03d3da3ed6ecbe918c5a7f9aa35cb9abfb2b83
p12v4m6-D-no_transaction_cost-s4096,D,no_transaction_cost,4096,total_cost,58110.76243907025,90e40d212b5faaff644e0041eeef92c0b0056ce9a834095a047948a1d5e42529,0ed9091f1ab96d24ef5fbd41d0d080668623e954e4f15e4a277f1c217e825eb9,6f03d3da3ed6ecbe918c5a7f9aa35cb9abfb2b83
p12v4m6-D-no_transaction_cost-s4096,D,no_transaction_cost,4096,trade_count,970.0,90e40d212b5faaff644e0041eeef92c0b0056ce9a834095a047948a1d5e42529,0ed9091f1ab96d24ef5fbd41d0d080668623e954e4f15e4a277f1c217e825eb9,6f03d3da3ed6ecbe918c5a7f9aa35cb9abfb2b83
p12v4m6-D-no_transaction_cost-s4096,D,no_transaction_cost,4096,delta_invalid_order_count,130.0,90e40d212b5faaff644e0041eeef92c0b0056ce9a834095a047948a1d5e42529,0ed9091f1ab96d24ef5fbd41d0d080668623e954e4f15e4a277f1c217e825eb9,6f03d3da3ed6ecbe918c5a7f9aa35cb9abfb2b83
p12v4m6-D-no_transaction_cost-s4096,D,no_transaction_cost,4096,delta_max_drawdown,-0.002996308486434174,90e40d212b5faaff644e0041eeef92c0b0056ce9a834095a047948a1d5e42529,0ed9091f1ab96d24ef5fbd41d0d080668623e954e4f15e4a277f1c217e825eb9,6f03d3da3ed6ecbe918c5a7f9aa35cb9abfb2b83
p12v4m6-D-no_transaction_cost-s4096,D,no_transaction_cost,4096,delta_mean_return,0.026134889709633846,90e40d212b5faaff644e0041eeef92c0b0056ce9a834095a047948a1d5e42529,0ed9091f1ab96d24ef5fbd41d0d080668623e954e4f15e4a277f1c217e825eb9,6f03d3da3ed6ecbe918c5a7f9aa35cb9abfb2b83
p12v4m6-D-no_transaction_cost-s4096,D,no_transaction_cost,4096,delta_mean_reward,0.02224105506394035,90e40d212b5faaff644e0041eeef92c0b0056ce9a834095a047948a1d5e42529,0ed9091f1ab96d24ef5fbd41d0d080668623e954e4f15e4a277f1c217e825eb9,6f03d3da3ed6ecbe918c5a7f9aa35cb9abfb2b83
p12v4m6-D-no_transaction_cost-s4096,D,no_transaction_cost,4096,delta_mean_turnover,1.1939873191091355e-05,90e40d212b5faaff644e0041eeef92c0b0056ce9a834095a047948a1d5e42529,0ed9091f1ab96d24ef5fbd41d0d080668623e954e4f15e4a277f1c217e825eb9,6f03d3da3ed6ecbe918c5a7f9aa35cb9abfb2b83
p12v4m6-D-no_transaction_cost-s4096,D,no_transaction_cost,4096,delta_sharpe,0.23613409025051268,90e40d212b5faaff644e0041eeef92c0b0056ce9a834095a047948a1d5e42529,0ed9091f1ab96d24ef5fbd41d0d080668623e954e4f15e4a277f1c217e825eb9,6f03d3da3ed6ecbe918c5a7f9aa35cb9abfb2b83
p12v4m6-D-no_transaction_cost-s4096,D,no_transaction_cost,4096,delta_std_return,0.0,90e40d212b5faaff644e0041eeef92c0b0056ce9a834095a047948a1d5e42529,0ed9091f1ab96d24ef5fbd41d0d080668623e954e4f15e4a277f1c217e825eb9,6f03d3da3ed6ecbe918c5a7f9aa35cb9abfb2b83
p12v4m6-D-no_transaction_cost-s4096,D,no_transaction_cost,4096,delta_total_cost,-114252.73945215571,90e40d212b5faaff644e0041eeef92c0b0056ce9a834095a047948a1d5e42529,0ed9091f1ab96d24ef5fbd41d0d080668623e954e4f15e4a277f1c217e825eb9,6f03d3da3ed6ecbe918c5a7f9aa35cb9abfb2b83
p12v4m6-D-no_transaction_cost-s4096,D,no_transaction_cost,4096,delta_trade_count,0.0,90e40d212b5faaff644e0041eeef92c0b0056ce9a834095a047948a1d5e42529,0ed9091f1ab96d24ef5fbd41d0d080668623e954e4f15e4a277f1c217e825eb9,6f03d3da3ed6ecbe918c5a7f9aa35cb9abfb2b83
p12v4m6-D-no_transaction_cost-s4096,D,no_transaction_cost,4096,runtime_seconds,2.1470943769672886,90e40d212b5faaff644e0041eeef92c0b0056ce9a834095a047948a1d5e42529,0ed9091f1ab96d24ef5fbd41d0d080668623e954e4f15e4a277f1c217e825eb9,6f03d3da3ed6ecbe918c5a7f9aa35cb9abfb2b83
p12v4m6-D-no_transaction_cost-s8192,D,no_transaction_cost,8192,invalid_order_count,43270.0,90e40d212b5faaff644e0041eeef92c0b0056ce9a834095a047948a1d5e42529,0ed9091f1ab96d24ef5fbd41d0d080668623e954e4f15e4a277f1c217e825eb9,6f03d3da3ed6ecbe918c5a7f9aa35cb9abfb2b83
p12v4m6-D-no_transaction_cost-s8192,D,no_transaction_cost,8192,max_drawdown,0.12292443068100223,90e40d212b5faaff644e0041eeef92c0b0056ce9a834095a047948a1d5e42529,0ed9091f1ab96d24ef5fbd41d0d080668623e954e4f15e4a277f1c217e825eb9,6f03d3da3ed6ecbe918c5a7f9aa35cb9abfb2b83
p12v4m6-D-no_transaction_cost-s8192,D,no_transaction_cost,8192,mean_return,0.1902416079835354,90e40d212b5faaff644e0041eeef92c0b0056ce9a834095a047948a1d5e42529,0ed9091f1ab96d24ef5fbd41d0d080668623e954e4f15e4a277f1c217e825eb9,6f03d3da3ed6ecbe918c5a7f9aa35cb9abfb2b83
p12v4m6-D-no_transaction_cost-s8192,D,no_transaction_cost,8192,mean_reward,0.048490747073802784,90e40d212b5faaff644e0041eeef92c0b0056ce9a834095a047948a1d5e42529,0ed9091f1ab96d24ef5fbd41d0d080668623e954e4f15e4a277f1c217e825eb9,6f03d3da3ed6ecbe918c5a7f9aa35cb9abfb2b83
p12v4m6-D-no_transaction_cost-s8192,D,no_transaction_cost,8192,mean_turnover,0.11409989034440529,90e40d212b5faaff644e0041eeef92c0b0056ce9a834095a047948a1d5e42529,0ed9091f1ab96d24ef5fbd41d0d080668623e954e4f15e4a277f1c217e825eb9,6f03d3da3ed6ecbe918c5a7f9aa35cb9abfb2b83
p12v4m6-D-no_transaction_cost-s8192,D,no_transaction_cost,8192,sharpe,2.002387804895091,90e40d212b5faaff644e0041eeef92c0b0056ce9a834095a047948a1d5e42529,0ed9091f1ab96d24ef5fbd41d0d080668623e954e4f15e4a277f1c217e825eb9,6f03d3da3ed6ecbe918c5a7f9aa35cb9abfb2b83
p12v4m6-D-no_transaction_cost-s8192,D,no_transaction_cost,8192,std_return,0.0,90e40d212b5faaff644e0041eeef92c0b0056ce9a834095a047948a1d5e42529,0ed9091f1ab96d24ef5fbd41d0d080668623e954e4f15e4a277f1c217e825eb9,6f03d3da3ed6ecbe918c5a7f9aa35cb9abfb2b83
p12v4m6-D-no_transaction_cost-s8192,D,no_transaction_cost,8192,total_cost,58110.76243907025,90e40d212b5faaff644e0041eeef92c0b0056ce9a834095a047948a1d5e42529,0ed9091f1ab96d24ef5fbd41d0d080668623e954e4f15e4a277f1c217e825eb9,6f03d3da3ed6ecbe918c5a7f9aa35cb9abfb2b83
p12v4m6-D-no_transaction_cost-s8192,D,no_transaction_cost,8192,trade_count,970.0,90e40d212b5faaff644e0041eeef92c0b0056ce9a834095a047948a1d5e42529,0ed9091f1ab96d24ef5fbd41d0d080668623e954e4f15e4a277f1c217e825eb9,6f03d3da3ed6ecbe918c5a7f9aa35cb9abfb2b83
p12v4m6-D-no_transaction_cost-s8192,D,no_transaction_cost,8192,delta_invalid_order_count,130.0,90e40d212b5faaff644e0041eeef92c0b0056ce9a834095a047948a1d5e42529,0ed9091f1ab96d24ef5fbd41d0d080668623e954e4f15e4a277f1c217e825eb9,6f03d3da3ed6ecbe918c5a7f9aa35cb9abfb2b83
p12v4m6-D-no_transaction_cost-s8192,D,no_transaction_cost,8192,delta_max_drawdown,-0.002996308486434174,90e40d212b5faaff644e0041eeef92c0b0056ce9a834095a047948a1d5e42529,0ed9091f1ab96d24ef5fbd41d0d080668623e954e4f15e4a277f1c217e825eb9,6f03d3da3ed6ecbe918c5a7f9aa35cb9abfb2b83
p12v4m6-D-no_transaction_cost-s8192,D,no_transaction_cost,8192,delta_mean_return,0.026134889709633846,90e40d212b5faaff644e0041eeef92c0b0056ce9a834095a047948a1d5e42529,0ed9091f1ab96d24ef5fbd41d0d080668623e954e4f15e4a277f1c217e825eb9,6f03d3da3ed6ecbe918c5a7f9aa35cb9abfb2b83
p12v4m6-D-no_transaction_cost-s8192,D,no_transaction_cost,8192,delta_mean_reward,0.02224105506394035,90e40d212b5faaff644e0041eeef92c0b0056ce9a834095a047948a1d5e42529,0ed9091f1ab96d24ef5fbd41d0d080668623e954e4f15e4a277f1c217e825eb9,6f03d3da3ed6ecbe918c5a7f9aa35cb9abfb2b83
p12v4m6-D-no_transaction_cost-s8192,D,no_transaction_cost,8192,delta_mean_turnover,1.1939873191091355e-05,90e40d212b5faaff644e0041eeef92c0b0056ce9a834095a047948a1d5e42529,0ed9091f1ab96d24ef5fbd41d0d080668623e954e4f15e4a277f1c217e825eb9,6f03d3da3ed6ecbe918c5a7f9aa35cb9abfb2b83
p12v4m6-D-no_transaction_cost-s8192,D,no_transaction_cost,8192,delta_sharpe,0.23613409025051268,90e40d212b5faaff644e0041eeef92c0b0056ce9a834095a047948a1d5e42529,0ed9091f1ab96d24ef5fbd41d0d080668623e954e4f15e4a277f1c217e825eb9,6f03d3da3ed6ecbe918c5a7f9aa35cb9abfb2b83
p12v4m6-D-no_transaction_cost-s8192,D,no_transaction_cost,8192,delta_std_return,0.0,90e40d212b5faaff644e0041eeef92c0b0056ce9a834095a047948a1d5e42529,0ed9091f1ab96d24ef5fbd41d0d080668623e954e4f15e4a277f1c217e825eb9,6f03d3da3ed6ecbe918c5a7f9aa35cb9abfb2b83
p12v4m6-D-no_transaction_cost-s8192,D,no_transaction_cost,8192,delta_total_cost,-114252.73945215571,90e40d212b5faaff644e0041eeef92c0b0056ce9a834095a047948a1d5e42529,0ed9091f1ab96d24ef5fbd41d0d080668623e954e4f15e4a277f1c217e825eb9,6f03d3da3ed6ecbe918c5a7f9aa35cb9abfb2b83
p12v4m6-D-no_transaction_cost-s8192,D,no_transaction_cost,8192,delta_trade_count,0.0,90e40d212b5faaff644e0041eeef92c0b0056ce9a834095a047948a1d5e42529,0ed9091f1ab96d24ef5fbd41d0d080668623e954e4f15e4a277f1c217e825eb9,6f03d3da3ed6ecbe918c5a7f9aa35cb9abfb2b83
p12v4m6-D-no_transaction_cost-s8192,D,no_transaction_cost,8192,runtime_seconds,2.271663944935426,90e40d212b5faaff644e0041eeef92c0b0056ce9a834095a047948a1d5e42529,0ed9091f1ab96d24ef5fbd41d0d080668623e954e4f15e4a277f1c217e825eb9,6f03d3da3ed6ecbe918c5a7f9aa35cb9abfb2b83
p12v4m6-D-no_transaction_cost-s16384,D,no_transaction_cost,16384,invalid_order_count,43270.0,90e40d212b5faaff644e0041eeef92c0b0056ce9a834095a047948a1d5e42529,0ed9091f1ab96d24ef5fbd41d0d080668623e954e4f15e4a277f1c217e825eb9,6f03d3da3ed6ecbe918c5a7f9aa35cb9abfb2b83
p12v4m6-D-no_transaction_cost-s16384,D,no_transaction_cost,16384,max_drawdown,0.12292443068100223,90e40d212b5faaff644e0041eeef92c0b0056ce9a834095a047948a1d5e42529,0ed9091f1ab96d24ef5fbd41d0d080668623e954e4f15e4a277f1c217e825eb9,6f03d3da3ed6ecbe918c5a7f9aa35cb9abfb2b83
p12v4m6-D-no_transaction_cost-s16384,D,no_transaction_cost,16384,mean_return,0.1902416079835354,90e40d212b5faaff644e0041eeef92c0b0056ce9a834095a047948a1d5e42529,0ed9091f1ab96d24ef5fbd41d0d080668623e954e4f15e4a277f1c217e825eb9,6f03d3da3ed6ecbe918c5a7f9aa35cb9abfb2b83
p12v4m6-D-no_transaction_cost-s16384,D,no_transaction_cost,16384,mean_reward,0.048490747073802784,90e40d212b5faaff644e0041eeef92c0b0056ce9a834095a047948a1d5e42529,0ed9091f1ab96d24ef5fbd41d0d080668623e954e4f15e4a277f1c217e825eb9,6f03d3da3ed6ecbe918c5a7f9aa35cb9abfb2b83
p12v4m6-D-no_transaction_cost-s16384,D,no_transaction_cost,16384,mean_turnover,0.11409989034440529,90e40d212b5faaff644e0041eeef92c0b0056ce9a834095a047948a1d5e42529,0ed9091f1ab96d24ef5fbd41d0d080668623e954e4f15e4a277f1c217e825eb9,6f03d3da3ed6ecbe918c5a7f9aa35cb9abfb2b83
p12v4m6-D-no_transaction_cost-s16384,D,no_transaction_cost,16384,sharpe,2.002387804895091,90e40d212b5faaff644e0041eeef92c0b0056ce9a834095a047948a1d5e42529,0ed9091f1ab96d24ef5fbd41d0d080668623e954e4f15e4a277f1c217e825eb9,6f03d3da3ed6ecbe918c5a7f9aa35cb9abfb2b83
p12v4m6-D-no_transaction_cost-s16384,D,no_transaction_cost,16384,std_return,0.0,90e40d212b5faaff644e0041eeef92c0b0056ce9a834095a047948a1d5e42529,0ed9091f1ab96d24ef5fbd41d0d080668623e954e4f15e4a277f1c217e825eb9,6f03d3da3ed6ecbe918c5a7f9aa35cb9abfb2b83
p12v4m6-D-no_transaction_cost-s16384,D,no_transaction_cost,16384,total_cost,58110.76243907025,90e40d212b5faaff644e0041eeef92c0b0056ce9a834095a047948a1d5e42529,0ed9091f1ab96d24ef5fbd41d0d080668623e954e4f15e4a277f1c217e825eb9,6f03d3da3ed6ecbe918c5a7f9aa35cb9abfb2b83
p12v4m6-D-no_transaction_cost-s16384,D,no_transaction_cost,16384,trade_count,970.0,90e40d212b5faaff644e0041eeef92c0b0056ce9a834095a047948a1d5e42529,0ed9091f1ab96d24ef5fbd41d0d080668623e954e4f15e4a277f1c217e825eb9,6f03d3da3ed6ecbe918c5a7f9aa35cb9abfb2b83
p12v4m6-D-no_transaction_cost-s16384,D,no_transaction_cost,16384,delta_invalid_order_count,130.0,90e40d212b5faaff644e0041eeef92c0b0056ce9a834095a047948a1d5e42529,0ed9091f1ab96d24ef5fbd41d0d080668623e954e4f15e4a277f1c217e825eb9,6f03d3da3ed6ecbe918c5a7f9aa35cb9abfb2b83
p12v4m6-D-no_transaction_cost-s16384,D,no_transaction_cost,16384,delta_max_drawdown,-0.002996308486434174,90e40d212b5faaff644e0041eeef92c0b0056ce9a834095a047948a1d5e42529,0ed9091f1ab96d24ef5fbd41d0d080668623e954e4f15e4a277f1c217e825eb9,6f03d3da3ed6ecbe918c5a7f9aa35cb9abfb2b83
p12v4m6-D-no_transaction_cost-s16384,D,no_transaction_cost,16384,delta_mean_return,0.026134889709633846,90e40d212b5faaff644e0041eeef92c0b0056ce9a834095a047948a1d5e42529,0ed9091f1ab96d24ef5fbd41d0d080668623e954e4f15e4a277f1c217e825eb9,6f03d3da3ed6ecbe918c5a7f9aa35cb9abfb2b83
p12v4m6-D-no_transaction_cost-s16384,D,no_transaction_cost,16384,delta_mean_reward,0.02224105506394035,90e40d212b5faaff644e0041eeef92c0b0056ce9a834095a047948a1d5e42529,0ed9091f1ab96d24ef5fbd41d0d080668623e954e4f15e4a277f1c217e825eb9,6f03d3da3ed6ecbe918c5a7f9aa35cb9abfb2b83
p12v4m6-D-no_transaction_cost-s16384,D,no_transaction_cost,16384,delta_mean_turnover,1.1939873191091355e-05,90e40d212b5faaff644e0041eeef92c0b0056ce9a834095a047948a1d5e42529,0ed9091f1ab96d24ef5fbd41d0d080668623e954e4f15e4a277f1c217e825eb9,6f03d3da3ed6ecbe918c5a7f9aa35cb9abfb2b83
p12v4m6-D-no_transaction_cost-s16384,D,no_transaction_cost,16384,delta_sharpe,0.23613409025051268,90e40d212b5faaff644e0041eeef92c0b0056ce9a834095a047948a1d5e42529,0ed9091f1ab96d24ef5fbd41d0d080668623e954e4f15e4a277f1c217e825eb9,6f03d3da3ed6ecbe918c5a7f9aa35cb9abfb2b83
p12v4m6-D-no_transaction_cost-s16384,D,no_transaction_cost,16384,delta_std_return,0.0,90e40d212b5faaff644e0041eeef92c0b0056ce9a834095a047948a1d5e42529,0ed9091f1ab96d24ef5fbd41d0d080668623e954e4f15e4a277f1c217e825eb9,6f03d3da3ed6ecbe918c5a7f9aa35cb9abfb2b83
p12v4m6-D-no_transaction_cost-s16384,D,no_transaction_cost,16384,delta_total_cost,-114252.73945215571,90e40d212b5faaff644e0041eeef92c0b0056ce9a834095a047948a1d5e42529,0ed9091f1ab96d24ef5fbd41d0d080668623e954e4f15e4a277f1c217e825eb9,6f03d3da3ed6ecbe918c5a7f9aa35cb9abfb2b83
p12v4m6-D-no_transaction_cost-s16384,D,no_transaction_cost,16384,delta_trade_count,0.0,90e40d212b5faaff644e0041eeef92c0b0056ce9a834095a047948a1d5e42529,0ed9091f1ab96d24ef5fbd41d0d080668623e954e4f15e4a277f1c217e825eb9,6f03d3da3ed6ecbe918c5a7f9aa35cb9abfb2b83
p12v4m6-D-no_transaction_cost-s16384,D,no_transaction_cost,16384,runtime_seconds,2.0534638799726963,90e40d212b5faaff644e0041eeef92c0b0056ce9a834095a047948a1d5e42529,0ed9091f1ab96d24ef5fbd41d0d080668623e954e4f15e4a277f1c217e825eb9,6f03d3da3ed6ecbe918c5a7f9aa35cb9abfb2b83
p12v4m6-D-no_slippage-s1024,D,no_slippage,1024,invalid_order_count,43310.0,90e40d212b5faaff644e0041eeef92c0b0056ce9a834095a047948a1d5e42529,0ed9091f1ab96d24ef5fbd41d0d080668623e954e4f15e4a277f1c217e825eb9,6f03d3da3ed6ecbe918c5a7f9aa35cb9abfb2b83
p12v4m6-D-no_slippage-s1024,D,no_slippage,1024,max_drawdown,0.12446055887596563,90e40d212b5faaff644e0041eeef92c0b0056ce9a834095a047948a1d5e42529,0ed9091f1ab96d24ef5fbd41d0d080668623e954e4f15e4a277f1c217e825eb9,6f03d3da3ed6ecbe918c5a7f9aa35cb9abfb2b83
p12v4m6-D-no_slippage-s1024,D,no_slippage,1024,mean_return,0.17702838256204334,90e40d212b5faaff644e0041eeef92c0b0056ce9a834095a047948a1d5e42529,0ed9091f1ab96d24ef5fbd41d0d080668623e954e4f15e4a277f1c217e825eb9,6f03d3da3ed6ecbe918c5a7f9aa35cb9abfb2b83
p12v4m6-D-no_slippage-s1024,D,no_slippage,1024,mean_reward,0.037306626590521565,90e40d212b5faaff644e0041eeef92c0b0056ce9a834095a047948a1d5e42529,0ed9091f1ab96d24ef5fbd41d0d080668623e954e4f15e4a277f1c217e825eb9,6f03d3da3ed6ecbe918c5a7f9aa35cb9abfb2b83
p12v4m6-D-no_slippage-s1024,D,no_slippage,1024,mean_turnover,0.11410946967805527,90e40d212b5faaff644e0041eeef92c0b0056ce9a834095a047948a1d5e42529,0ed9091f1ab96d24ef5fbd41d0d080668623e954e4f15e4a277f1c217e825eb9,6f03d3da3ed6ecbe918c5a7f9aa35cb9abfb2b83
p12v4m6-D-no_slippage-s1024,D,no_slippage,1024,sharpe,1.8835324059842673,90e40d212b5faaff644e0041eeef92c0b0056ce9a834095a047948a1d5e42529,0ed9091f1ab96d24ef5fbd41d0d080668623e954e4f15e4a277f1c217e825eb9,6f03d3da3ed6ecbe918c5a7f9aa35cb9abfb2b83
p12v4m6-D-no_slippage-s1024,D,no_slippage,1024,std_return,0.0,90e40d212b5faaff644e0041eeef92c0b0056ce9a834095a047948a1d5e42529,0ed9091f1ab96d24ef5fbd41d0d080668623e954e4f15e4a277f1c217e825eb9,6f03d3da3ed6ecbe918c5a7f9aa35cb9abfb2b83
p12v4m6-D-no_slippage-s1024,D,no_slippage,1024,total_cost,115581.19462258415,90e40d212b5faaff644e0041eeef92c0b0056ce9a834095a047948a1d5e42529,0ed9091f1ab96d24ef5fbd41d0d080668623e954e4f15e4a277f1c217e825eb9,6f03d3da3ed6ecbe918c5a7f9aa35cb9abfb2b83
p12v4m6-D-no_slippage-s1024,D,no_slippage,1024,trade_count,970.0,90e40d212b5faaff644e0041eeef92c0b0056ce9a834095a047948a1d5e42529,0ed9091f1ab96d24ef5fbd41d0d080668623e954e4f15e4a277f1c217e825eb9,6f03d3da3ed6ecbe918c5a7f9aa35cb9abfb2b83
p12v4m6-D-no_slippage-s1024,D,no_slippage,1024,delta_invalid_order_count,170.0,90e40d212b5faaff644e0041eeef92c0b0056ce9a834095a047948a1d5e42529,0ed9091f1ab96d24ef5fbd41d0d080668623e954e4f15e4a277f1c217e825eb9,6f03d3da3ed6ecbe918c5a7f9aa35cb9abfb2b83
p12v4m6-D-no_slippage-s1024,D,no_slippage,1024,delta_max_drawdown,-0.0014601802914707696,90e40d212b5faaff644e0041eeef92c0b0056ce9a834095a047948a1d5e42529,0ed9091f1ab96d24ef5fbd41d0d080668623e954e4f15e4a277f1c217e825eb9,6f03d3da3ed6ecbe918c5a7f9aa35cb9abfb2b83
p12v4m6-D-no_slippage-s1024,D,no_slippage,1024,delta_mean_return,0.012921664288141788,90e40d212b5faaff644e0041eeef92c0b0056ce9a834095a047948a1d5e42529,0ed9091f1ab96d24ef5fbd41d0d080668623e954e4f15e4a277f1c217e825eb9,6f03d3da3ed6ecbe918c5a7f9aa35cb9abfb2b83
p12v4m6-D-no_slippage-s1024,D,no_slippage,1024,delta_mean_reward,0.01105693458065913,90e40d212b5faaff644e0041eeef92c0b0056ce9a834095a047948a1d5e42529,0ed9091f1ab96d24ef5fbd41d0d080668623e954e4f15e4a277f1c217e825eb9,6f03d3da3ed6ecbe918c5a7f9aa35cb9abfb2b83
p12v4m6-D-no_slippage-s1024,D,no_slippage,1024,delta_mean_turnover,2.151920684106967e-05,90e40d212b5faaff644e0041eeef92c0b0056ce9a834095a047948a1d5e42529,0ed9091f1ab96d24ef5fbd41d0d080668623e954e4f15e4a277f1c217e825eb9,6f03d3da3ed6ecbe918c5a7f9aa35cb9abfb2b83
p12v4m6-D-no_slippage-s1024,D,no_slippage,1024,delta_sharpe,0.11727869133968882,90e40d212b5faaff644e0041eeef92c0b0056ce9a834095a047948a1d5e42529,0ed9091f1ab96d24ef5fbd41d0d080668623e954e4f15e4a277f1c217e825eb9,6f03d3da3ed6ecbe918c5a7f9aa35cb9abfb2b83
p12v4m6-D-no_slippage-s1024,D,no_slippage,1024,delta_std_return,0.0,90e40d212b5faaff644e0041eeef92c0b0056ce9a834095a047948a1d5e42529,0ed9091f1ab96d24ef5fbd41d0d080668623e954e4f15e4a277f1c217e825eb9,6f03d3da3ed6ecbe918c5a7f9aa35cb9abfb2b83
p12v4m6-D-no_slippage-s1024,D,no_slippage,1024,delta_total_cost,-56782.3072686418,90e40d212b5faaff644e0041eeef92c0b0056ce9a834095a047948a1d5e42529,0ed9091f1ab96d24ef5fbd41d0d080668623e954e4f15e4a277f1c217e825eb9,6f03d3da3ed6ecbe918c5a7f9aa35cb9abfb2b83
p12v4m6-D-no_slippage-s1024,D,no_slippage,1024,delta_trade_count,0.0,90e40d212b5faaff644e0041eeef92c0b0056ce9a834095a047948a1d5e42529,0ed9091f1ab96d24ef5fbd41d0d080668623e954e4f15e4a277f1c217e825eb9,6f03d3da3ed6ecbe918c5a7f9aa35cb9abfb2b83
p12v4m6-D-no_slippage-s1024,D,no_slippage,1024,runtime_seconds,2.2035699089756235,90e40d212b5faaff644e0041eeef92c0b0056ce9a834095a047948a1d5e42529,0ed9091f1ab96d24ef5fbd41d0d080668623e954e4f15e4a277f1c217e825eb9,6f03d3da3ed6ecbe918c5a7f9aa35cb9abfb2b83
p12v4m6-D-no_slippage-s2048,D,no_slippage,2048,invalid_order_count,43310.0,90e40d212b5faaff644e0041eeef92c0b0056ce9a834095a047948a1d5e42529,0ed9091f1ab96d24ef5fbd41d0d080668623e954e4f15e4a277f1c217e825eb9,6f03d3da3ed6ecbe918c5a7f9aa35cb9abfb2b83
p12v4m6-D-no_slippage-s2048,D,no_slippage,2048,max_drawdown,0.12446055887596563,90e40d212b5faaff644e0041eeef92c0b0056ce9a834095a047948a1d5e42529,0ed9091f1ab96d24ef5fbd41d0d080668623e954e4f15e4a277f1c217e825eb9,6f03d3da3ed6ecbe918c5a7f9aa35cb9abfb2b83
p12v4m6-D-no_slippage-s2048,D,no_slippage,2048,mean_return,0.17702838256204334,90e40d212b5faaff644e0041eeef92c0b0056ce9a834095a047948a1d5e42529,0ed9091f1ab96d24ef5fbd41d0d080668623e954e4f15e4a277f1c217e825eb9,6f03d3da3ed6ecbe918c5a7f9aa35cb9abfb2b83
p12v4m6-D-no_slippage-s2048,D,no_slippage,2048,mean_reward,0.037306626590521565,90e40d212b5faaff644e0041eeef92c0b0056ce9a834095a047948a1d5e42529,0ed9091f1ab96d24ef5fbd41d0d080668623e954e4f15e4a277f1c217e825eb9,6f03d3da3ed6ecbe918c5a7f9aa35cb9abfb2b83
p12v4m6-D-no_slippage-s2048,D,no_slippage,2048,mean_turnover,0.11410946967805527,90e40d212b5faaff644e0041eeef92c0b0056ce9a834095a047948a1d5e42529,0ed9091f1ab96d24ef5fbd41d0d080668623e954e4f15e4a277f1c217e825eb9,6f03d3da3ed6ecbe918c5a7f9aa35cb9abfb2b83
p12v4m6-D-no_slippage-s2048,D,no_slippage,2048,sharpe,1.8835324059842673,90e40d212b5faaff644e0041eeef92c0b0056ce9a834095a047948a1d5e42529,0ed9091f1ab96d24ef5fbd41d0d080668623e954e4f15e4a277f1c217e825eb9,6f03d3da3ed6ecbe918c5a7f9aa35cb9abfb2b83
p12v4m6-D-no_slippage-s2048,D,no_slippage,2048,std_return,0.0,90e40d212b5faaff644e0041eeef92c0b0056ce9a834095a047948a1d5e42529,0ed9091f1ab96d24ef5fbd41d0d080668623e954e4f15e4a277f1c217e825eb9,6f03d3da3ed6ecbe918c5a7f9aa35cb9abfb2b83
p12v4m6-D-no_slippage-s2048,D,no_slippage,2048,total_cost,115581.19462258415,90e40d212b5faaff644e0041eeef92c0b0056ce9a834095a047948a1d5e42529,0ed9091f1ab96d24ef5fbd41d0d080668623e954e4f15e4a277f1c217e825eb9,6f03d3da3ed6ecbe918c5a7f9aa35cb9abfb2b83
p12v4m6-D-no_slippage-s2048,D,no_slippage,2048,trade_count,970.0,90e40d212b5faaff644e0041eeef92c0b0056ce9a834095a047948a1d5e42529,0ed9091f1ab96d24ef5fbd41d0d080668623e954e4f15e4a277f1c217e825eb9,6f03d3da3ed6ecbe918c5a7f9aa35cb9abfb2b83
p12v4m6-D-no_slippage-s2048,D,no_slippage,2048,delta_invalid_order_count,170.0,90e40d212b5faaff644e0041eeef92c0b0056ce9a834095a047948a1d5e42529,0ed9091f1ab96d24ef5fbd41d0d080668623e954e4f15e4a277f1c217e825eb9,6f03d3da3ed6ecbe918c5a7f9aa35cb9abfb2b83
p12v4m6-D-no_slippage-s2048,D,no_slippage,2048,delta_max_drawdown,-0.0014601802914707696,90e40d212b5faaff644e0041eeef92c0b0056ce9a834095a047948a1d5e42529,0ed9091f1ab96d24ef5fbd41d0d080668623e954e4f15e4a277f1c217e825eb9,6f03d3da3ed6ecbe918c5a7f9aa35cb9abfb2b83
p12v4m6-D-no_slippage-s2048,D,no_slippage,2048,delta_mean_return,0.012921664288141788,90e40d212b5faaff644e0041eeef92c0b0056ce9a834095a047948a1d5e42529,0ed9091f1ab96d24ef5fbd41d0d080668623e954e4f15e4a277f1c217e825eb9,6f03d3da3ed6ecbe918c5a7f9aa35cb9abfb2b83
p12v4m6-D-no_slippage-s2048,D,no_slippage,2048,delta_mean_reward,0.01105693458065913,90e40d212b5faaff644e0041eeef92c0b0056ce9a834095a047948a1d5e42529,0ed9091f1ab96d24ef5fbd41d0d080668623e954e4f15e4a277f1c217e825eb9,6f03d3da3ed6ecbe918c5a7f9aa35cb9abfb2b83
p12v4m6-D-no_slippage-s2048,D,no_slippage,2048,delta_mean_turnover,2.151920684106967e-05,90e40d212b5faaff644e0041eeef92c0b0056ce9a834095a047948a1d5e42529,0ed9091f1ab96d24ef5fbd41d0d080668623e954e4f15e4a277f1c217e825eb9,6f03d3da3ed6ecbe918c5a7f9aa35cb9abfb2b83
p12v4m6-D-no_slippage-s2048,D,no_slippage,2048,delta_sharpe,0.11727869133968882,90e40d212b5faaff644e0041eeef92c0b0056ce9a834095a047948a1d5e42529,0ed9091f1ab96d24ef5fbd41d0d080668623e954e4f15e4a277f1c217e825eb9,6f03d3da3ed6ecbe918c5a7f9aa35cb9abfb2b83
p12v4m6-D-no_slippage-s2048,D,no_slippage,2048,delta_std_return,0.0,90e40d212b5faaff644e0041eeef92c0b0056ce9a834095a047948a1d5e42529,0ed9091f1ab96d24ef5fbd41d0d080668623e954e4f15e4a277f1c217e825eb9,6f03d3da3ed6ecbe918c5a7f9aa35cb9abfb2b83
p12v4m6-D-no_slippage-s2048,D,no_slippage,2048,delta_total_cost,-56782.3072686418,90e40d212b5faaff644e0041eeef92c0b0056ce9a834095a047948a1d5e42529,0ed9091f1ab96d24ef5fbd41d0d080668623e954e4f15e4a277f1c217e825eb9,6f03d3da3ed6ecbe918c5a7f9aa35cb9abfb2b83
p12v4m6-D-no_slippage-s2048,D,no_slippage,2048,delta_trade_count,0.0,90e40d212b5faaff644e0041eeef92c0b0056ce9a834095a047948a1d5e42529,0ed9091f1ab96d24ef5fbd41d0d080668623e954e4f15e4a277f1c217e825eb9,6f03d3da3ed6ecbe918c5a7f9aa35cb9abfb2b83
p12v4m6-D-no_slippage-s2048,D,no_slippage,2048,runtime_seconds,2.23334292601794,90e40d212b5faaff644e0041eeef92c0b0056ce9a834095a047948a1d5e42529,0ed9091f1ab96d24ef5fbd41d0d080668623e954e4f15e4a277f1c217e825eb9,6f03d3da3ed6ecbe918c5a7f9aa35cb9abfb2b83
p12v4m6-D-no_slippage-s4096,D,no_slippage,4096,invalid_order_count,43310.0,90e40d212b5faaff644e0041eeef92c0b0056ce9a834095a047948a1d5e42529,0ed9091f1ab96d24ef5fbd41d0d080668623e954e4f15e4a277f1c217e825eb9,6f03d3da3ed6ecbe918c5a7f9aa35cb9abfb2b83
p12v4m6-D-no_slippage-s4096,D,no_slippage,4096,max_drawdown,0.12446055887596563,90e40d212b5faaff644e0041eeef92c0b0056ce9a834095a047948a1d5e42529,0ed9091f1ab96d24ef5fbd41d0d080668623e954e4f15e4a277f1c217e825eb9,6f03d3da3ed6ecbe918c5a7f9aa35cb9abfb2b83
p12v4m6-D-no_slippage-s4096,D,no_slippage,4096,mean_return,0.17702838256204334,90e40d212b5faaff644e0041eeef92c0b0056ce9a834095a047948a1d5e42529,0ed9091f1ab96d24ef5fbd41d0d080668623e954e4f15e4a277f1c217e825eb9,6f03d3da3ed6ecbe918c5a7f9aa35cb9abfb2b83
p12v4m6-D-no_slippage-s4096,D,no_slippage,4096,mean_reward,0.037306626590521565,90e40d212b5faaff644e0041eeef92c0b0056ce9a834095a047948a1d5e42529,0ed9091f1ab96d24ef5fbd41d0d080668623e954e4f15e4a277f1c217e825eb9,6f03d3da3ed6ecbe918c5a7f9aa35cb9abfb2b83
p12v4m6-D-no_slippage-s4096,D,no_slippage,4096,mean_turnover,0.11410946967805527,90e40d212b5faaff644e0041eeef92c0b0056ce9a834095a047948a1d5e42529,0ed9091f1ab96d24ef5fbd41d0d080668623e954e4f15e4a277f1c217e825eb9,6f03d3da3ed6ecbe918c5a7f9aa35cb9abfb2b83
p12v4m6-D-no_slippage-s4096,D,no_slippage,4096,sharpe,1.8835324059842673,90e40d212b5faaff644e0041eeef92c0b0056ce9a834095a047948a1d5e42529,0ed9091f1ab96d24ef5fbd41d0d080668623e954e4f15e4a277f1c217e825eb9,6f03d3da3ed6ecbe918c5a7f9aa35cb9abfb2b83
p12v4m6-D-no_slippage-s4096,D,no_slippage,4096,std_return,0.0,90e40d212b5faaff644e0041eeef92c0b0056ce9a834095a047948a1d5e42529,0ed9091f1ab96d24ef5fbd41d0d080668623e954e4f15e4a277f1c217e825eb9,6f03d3da3ed6ecbe918c5a7f9aa35cb9abfb2b83
p12v4m6-D-no_slippage-s4096,D,no_slippage,4096,total_cost,115581.19462258415,90e40d212b5faaff644e0041eeef92c0b0056ce9a834095a047948a1d5e42529,0ed9091f1ab96d24ef5fbd41d0d080668623e954e4f15e4a277f1c217e825eb9,6f03d3da3ed6ecbe918c5a7f9aa35cb9abfb2b83
p12v4m6-D-no_slippage-s4096,D,no_slippage,4096,trade_count,970.0,90e40d212b5faaff644e0041eeef92c0b0056ce9a834095a047948a1d5e42529,0ed9091f1ab96d24ef5fbd41d0d080668623e954e4f15e4a277f1c217e825eb9,6f03d3da3ed6ecbe918c5a7f9aa35cb9abfb2b83
p12v4m6-D-no_slippage-s4096,D,no_slippage,4096,delta_invalid_order_count,170.0,90e40d212b5faaff644e0041eeef92c0b0056ce9a834095a047948a1d5e42529,0ed9091f1ab96d24ef5fbd41d0d080668623e954e4f15e4a277f1c217e825eb9,6f03d3da3ed6ecbe918c5a7f9aa35cb9abfb2b83
p12v4m6-D-no_slippage-s4096,D,no_slippage,4096,delta_max_drawdown,-0.0014601802914707696,90e40d212b5faaff644e0041eeef92c0b0056ce9a834095a047948a1d5e42529,0ed9091f1ab96d24ef5fbd41d0d080668623e954e4f15e4a277f1c217e825eb9,6f03d3da3ed6ecbe918c5a7f9aa35cb9abfb2b83
p12v4m6-D-no_slippage-s4096,D,no_slippage,4096,delta_mean_return,0.012921664288141788,90e40d212b5faaff644e0041eeef92c0b0056ce9a834095a047948a1d5e42529,0ed9091f1ab96d24ef5fbd41d0d080668623e954e4f15e4a277f1c217e825eb9,6f03d3da3ed6ecbe918c5a7f9aa35cb9abfb2b83
p12v4m6-D-no_slippage-s4096,D,no_slippage,4096,delta_mean_reward,0.01105693458065913,90e40d212b5faaff644e0041eeef92c0b0056ce9a834095a047948a1d5e42529,0ed9091f1ab96d24ef5fbd41d0d080668623e954e4f15e4a277f1c217e825eb9,6f03d3da3ed6ecbe918c5a7f9aa35cb9abfb2b83
p12v4m6-D-no_slippage-s4096,D,no_slippage,4096,delta_mean_turnover,2.151920684106967e-05,90e40d212b5faaff644e0041eeef92c0b0056ce9a834095a047948a1d5e42529,0ed9091f1ab96d24ef5fbd41d0d080668623e954e4f15e4a277f1c217e825eb9,6f03d3da3ed6ecbe918c5a7f9aa35cb9abfb2b83
p12v4m6-D-no_slippage-s4096,D,no_slippage,4096,delta_sharpe,0.11727869133968882,90e40d212b5faaff644e0041eeef92c0b0056ce9a834095a047948a1d5e42529,0ed9091f1ab96d24ef5fbd41d0d080668623e954e4f15e4a277f1c217e825eb9,6f03d3da3ed6ecbe918c5a7f9aa35cb9abfb2b83
p12v4m6-D-no_slippage-s4096,D,no_slippage,4096,delta_std_return,0.0,90e40d212b5faaff644e0041eeef92c0b0056ce9a834095a047948a1d5e42529,0ed9091f1ab96d24ef5fbd41d0d080668623e954e4f15e4a277f1c217e825eb9,6f03d3da3ed6ecbe918c5a7f9aa35cb9abfb2b83
p12v4m6-D-no_slippage-s4096,D,no_slippage,4096,delta_total_cost,-56782.3072686418,90e40d212b5faaff644e0041eeef92c0b0056ce9a834095a047948a1d5e42529,0ed9091f1ab96d24ef5fbd41d0d080668623e954e4f15e4a277f1c217e825eb9,6f03d3da3ed6ecbe918c5a7f9aa35cb9abfb2b83
p12v4m6-D-no_slippage-s4096,D,no_slippage,4096,delta_trade_count,0.0,90e40d212b5faaff644e0041eeef92c0b0056ce9a834095a047948a1d5e42529,0ed9091f1ab96d24ef5fbd41d0d080668623e954e4f15e4a277f1c217e825eb9,6f03d3da3ed6ecbe918c5a7f9aa35cb9abfb2b83
p12v4m6-D-no_slippage-s4096,D,no_slippage,4096,runtime_seconds,2.101433628005907,90e40d212b5faaff644e0041eeef92c0b0056ce9a834095a047948a1d5e42529,0ed9091f1ab96d24ef5fbd41d0d080668623e954e4f15e4a277f1c217e825eb9,6f03d3da3ed6ecbe918c5a7f9aa35cb9abfb2b83
p12v4m6-D-no_slippage-s8192,D,no_slippage,8192,invalid_order_count,43310.0,90e40d212b5faaff644e0041eeef92c0b0056ce9a834095a047948a1d5e42529,0ed9091f1ab96d24ef5fbd41d0d080668623e954e4f15e4a277f1c217e825eb9,6f03d3da3ed6ecbe918c5a7f9aa35cb9abfb2b83
p12v4m6-D-no_slippage-s8192,D,no_slippage,8192,max_drawdown,0.12446055887596563,90e40d212b5faaff644e0041eeef92c0b0056ce9a834095a047948a1d5e42529,0ed9091f1ab96d24ef5fbd41d0d080668623e954e4f15e4a277f1c217e825eb9,6f03d3da3ed6ecbe918c5a7f9aa35cb9abfb2b83
p12v4m6-D-no_slippage-s8192,D,no_slippage,8192,mean_return,0.17702838256204334,90e40d212b5faaff644e0041eeef92c0b0056ce9a834095a047948a1d5e42529,0ed9091f1ab96d24ef5fbd41d0d080668623e954e4f15e4a277f1c217e825eb9,6f03d3da3ed6ecbe918c5a7f9aa35cb9abfb2b83
p12v4m6-D-no_slippage-s8192,D,no_slippage,8192,mean_reward,0.037306626590521565,90e40d212b5faaff644e0041eeef92c0b0056ce9a834095a047948a1d5e42529,0ed9091f1ab96d24ef5fbd41d0d080668623e954e4f15e4a277f1c217e825eb9,6f03d3da3ed6ecbe918c5a7f9aa35cb9abfb2b83
p12v4m6-D-no_slippage-s8192,D,no_slippage,8192,mean_turnover,0.11410946967805527,90e40d212b5faaff644e0041eeef92c0b0056ce9a834095a047948a1d5e42529,0ed9091f1ab96d24ef5fbd41d0d080668623e954e4f15e4a277f1c217e825eb9,6f03d3da3ed6ecbe918c5a7f9aa35cb9abfb2b83
p12v4m6-D-no_slippage-s8192,D,no_slippage,8192,sharpe,1.8835324059842673,90e40d212b5faaff644e0041eeef92c0b0056ce9a834095a047948a1d5e42529,0ed9091f1ab96d24ef5fbd41d0d080668623e954e4f15e4a277f1c217e825eb9,6f03d3da3ed6ecbe918c5a7f9aa35cb9abfb2b83
p12v4m6-D-no_slippage-s8192,D,no_slippage,8192,std_return,0.0,90e40d212b5faaff644e0041eeef92c0b0056ce9a834095a047948a1d5e42529,0ed9091f1ab96d24ef5fbd41d0d080668623e954e4f15e4a277f1c217e825eb9,6f03d3da3ed6ecbe918c5a7f9aa35cb9abfb2b83
p12v4m6-D-no_slippage-s8192,D,no_slippage,8192,total_cost,115581.19462258415,90e40d212b5faaff644e0041eeef92c0b0056ce9a834095a047948a1d5e42529,0ed9091f1ab96d24ef5fbd41d0d080668623e954e4f15e4a277f1c217e825eb9,6f03d3da3ed6ecbe918c5a7f9aa35cb9abfb2b83
p12v4m6-D-no_slippage-s8192,D,no_slippage,8192,trade_count,970.0,90e40d212b5faaff644e0041eeef92c0b0056ce9a834095a047948a1d5e42529,0ed9091f1ab96d24ef5fbd41d0d080668623e954e4f15e4a277f1c217e825eb9,6f03d3da3ed6ecbe918c5a7f9aa35cb9abfb2b83
p12v4m6-D-no_slippage-s8192,D,no_slippage,8192,delta_invalid_order_count,170.0,90e40d212b5faaff644e0041eeef92c0b0056ce9a834095a047948a1d5e42529,0ed9091f1ab96d24ef5fbd41d0d080668623e954e4f15e4a277f1c217e825eb9,6f03d3da3ed6ecbe918c5a7f9aa35cb9abfb2b83
p12v4m6-D-no_slippage-s8192,D,no_slippage,8192,delta_max_drawdown,-0.0014601802914707696,90e40d212b5faaff644e0041eeef92c0b0056ce9a834095a047948a1d5e42529,0ed9091f1ab96d24ef5fbd41d0d080668623e954e4f15e4a277f1c217e825eb9,6f03d3da3ed6ecbe918c5a7f9aa35cb9abfb2b83
p12v4m6-D-no_slippage-s8192,D,no_slippage,8192,delta_mean_return,0.012921664288141788,90e40d212b5faaff644e0041eeef92c0b0056ce9a834095a047948a1d5e42529,0ed9091f1ab96d24ef5fbd41d0d080668623e954e4f15e4a277f1c217e825eb9,6f03d3da3ed6ecbe918c5a7f9aa35cb9abfb2b83
p12v4m6-D-no_slippage-s8192,D,no_slippage,8192,delta_mean_reward,0.01105693458065913,90e40d212b5faaff644e0041eeef92c0b0056ce9a834095a047948a1d5e42529,0ed9091f1ab96d24ef5fbd41d0d080668623e954e4f15e4a277f1c217e825eb9,6f03d3da3ed6ecbe918c5a7f9aa35cb9abfb2b83
p12v4m6-D-no_slippage-s8192,D,no_slippage,8192,delta_mean_turnover,2.151920684106967e-05,90e40d212b5faaff644e0041eeef92c0b0056ce9a834095a047948a1d5e42529,0ed9091f1ab96d24ef5fbd41d0d080668623e954e4f15e4a277f1c217e825eb9,6f03d3da3ed6ecbe918c5a7f9aa35cb9abfb2b83
p12v4m6-D-no_slippage-s8192,D,no_slippage,8192,delta_sharpe,0.11727869133968882,90e40d212b5faaff644e0041eeef92c0b0056ce9a834095a047948a1d5e42529,0ed9091f1ab96d24ef5fbd41d0d080668623e954e4f15e4a277f1c217e825eb9,6f03d3da3ed6ecbe918c5a7f9aa35cb9abfb2b83
p12v4m6-D-no_slippage-s8192,D,no_slippage,8192,delta_std_return,0.0,90e40d212b5faaff644e0041eeef92c0b0056ce9a834095a047948a1d5e42529,0ed9091f1ab96d24ef5fbd41d0d080668623e954e4f15e4a277f1c217e825eb9,6f03d3da3ed6ecbe918c5a7f9aa35cb9abfb2b83
p12v4m6-D-no_slippage-s8192,D,no_slippage,8192,delta_total_cost,-56782.3072686418,90e40d212b5faaff644e0041eeef92c0b0056ce9a834095a047948a1d5e42529,0ed9091f1ab96d24ef5fbd41d0d080668623e954e4f15e4a277f1c217e825eb9,6f03d3da3ed6ecbe918c5a7f9aa35cb9abfb2b83
p12v4m6-D-no_slippage-s8192,D,no_slippage,8192,delta_trade_count,0.0,90e40d212b5faaff644e0041eeef92c0b0056ce9a834095a047948a1d5e42529,0ed9091f1ab96d24ef5fbd41d0d080668623e954e4f15e4a277f1c217e825eb9,6f03d3da3ed6ecbe918c5a7f9aa35cb9abfb2b83
p12v4m6-D-no_slippage-s8192,D,no_slippage,8192,runtime_seconds,2.1459345140028745,90e40d212b5faaff644e0041eeef92c0b0056ce9a834095a047948a1d5e42529,0ed9091f1ab96d24ef5fbd41d0d080668623e954e4f15e4a277f1c217e825eb9,6f03d3da3ed6ecbe918c5a7f9aa35cb9abfb2b83
p12v4m6-D-no_slippage-s16384,D,no_slippage,16384,invalid_order_count,43310.0,90e40d212b5faaff644e0041eeef92c0b0056ce9a834095a047948a1d5e42529,0ed9091f1ab96d24ef5fbd41d0d080668623e954e4f15e4a277f1c217e825eb9,6f03d3da3ed6ecbe918c5a7f9aa35cb9abfb2b83
p12v4m6-D-no_slippage-s16384,D,no_slippage,16384,max_drawdown,0.12446055887596563,90e40d212b5faaff644e0041eeef92c0b0056ce9a834095a047948a1d5e42529,0ed9091f1ab96d24ef5fbd41d0d080668623e954e4f15e4a277f1c217e825eb9,6f03d3da3ed6ecbe918c5a7f9aa35cb9abfb2b83
p12v4m6-D-no_slippage-s16384,D,no_slippage,16384,mean_return,0.17702838256204334,90e40d212b5faaff644e0041eeef92c0b0056ce9a834095a047948a1d5e42529,0ed9091f1ab96d24ef5fbd41d0d080668623e954e4f15e4a277f1c217e825eb9,6f03d3da3ed6ecbe918c5a7f9aa35cb9abfb2b83
p12v4m6-D-no_slippage-s16384,D,no_slippage,16384,mean_reward,0.037306626590521565,90e40d212b5faaff644e0041eeef92c0b0056ce9a834095a047948a1d5e42529,0ed9091f1ab96d24ef5fbd41d0d080668623e954e4f15e4a277f1c217e825eb9,6f03d3da3ed6ecbe918c5a7f9aa35cb9abfb2b83
p12v4m6-D-no_slippage-s16384,D,no_slippage,16384,mean_turnover,0.11410946967805527,90e40d212b5faaff644e0041eeef92c0b0056ce9a834095a047948a1d5e42529,0ed9091f1ab96d24ef5fbd41d0d080668623e954e4f15e4a277f1c217e825eb9,6f03d3da3ed6ecbe918c5a7f9aa35cb9abfb2b83
p12v4m6-D-no_slippage-s16384,D,no_slippage,16384,sharpe,1.8835324059842673,90e40d212b5faaff644e0041eeef92c0b0056ce9a834095a047948a1d5e42529,0ed9091f1ab96d24ef5fbd41d0d080668623e954e4f15e4a277f1c217e825eb9,6f03d3da3ed6ecbe918c5a7f9aa35cb9abfb2b83
p12v4m6-D-no_slippage-s16384,D,no_slippage,16384,std_return,0.0,90e40d212b5faaff644e0041eeef92c0b0056ce9a834095a047948a1d5e42529,0ed9091f1ab96d24ef5fbd41d0d080668623e954e4f15e4a277f1c217e825eb9,6f03d3da3ed6ecbe918c5a7f9aa35cb9abfb2b83
p12v4m6-D-no_slippage-s16384,D,no_slippage,16384,total_cost,115581.19462258415,90e40d212b5faaff644e0041eeef92c0b0056ce9a834095a047948a1d5e42529,0ed9091f1ab96d24ef5fbd41d0d080668623e954e4f15e4a277f1c217e825eb9,6f03d3da3ed6ecbe918c5a7f9aa35cb9abfb2b83
p12v4m6-D-no_slippage-s16384,D,no_slippage,16384,trade_count,970.0,90e40d212b5faaff644e0041eeef92c0b0056ce9a834095a047948a1d5e42529,0ed9091f1ab96d24ef5fbd41d0d080668623e954e4f15e4a277f1c217e825eb9,6f03d3da3ed6ecbe918c5a7f9aa35cb9abfb2b83
p12v4m6-D-no_slippage-s16384,D,no_slippage,16384,delta_invalid_order_count,170.0,90e40d212b5faaff644e0041eeef92c0b0056ce9a834095a047948a1d5e42529,0ed9091f1ab96d24ef5fbd41d0d080668623e954e4f15e4a277f1c217e825eb9,6f03d3da3ed6ecbe918c5a7f9aa35cb9abfb2b83
p12v4m6-D-no_slippage-s16384,D,no_slippage,16384,delta_max_drawdown,-0.0014601802914707696,90e40d212b5faaff644e0041eeef92c0b0056ce9a834095a047948a1d5e42529,0ed9091f1ab96d24ef5fbd41d0d080668623e954e4f15e4a277f1c217e825eb9,6f03d3da3ed6ecbe918c5a7f9aa35cb9abfb2b83
p12v4m6-D-no_slippage-s16384,D,no_slippage,16384,delta_mean_return,0.012921664288141788,90e40d212b5faaff644e0041eeef92c0b0056ce9a834095a047948a1d5e42529,0ed9091f1ab96d24ef5fbd41d0d080668623e954e4f15e4a277f1c217e825eb9,6f03d3da3ed6ecbe918c5a7f9aa35cb9abfb2b83
p12v4m6-D-no_slippage-s16384,D,no_slippage,16384,delta_mean_reward,0.01105693458065913,90e40d212b5faaff644e0041eeef92c0b0056ce9a834095a047948a1d5e42529,0ed9091f1ab96d24ef5fbd41d0d080668623e954e4f15e4a277f1c217e825eb9,6f03d3da3ed6ecbe918c5a7f9aa35cb9abfb2b83
p12v4m6-D-no_slippage-s16384,D,no_slippage,16384,delta_mean_turnover,2.151920684106967e-05,90e40d212b5faaff644e0041eeef92c0b0056ce9a834095a047948a1d5e42529,0ed9091f1ab96d24ef5fbd41d0d080668623e954e4f15e4a277f1c217e825eb9,6f03d3da3ed6ecbe918c5a7f9aa35cb9abfb2b83
p12v4m6-D-no_slippage-s16384,D,no_slippage,16384,delta_sharpe,0.11727869133968882,90e40d212b5faaff644e0041eeef92c0b0056ce9a834095a047948a1d5e42529,0ed9091f1ab96d24ef5fbd41d0d080668623e954e4f15e4a277f1c217e825eb9,6f03d3da3ed6ecbe918c5a7f9aa35cb9abfb2b83
p12v4m6-D-no_slippage-s16384,D,no_slippage,16384,delta_std_return,0.0,90e40d212b5faaff644e0041eeef92c0b0056ce9a834095a047948a1d5e42529,0ed9091f1ab96d24ef5fbd41d0d080668623e954e4f15e4a277f1c217e825eb9,6f03d3da3ed6ecbe918c5a7f9aa35cb9abfb2b83
p12v4m6-D-no_slippage-s16384,D,no_slippage,16384,delta_total_cost,-56782.3072686418,90e40d212b5faaff644e0041eeef92c0b0056ce9a834095a047948a1d5e42529,0ed9091f1ab96d24ef5fbd41d0d080668623e954e4f15e4a277f1c217e825eb9,6f03d3da3ed6ecbe918c5a7f9aa35cb9abfb2b83
p12v4m6-D-no_slippage-s16384,D,no_slippage,16384,delta_trade_count,0.0,90e40d212b5faaff644e0041eeef92c0b0056ce9a834095a047948a1d5e42529,0ed9091f1ab96d24ef5fbd41d0d080668623e954e4f15e4a277f1c217e825eb9,6f03d3da3ed6ecbe918c5a7f9aa35cb9abfb2b83
p12v4m6-D-no_slippage-s16384,D,no_slippage,16384,runtime_seconds,2.0743667059578,90e40d212b5faaff644e0041eeef92c0b0056ce9a834095a047948a1d5e42529,0ed9091f1ab96d24ef5fbd41d0d080668623e954e4f15e4a277f1c217e825eb9,6f03d3da3ed6ecbe918c5a7f9aa35cb9abfb2b83
p12v4m6-D-no_t_plus_one-s1024,D,no_t_plus_one,1024,invalid_order_count,43140.0,90e40d212b5faaff644e0041eeef92c0b0056ce9a834095a047948a1d5e42529,0ed9091f1ab96d24ef5fbd41d0d080668623e954e4f15e4a277f1c217e825eb9,6f03d3da3ed6ecbe918c5a7f9aa35cb9abfb2b83
p12v4m6-D-no_t_plus_one-s1024,D,no_t_plus_one,1024,max_drawdown,0.1259207391674364,90e40d212b5faaff644e0041eeef92c0b0056ce9a834095a047948a1d5e42529,0ed9091f1ab96d24ef5fbd41d0d080668623e954e4f15e4a277f1c217e825eb9,6f03d3da3ed6ecbe918c5a7f9aa35cb9abfb2b83
p12v4m6-D-no_t_plus_one-s1024,D,no_t_plus_one,1024,mean_return,0.16410671827390155,90e40d212b5faaff644e0041eeef92c0b0056ce9a834095a047948a1d5e42529,0ed9091f1ab96d24ef5fbd41d0d080668623e954e4f15e4a277f1c217e825eb9,6f03d3da3ed6ecbe918c5a7f9aa35cb9abfb2b83
p12v4m6-D-no_t_plus_one-s1024,D,no_t_plus_one,1024,mean_reward,0.026249692009862435,90e40d212b5faaff644e0041eeef92c0b0056ce9a834095a047948a1d5e42529,0ed9091f1ab96d24ef5fbd41d0d080668623e954e4f15e4a277f1c217e825eb9,6f03d3da3ed6ecbe918c5a7f9aa35cb9abfb2b83
p12v4m6-D-no_t_plus_one-s1024,D,no_t_plus_one,1024,mean_turnover,0.1140879504712142,90e40d212b5faaff644e0041eeef92c0b0056ce9a834095a047948a1d5e42529,0ed9091f1ab96d24ef5fbd41d0d080668623e954e4f15e4a277f1c217e825eb9,6f03d3da3ed6ecbe918c5a7f9aa35cb9abfb2b83
p12v4m6-D-no_t_plus_one-s1024,D,no_t_plus_one,1024,sharpe,1.7662537146445785,90e40d212b5faaff644e0041eeef92c0b0056ce9a834095a047948a1d5e42529,0ed9091f1ab96d24ef5fbd41d0d080668623e954e4f15e4a277f1c217e825eb9,6f03d3da3ed6ecbe918c5a7f9aa35cb9abfb2b83
p12v4m6-D-no_t_plus_one-s1024,D,no_t_plus_one,1024,std_return,0.0,90e40d212b5faaff644e0041eeef92c0b0056ce9a834095a047948a1d5e42529,0ed9091f1ab96d24ef5fbd41d0d080668623e954e4f15e4a277f1c217e825eb9,6f03d3da3ed6ecbe918c5a7f9aa35cb9abfb2b83
p12v4m6-D-no_t_plus_one-s1024,D,no_t_plus_one,1024,total_cost,172363.50189122595,90e40d212b5faaff644e0041eeef92c0b0056ce9a834095a047948a1d5e42529,0ed9091f1ab96d24ef5fbd41d0d080668623e954e4f15e4a277f1c217e825eb9,6f03d3da3ed6ecbe918c5a7f9aa35cb9abfb2b83
p12v4m6-D-no_t_plus_one-s1024,D,no_t_plus_one,1024,trade_count,970.0,90e40d212b5faaff644e0041eeef92c0b0056ce9a834095a047948a1d5e42529,0ed9091f1ab96d24ef5fbd41d0d080668623e954e4f15e4a277f1c217e825eb9,6f03d3da3ed6ecbe918c5a7f9aa35cb9abfb2b83
p12v4m6-D-no_t_plus_one-s1024,D,no_t_plus_one,1024,delta_invalid_order_count,0.0,90e40d212b5faaff644e0041eeef92c0b0056ce9a834095a047948a1d5e42529,0ed9091f1ab96d24ef5fbd41d0d080668623e954e4f15e4a277f1c217e825eb9,6f03d3da3ed6ecbe918c5a7f9aa35cb9abfb2b83
p12v4m6-D-no_t_plus_one-s1024,D,no_t_plus_one,1024,delta_max_drawdown,0.0,90e40d212b5faaff644e0041eeef92c0b0056ce9a834095a047948a1d5e42529,0ed9091f1ab96d24ef5fbd41d0d080668623e954e4f15e4a277f1c217e825eb9,6f03d3da3ed6ecbe918c5a7f9aa35cb9abfb2b83
p12v4m6-D-no_t_plus_one-s1024,D,no_t_plus_one,1024,delta_mean_return,0.0,90e40d212b5faaff644e0041eeef92c0b0056ce9a834095a047948a1d5e42529,0ed9091f1ab96d24ef5fbd41d0d080668623e954e4f15e4a277f1c217e825eb9,6f03d3da3ed6ecbe918c5a7f9aa35cb9abfb2b83
p12v4m6-D-no_t_plus_one-s1024,D,no_t_plus_one,1024,delta_mean_reward,0.0,90e40d212b5faaff644e0041eeef92c0b0056ce9a834095a047948a1d5e42529,0ed9091f1ab96d24ef5fbd41d0d080668623e954e4f15e4a277f1c217e825eb9,6f03d3da3ed6ecbe918c5a7f9aa35cb9abfb2b83
p12v4m6-D-no_t_plus_one-s1024,D,no_t_plus_one,1024,delta_mean_turnover,0.0,90e40d212b5faaff644e0041eeef92c0b0056ce9a834095a047948a1d5e42529,0ed9091f1ab96d24ef5fbd41d0d080668623e954e4f15e4a277f1c217e825eb9,6f03d3da3ed6ecbe918c5a7f9aa35cb9abfb2b83
p12v4m6-D-no_t_plus_one-s1024,D,no_t_plus_one,1024,delta_sharpe,0.0,90e40d212b5faaff644e0041eeef92c0b0056ce9a834095a047948a1d5e42529,0ed9091f1ab96d24ef5fbd41d0d080668623e954e4f15e4a277f1c217e825eb9,6f03d3da3ed6ecbe918c5a7f9aa35cb9abfb2b83
p12v4m6-D-no_t_plus_one-s1024,D,no_t_plus_one,1024,delta_std_return,0.0,90e40d212b5faaff644e0041eeef92c0b0056ce9a834095a047948a1d5e42529,0ed9091f1ab96d24ef5fbd41d0d080668623e954e4f15e4a277f1c217e825eb9,6f03d3da3ed6ecbe918c5a7f9aa35cb9abfb2b83
p12v4m6-D-no_t_plus_one-s1024,D,no_t_plus_one,1024,delta_total_cost,0.0,90e40d212b5faaff644e0041eeef92c0b0056ce9a834095a047948a1d5e42529,0ed9091f1ab96d24ef5fbd41d0d080668623e954e4f15e4a277f1c217e825eb9,6f03d3da3ed6ecbe918c5a7f9aa35cb9abfb2b83
p12v4m6-D-no_t_plus_one-s1024,D,no_t_plus_one,1024,delta_trade_count,0.0,90e40d212b5faaff644e0041eeef92c0b0056ce9a834095a047948a1d5e42529,0ed9091f1ab96d24ef5fbd41d0d080668623e954e4f15e4a277f1c217e825eb9,6f03d3da3ed6ecbe918c5a7f9aa35cb9abfb2b83
p12v4m6-D-no_t_plus_one-s1024,D,no_t_plus_one,1024,runtime_seconds,2.449347869027406,90e40d212b5faaff644e0041eeef92c0b0056ce9a834095a047948a1d5e42529,0ed9091f1ab96d24ef5fbd41d0d080668623e954e4f15e4a277f1c217e825eb9,6f03d3da3ed6ecbe918c5a7f9aa35cb9abfb2b83
p12v4m6-D-no_t_plus_one-s2048,D,no_t_plus_one,2048,invalid_order_count,43140.0,90e40d212b5faaff644e0041eeef92c0b0056ce9a834095a047948a1d5e42529,0ed9091f1ab96d24ef5fbd41d0d080668623e954e4f15e4a277f1c217e825eb9,6f03d3da3ed6ecbe918c5a7f9aa35cb9abfb2b83
p12v4m6-D-no_t_plus_one-s2048,D,no_t_plus_one,2048,max_drawdown,0.1259207391674364,90e40d212b5faaff644e0041eeef92c0b0056ce9a834095a047948a1d5e42529,0ed9091f1ab96d24ef5fbd41d0d080668623e954e4f15e4a277f1c217e825eb9,6f03d3da3ed6ecbe918c5a7f9aa35cb9abfb2b83
p12v4m6-D-no_t_plus_one-s2048,D,no_t_plus_one,2048,mean_return,0.16410671827390155,90e40d212b5faaff644e0041eeef92c0b0056ce9a834095a047948a1d5e42529,0ed9091f1ab96d24ef5fbd41d0d080668623e954e4f15e4a277f1c217e825eb9,6f03d3da3ed6ecbe918c5a7f9aa35cb9abfb2b83
p12v4m6-D-no_t_plus_one-s2048,D,no_t_plus_one,2048,mean_reward,0.026249692009862435,90e40d212b5faaff644e0041eeef92c0b0056ce9a834095a047948a1d5e42529,0ed9091f1ab96d24ef5fbd41d0d080668623e954e4f15e4a277f1c217e825eb9,6f03d3da3ed6ecbe918c5a7f9aa35cb9abfb2b83
p12v4m6-D-no_t_plus_one-s2048,D,no_t_plus_one,2048,mean_turnover,0.1140879504712142,90e40d212b5faaff644e0041eeef92c0b0056ce9a834095a047948a1d5e42529,0ed9091f1ab96d24ef5fbd41d0d080668623e954e4f15e4a277f1c217e825eb9,6f03d3da3ed6ecbe918c5a7f9aa35cb9abfb2b83
p12v4m6-D-no_t_plus_one-s2048,D,no_t_plus_one,2048,sharpe,1.7662537146445785,90e40d212b5faaff644e0041eeef92c0b0056ce9a834095a047948a1d5e42529,0ed9091f1ab96d24ef5fbd41d0d080668623e954e4f15e4a277f1c217e825eb9,6f03d3da3ed6ecbe918c5a7f9aa35cb9abfb2b83
p12v4m6-D-no_t_plus_one-s2048,D,no_t_plus_one,2048,std_return,0.0,90e40d212b5faaff644e0041eeef92c0b0056ce9a834095a047948a1d5e42529,0ed9091f1ab96d24ef5fbd41d0d080668623e954e4f15e4a277f1c217e825eb9,6f03d3da3ed6ecbe918c5a7f9aa35cb9abfb2b83
p12v4m6-D-no_t_plus_one-s2048,D,no_t_plus_one,2048,total_cost,172363.50189122595,90e40d212b5faaff644e0041eeef92c0b0056ce9a834095a047948a1d5e42529,0ed9091f1ab96d24ef5fbd41d0d080668623e954e4f15e4a277f1c217e825eb9,6f03d3da3ed6ecbe918c5a7f9aa35cb9abfb2b83
p12v4m6-D-no_t_plus_one-s2048,D,no_t_plus_one,2048,trade_count,970.0,90e40d212b5faaff644e0041eeef92c0b0056ce9a834095a047948a1d5e42529,0ed9091f1ab96d24ef5fbd41d0d080668623e954e4f15e4a277f1c217e825eb9,6f03d3da3ed6ecbe918c5a7f9aa35cb9abfb2b83
p12v4m6-D-no_t_plus_one-s2048,D,no_t_plus_one,2048,delta_invalid_order_count,0.0,90e40d212b5faaff644e0041eeef92c0b0056ce9a834095a047948a1d5e42529,0ed9091f1ab96d24ef5fbd41d0d080668623e954e4f15e4a277f1c217e825eb9,6f03d3da3ed6ecbe918c5a7f9aa35cb9abfb2b83
p12v4m6-D-no_t_plus_one-s2048,D,no_t_plus_one,2048,delta_max_drawdown,0.0,90e40d212b5faaff644e0041eeef92c0b0056ce9a834095a047948a1d5e42529,0ed9091f1ab96d24ef5fbd41d0d080668623e954e4f15e4a277f1c217e825eb9,6f03d3da3ed6ecbe918c5a7f9aa35cb9abfb2b83
p12v4m6-D-no_t_plus_one-s2048,D,no_t_plus_one,2048,delta_mean_return,0.0,90e40d212b5faaff644e0041eeef92c0b0056ce9a834095a047948a1d5e42529,0ed9091f1ab96d24ef5fbd41d0d080668623e954e4f15e4a277f1c217e825eb9,6f03d3da3ed6ecbe918c5a7f9aa35cb9abfb2b83
p12v4m6-D-no_t_plus_one-s2048,D,no_t_plus_one,2048,delta_mean_reward,0.0,90e40d212b5faaff644e0041eeef92c0b0056ce9a834095a047948a1d5e42529,0ed9091f1ab96d24ef5fbd41d0d080668623e954e4f15e4a277f1c217e825eb9,6f03d3da3ed6ecbe918c5a7f9aa35cb9abfb2b83
p12v4m6-D-no_t_plus_one-s2048,D,no_t_plus_one,2048,delta_mean_turnover,0.0,90e40d212b5faaff644e0041eeef92c0b0056ce9a834095a047948a1d5e42529,0ed9091f1ab96d24ef5fbd41d0d080668623e954e4f15e4a277f1c217e825eb9,6f03d3da3ed6ecbe918c5a7f9aa35cb9abfb2b83
p12v4m6-D-no_t_plus_one-s2048,D,no_t_plus_one,2048,delta_sharpe,0.0,90e40d212b5faaff644e0041eeef92c0b0056ce9a834095a047948a1d5e42529,0ed9091f1ab96d24ef5fbd41d0d080668623e954e4f15e4a277f1c217e825eb9,6f03d3da3ed6ecbe918c5a7f9aa35cb9abfb2b83
p12v4m6-D-no_t_plus_one-s2048,D,no_t_plus_one,2048,delta_std_return,0.0,90e40d212b5faaff644e0041eeef92c0b0056ce9a834095a047948a1d5e42529,0ed9091f1ab96d24ef5fbd41d0d080668623e954e4f15e4a277f1c217e825eb9,6f03d3da3ed6ecbe918c5a7f9aa35cb9abfb2b83
p12v4m6-D-no_t_plus_one-s2048,D,no_t_plus_one,2048,delta_total_cost,0.0,90e40d212b5faaff644e0041eeef92c0b0056ce9a834095a047948a1d5e42529,0ed9091f1ab96d24ef5fbd41d0d080668623e954e4f15e4a277f1c217e825eb9,6f03d3da3ed6ecbe918c5a7f9aa35cb9abfb2b83
p12v4m6-D-no_t_plus_one-s2048,D,no_t_plus_one,2048,delta_trade_count,0.0,90e40d212b5faaff644e0041eeef92c0b0056ce9a834095a047948a1d5e42529,0ed9091f1ab96d24ef5fbd41d0d080668623e954e4f15e4a277f1c217e825eb9,6f03d3da3ed6ecbe918c5a7f9aa35cb9abfb2b83
p12v4m6-D-no_t_plus_one-s2048,D,no_t_plus_one,2048,runtime_seconds,2.0470699430443347,90e40d212b5faaff644e0041eeef92c0b0056ce9a834095a047948a1d5e42529,0ed9091f1ab96d24ef5fbd41d0d080668623e954e4f15e4a277f1c217e825eb9,6f03d3da3ed6ecbe918c5a7f9aa35cb9abfb2b83
p12v4m6-D-no_t_plus_one-s4096,D,no_t_plus_one,4096,invalid_order_count,43140.0,90e40d212b5faaff644e0041eeef92c0b0056ce9a834095a047948a1d5e42529,0ed9091f1ab96d24ef5fbd41d0d080668623e954e4f15e4a277f1c217e825eb9,6f03d3da3ed6ecbe918c5a7f9aa35cb9abfb2b83
p12v4m6-D-no_t_plus_one-s4096,D,no_t_plus_one,4096,max_drawdown,0.1259207391674364,90e40d212b5faaff644e0041eeef92c0b0056ce9a834095a047948a1d5e42529,0ed9091f1ab96d24ef5fbd41d0d080668623e954e4f15e4a277f1c217e825eb9,6f03d3da3ed6ecbe918c5a7f9aa35cb9abfb2b83
p12v4m6-D-no_t_plus_one-s4096,D,no_t_plus_one,4096,mean_return,0.16410671827390155,90e40d212b5faaff644e0041eeef92c0b0056ce9a834095a047948a1d5e42529,0ed9091f1ab96d24ef5fbd41d0d080668623e954e4f15e4a277f1c217e825eb9,6f03d3da3ed6ecbe918c5a7f9aa35cb9abfb2b83
p12v4m6-D-no_t_plus_one-s4096,D,no_t_plus_one,4096,mean_reward,0.026249692009862435,90e40d212b5faaff644e0041eeef92c0b0056ce9a834095a047948a1d5e42529,0ed9091f1ab96d24ef5fbd41d0d080668623e954e4f15e4a277f1c217e825eb9,6f03d3da3ed6ecbe918c5a7f9aa35cb9abfb2b83
p12v4m6-D-no_t_plus_one-s4096,D,no_t_plus_one,4096,mean_turnover,0.1140879504712142,90e40d212b5faaff644e0041eeef92c0b0056ce9a834095a047948a1d5e42529,0ed9091f1ab96d24ef5fbd41d0d080668623e954e4f15e4a277f1c217e825eb9,6f03d3da3ed6ecbe918c5a7f9aa35cb9abfb2b83
p12v4m6-D-no_t_plus_one-s4096,D,no_t_plus_one,4096,sharpe,1.7662537146445785,90e40d212b5faaff644e0041eeef92c0b0056ce9a834095a047948a1d5e42529,0ed9091f1ab96d24ef5fbd41d0d080668623e954e4f15e4a277f1c217e825eb9,6f03d3da3ed6ecbe918c5a7f9aa35cb9abfb2b83
p12v4m6-D-no_t_plus_one-s4096,D,no_t_plus_one,4096,std_return,0.0,90e40d212b5faaff644e0041eeef92c0b0056ce9a834095a047948a1d5e42529,0ed9091f1ab96d24ef5fbd41d0d080668623e954e4f15e4a277f1c217e825eb9,6f03d3da3ed6ecbe918c5a7f9aa35cb9abfb2b83
p12v4m6-D-no_t_plus_one-s4096,D,no_t_plus_one,4096,total_cost,172363.50189122595,90e40d212b5faaff644e0041eeef92c0b0056ce9a834095a047948a1d5e42529,0ed9091f1ab96d24ef5fbd41d0d080668623e954e4f15e4a277f1c217e825eb9,6f03d3da3ed6ecbe918c5a7f9aa35cb9abfb2b83
p12v4m6-D-no_t_plus_one-s4096,D,no_t_plus_one,4096,trade_count,970.0,90e40d212b5faaff644e0041eeef92c0b0056ce9a834095a047948a1d5e42529,0ed9091f1ab96d24ef5fbd41d0d080668623e954e4f15e4a277f1c217e825eb9,6f03d3da3ed6ecbe918c5a7f9aa35cb9abfb2b83
p12v4m6-D-no_t_plus_one-s4096,D,no_t_plus_one,4096,delta_invalid_order_count,0.0,90e40d212b5faaff644e0041eeef92c0b0056ce9a834095a047948a1d5e42529,0ed9091f1ab96d24ef5fbd41d0d080668623e954e4f15e4a277f1c217e825eb9,6f03d3da3ed6ecbe918c5a7f9aa35cb9abfb2b83
p12v4m6-D-no_t_plus_one-s4096,D,no_t_plus_one,4096,delta_max_drawdown,0.0,90e40d212b5faaff644e0041eeef92c0b0056ce9a834095a047948a1d5e42529,0ed9091f1ab96d24ef5fbd41d0d080668623e954e4f15e4a277f1c217e825eb9,6f03d3da3ed6ecbe918c5a7f9aa35cb9abfb2b83
p12v4m6-D-no_t_plus_one-s4096,D,no_t_plus_one,4096,delta_mean_return,0.0,90e40d212b5faaff644e0041eeef92c0b0056ce9a834095a047948a1d5e42529,0ed9091f1ab96d24ef5fbd41d0d080668623e954e4f15e4a277f1c217e825eb9,6f03d3da3ed6ecbe918c5a7f9aa35cb9abfb2b83
p12v4m6-D-no_t_plus_one-s4096,D,no_t_plus_one,4096,delta_mean_reward,0.0,90e40d212b5faaff644e0041eeef92c0b0056ce9a834095a047948a1d5e42529,0ed9091f1ab96d24ef5fbd41d0d080668623e954e4f15e4a277f1c217e825eb9,6f03d3da3ed6ecbe918c5a7f9aa35cb9abfb2b83
p12v4m6-D-no_t_plus_one-s4096,D,no_t_plus_one,4096,delta_mean_turnover,0.0,90e40d212b5faaff644e0041eeef92c0b0056ce9a834095a047948a1d5e42529,0ed9091f1ab96d24ef5fbd41d0d080668623e954e4f15e4a277f1c217e825eb9,6f03d3da3ed6ecbe918c5a7f9aa35cb9abfb2b83
p12v4m6-D-no_t_plus_one-s4096,D,no_t_plus_one,4096,delta_sharpe,0.0,90e40d212b5faaff644e0041eeef92c0b0056ce9a834095a047948a1d5e42529,0ed9091f1ab96d24ef5fbd41d0d080668623e954e4f15e4a277f1c217e825eb9,6f03d3da3ed6ecbe918c5a7f9aa35cb9abfb2b83
p12v4m6-D-no_t_plus_one-s4096,D,no_t_plus_one,4096,delta_std_return,0.0,90e40d212b5faaff644e0041eeef92c0b0056ce9a834095a047948a1d5e42529,0ed9091f1ab96d24ef5fbd41d0d080668623e954e4f15e4a277f1c217e825eb9,6f03d3da3ed6ecbe918c5a7f9aa35cb9abfb2b83
p12v4m6-D-no_t_plus_one-s4096,D,no_t_plus_one,4096,delta_total_cost,0.0,90e40d212b5faaff644e0041eeef92c0b0056ce9a834095a047948a1d5e42529,0ed9091f1ab96d24ef5fbd41d0d080668623e954e4f15e4a277f1c217e825eb9,6f03d3da3ed6ecbe918c5a7f9aa35cb9abfb2b83
p12v4m6-D-no_t_plus_one-s4096,D,no_t_plus_one,4096,delta_trade_count,0.0,90e40d212b5faaff644e0041eeef92c0b0056ce9a834095a047948a1d5e42529,0ed9091f1ab96d24ef5fbd41d0d080668623e954e4f15e4a277f1c217e825eb9,6f03d3da3ed6ecbe918c5a7f9aa35cb9abfb2b83
p12v4m6-D-no_t_plus_one-s4096,D,no_t_plus_one,4096,runtime_seconds,2.157515706960112,90e40d212b5faaff644e0041eeef92c0b0056ce9a834095a047948a1d5e42529,0ed9091f1ab96d24ef5fbd41d0d080668623e954e4f15e4a277f1c217e825eb9,6f03d3da3ed6ecbe918c5a7f9aa35cb9abfb2b83
p12v4m6-D-no_t_plus_one-s8192,D,no_t_plus_one,8192,invalid_order_count,43140.0,90e40d212b5faaff644e0041eeef92c0b0056ce9a834095a047948a1d5e42529,0ed9091f1ab96d24ef5fbd41d0d080668623e954e4f15e4a277f1c217e825eb9,6f03d3da3ed6ecbe918c5a7f9aa35cb9abfb2b83
p12v4m6-D-no_t_plus_one-s8192,D,no_t_plus_one,8192,max_drawdown,0.1259207391674364,90e40d212b5faaff644e0041eeef92c0b0056ce9a834095a047948a1d5e42529,0ed9091f1ab96d24ef5fbd41d0d080668623e954e4f15e4a277f1c217e825eb9,6f03d3da3ed6ecbe918c5a7f9aa35cb9abfb2b83
p12v4m6-D-no_t_plus_one-s8192,D,no_t_plus_one,8192,mean_return,0.16410671827390155,90e40d212b5faaff644e0041eeef92c0b0056ce9a834095a047948a1d5e42529,0ed9091f1ab96d24ef5fbd41d0d080668623e954e4f15e4a277f1c217e825eb9,6f03d3da3ed6ecbe918c5a7f9aa35cb9abfb2b83
p12v4m6-D-no_t_plus_one-s8192,D,no_t_plus_one,8192,mean_reward,0.026249692009862435,90e40d212b5faaff644e0041eeef92c0b0056ce9a834095a047948a1d5e42529,0ed9091f1ab96d24ef5fbd41d0d080668623e954e4f15e4a277f1c217e825eb9,6f03d3da3ed6ecbe918c5a7f9aa35cb9abfb2b83
p12v4m6-D-no_t_plus_one-s8192,D,no_t_plus_one,8192,mean_turnover,0.1140879504712142,90e40d212b5faaff644e0041eeef92c0b0056ce9a834095a047948a1d5e42529,0ed9091f1ab96d24ef5fbd41d0d080668623e954e4f15e4a277f1c217e825eb9,6f03d3da3ed6ecbe918c5a7f9aa35cb9abfb2b83
p12v4m6-D-no_t_plus_one-s8192,D,no_t_plus_one,8192,sharpe,1.7662537146445785,90e40d212b5faaff644e0041eeef92c0b0056ce9a834095a047948a1d5e42529,0ed9091f1ab96d24ef5fbd41d0d080668623e954e4f15e4a277f1c217e825eb9,6f03d3da3ed6ecbe918c5a7f9aa35cb9abfb2b83
p12v4m6-D-no_t_plus_one-s8192,D,no_t_plus_one,8192,std_return,0.0,90e40d212b5faaff644e0041eeef92c0b0056ce9a834095a047948a1d5e42529,0ed9091f1ab96d24ef5fbd41d0d080668623e954e4f15e4a277f1c217e825eb9,6f03d3da3ed6ecbe918c5a7f9aa35cb9abfb2b83
p12v4m6-D-no_t_plus_one-s8192,D,no_t_plus_one,8192,total_cost,172363.50189122595,90e40d212b5faaff644e0041eeef92c0b0056ce9a834095a047948a1d5e42529,0ed9091f1ab96d24ef5fbd41d0d080668623e954e4f15e4a277f1c217e825eb9,6f03d3da3ed6ecbe918c5a7f9aa35cb9abfb2b83
p12v4m6-D-no_t_plus_one-s8192,D,no_t_plus_one,8192,trade_count,970.0,90e40d212b5faaff644e0041eeef92c0b0056ce9a834095a047948a1d5e42529,0ed9091f1ab96d24ef5fbd41d0d080668623e954e4f15e4a277f1c217e825eb9,6f03d3da3ed6ecbe918c5a7f9aa35cb9abfb2b83
p12v4m6-D-no_t_plus_one-s8192,D,no_t_plus_one,8192,delta_invalid_order_count,0.0,90e40d212b5faaff644e0041eeef92c0b0056ce9a834095a047948a1d5e42529,0ed9091f1ab96d24ef5fbd41d0d080668623e954e4f15e4a277f1c217e825eb9,6f03d3da3ed6ecbe918c5a7f9aa35cb9abfb2b83
p12v4m6-D-no_t_plus_one-s8192,D,no_t_plus_one,8192,delta_max_drawdown,0.0,90e40d212b5faaff644e0041eeef92c0b0056ce9a834095a047948a1d5e42529,0ed9091f1ab96d24ef5fbd41d0d080668623e954e4f15e4a277f1c217e825eb9,6f03d3da3ed6ecbe918c5a7f9aa35cb9abfb2b83
p12v4m6-D-no_t_plus_one-s8192,D,no_t_plus_one,8192,delta_mean_return,0.0,90e40d212b5faaff644e0041eeef92c0b0056ce9a834095a047948a1d5e42529,0ed9091f1ab96d24ef5fbd41d0d080668623e954e4f15e4a277f1c217e825eb9,6f03d3da3ed6ecbe918c5a7f9aa35cb9abfb2b83
p12v4m6-D-no_t_plus_one-s8192,D,no_t_plus_one,8192,delta_mean_reward,0.0,90e40d212b5faaff644e0041eeef92c0b0056ce9a834095a047948a1d5e42529,0ed9091f1ab96d24ef5fbd41d0d080668623e954e4f15e4a277f1c217e825eb9,6f03d3da3ed6ecbe918c5a7f9aa35cb9abfb2b83
p12v4m6-D-no_t_plus_one-s8192,D,no_t_plus_one,8192,delta_mean_turnover,0.0,90e40d212b5faaff644e0041eeef92c0b0056ce9a834095a047948a1d5e42529,0ed9091f1ab96d24ef5fbd41d0d080668623e954e4f15e4a277f1c217e825eb9,6f03d3da3ed6ecbe918c5a7f9aa35cb9abfb2b83
p12v4m6-D-no_t_plus_one-s8192,D,no_t_plus_one,8192,delta_sharpe,0.0,90e40d212b5faaff644e0041eeef92c0b0056ce9a834095a047948a1d5e42529,0ed9091f1ab96d24ef5fbd41d0d080668623e954e4f15e4a277f1c217e825eb9,6f03d3da3ed6ecbe918c5a7f9aa35cb9abfb2b83
p12v4m6-D-no_t_plus_one-s8192,D,no_t_plus_one,8192,delta_std_return,0.0,90e40d212b5faaff644e0041eeef92c0b0056ce9a834095a047948a1d5e42529,0ed9091f1ab96d24ef5fbd41d0d080668623e954e4f15e4a277f1c217e825eb9,6f03d3da3ed6ecbe918c5a7f9aa35cb9abfb2b83
p12v4m6-D-no_t_plus_one-s8192,D,no_t_plus_one,8192,delta_total_cost,0.0,90e40d212b5faaff644e0041eeef92c0b0056ce9a834095a047948a1d5e42529,0ed9091f1ab96d24ef5fbd41d0d080668623e954e4f15e4a277f1c217e825eb9,6f03d3da3ed6ecbe918c5a7f9aa35cb9abfb2b83
p12v4m6-D-no_t_plus_one-s8192,D,no_t_plus_one,8192,delta_trade_count,0.0,90e40d212b5faaff644e0041eeef92c0b0056ce9a834095a047948a1d5e42529,0ed9091f1ab96d24ef5fbd41d0d080668623e954e4f15e4a277f1c217e825eb9,6f03d3da3ed6ecbe918c5a7f9aa35cb9abfb2b83
p12v4m6-D-no_t_plus_one-s8192,D,no_t_plus_one,8192,runtime_seconds,2.101395497098565,90e40d212b5faaff644e0041eeef92c0b0056ce9a834095a047948a1d5e42529,0ed9091f1ab96d24ef5fbd41d0d080668623e954e4f15e4a277f1c217e825eb9,6f03d3da3ed6ecbe918c5a7f9aa35cb9abfb2b83
p12v4m6-D-no_t_plus_one-s16384,D,no_t_plus_one,16384,invalid_order_count,43140.0,90e40d212b5faaff644e0041eeef92c0b0056ce9a834095a047948a1d5e42529,0ed9091f1ab96d24ef5fbd41d0d080668623e954e4f15e4a277f1c217e825eb9,6f03d3da3ed6ecbe918c5a7f9aa35cb9abfb2b83
p12v4m6-D-no_t_plus_one-s16384,D,no_t_plus_one,16384,max_drawdown,0.1259207391674364,90e40d212b5faaff644e0041eeef92c0b0056ce9a834095a047948a1d5e42529,0ed9091f1ab96d24ef5fbd41d0d080668623e954e4f15e4a277f1c217e825eb9,6f03d3da3ed6ecbe918c5a7f9aa35cb9abfb2b83
p12v4m6-D-no_t_plus_one-s16384,D,no_t_plus_one,16384,mean_return,0.16410671827390155,90e40d212b5faaff644e0041eeef92c0b0056ce9a834095a047948a1d5e42529,0ed9091f1ab96d24ef5fbd41d0d080668623e954e4f15e4a277f1c217e825eb9,6f03d3da3ed6ecbe918c5a7f9aa35cb9abfb2b83
p12v4m6-D-no_t_plus_one-s16384,D,no_t_plus_one,16384,mean_reward,0.026249692009862435,90e40d212b5faaff644e0041eeef92c0b0056ce9a834095a047948a1d5e42529,0ed9091f1ab96d24ef5fbd41d0d080668623e954e4f15e4a277f1c217e825eb9,6f03d3da3ed6ecbe918c5a7f9aa35cb9abfb2b83
p12v4m6-D-no_t_plus_one-s16384,D,no_t_plus_one,16384,mean_turnover,0.1140879504712142,90e40d212b5faaff644e0041eeef92c0b0056ce9a834095a047948a1d5e42529,0ed9091f1ab96d24ef5fbd41d0d080668623e954e4f15e4a277f1c217e825eb9,6f03d3da3ed6ecbe918c5a7f9aa35cb9abfb2b83
p12v4m6-D-no_t_plus_one-s16384,D,no_t_plus_one,16384,sharpe,1.7662537146445785,90e40d212b5faaff644e0041eeef92c0b0056ce9a834095a047948a1d5e42529,0ed9091f1ab96d24ef5fbd41d0d080668623e954e4f15e4a277f1c217e825eb9,6f03d3da3ed6ecbe918c5a7f9aa35cb9abfb2b83
p12v4m6-D-no_t_plus_one-s16384,D,no_t_plus_one,16384,std_return,0.0,90e40d212b5faaff644e0041eeef92c0b0056ce9a834095a047948a1d5e42529,0ed9091f1ab96d24ef5fbd41d0d080668623e954e4f15e4a277f1c217e825eb9,6f03d3da3ed6ecbe918c5a7f9aa35cb9abfb2b83
p12v4m6-D-no_t_plus_one-s16384,D,no_t_plus_one,16384,total_cost,172363.50189122595,90e40d212b5faaff644e0041eeef92c0b0056ce9a834095a047948a1d5e42529,0ed9091f1ab96d24ef5fbd41d0d080668623e954e4f15e4a277f1c217e825eb9,6f03d3da3ed6ecbe918c5a7f9aa35cb9abfb2b83
p12v4m6-D-no_t_plus_one-s16384,D,no_t_plus_one,16384,trade_count,970.0,90e40d212b5faaff644e0041eeef92c0b0056ce9a834095a047948a1d5e42529,0ed9091f1ab96d24ef5fbd41d0d080668623e954e4f15e4a277f1c217e825eb9,6f03d3da3ed6ecbe918c5a7f9aa35cb9abfb2b83
p12v4m6-D-no_t_plus_one-s16384,D,no_t_plus_one,16384,delta_invalid_order_count,0.0,90e40d212b5faaff644e0041eeef92c0b0056ce9a834095a047948a1d5e42529,0ed9091f1ab96d24ef5fbd41d0d080668623e954e4f15e4a277f1c217e825eb9,6f03d3da3ed6ecbe918c5a7f9aa35cb9abfb2b83
p12v4m6-D-no_t_plus_one-s16384,D,no_t_plus_one,16384,delta_max_drawdown,0.0,90e40d212b5faaff644e0041eeef92c0b0056ce9a834095a047948a1d5e42529,0ed9091f1ab96d24ef5fbd41d0d080668623e954e4f15e4a277f1c217e825eb9,6f03d3da3ed6ecbe918c5a7f9aa35cb9abfb2b83
p12v4m6-D-no_t_plus_one-s16384,D,no_t_plus_one,16384,delta_mean_return,0.0,90e40d212b5faaff644e0041eeef92c0b0056ce9a834095a047948a1d5e42529,0ed9091f1ab96d24ef5fbd41d0d080668623e954e4f15e4a277f1c217e825eb9,6f03d3da3ed6ecbe918c5a7f9aa35cb9abfb2b83
p12v4m6-D-no_t_plus_one-s16384,D,no_t_plus_one,16384,delta_mean_reward,0.0,90e40d212b5faaff644e0041eeef92c0b0056ce9a834095a047948a1d5e42529,0ed9091f1ab96d24ef5fbd41d0d080668623e954e4f15e4a277f1c217e825eb9,6f03d3da3ed6ecbe918c5a7f9aa35cb9abfb2b83
p12v4m6-D-no_t_plus_one-s16384,D,no_t_plus_one,16384,delta_mean_turnover,0.0,90e40d212b5faaff644e0041eeef92c0b0056ce9a834095a047948a1d5e42529,0ed9091f1ab96d24ef5fbd41d0d080668623e954e4f15e4a277f1c217e825eb9,6f03d3da3ed6ecbe918c5a7f9aa35cb9abfb2b83
p12v4m6-D-no_t_plus_one-s16384,D,no_t_plus_one,16384,delta_sharpe,0.0,90e40d212b5faaff644e0041eeef92c0b0056ce9a834095a047948a1d5e42529,0ed9091f1ab96d24ef5fbd41d0d080668623e954e4f15e4a277f1c217e825eb9,6f03d3da3ed6ecbe918c5a7f9aa35cb9abfb2b83
p12v4m6-D-no_t_plus_one-s16384,D,no_t_plus_one,16384,delta_std_return,0.0,90e40d212b5faaff644e0041eeef92c0b0056ce9a834095a047948a1d5e42529,0ed9091f1ab96d24ef5fbd41d0d080668623e954e4f15e4a277f1c217e825eb9,6f03d3da3ed6ecbe918c5a7f9aa35cb9abfb2b83
p12v4m6-D-no_t_plus_one-s16384,D,no_t_plus_one,16384,delta_total_cost,0.0,90e40d212b5faaff644e0041eeef92c0b0056ce9a834095a047948a1d5e42529,0ed9091f1ab96d24ef5fbd41d0d080668623e954e4f15e4a277f1c217e825eb9,6f03d3da3ed6ecbe918c5a7f9aa35cb9abfb2b83
p12v4m6-D-no_t_plus_one-s16384,D,no_t_plus_one,16384,delta_trade_count,0.0,90e40d212b5faaff644e0041eeef92c0b0056ce9a834095a047948a1d5e42529,0ed9091f1ab96d24ef5fbd41d0d080668623e954e4f15e4a277f1c217e825eb9,6f03d3da3ed6ecbe918c5a7f9aa35cb9abfb2b83
p12v4m6-D-no_t_plus_one-s16384,D,no_t_plus_one,16384,runtime_seconds,2.103728772024624,90e40d212b5faaff644e0041eeef92c0b0056ce9a834095a047948a1d5e42529,0ed9091f1ab96d24ef5fbd41d0d080668623e954e4f15e4a277f1c217e825eb9,6f03d3da3ed6ecbe918c5a7f9aa35cb9abfb2b83
p12v4m6-D-no_price_limits-s1024,D,no_price_limits,1024,invalid_order_count,43140.0,90e40d212b5faaff644e0041eeef92c0b0056ce9a834095a047948a1d5e42529,0ed9091f1ab96d24ef5fbd41d0d080668623e954e4f15e4a277f1c217e825eb9,6f03d3da3ed6ecbe918c5a7f9aa35cb9abfb2b83
p12v4m6-D-no_price_limits-s1024,D,no_price_limits,1024,max_drawdown,0.1259207391674364,90e40d212b5faaff644e0041eeef92c0b0056ce9a834095a047948a1d5e42529,0ed9091f1ab96d24ef5fbd41d0d080668623e954e4f15e4a277f1c217e825eb9,6f03d3da3ed6ecbe918c5a7f9aa35cb9abfb2b83
p12v4m6-D-no_price_limits-s1024,D,no_price_limits,1024,mean_return,0.16410671827390155,90e40d212b5faaff644e0041eeef92c0b0056ce9a834095a047948a1d5e42529,0ed9091f1ab96d24ef5fbd41d0d080668623e954e4f15e4a277f1c217e825eb9,6f03d3da3ed6ecbe918c5a7f9aa35cb9abfb2b83
p12v4m6-D-no_price_limits-s1024,D,no_price_limits,1024,mean_reward,0.026249692009862435,90e40d212b5faaff644e0041eeef92c0b0056ce9a834095a047948a1d5e42529,0ed9091f1ab96d24ef5fbd41d0d080668623e954e4f15e4a277f1c217e825eb9,6f03d3da3ed6ecbe918c5a7f9aa35cb9abfb2b83
p12v4m6-D-no_price_limits-s1024,D,no_price_limits,1024,mean_turnover,0.1140879504712142,90e40d212b5faaff644e0041eeef92c0b0056ce9a834095a047948a1d5e42529,0ed9091f1ab96d24ef5fbd41d0d080668623e954e4f15e4a277f1c217e825eb9,6f03d3da3ed6ecbe918c5a7f9aa35cb9abfb2b83
p12v4m6-D-no_price_limits-s1024,D,no_price_limits,1024,sharpe,1.7662537146445785,90e40d212b5faaff644e0041eeef92c0b0056ce9a834095a047948a1d5e42529,0ed9091f1ab96d24ef5fbd41d0d080668623e954e4f15e4a277f1c217e825eb9,6f03d3da3ed6ecbe918c5a7f9aa35cb9abfb2b83
p12v4m6-D-no_price_limits-s1024,D,no_price_limits,1024,std_return,0.0,90e40d212b5faaff644e0041eeef92c0b0056ce9a834095a047948a1d5e42529,0ed9091f1ab96d24ef5fbd41d0d080668623e954e4f15e4a277f1c217e825eb9,6f03d3da3ed6ecbe918c5a7f9aa35cb9abfb2b83
p12v4m6-D-no_price_limits-s1024,D,no_price_limits,1024,total_cost,172363.50189122595,90e40d212b5faaff644e0041eeef92c0b0056ce9a834095a047948a1d5e42529,0ed9091f1ab96d24ef5fbd41d0d080668623e954e4f15e4a277f1c217e825eb9,6f03d3da3ed6ecbe918c5a7f9aa35cb9abfb2b83
p12v4m6-D-no_price_limits-s1024,D,no_price_limits,1024,trade_count,970.0,90e40d212b5faaff644e0041eeef92c0b0056ce9a834095a047948a1d5e42529,0ed9091f1ab96d24ef5fbd41d0d080668623e954e4f15e4a277f1c217e825eb9,6f03d3da3ed6ecbe918c5a7f9aa35cb9abfb2b83
p12v4m6-D-no_price_limits-s1024,D,no_price_limits,1024,delta_invalid_order_count,0.0,90e40d212b5faaff644e0041eeef92c0b0056ce9a834095a047948a1d5e42529,0ed9091f1ab96d24ef5fbd41d0d080668623e954e4f15e4a277f1c217e825eb9,6f03d3da3ed6ecbe918c5a7f9aa35cb9abfb2b83
p12v4m6-D-no_price_limits-s1024,D,no_price_limits,1024,delta_max_drawdown,0.0,90e40d212b5faaff644e0041eeef92c0b0056ce9a834095a047948a1d5e42529,0ed9091f1ab96d24ef5fbd41d0d080668623e954e4f15e4a277f1c217e825eb9,6f03d3da3ed6ecbe918c5a7f9aa35cb9abfb2b83
p12v4m6-D-no_price_limits-s1024,D,no_price_limits,1024,delta_mean_return,0.0,90e40d212b5faaff644e0041eeef92c0b0056ce9a834095a047948a1d5e42529,0ed9091f1ab96d24ef5fbd41d0d080668623e954e4f15e4a277f1c217e825eb9,6f03d3da3ed6ecbe918c5a7f9aa35cb9abfb2b83
p12v4m6-D-no_price_limits-s1024,D,no_price_limits,1024,delta_mean_reward,0.0,90e40d212b5faaff644e0041eeef92c0b0056ce9a834095a047948a1d5e42529,0ed9091f1ab96d24ef5fbd41d0d080668623e954e4f15e4a277f1c217e825eb9,6f03d3da3ed6ecbe918c5a7f9aa35cb9abfb2b83
p12v4m6-D-no_price_limits-s1024,D,no_price_limits,1024,delta_mean_turnover,0.0,90e40d212b5faaff644e0041eeef92c0b0056ce9a834095a047948a1d5e42529,0ed9091f1ab96d24ef5fbd41d0d080668623e954e4f15e4a277f1c217e825eb9,6f03d3da3ed6ecbe918c5a7f9aa35cb9abfb2b83
p12v4m6-D-no_price_limits-s1024,D,no_price_limits,1024,delta_sharpe,0.0,90e40d212b5faaff644e0041eeef92c0b0056ce9a834095a047948a1d5e42529,0ed9091f1ab96d24ef5fbd41d0d080668623e954e4f15e4a277f1c217e825eb9,6f03d3da3ed6ecbe918c5a7f9aa35cb9abfb2b83
p12v4m6-D-no_price_limits-s1024,D,no_price_limits,1024,delta_std_return,0.0,90e40d212b5faaff644e0041eeef92c0b0056ce9a834095a047948a1d5e42529,0ed9091f1ab96d24ef5fbd41d0d080668623e954e4f15e4a277f1c217e825eb9,6f03d3da3ed6ecbe918c5a7f9aa35cb9abfb2b83
p12v4m6-D-no_price_limits-s1024,D,no_price_limits,1024,delta_total_cost,0.0,90e40d212b5faaff644e0041eeef92c0b0056ce9a834095a047948a1d5e42529,0ed9091f1ab96d24ef5fbd41d0d080668623e954e4f15e4a277f1c217e825eb9,6f03d3da3ed6ecbe918c5a7f9aa35cb9abfb2b83
p12v4m6-D-no_price_limits-s1024,D,no_price_limits,1024,delta_trade_count,0.0,90e40d212b5faaff644e0041eeef92c0b0056ce9a834095a047948a1d5e42529,0ed9091f1ab96d24ef5fbd41d0d080668623e954e4f15e4a277f1c217e825eb9,6f03d3da3ed6ecbe918c5a7f9aa35cb9abfb2b83
p12v4m6-D-no_price_limits-s1024,D,no_price_limits,1024,runtime_seconds,2.10966231697239,90e40d212b5faaff644e0041eeef92c0b0056ce9a834095a047948a1d5e42529,0ed9091f1ab96d24ef5fbd41d0d080668623e954e4f15e4a277f1c217e825eb9,6f03d3da3ed6ecbe918c5a7f9aa35cb9abfb2b83
p12v4m6-D-no_price_limits-s2048,D,no_price_limits,2048,invalid_order_count,43140.0,90e40d212b5faaff644e0041eeef92c0b0056ce9a834095a047948a1d5e42529,0ed9091f1ab96d24ef5fbd41d0d080668623e954e4f15e4a277f1c217e825eb9,6f03d3da3ed6ecbe918c5a7f9aa35cb9abfb2b83
p12v4m6-D-no_price_limits-s2048,D,no_price_limits,2048,max_drawdown,0.1259207391674364,90e40d212b5faaff644e0041eeef92c0b0056ce9a834095a047948a1d5e42529,0ed9091f1ab96d24ef5fbd41d0d080668623e954e4f15e4a277f1c217e825eb9,6f03d3da3ed6ecbe918c5a7f9aa35cb9abfb2b83
p12v4m6-D-no_price_limits-s2048,D,no_price_limits,2048,mean_return,0.16410671827390155,90e40d212b5faaff644e0041eeef92c0b0056ce9a834095a047948a1d5e42529,0ed9091f1ab96d24ef5fbd41d0d080668623e954e4f15e4a277f1c217e825eb9,6f03d3da3ed6ecbe918c5a7f9aa35cb9abfb2b83
p12v4m6-D-no_price_limits-s2048,D,no_price_limits,2048,mean_reward,0.026249692009862435,90e40d212b5faaff644e0041eeef92c0b0056ce9a834095a047948a1d5e42529,0ed9091f1ab96d24ef5fbd41d0d080668623e954e4f15e4a277f1c217e825eb9,6f03d3da3ed6ecbe918c5a7f9aa35cb9abfb2b83
p12v4m6-D-no_price_limits-s2048,D,no_price_limits,2048,mean_turnover,0.1140879504712142,90e40d212b5faaff644e0041eeef92c0b0056ce9a834095a047948a1d5e42529,0ed9091f1ab96d24ef5fbd41d0d080668623e954e4f15e4a277f1c217e825eb9,6f03d3da3ed6ecbe918c5a7f9aa35cb9abfb2b83
p12v4m6-D-no_price_limits-s2048,D,no_price_limits,2048,sharpe,1.7662537146445785,90e40d212b5faaff644e0041eeef92c0b0056ce9a834095a047948a1d5e42529,0ed9091f1ab96d24ef5fbd41d0d080668623e954e4f15e4a277f1c217e825eb9,6f03d3da3ed6ecbe918c5a7f9aa35cb9abfb2b83
p12v4m6-D-no_price_limits-s2048,D,no_price_limits,2048,std_return,0.0,90e40d212b5faaff644e0041eeef92c0b0056ce9a834095a047948a1d5e42529,0ed9091f1ab96d24ef5fbd41d0d080668623e954e4f15e4a277f1c217e825eb9,6f03d3da3ed6ecbe918c5a7f9aa35cb9abfb2b83
p12v4m6-D-no_price_limits-s2048,D,no_price_limits,2048,total_cost,172363.50189122595,90e40d212b5faaff644e0041eeef92c0b0056ce9a834095a047948a1d5e42529,0ed9091f1ab96d24ef5fbd41d0d080668623e954e4f15e4a277f1c217e825eb9,6f03d3da3ed6ecbe918c5a7f9aa35cb9abfb2b83
p12v4m6-D-no_price_limits-s2048,D,no_price_limits,2048,trade_count,970.0,90e40d212b5faaff644e0041eeef92c0b0056ce9a834095a047948a1d5e42529,0ed9091f1ab96d24ef5fbd41d0d080668623e954e4f15e4a277f1c217e825eb9,6f03d3da3ed6ecbe918c5a7f9aa35cb9abfb2b83
p12v4m6-D-no_price_limits-s2048,D,no_price_limits,2048,delta_invalid_order_count,0.0,90e40d212b5faaff644e0041eeef92c0b0056ce9a834095a047948a1d5e42529,0ed9091f1ab96d24ef5fbd41d0d080668623e954e4f15e4a277f1c217e825eb9,6f03d3da3ed6ecbe918c5a7f9aa35cb9abfb2b83
p12v4m6-D-no_price_limits-s2048,D,no_price_limits,2048,delta_max_drawdown,0.0,90e40d212b5faaff644e0041eeef92c0b0056ce9a834095a047948a1d5e42529,0ed9091f1ab96d24ef5fbd41d0d080668623e954e4f15e4a277f1c217e825eb9,6f03d3da3ed6ecbe918c5a7f9aa35cb9abfb2b83
p12v4m6-D-no_price_limits-s2048,D,no_price_limits,2048,delta_mean_return,0.0,90e40d212b5faaff644e0041eeef92c0b0056ce9a834095a047948a1d5e42529,0ed9091f1ab96d24ef5fbd41d0d080668623e954e4f15e4a277f1c217e825eb9,6f03d3da3ed6ecbe918c5a7f9aa35cb9abfb2b83
p12v4m6-D-no_price_limits-s2048,D,no_price_limits,2048,delta_mean_reward,0.0,90e40d212b5faaff644e0041eeef92c0b0056ce9a834095a047948a1d5e42529,0ed9091f1ab96d24ef5fbd41d0d080668623e954e4f15e4a277f1c217e825eb9,6f03d3da3ed6ecbe918c5a7f9aa35cb9abfb2b83
p12v4m6-D-no_price_limits-s2048,D,no_price_limits,2048,delta_mean_turnover,0.0,90e40d212b5faaff644e0041eeef92c0b0056ce9a834095a047948a1d5e42529,0ed9091f1ab96d24ef5fbd41d0d080668623e954e4f15e4a277f1c217e825eb9,6f03d3da3ed6ecbe918c5a7f9aa35cb9abfb2b83
p12v4m6-D-no_price_limits-s2048,D,no_price_limits,2048,delta_sharpe,0.0,90e40d212b5faaff644e0041eeef92c0b0056ce9a834095a047948a1d5e42529,0ed9091f1ab96d24ef5fbd41d0d080668623e954e4f15e4a277f1c217e825eb9,6f03d3da3ed6ecbe918c5a7f9aa35cb9abfb2b83
p12v4m6-D-no_price_limits-s2048,D,no_price_limits,2048,delta_std_return,0.0,90e40d212b5faaff644e0041eeef92c0b0056ce9a834095a047948a1d5e42529,0ed9091f1ab96d24ef5fbd41d0d080668623e954e4f15e4a277f1c217e825eb9,6f03d3da3ed6ecbe918c5a7f9aa35cb9abfb2b83
p12v4m6-D-no_price_limits-s2048,D,no_price_limits,2048,delta_total_cost,0.0,90e40d212b5faaff644e0041eeef92c0b0056ce9a834095a047948a1d5e42529,0ed9091f1ab96d24ef5fbd41d0d080668623e954e4f15e4a277f1c217e825eb9,6f03d3da3ed6ecbe918c5a7f9aa35cb9abfb2b83
p12v4m6-D-no_price_limits-s2048,D,no_price_limits,2048,delta_trade_count,0.0,90e40d212b5faaff644e0041eeef92c0b0056ce9a834095a047948a1d5e42529,0ed9091f1ab96d24ef5fbd41d0d080668623e954e4f15e4a277f1c217e825eb9,6f03d3da3ed6ecbe918c5a7f9aa35cb9abfb2b83
p12v4m6-D-no_price_limits-s2048,D,no_price_limits,2048,runtime_seconds,2.321019071037881,90e40d212b5faaff644e0041eeef92c0b0056ce9a834095a047948a1d5e42529,0ed9091f1ab96d24ef5fbd41d0d080668623e954e4f15e4a277f1c217e825eb9,6f03d3da3ed6ecbe918c5a7f9aa35cb9abfb2b83
p12v4m6-D-no_price_limits-s4096,D,no_price_limits,4096,invalid_order_count,43140.0,90e40d212b5faaff644e0041eeef92c0b0056ce9a834095a047948a1d5e42529,0ed9091f1ab96d24ef5fbd41d0d080668623e954e4f15e4a277f1c217e825eb9,6f03d3da3ed6ecbe918c5a7f9aa35cb9abfb2b83
p12v4m6-D-no_price_limits-s4096,D,no_price_limits,4096,max_drawdown,0.1259207391674364,90e40d212b5faaff644e0041eeef92c0b0056ce9a834095a047948a1d5e42529,0ed9091f1ab96d24ef5fbd41d0d080668623e954e4f15e4a277f1c217e825eb9,6f03d3da3ed6ecbe918c5a7f9aa35cb9abfb2b83
p12v4m6-D-no_price_limits-s4096,D,no_price_limits,4096,mean_return,0.16410671827390155,90e40d212b5faaff644e0041eeef92c0b0056ce9a834095a047948a1d5e42529,0ed9091f1ab96d24ef5fbd41d0d080668623e954e4f15e4a277f1c217e825eb9,6f03d3da3ed6ecbe918c5a7f9aa35cb9abfb2b83
p12v4m6-D-no_price_limits-s4096,D,no_price_limits,4096,mean_reward,0.026249692009862435,90e40d212b5faaff644e0041eeef92c0b0056ce9a834095a047948a1d5e42529,0ed9091f1ab96d24ef5fbd41d0d080668623e954e4f15e4a277f1c217e825eb9,6f03d3da3ed6ecbe918c5a7f9aa35cb9abfb2b83
p12v4m6-D-no_price_limits-s4096,D,no_price_limits,4096,mean_turnover,0.1140879504712142,90e40d212b5faaff644e0041eeef92c0b0056ce9a834095a047948a1d5e42529,0ed9091f1ab96d24ef5fbd41d0d080668623e954e4f15e4a277f1c217e825eb9,6f03d3da3ed6ecbe918c5a7f9aa35cb9abfb2b83
p12v4m6-D-no_price_limits-s4096,D,no_price_limits,4096,sharpe,1.7662537146445785,90e40d212b5faaff644e0041eeef92c0b0056ce9a834095a047948a1d5e42529,0ed9091f1ab96d24ef5fbd41d0d080668623e954e4f15e4a277f1c217e825eb9,6f03d3da3ed6ecbe918c5a7f9aa35cb9abfb2b83
p12v4m6-D-no_price_limits-s4096,D,no_price_limits,4096,std_return,0.0,90e40d212b5faaff644e0041eeef92c0b0056ce9a834095a047948a1d5e42529,0ed9091f1ab96d24ef5fbd41d0d080668623e954e4f15e4a277f1c217e825eb9,6f03d3da3ed6ecbe918c5a7f9aa35cb9abfb2b83
p12v4m6-D-no_price_limits-s4096,D,no_price_limits,4096,total_cost,172363.50189122595,90e40d212b5faaff644e0041eeef92c0b0056ce9a834095a047948a1d5e42529,0ed9091f1ab96d24ef5fbd41d0d080668623e954e4f15e4a277f1c217e825eb9,6f03d3da3ed6ecbe918c5a7f9aa35cb9abfb2b83
p12v4m6-D-no_price_limits-s4096,D,no_price_limits,4096,trade_count,970.0,90e40d212b5faaff644e0041eeef92c0b0056ce9a834095a047948a1d5e42529,0ed9091f1ab96d24ef5fbd41d0d080668623e954e4f15e4a277f1c217e825eb9,6f03d3da3ed6ecbe918c5a7f9aa35cb9abfb2b83
p12v4m6-D-no_price_limits-s4096,D,no_price_limits,4096,delta_invalid_order_count,0.0,90e40d212b5faaff644e0041eeef92c0b0056ce9a834095a047948a1d5e42529,0ed9091f1ab96d24ef5fbd41d0d080668623e954e4f15e4a277f1c217e825eb9,6f03d3da3ed6ecbe918c5a7f9aa35cb9abfb2b83
p12v4m6-D-no_price_limits-s4096,D,no_price_limits,4096,delta_max_drawdown,0.0,90e40d212b5faaff644e0041eeef92c0b0056ce9a834095a047948a1d5e42529,0ed9091f1ab96d24ef5fbd41d0d080668623e954e4f15e4a277f1c217e825eb9,6f03d3da3ed6ecbe918c5a7f9aa35cb9abfb2b83
p12v4m6-D-no_price_limits-s4096,D,no_price_limits,4096,delta_mean_return,0.0,90e40d212b5faaff644e0041eeef92c0b0056ce9a834095a047948a1d5e42529,0ed9091f1ab96d24ef5fbd41d0d080668623e954e4f15e4a277f1c217e825eb9,6f03d3da3ed6ecbe918c5a7f9aa35cb9abfb2b83
p12v4m6-D-no_price_limits-s4096,D,no_price_limits,4096,delta_mean_reward,0.0,90e40d212b5faaff644e0041eeef92c0b0056ce9a834095a047948a1d5e42529,0ed9091f1ab96d24ef5fbd41d0d080668623e954e4f15e4a277f1c217e825eb9,6f03d3da3ed6ecbe918c5a7f9aa35cb9abfb2b83
p12v4m6-D-no_price_limits-s4096,D,no_price_limits,4096,delta_mean_turnover,0.0,90e40d212b5faaff644e0041eeef92c0b0056ce9a834095a047948a1d5e42529,0ed9091f1ab96d24ef5fbd41d0d080668623e954e4f15e4a277f1c217e825eb9,6f03d3da3ed6ecbe918c5a7f9aa35cb9abfb2b83
p12v4m6-D-no_price_limits-s4096,D,no_price_limits,4096,delta_sharpe,0.0,90e40d212b5faaff644e0041eeef92c0b0056ce9a834095a047948a1d5e42529,0ed9091f1ab96d24ef5fbd41d0d080668623e954e4f15e4a277f1c217e825eb9,6f03d3da3ed6ecbe918c5a7f9aa35cb9abfb2b83
p12v4m6-D-no_price_limits-s4096,D,no_price_limits,4096,delta_std_return,0.0,90e40d212b5faaff644e0041eeef92c0b0056ce9a834095a047948a1d5e42529,0ed9091f1ab96d24ef5fbd41d0d080668623e954e4f15e4a277f1c217e825eb9,6f03d3da3ed6ecbe918c5a7f9aa35cb9abfb2b83
p12v4m6-D-no_price_limits-s4096,D,no_price_limits,4096,delta_total_cost,0.0,90e40d212b5faaff644e0041eeef92c0b0056ce9a834095a047948a1d5e42529,0ed9091f1ab96d24ef5fbd41d0d080668623e954e4f15e4a277f1c217e825eb9,6f03d3da3ed6ecbe918c5a7f9aa35cb9abfb2b83
p12v4m6-D-no_price_limits-s4096,D,no_price_limits,4096,delta_trade_count,0.0,90e40d212b5faaff644e0041eeef92c0b0056ce9a834095a047948a1d5e42529,0ed9091f1ab96d24ef5fbd41d0d080668623e954e4f15e4a277f1c217e825eb9,6f03d3da3ed6ecbe918c5a7f9aa35cb9abfb2b83
p12v4m6-D-no_price_limits-s4096,D,no_price_limits,4096,runtime_seconds,2.141820458928123,90e40d212b5faaff644e0041eeef92c0b0056ce9a834095a047948a1d5e42529,0ed9091f1ab96d24ef5fbd41d0d080668623e954e4f15e4a277f1c217e825eb9,6f03d3da3ed6ecbe918c5a7f9aa35cb9abfb2b83
p12v4m6-D-no_price_limits-s8192,D,no_price_limits,8192,invalid_order_count,43140.0,90e40d212b5faaff644e0041eeef92c0b0056ce9a834095a047948a1d5e42529,0ed9091f1ab96d24ef5fbd41d0d080668623e954e4f15e4a277f1c217e825eb9,6f03d3da3ed6ecbe918c5a7f9aa35cb9abfb2b83
p12v4m6-D-no_price_limits-s8192,D,no_price_limits,8192,max_drawdown,0.1259207391674364,90e40d212b5faaff644e0041eeef92c0b0056ce9a834095a047948a1d5e42529,0ed9091f1ab96d24ef5fbd41d0d080668623e954e4f15e4a277f1c217e825eb9,6f03d3da3ed6ecbe918c5a7f9aa35cb9abfb2b83
p12v4m6-D-no_price_limits-s8192,D,no_price_limits,8192,mean_return,0.16410671827390155,90e40d212b5faaff644e0041eeef92c0b0056ce9a834095a047948a1d5e42529,0ed9091f1ab96d24ef5fbd41d0d080668623e954e4f15e4a277f1c217e825eb9,6f03d3da3ed6ecbe918c5a7f9aa35cb9abfb2b83
p12v4m6-D-no_price_limits-s8192,D,no_price_limits,8192,mean_reward,0.026249692009862435,90e40d212b5faaff644e0041eeef92c0b0056ce9a834095a047948a1d5e42529,0ed9091f1ab96d24ef5fbd41d0d080668623e954e4f15e4a277f1c217e825eb9,6f03d3da3ed6ecbe918c5a7f9aa35cb9abfb2b83
p12v4m6-D-no_price_limits-s8192,D,no_price_limits,8192,mean_turnover,0.1140879504712142,90e40d212b5faaff644e0041eeef92c0b0056ce9a834095a047948a1d5e42529,0ed9091f1ab96d24ef5fbd41d0d080668623e954e4f15e4a277f1c217e825eb9,6f03d3da3ed6ecbe918c5a7f9aa35cb9abfb2b83
p12v4m6-D-no_price_limits-s8192,D,no_price_limits,8192,sharpe,1.7662537146445785,90e40d212b5faaff644e0041eeef92c0b0056ce9a834095a047948a1d5e42529,0ed9091f1ab96d24ef5fbd41d0d080668623e954e4f15e4a277f1c217e825eb9,6f03d3da3ed6ecbe918c5a7f9aa35cb9abfb2b83
p12v4m6-D-no_price_limits-s8192,D,no_price_limits,8192,std_return,0.0,90e40d212b5faaff644e0041eeef92c0b0056ce9a834095a047948a1d5e42529,0ed9091f1ab96d24ef5fbd41d0d080668623e954e4f15e4a277f1c217e825eb9,6f03d3da3ed6ecbe918c5a7f9aa35cb9abfb2b83
p12v4m6-D-no_price_limits-s8192,D,no_price_limits,8192,total_cost,172363.50189122595,90e40d212b5faaff644e0041eeef92c0b0056ce9a834095a047948a1d5e42529,0ed9091f1ab96d24ef5fbd41d0d080668623e954e4f15e4a277f1c217e825eb9,6f03d3da3ed6ecbe918c5a7f9aa35cb9abfb2b83
p12v4m6-D-no_price_limits-s8192,D,no_price_limits,8192,trade_count,970.0,90e40d212b5faaff644e0041eeef92c0b0056ce9a834095a047948a1d5e42529,0ed9091f1ab96d24ef5fbd41d0d080668623e954e4f15e4a277f1c217e825eb9,6f03d3da3ed6ecbe918c5a7f9aa35cb9abfb2b83
p12v4m6-D-no_price_limits-s8192,D,no_price_limits,8192,delta_invalid_order_count,0.0,90e40d212b5faaff644e0041eeef92c0b0056ce9a834095a047948a1d5e42529,0ed9091f1ab96d24ef5fbd41d0d080668623e954e4f15e4a277f1c217e825eb9,6f03d3da3ed6ecbe918c5a7f9aa35cb9abfb2b83
p12v4m6-D-no_price_limits-s8192,D,no_price_limits,8192,delta_max_drawdown,0.0,90e40d212b5faaff644e0041eeef92c0b0056ce9a834095a047948a1d5e42529,0ed9091f1ab96d24ef5fbd41d0d080668623e954e4f15e4a277f1c217e825eb9,6f03d3da3ed6ecbe918c5a7f9aa35cb9abfb2b83
p12v4m6-D-no_price_limits-s8192,D,no_price_limits,8192,delta_mean_return,0.0,90e40d212b5faaff644e0041eeef92c0b0056ce9a834095a047948a1d5e42529,0ed9091f1ab96d24ef5fbd41d0d080668623e954e4f15e4a277f1c217e825eb9,6f03d3da3ed6ecbe918c5a7f9aa35cb9abfb2b83
p12v4m6-D-no_price_limits-s8192,D,no_price_limits,8192,delta_mean_reward,0.0,90e40d212b5faaff644e0041eeef92c0b0056ce9a834095a047948a1d5e42529,0ed9091f1ab96d24ef5fbd41d0d080668623e954e4f15e4a277f1c217e825eb9,6f03d3da3ed6ecbe918c5a7f9aa35cb9abfb2b83
p12v4m6-D-no_price_limits-s8192,D,no_price_limits,8192,delta_mean_turnover,0.0,90e40d212b5faaff644e0041eeef92c0b0056ce9a834095a047948a1d5e42529,0ed9091f1ab96d24ef5fbd41d0d080668623e954e4f15e4a277f1c217e825eb9,6f03d3da3ed6ecbe918c5a7f9aa35cb9abfb2b83
p12v4m6-D-no_price_limits-s8192,D,no_price_limits,8192,delta_sharpe,0.0,90e40d212b5faaff644e0041eeef92c0b0056ce9a834095a047948a1d5e42529,0ed9091f1ab96d24ef5fbd41d0d080668623e954e4f15e4a277f1c217e825eb9,6f03d3da3ed6ecbe918c5a7f9aa35cb9abfb2b83
p12v4m6-D-no_price_limits-s8192,D,no_price_limits,8192,delta_std_return,0.0,90e40d212b5faaff644e0041eeef92c0b0056ce9a834095a047948a1d5e42529,0ed9091f1ab96d24ef5fbd41d0d080668623e954e4f15e4a277f1c217e825eb9,6f03d3da3ed6ecbe918c5a7f9aa35cb9abfb2b83
p12v4m6-D-no_price_limits-s8192,D,no_price_limits,8192,delta_total_cost,0.0,90e40d212b5faaff644e0041eeef92c0b0056ce9a834095a047948a1d5e42529,0ed9091f1ab96d24ef5fbd41d0d080668623e954e4f15e4a277f1c217e825eb9,6f03d3da3ed6ecbe918c5a7f9aa35cb9abfb2b83
p12v4m6-D-no_price_limits-s8192,D,no_price_limits,8192,delta_trade_count,0.0,90e40d212b5faaff644e0041eeef92c0b0056ce9a834095a047948a1d5e42529,0ed9091f1ab96d24ef5fbd41d0d080668623e954e4f15e4a277f1c217e825eb9,6f03d3da3ed6ecbe918c5a7f9aa35cb9abfb2b83
p12v4m6-D-no_price_limits-s8192,D,no_price_limits,8192,runtime_seconds,2.10032519698143,90e40d212b5faaff644e0041eeef92c0b0056ce9a834095a047948a1d5e42529,0ed9091f1ab96d24ef5fbd41d0d080668623e954e4f15e4a277f1c217e825eb9,6f03d3da3ed6ecbe918c5a7f9aa35cb9abfb2b83
p12v4m6-D-no_price_limits-s16384,D,no_price_limits,16384,invalid_order_count,43140.0,90e40d212b5faaff644e0041eeef92c0b0056ce9a834095a047948a1d5e42529,0ed9091f1ab96d24ef5fbd41d0d080668623e954e4f15e4a277f1c217e825eb9,6f03d3da3ed6ecbe918c5a7f9aa35cb9abfb2b83
p12v4m6-D-no_price_limits-s16384,D,no_price_limits,16384,max_drawdown,0.1259207391674364,90e40d212b5faaff644e0041eeef92c0b0056ce9a834095a047948a1d5e42529,0ed9091f1ab96d24ef5fbd41d0d080668623e954e4f15e4a277f1c217e825eb9,6f03d3da3ed6ecbe918c5a7f9aa35cb9abfb2b83
p12v4m6-D-no_price_limits-s16384,D,no_price_limits,16384,mean_return,0.16410671827390155,90e40d212b5faaff644e0041eeef92c0b0056ce9a834095a047948a1d5e42529,0ed9091f1ab96d24ef5fbd41d0d080668623e954e4f15e4a277f1c217e825eb9,6f03d3da3ed6ecbe918c5a7f9aa35cb9abfb2b83
p12v4m6-D-no_price_limits-s16384,D,no_price_limits,16384,mean_reward,0.026249692009862435,90e40d212b5faaff644e0041eeef92c0b0056ce9a834095a047948a1d5e42529,0ed9091f1ab96d24ef5fbd41d0d080668623e954e4f15e4a277f1c217e825eb9,6f03d3da3ed6ecbe918c5a7f9aa35cb9abfb2b83
p12v4m6-D-no_price_limits-s16384,D,no_price_limits,16384,mean_turnover,0.1140879504712142,90e40d212b5faaff644e0041eeef92c0b0056ce9a834095a047948a1d5e42529,0ed9091f1ab96d24ef5fbd41d0d080668623e954e4f15e4a277f1c217e825eb9,6f03d3da3ed6ecbe918c5a7f9aa35cb9abfb2b83
p12v4m6-D-no_price_limits-s16384,D,no_price_limits,16384,sharpe,1.7662537146445785,90e40d212b5faaff644e0041eeef92c0b0056ce9a834095a047948a1d5e42529,0ed9091f1ab96d24ef5fbd41d0d080668623e954e4f15e4a277f1c217e825eb9,6f03d3da3ed6ecbe918c5a7f9aa35cb9abfb2b83
p12v4m6-D-no_price_limits-s16384,D,no_price_limits,16384,std_return,0.0,90e40d212b5faaff644e0041eeef92c0b0056ce9a834095a047948a1d5e42529,0ed9091f1ab96d24ef5fbd41d0d080668623e954e4f15e4a277f1c217e825eb9,6f03d3da3ed6ecbe918c5a7f9aa35cb9abfb2b83
p12v4m6-D-no_price_limits-s16384,D,no_price_limits,16384,total_cost,172363.50189122595,90e40d212b5faaff644e0041eeef92c0b0056ce9a834095a047948a1d5e42529,0ed9091f1ab96d24ef5fbd41d0d080668623e954e4f15e4a277f1c217e825eb9,6f03d3da3ed6ecbe918c5a7f9aa35cb9abfb2b83
p12v4m6-D-no_price_limits-s16384,D,no_price_limits,16384,trade_count,970.0,90e40d212b5faaff644e0041eeef92c0b0056ce9a834095a047948a1d5e42529,0ed9091f1ab96d24ef5fbd41d0d080668623e954e4f15e4a277f1c217e825eb9,6f03d3da3ed6ecbe918c5a7f9aa35cb9abfb2b83
p12v4m6-D-no_price_limits-s16384,D,no_price_limits,16384,delta_invalid_order_count,0.0,90e40d212b5faaff644e0041eeef92c0b0056ce9a834095a047948a1d5e42529,0ed9091f1ab96d24ef5fbd41d0d080668623e954e4f15e4a277f1c217e825eb9,6f03d3da3ed6ecbe918c5a7f9aa35cb9abfb2b83
p12v4m6-D-no_price_limits-s16384,D,no_price_limits,16384,delta_max_drawdown,0.0,90e40d212b5faaff644e0041eeef92c0b0056ce9a834095a047948a1d5e42529,0ed9091f1ab96d24ef5fbd41d0d080668623e954e4f15e4a277f1c217e825eb9,6f03d3da3ed6ecbe918c5a7f9aa35cb9abfb2b83
p12v4m6-D-no_price_limits-s16384,D,no_price_limits,16384,delta_mean_return,0.0,90e40d212b5faaff644e0041eeef92c0b0056ce9a834095a047948a1d5e42529,0ed9091f1ab96d24ef5fbd41d0d080668623e954e4f15e4a277f1c217e825eb9,6f03d3da3ed6ecbe918c5a7f9aa35cb9abfb2b83
p12v4m6-D-no_price_limits-s16384,D,no_price_limits,16384,delta_mean_reward,0.0,90e40d212b5faaff644e0041eeef92c0b0056ce9a834095a047948a1d5e42529,0ed9091f1ab96d24ef5fbd41d0d080668623e954e4f15e4a277f1c217e825eb9,6f03d3da3ed6ecbe918c5a7f9aa35cb9abfb2b83
p12v4m6-D-no_price_limits-s16384,D,no_price_limits,16384,delta_mean_turnover,0.0,90e40d212b5faaff644e0041eeef92c0b0056ce9a834095a047948a1d5e42529,0ed9091f1ab96d24ef5fbd41d0d080668623e954e4f15e4a277f1c217e825eb9,6f03d3da3ed6ecbe918c5a7f9aa35cb9abfb2b83
p12v4m6-D-no_price_limits-s16384,D,no_price_limits,16384,delta_sharpe,0.0,90e40d212b5faaff644e0041eeef92c0b0056ce9a834095a047948a1d5e42529,0ed9091f1ab96d24ef5fbd41d0d080668623e954e4f15e4a277f1c217e825eb9,6f03d3da3ed6ecbe918c5a7f9aa35cb9abfb2b83
p12v4m6-D-no_price_limits-s16384,D,no_price_limits,16384,delta_std_return,0.0,90e40d212b5faaff644e0041eeef92c0b0056ce9a834095a047948a1d5e42529,0ed9091f1ab96d24ef5fbd41d0d080668623e954e4f15e4a277f1c217e825eb9,6f03d3da3ed6ecbe918c5a7f9aa35cb9abfb2b83
p12v4m6-D-no_price_limits-s16384,D,no_price_limits,16384,delta_total_cost,0.0,90e40d212b5faaff644e0041eeef92c0b0056ce9a834095a047948a1d5e42529,0ed9091f1ab96d24ef5fbd41d0d080668623e954e4f15e4a277f1c217e825eb9,6f03d3da3ed6ecbe918c5a7f9aa35cb9abfb2b83
p12v4m6-D-no_price_limits-s16384,D,no_price_limits,16384,delta_trade_count,0.0,90e40d212b5faaff644e0041eeef92c0b0056ce9a834095a047948a1d5e42529,0ed9091f1ab96d24ef5fbd41d0d080668623e954e4f15e4a277f1c217e825eb9,6f03d3da3ed6ecbe918c5a7f9aa35cb9abfb2b83
p12v4m6-D-no_price_limits-s16384,D,no_price_limits,16384,runtime_seconds,2.1974471610737965,90e40d212b5faaff644e0041eeef92c0b0056ce9a834095a047948a1d5e42529,0ed9091f1ab96d24ef5fbd41d0d080668623e954e4f15e4a277f1c217e825eb9,6f03d3da3ed6ecbe918c5a7f9aa35cb9abfb2b83
p12v4m6-D-no_suspension-s1024,D,no_suspension,1024,invalid_order_count,43140.0,90e40d212b5faaff644e0041eeef92c0b0056ce9a834095a047948a1d5e42529,0ed9091f1ab96d24ef5fbd41d0d080668623e954e4f15e4a277f1c217e825eb9,6f03d3da3ed6ecbe918c5a7f9aa35cb9abfb2b83
p12v4m6-D-no_suspension-s1024,D,no_suspension,1024,max_drawdown,0.1259207391674364,90e40d212b5faaff644e0041eeef92c0b0056ce9a834095a047948a1d5e42529,0ed9091f1ab96d24ef5fbd41d0d080668623e954e4f15e4a277f1c217e825eb9,6f03d3da3ed6ecbe918c5a7f9aa35cb9abfb2b83
p12v4m6-D-no_suspension-s1024,D,no_suspension,1024,mean_return,0.16410671827390155,90e40d212b5faaff644e0041eeef92c0b0056ce9a834095a047948a1d5e42529,0ed9091f1ab96d24ef5fbd41d0d080668623e954e4f15e4a277f1c217e825eb9,6f03d3da3ed6ecbe918c5a7f9aa35cb9abfb2b83
p12v4m6-D-no_suspension-s1024,D,no_suspension,1024,mean_reward,0.026249692009862435,90e40d212b5faaff644e0041eeef92c0b0056ce9a834095a047948a1d5e42529,0ed9091f1ab96d24ef5fbd41d0d080668623e954e4f15e4a277f1c217e825eb9,6f03d3da3ed6ecbe918c5a7f9aa35cb9abfb2b83
p12v4m6-D-no_suspension-s1024,D,no_suspension,1024,mean_turnover,0.1140879504712142,90e40d212b5faaff644e0041eeef92c0b0056ce9a834095a047948a1d5e42529,0ed9091f1ab96d24ef5fbd41d0d080668623e954e4f15e4a277f1c217e825eb9,6f03d3da3ed6ecbe918c5a7f9aa35cb9abfb2b83
p12v4m6-D-no_suspension-s1024,D,no_suspension,1024,sharpe,1.7662537146445785,90e40d212b5faaff644e0041eeef92c0b0056ce9a834095a047948a1d5e42529,0ed9091f1ab96d24ef5fbd41d0d080668623e954e4f15e4a277f1c217e825eb9,6f03d3da3ed6ecbe918c5a7f9aa35cb9abfb2b83
p12v4m6-D-no_suspension-s1024,D,no_suspension,1024,std_return,0.0,90e40d212b5faaff644e0041eeef92c0b0056ce9a834095a047948a1d5e42529,0ed9091f1ab96d24ef5fbd41d0d080668623e954e4f15e4a277f1c217e825eb9,6f03d3da3ed6ecbe918c5a7f9aa35cb9abfb2b83
p12v4m6-D-no_suspension-s1024,D,no_suspension,1024,total_cost,172363.50189122595,90e40d212b5faaff644e0041eeef92c0b0056ce9a834095a047948a1d5e42529,0ed9091f1ab96d24ef5fbd41d0d080668623e954e4f15e4a277f1c217e825eb9,6f03d3da3ed6ecbe918c5a7f9aa35cb9abfb2b83
p12v4m6-D-no_suspension-s1024,D,no_suspension,1024,trade_count,970.0,90e40d212b5faaff644e0041eeef92c0b0056ce9a834095a047948a1d5e42529,0ed9091f1ab96d24ef5fbd41d0d080668623e954e4f15e4a277f1c217e825eb9,6f03d3da3ed6ecbe918c5a7f9aa35cb9abfb2b83
p12v4m6-D-no_suspension-s1024,D,no_suspension,1024,delta_invalid_order_count,0.0,90e40d212b5faaff644e0041eeef92c0b0056ce9a834095a047948a1d5e42529,0ed9091f1ab96d24ef5fbd41d0d080668623e954e4f15e4a277f1c217e825eb9,6f03d3da3ed6ecbe918c5a7f9aa35cb9abfb2b83
p12v4m6-D-no_suspension-s1024,D,no_suspension,1024,delta_max_drawdown,0.0,90e40d212b5faaff644e0041eeef92c0b0056ce9a834095a047948a1d5e42529,0ed9091f1ab96d24ef5fbd41d0d080668623e954e4f15e4a277f1c217e825eb9,6f03d3da3ed6ecbe918c5a7f9aa35cb9abfb2b83
p12v4m6-D-no_suspension-s1024,D,no_suspension,1024,delta_mean_return,0.0,90e40d212b5faaff644e0041eeef92c0b0056ce9a834095a047948a1d5e42529,0ed9091f1ab96d24ef5fbd41d0d080668623e954e4f15e4a277f1c217e825eb9,6f03d3da3ed6ecbe918c5a7f9aa35cb9abfb2b83
p12v4m6-D-no_suspension-s1024,D,no_suspension,1024,delta_mean_reward,0.0,90e40d212b5faaff644e0041eeef92c0b0056ce9a834095a047948a1d5e42529,0ed9091f1ab96d24ef5fbd41d0d080668623e954e4f15e4a277f1c217e825eb9,6f03d3da3ed6ecbe918c5a7f9aa35cb9abfb2b83
p12v4m6-D-no_suspension-s1024,D,no_suspension,1024,delta_mean_turnover,0.0,90e40d212b5faaff644e0041eeef92c0b0056ce9a834095a047948a1d5e42529,0ed9091f1ab96d24ef5fbd41d0d080668623e954e4f15e4a277f1c217e825eb9,6f03d3da3ed6ecbe918c5a7f9aa35cb9abfb2b83
p12v4m6-D-no_suspension-s1024,D,no_suspension,1024,delta_sharpe,0.0,90e40d212b5faaff644e0041eeef92c0b0056ce9a834095a047948a1d5e42529,0ed9091f1ab96d24ef5fbd41d0d080668623e954e4f15e4a277f1c217e825eb9,6f03d3da3ed6ecbe918c5a7f9aa35cb9abfb2b83
p12v4m6-D-no_suspension-s1024,D,no_suspension,1024,delta_std_return,0.0,90e40d212b5faaff644e0041eeef92c0b0056ce9a834095a047948a1d5e42529,0ed9091f1ab96d24ef5fbd41d0d080668623e954e4f15e4a277f1c217e825eb9,6f03d3da3ed6ecbe918c5a7f9aa35cb9abfb2b83
p12v4m6-D-no_suspension-s1024,D,no_suspension,1024,delta_total_cost,0.0,90e40d212b5faaff644e0041eeef92c0b0056ce9a834095a047948a1d5e42529,0ed9091f1ab96d24ef5fbd41d0d080668623e954e4f15e4a277f1c217e825eb9,6f03d3da3ed6ecbe918c5a7f9aa35cb9abfb2b83
p12v4m6-D-no_suspension-s1024,D,no_suspension,1024,delta_trade_count,0.0,90e40d212b5faaff644e0041eeef92c0b0056ce9a834095a047948a1d5e42529,0ed9091f1ab96d24ef5fbd41d0d080668623e954e4f15e4a277f1c217e825eb9,6f03d3da3ed6ecbe918c5a7f9aa35cb9abfb2b83
p12v4m6-D-no_suspension-s1024,D,no_suspension,1024,runtime_seconds,2.0657165250740945,90e40d212b5faaff644e0041eeef92c0b0056ce9a834095a047948a1d5e42529,0ed9091f1ab96d24ef5fbd41d0d080668623e954e4f15e4a277f1c217e825eb9,6f03d3da3ed6ecbe918c5a7f9aa35cb9abfb2b83
p12v4m6-D-no_suspension-s2048,D,no_suspension,2048,invalid_order_count,43140.0,90e40d212b5faaff644e0041eeef92c0b0056ce9a834095a047948a1d5e42529,0ed9091f1ab96d24ef5fbd41d0d080668623e954e4f15e4a277f1c217e825eb9,6f03d3da3ed6ecbe918c5a7f9aa35cb9abfb2b83
p12v4m6-D-no_suspension-s2048,D,no_suspension,2048,max_drawdown,0.1259207391674364,90e40d212b5faaff644e0041eeef92c0b0056ce9a834095a047948a1d5e42529,0ed9091f1ab96d24ef5fbd41d0d080668623e954e4f15e4a277f1c217e825eb9,6f03d3da3ed6ecbe918c5a7f9aa35cb9abfb2b83
p12v4m6-D-no_suspension-s2048,D,no_suspension,2048,mean_return,0.16410671827390155,90e40d212b5faaff644e0041eeef92c0b0056ce9a834095a047948a1d5e42529,0ed9091f1ab96d24ef5fbd41d0d080668623e954e4f15e4a277f1c217e825eb9,6f03d3da3ed6ecbe918c5a7f9aa35cb9abfb2b83
p12v4m6-D-no_suspension-s2048,D,no_suspension,2048,mean_reward,0.026249692009862435,90e40d212b5faaff644e0041eeef92c0b0056ce9a834095a047948a1d5e42529,0ed9091f1ab96d24ef5fbd41d0d080668623e954e4f15e4a277f1c217e825eb9,6f03d3da3ed6ecbe918c5a7f9aa35cb9abfb2b83
p12v4m6-D-no_suspension-s2048,D,no_suspension,2048,mean_turnover,0.1140879504712142,90e40d212b5faaff644e0041eeef92c0b0056ce9a834095a047948a1d5e42529,0ed9091f1ab96d24ef5fbd41d0d080668623e954e4f15e4a277f1c217e825eb9,6f03d3da3ed6ecbe918c5a7f9aa35cb9abfb2b83
p12v4m6-D-no_suspension-s2048,D,no_suspension,2048,sharpe,1.7662537146445785,90e40d212b5faaff644e0041eeef92c0b0056ce9a834095a047948a1d5e42529,0ed9091f1ab96d24ef5fbd41d0d080668623e954e4f15e4a277f1c217e825eb9,6f03d3da3ed6ecbe918c5a7f9aa35cb9abfb2b83
p12v4m6-D-no_suspension-s2048,D,no_suspension,2048,std_return,0.0,90e40d212b5faaff644e0041eeef92c0b0056ce9a834095a047948a1d5e42529,0ed9091f1ab96d24ef5fbd41d0d080668623e954e4f15e4a277f1c217e825eb9,6f03d3da3ed6ecbe918c5a7f9aa35cb9abfb2b83
p12v4m6-D-no_suspension-s2048,D,no_suspension,2048,total_cost,172363.50189122595,90e40d212b5faaff644e0041eeef92c0b0056ce9a834095a047948a1d5e42529,0ed9091f1ab96d24ef5fbd41d0d080668623e954e4f15e4a277f1c217e825eb9,6f03d3da3ed6ecbe918c5a7f9aa35cb9abfb2b83
p12v4m6-D-no_suspension-s2048,D,no_suspension,2048,trade_count,970.0,90e40d212b5faaff644e0041eeef92c0b0056ce9a834095a047948a1d5e42529,0ed9091f1ab96d24ef5fbd41d0d080668623e954e4f15e4a277f1c217e825eb9,6f03d3da3ed6ecbe918c5a7f9aa35cb9abfb2b83
p12v4m6-D-no_suspension-s2048,D,no_suspension,2048,delta_invalid_order_count,0.0,90e40d212b5faaff644e0041eeef92c0b0056ce9a834095a047948a1d5e42529,0ed9091f1ab96d24ef5fbd41d0d080668623e954e4f15e4a277f1c217e825eb9,6f03d3da3ed6ecbe918c5a7f9aa35cb9abfb2b83
p12v4m6-D-no_suspension-s2048,D,no_suspension,2048,delta_max_drawdown,0.0,90e40d212b5faaff644e0041eeef92c0b0056ce9a834095a047948a1d5e42529,0ed9091f1ab96d24ef5fbd41d0d080668623e954e4f15e4a277f1c217e825eb9,6f03d3da3ed6ecbe918c5a7f9aa35cb9abfb2b83
p12v4m6-D-no_suspension-s2048,D,no_suspension,2048,delta_mean_return,0.0,90e40d212b5faaff644e0041eeef92c0b0056ce9a834095a047948a1d5e42529,0ed9091f1ab96d24ef5fbd41d0d080668623e954e4f15e4a277f1c217e825eb9,6f03d3da3ed6ecbe918c5a7f9aa35cb9abfb2b83
p12v4m6-D-no_suspension-s2048,D,no_suspension,2048,delta_mean_reward,0.0,90e40d212b5faaff644e0041eeef92c0b0056ce9a834095a047948a1d5e42529,0ed9091f1ab96d24ef5fbd41d0d080668623e954e4f15e4a277f1c217e825eb9,6f03d3da3ed6ecbe918c5a7f9aa35cb9abfb2b83
p12v4m6-D-no_suspension-s2048,D,no_suspension,2048,delta_mean_turnover,0.0,90e40d212b5faaff644e0041eeef92c0b0056ce9a834095a047948a1d5e42529,0ed9091f1ab96d24ef5fbd41d0d080668623e954e4f15e4a277f1c217e825eb9,6f03d3da3ed6ecbe918c5a7f9aa35cb9abfb2b83
p12v4m6-D-no_suspension-s2048,D,no_suspension,2048,delta_sharpe,0.0,90e40d212b5faaff644e0041eeef92c0b0056ce9a834095a047948a1d5e42529,0ed9091f1ab96d24ef5fbd41d0d080668623e954e4f15e4a277f1c217e825eb9,6f03d3da3ed6ecbe918c5a7f9aa35cb9abfb2b83
p12v4m6-D-no_suspension-s2048,D,no_suspension,2048,delta_std_return,0.0,90e40d212b5faaff644e0041eeef92c0b0056ce9a834095a047948a1d5e42529,0ed9091f1ab96d24ef5fbd41d0d080668623e954e4f15e4a277f1c217e825eb9,6f03d3da3ed6ecbe918c5a7f9aa35cb9abfb2b83
p12v4m6-D-no_suspension-s2048,D,no_suspension,2048,delta_total_cost,0.0,90e40d212b5faaff644e0041eeef92c0b0056ce9a834095a047948a1d5e42529,0ed9091f1ab96d24ef5fbd41d0d080668623e954e4f15e4a277f1c217e825eb9,6f03d3da3ed6ecbe918c5a7f9aa35cb9abfb2b83
p12v4m6-D-no_suspension-s2048,D,no_suspension,2048,delta_trade_count,0.0,90e40d212b5faaff644e0041eeef92c0b0056ce9a834095a047948a1d5e42529,0ed9091f1ab96d24ef5fbd41d0d080668623e954e4f15e4a277f1c217e825eb9,6f03d3da3ed6ecbe918c5a7f9aa35cb9abfb2b83
p12v4m6-D-no_suspension-s2048,D,no_suspension,2048,runtime_seconds,2.1192046949872747,90e40d212b5faaff644e0041eeef92c0b0056ce9a834095a047948a1d5e42529,0ed9091f1ab96d24ef5fbd41d0d080668623e954e4f15e4a277f1c217e825eb9,6f03d3da3ed6ecbe918c5a7f9aa35cb9abfb2b83
p12v4m6-D-no_suspension-s4096,D,no_suspension,4096,invalid_order_count,43140.0,90e40d212b5faaff644e0041eeef92c0b0056ce9a834095a047948a1d5e42529,0ed9091f1ab96d24ef5fbd41d0d080668623e954e4f15e4a277f1c217e825eb9,6f03d3da3ed6ecbe918c5a7f9aa35cb9abfb2b83
p12v4m6-D-no_suspension-s4096,D,no_suspension,4096,max_drawdown,0.1259207391674364,90e40d212b5faaff644e0041eeef92c0b0056ce9a834095a047948a1d5e42529,0ed9091f1ab96d24ef5fbd41d0d080668623e954e4f15e4a277f1c217e825eb9,6f03d3da3ed6ecbe918c5a7f9aa35cb9abfb2b83
p12v4m6-D-no_suspension-s4096,D,no_suspension,4096,mean_return,0.16410671827390155,90e40d212b5faaff644e0041eeef92c0b0056ce9a834095a047948a1d5e42529,0ed9091f1ab96d24ef5fbd41d0d080668623e954e4f15e4a277f1c217e825eb9,6f03d3da3ed6ecbe918c5a7f9aa35cb9abfb2b83
p12v4m6-D-no_suspension-s4096,D,no_suspension,4096,mean_reward,0.026249692009862435,90e40d212b5faaff644e0041eeef92c0b0056ce9a834095a047948a1d5e42529,0ed9091f1ab96d24ef5fbd41d0d080668623e954e4f15e4a277f1c217e825eb9,6f03d3da3ed6ecbe918c5a7f9aa35cb9abfb2b83
p12v4m6-D-no_suspension-s4096,D,no_suspension,4096,mean_turnover,0.1140879504712142,90e40d212b5faaff644e0041eeef92c0b0056ce9a834095a047948a1d5e42529,0ed9091f1ab96d24ef5fbd41d0d080668623e954e4f15e4a277f1c217e825eb9,6f03d3da3ed6ecbe918c5a7f9aa35cb9abfb2b83
p12v4m6-D-no_suspension-s4096,D,no_suspension,4096,sharpe,1.7662537146445785,90e40d212b5faaff644e0041eeef92c0b0056ce9a834095a047948a1d5e42529,0ed9091f1ab96d24ef5fbd41d0d080668623e954e4f15e4a277f1c217e825eb9,6f03d3da3ed6ecbe918c5a7f9aa35cb9abfb2b83
p12v4m6-D-no_suspension-s4096,D,no_suspension,4096,std_return,0.0,90e40d212b5faaff644e0041eeef92c0b0056ce9a834095a047948a1d5e42529,0ed9091f1ab96d24ef5fbd41d0d080668623e954e4f15e4a277f1c217e825eb9,6f03d3da3ed6ecbe918c5a7f9aa35cb9abfb2b83
p12v4m6-D-no_suspension-s4096,D,no_suspension,4096,total_cost,172363.50189122595,90e40d212b5faaff644e0041eeef92c0b0056ce9a834095a047948a1d5e42529,0ed9091f1ab96d24ef5fbd41d0d080668623e954e4f15e4a277f1c217e825eb9,6f03d3da3ed6ecbe918c5a7f9aa35cb9abfb2b83
p12v4m6-D-no_suspension-s4096,D,no_suspension,4096,trade_count,970.0,90e40d212b5faaff644e0041eeef92c0b0056ce9a834095a047948a1d5e42529,0ed9091f1ab96d24ef5fbd41d0d080668623e954e4f15e4a277f1c217e825eb9,6f03d3da3ed6ecbe918c5a7f9aa35cb9abfb2b83
p12v4m6-D-no_suspension-s4096,D,no_suspension,4096,delta_invalid_order_count,0.0,90e40d212b5faaff644e0041eeef92c0b0056ce9a834095a047948a1d5e42529,0ed9091f1ab96d24ef5fbd41d0d080668623e954e4f15e4a277f1c217e825eb9,6f03d3da3ed6ecbe918c5a7f9aa35cb9abfb2b83
p12v4m6-D-no_suspension-s4096,D,no_suspension,4096,delta_max_drawdown,0.0,90e40d212b5faaff644e0041eeef92c0b0056ce9a834095a047948a1d5e42529,0ed9091f1ab96d24ef5fbd41d0d080668623e954e4f15e4a277f1c217e825eb9,6f03d3da3ed6ecbe918c5a7f9aa35cb9abfb2b83
p12v4m6-D-no_suspension-s4096,D,no_suspension,4096,delta_mean_return,0.0,90e40d212b5faaff644e0041eeef92c0b0056ce9a834095a047948a1d5e42529,0ed9091f1ab96d24ef5fbd41d0d080668623e954e4f15e4a277f1c217e825eb9,6f03d3da3ed6ecbe918c5a7f9aa35cb9abfb2b83
p12v4m6-D-no_suspension-s4096,D,no_suspension,4096,delta_mean_reward,0.0,90e40d212b5faaff644e0041eeef92c0b0056ce9a834095a047948a1d5e42529,0ed9091f1ab96d24ef5fbd41d0d080668623e954e4f15e4a277f1c217e825eb9,6f03d3da3ed6ecbe918c5a7f9aa35cb9abfb2b83
p12v4m6-D-no_suspension-s4096,D,no_suspension,4096,delta_mean_turnover,0.0,90e40d212b5faaff644e0041eeef92c0b0056ce9a834095a047948a1d5e42529,0ed9091f1ab96d24ef5fbd41d0d080668623e954e4f15e4a277f1c217e825eb9,6f03d3da3ed6ecbe918c5a7f9aa35cb9abfb2b83
p12v4m6-D-no_suspension-s4096,D,no_suspension,4096,delta_sharpe,0.0,90e40d212b5faaff644e0041eeef92c0b0056ce9a834095a047948a1d5e42529,0ed9091f1ab96d24ef5fbd41d0d080668623e954e4f15e4a277f1c217e825eb9,6f03d3da3ed6ecbe918c5a7f9aa35cb9abfb2b83
p12v4m6-D-no_suspension-s4096,D,no_suspension,4096,delta_std_return,0.0,90e40d212b5faaff644e0041eeef92c0b0056ce9a834095a047948a1d5e42529,0ed9091f1ab96d24ef5fbd41d0d080668623e954e4f15e4a277f1c217e825eb9,6f03d3da3ed6ecbe918c5a7f9aa35cb9abfb2b83
p12v4m6-D-no_suspension-s4096,D,no_suspension,4096,delta_total_cost,0.0,90e40d212b5faaff644e0041eeef92c0b0056ce9a834095a047948a1d5e42529,0ed9091f1ab96d24ef5fbd41d0d080668623e954e4f15e4a277f1c217e825eb9,6f03d3da3ed6ecbe918c5a7f9aa35cb9abfb2b83
p12v4m6-D-no_suspension-s4096,D,no_suspension,4096,delta_trade_count,0.0,90e40d212b5faaff644e0041eeef92c0b0056ce9a834095a047948a1d5e42529,0ed9091f1ab96d24ef5fbd41d0d080668623e954e4f15e4a277f1c217e825eb9,6f03d3da3ed6ecbe918c5a7f9aa35cb9abfb2b83
p12v4m6-D-no_suspension-s4096,D,no_suspension,4096,runtime_seconds,2.1106260679662228,90e40d212b5faaff644e0041eeef92c0b0056ce9a834095a047948a1d5e42529,0ed9091f1ab96d24ef5fbd41d0d080668623e954e4f15e4a277f1c217e825eb9,6f03d3da3ed6ecbe918c5a7f9aa35cb9abfb2b83
p12v4m6-D-no_suspension-s8192,D,no_suspension,8192,invalid_order_count,43140.0,90e40d212b5faaff644e0041eeef92c0b0056ce9a834095a047948a1d5e42529,0ed9091f1ab96d24ef5fbd41d0d080668623e954e4f15e4a277f1c217e825eb9,6f03d3da3ed6ecbe918c5a7f9aa35cb9abfb2b83
p12v4m6-D-no_suspension-s8192,D,no_suspension,8192,max_drawdown,0.1259207391674364,90e40d212b5faaff644e0041eeef92c0b0056ce9a834095a047948a1d5e42529,0ed9091f1ab96d24ef5fbd41d0d080668623e954e4f15e4a277f1c217e825eb9,6f03d3da3ed6ecbe918c5a7f9aa35cb9abfb2b83
p12v4m6-D-no_suspension-s8192,D,no_suspension,8192,mean_return,0.16410671827390155,90e40d212b5faaff644e0041eeef92c0b0056ce9a834095a047948a1d5e42529,0ed9091f1ab96d24ef5fbd41d0d080668623e954e4f15e4a277f1c217e825eb9,6f03d3da3ed6ecbe918c5a7f9aa35cb9abfb2b83
p12v4m6-D-no_suspension-s8192,D,no_suspension,8192,mean_reward,0.026249692009862435,90e40d212b5faaff644e0041eeef92c0b0056ce9a834095a047948a1d5e42529,0ed9091f1ab96d24ef5fbd41d0d080668623e954e4f15e4a277f1c217e825eb9,6f03d3da3ed6ecbe918c5a7f9aa35cb9abfb2b83
p12v4m6-D-no_suspension-s8192,D,no_suspension,8192,mean_turnover,0.1140879504712142,90e40d212b5faaff644e0041eeef92c0b0056ce9a834095a047948a1d5e42529,0ed9091f1ab96d24ef5fbd41d0d080668623e954e4f15e4a277f1c217e825eb9,6f03d3da3ed6ecbe918c5a7f9aa35cb9abfb2b83
p12v4m6-D-no_suspension-s8192,D,no_suspension,8192,sharpe,1.7662537146445785,90e40d212b5faaff644e0041eeef92c0b0056ce9a834095a047948a1d5e42529,0ed9091f1ab96d24ef5fbd41d0d080668623e954e4f15e4a277f1c217e825eb9,6f03d3da3ed6ecbe918c5a7f9aa35cb9abfb2b83
p12v4m6-D-no_suspension-s8192,D,no_suspension,8192,std_return,0.0,90e40d212b5faaff644e0041eeef92c0b0056ce9a834095a047948a1d5e42529,0ed9091f1ab96d24ef5fbd41d0d080668623e954e4f15e4a277f1c217e825eb9,6f03d3da3ed6ecbe918c5a7f9aa35cb9abfb2b83
p12v4m6-D-no_suspension-s8192,D,no_suspension,8192,total_cost,172363.50189122595,90e40d212b5faaff644e0041eeef92c0b0056ce9a834095a047948a1d5e42529,0ed9091f1ab96d24ef5fbd41d0d080668623e954e4f15e4a277f1c217e825eb9,6f03d3da3ed6ecbe918c5a7f9aa35cb9abfb2b83
p12v4m6-D-no_suspension-s8192,D,no_suspension,8192,trade_count,970.0,90e40d212b5faaff644e0041eeef92c0b0056ce9a834095a047948a1d5e42529,0ed9091f1ab96d24ef5fbd41d0d080668623e954e4f15e4a277f1c217e825eb9,6f03d3da3ed6ecbe918c5a7f9aa35cb9abfb2b83
p12v4m6-D-no_suspension-s8192,D,no_suspension,8192,delta_invalid_order_count,0.0,90e40d212b5faaff644e0041eeef92c0b0056ce9a834095a047948a1d5e42529,0ed9091f1ab96d24ef5fbd41d0d080668623e954e4f15e4a277f1c217e825eb9,6f03d3da3ed6ecbe918c5a7f9aa35cb9abfb2b83
p12v4m6-D-no_suspension-s8192,D,no_suspension,8192,delta_max_drawdown,0.0,90e40d212b5faaff644e0041eeef92c0b0056ce9a834095a047948a1d5e42529,0ed9091f1ab96d24ef5fbd41d0d080668623e954e4f15e4a277f1c217e825eb9,6f03d3da3ed6ecbe918c5a7f9aa35cb9abfb2b83
p12v4m6-D-no_suspension-s8192,D,no_suspension,8192,delta_mean_return,0.0,90e40d212b5faaff644e0041eeef92c0b0056ce9a834095a047948a1d5e42529,0ed9091f1ab96d24ef5fbd41d0d080668623e954e4f15e4a277f1c217e825eb9,6f03d3da3ed6ecbe918c5a7f9aa35cb9abfb2b83
p12v4m6-D-no_suspension-s8192,D,no_suspension,8192,delta_mean_reward,0.0,90e40d212b5faaff644e0041eeef92c0b0056ce9a834095a047948a1d5e42529,0ed9091f1ab96d24ef5fbd41d0d080668623e954e4f15e4a277f1c217e825eb9,6f03d3da3ed6ecbe918c5a7f9aa35cb9abfb2b83
p12v4m6-D-no_suspension-s8192,D,no_suspension,8192,delta_mean_turnover,0.0,90e40d212b5faaff644e0041eeef92c0b0056ce9a834095a047948a1d5e42529,0ed9091f1ab96d24ef5fbd41d0d080668623e954e4f15e4a277f1c217e825eb9,6f03d3da3ed6ecbe918c5a7f9aa35cb9abfb2b83
p12v4m6-D-no_suspension-s8192,D,no_suspension,8192,delta_sharpe,0.0,90e40d212b5faaff644e0041eeef92c0b0056ce9a834095a047948a1d5e42529,0ed9091f1ab96d24ef5fbd41d0d080668623e954e4f15e4a277f1c217e825eb9,6f03d3da3ed6ecbe918c5a7f9aa35cb9abfb2b83
p12v4m6-D-no_suspension-s8192,D,no_suspension,8192,delta_std_return,0.0,90e40d212b5faaff644e0041eeef92c0b0056ce9a834095a047948a1d5e42529,0ed9091f1ab96d24ef5fbd41d0d080668623e954e4f15e4a277f1c217e825eb9,6f03d3da3ed6ecbe918c5a7f9aa35cb9abfb2b83
p12v4m6-D-no_suspension-s8192,D,no_suspension,8192,delta_total_cost,0.0,90e40d212b5faaff644e0041eeef92c0b0056ce9a834095a047948a1d5e42529,0ed9091f1ab96d24ef5fbd41d0d080668623e954e4f15e4a277f1c217e825eb9,6f03d3da3ed6ecbe918c5a7f9aa35cb9abfb2b83
p12v4m6-D-no_suspension-s8192,D,no_suspension,8192,delta_trade_count,0.0,90e40d212b5faaff644e0041eeef92c0b0056ce9a834095a047948a1d5e42529,0ed9091f1ab96d24ef5fbd41d0d080668623e954e4f15e4a277f1c217e825eb9,6f03d3da3ed6ecbe918c5a7f9aa35cb9abfb2b83
p12v4m6-D-no_suspension-s8192,D,no_suspension,8192,runtime_seconds,2.164155567996204,90e40d212b5faaff644e0041eeef92c0b0056ce9a834095a047948a1d5e42529,0ed9091f1ab96d24ef5fbd41d0d080668623e954e4f15e4a277f1c217e825eb9,6f03d3da3ed6ecbe918c5a7f9aa35cb9abfb2b83
p12v4m6-D-no_suspension-s16384,D,no_suspension,16384,invalid_order_count,43140.0,90e40d212b5faaff644e0041eeef92c0b0056ce9a834095a047948a1d5e42529,0ed9091f1ab96d24ef5fbd41d0d080668623e954e4f15e4a277f1c217e825eb9,6f03d3da3ed6ecbe918c5a7f9aa35cb9abfb2b83
p12v4m6-D-no_suspension-s16384,D,no_suspension,16384,max_drawdown,0.1259207391674364,90e40d212b5faaff644e0041eeef92c0b0056ce9a834095a047948a1d5e42529,0ed9091f1ab96d24ef5fbd41d0d080668623e954e4f15e4a277f1c217e825eb9,6f03d3da3ed6ecbe918c5a7f9aa35cb9abfb2b83
p12v4m6-D-no_suspension-s16384,D,no_suspension,16384,mean_return,0.16410671827390155,90e40d212b5faaff644e0041eeef92c0b0056ce9a834095a047948a1d5e42529,0ed9091f1ab96d24ef5fbd41d0d080668623e954e4f15e4a277f1c217e825eb9,6f03d3da3ed6ecbe918c5a7f9aa35cb9abfb2b83
p12v4m6-D-no_suspension-s16384,D,no_suspension,16384,mean_reward,0.026249692009862435,90e40d212b5faaff644e0041eeef92c0b0056ce9a834095a047948a1d5e42529,0ed9091f1ab96d24ef5fbd41d0d080668623e954e4f15e4a277f1c217e825eb9,6f03d3da3ed6ecbe918c5a7f9aa35cb9abfb2b83
p12v4m6-D-no_suspension-s16384,D,no_suspension,16384,mean_turnover,0.1140879504712142,90e40d212b5faaff644e0041eeef92c0b0056ce9a834095a047948a1d5e42529,0ed9091f1ab96d24ef5fbd41d0d080668623e954e4f15e4a277f1c217e825eb9,6f03d3da3ed6ecbe918c5a7f9aa35cb9abfb2b83
p12v4m6-D-no_suspension-s16384,D,no_suspension,16384,sharpe,1.7662537146445785,90e40d212b5faaff644e0041eeef92c0b0056ce9a834095a047948a1d5e42529,0ed9091f1ab96d24ef5fbd41d0d080668623e954e4f15e4a277f1c217e825eb9,6f03d3da3ed6ecbe918c5a7f9aa35cb9abfb2b83
p12v4m6-D-no_suspension-s16384,D,no_suspension,16384,std_return,0.0,90e40d212b5faaff644e0041eeef92c0b0056ce9a834095a047948a1d5e42529,0ed9091f1ab96d24ef5fbd41d0d080668623e954e4f15e4a277f1c217e825eb9,6f03d3da3ed6ecbe918c5a7f9aa35cb9abfb2b83
p12v4m6-D-no_suspension-s16384,D,no_suspension,16384,total_cost,172363.50189122595,90e40d212b5faaff644e0041eeef92c0b0056ce9a834095a047948a1d5e42529,0ed9091f1ab96d24ef5fbd41d0d080668623e954e4f15e4a277f1c217e825eb9,6f03d3da3ed6ecbe918c5a7f9aa35cb9abfb2b83
p12v4m6-D-no_suspension-s16384,D,no_suspension,16384,trade_count,970.0,90e40d212b5faaff644e0041eeef92c0b0056ce9a834095a047948a1d5e42529,0ed9091f1ab96d24ef5fbd41d0d080668623e954e4f15e4a277f1c217e825eb9,6f03d3da3ed6ecbe918c5a7f9aa35cb9abfb2b83
p12v4m6-D-no_suspension-s16384,D,no_suspension,16384,delta_invalid_order_count,0.0,90e40d212b5faaff644e0041eeef92c0b0056ce9a834095a047948a1d5e42529,0ed9091f1ab96d24ef5fbd41d0d080668623e954e4f15e4a277f1c217e825eb9,6f03d3da3ed6ecbe918c5a7f9aa35cb9abfb2b83
p12v4m6-D-no_suspension-s16384,D,no_suspension,16384,delta_max_drawdown,0.0,90e40d212b5faaff644e0041eeef92c0b0056ce9a834095a047948a1d5e42529,0ed9091f1ab96d24ef5fbd41d0d080668623e954e4f15e4a277f1c217e825eb9,6f03d3da3ed6ecbe918c5a7f9aa35cb9abfb2b83
p12v4m6-D-no_suspension-s16384,D,no_suspension,16384,delta_mean_return,0.0,90e40d212b5faaff644e0041eeef92c0b0056ce9a834095a047948a1d5e42529,0ed9091f1ab96d24ef5fbd41d0d080668623e954e4f15e4a277f1c217e825eb9,6f03d3da3ed6ecbe918c5a7f9aa35cb9abfb2b83
p12v4m6-D-no_suspension-s16384,D,no_suspension,16384,delta_mean_reward,0.0,90e40d212b5faaff644e0041eeef92c0b0056ce9a834095a047948a1d5e42529,0ed9091f1ab96d24ef5fbd41d0d080668623e954e4f15e4a277f1c217e825eb9,6f03d3da3ed6ecbe918c5a7f9aa35cb9abfb2b83
p12v4m6-D-no_suspension-s16384,D,no_suspension,16384,delta_mean_turnover,0.0,90e40d212b5faaff644e0041eeef92c0b0056ce9a834095a047948a1d5e42529,0ed9091f1ab96d24ef5fbd41d0d080668623e954e4f15e4a277f1c217e825eb9,6f03d3da3ed6ecbe918c5a7f9aa35cb9abfb2b83
p12v4m6-D-no_suspension-s16384,D,no_suspension,16384,delta_sharpe,0.0,90e40d212b5faaff644e0041eeef92c0b0056ce9a834095a047948a1d5e42529,0ed9091f1ab96d24ef5fbd41d0d080668623e954e4f15e4a277f1c217e825eb9,6f03d3da3ed6ecbe918c5a7f9aa35cb9abfb2b83
p12v4m6-D-no_suspension-s16384,D,no_suspension,16384,delta_std_return,0.0,90e40d212b5faaff644e0041eeef92c0b0056ce9a834095a047948a1d5e42529,0ed9091f1ab96d24ef5fbd41d0d080668623e954e4f15e4a277f1c217e825eb9,6f03d3da3ed6ecbe918c5a7f9aa35cb9abfb2b83
p12v4m6-D-no_suspension-s16384,D,no_suspension,16384,delta_total_cost,0.0,90e40d212b5faaff644e0041eeef92c0b0056ce9a834095a047948a1d5e42529,0ed9091f1ab96d24ef5fbd41d0d080668623e954e4f15e4a277f1c217e825eb9,6f03d3da3ed6ecbe918c5a7f9aa35cb9abfb2b83
p12v4m6-D-no_suspension-s16384,D,no_suspension,16384,delta_trade_count,0.0,90e40d212b5faaff644e0041eeef92c0b0056ce9a834095a047948a1d5e42529,0ed9091f1ab96d24ef5fbd41d0d080668623e954e4f15e4a277f1c217e825eb9,6f03d3da3ed6ecbe918c5a7f9aa35cb9abfb2b83
p12v4m6-D-no_suspension-s16384,D,no_suspension,16384,runtime_seconds,2.0378393119899556,90e40d212b5faaff644e0041eeef92c0b0056ce9a834095a047948a1d5e42529,0ed9091f1ab96d24ef5fbd41d0d080668623e954e4f15e4a277f1c217e825eb9,6f03d3da3ed6ecbe918c5a7f9aa35cb9abfb2b83
p12v4m6-D-no_fx_variation-s1024,D,no_fx_variation,1024,invalid_order_count,43435.0,90e40d212b5faaff644e0041eeef92c0b0056ce9a834095a047948a1d5e42529,0ed9091f1ab96d24ef5fbd41d0d080668623e954e4f15e4a277f1c217e825eb9,6f03d3da3ed6ecbe918c5a7f9aa35cb9abfb2b83
p12v4m6-D-no_fx_variation-s1024,D,no_fx_variation,1024,max_drawdown,0.13631351311367756,90e40d212b5faaff644e0041eeef92c0b0056ce9a834095a047948a1d5e42529,0ed9091f1ab96d24ef5fbd41d0d080668623e954e4f15e4a277f1c217e825eb9,6f03d3da3ed6ecbe918c5a7f9aa35cb9abfb2b83
p12v4m6-D-no_fx_variation-s1024,D,no_fx_variation,1024,mean_return,0.1334623980120795,90e40d212b5faaff644e0041eeef92c0b0056ce9a834095a047948a1d5e42529,0ed9091f1ab96d24ef5fbd41d0d080668623e954e4f15e4a277f1c217e825eb9,6f03d3da3ed6ecbe918c5a7f9aa35cb9abfb2b83
p12v4m6-D-no_fx_variation-s1024,D,no_fx_variation,1024,mean_reward,0.0039528922274156076,90e40d212b5faaff644e0041eeef92c0b0056ce9a834095a047948a1d5e42529,0ed9091f1ab96d24ef5fbd41d0d080668623e954e4f15e4a277f1c217e825eb9,6f03d3da3ed6ecbe918c5a7f9aa35cb9abfb2b83
p12v4m6-D-no_fx_variation-s1024,D,no_fx_variation,1024,mean_turnover,0.11398535619849202,90e40d212b5faaff644e0041eeef92c0b0056ce9a834095a047948a1d5e42529,0ed9091f1ab96d24ef5fbd41d0d080668623e954e4f15e4a277f1c217e825eb9,6f03d3da3ed6ecbe918c5a7f9aa35cb9abfb2b83
p12v4m6-D-no_fx_variation-s1024,D,no_fx_variation,1024,sharpe,1.510504868809848,90e40d212b5faaff644e0041eeef92c0b0056ce9a834095a047948a1d5e42529,0ed9091f1ab96d24ef5fbd41d0d080668623e954e4f15e4a277f1c217e825eb9,6f03d3da3ed6ecbe918c5a7f9aa35cb9abfb2b83
p12v4m6-D-no_fx_variation-s1024,D,no_fx_variation,1024,std_return,0.0,90e40d212b5faaff644e0041eeef92c0b0056ce9a834095a047948a1d5e42529,0ed9091f1ab96d24ef5fbd41d0d080668623e954e4f15e4a277f1c217e825eb9,6f03d3da3ed6ecbe918c5a7f9aa35cb9abfb2b83
p12v4m6-D-no_fx_variation-s1024,D,no_fx_variation,1024,total_cost,168526.77732001556,90e40d212b5faaff644e0041eeef92c0b0056ce9a834095a047948a1d5e42529,0ed9091f1ab96d24ef5fbd41d0d080668623e954e4f15e4a277f1c217e825eb9,6f03d3da3ed6ecbe918c5a7f9aa35cb9abfb2b83
p12v4m6-D-no_fx_variation-s1024,D,no_fx_variation,1024,trade_count,970.0,90e40d212b5faaff644e0041eeef92c0b0056ce9a834095a047948a1d5e42529,0ed9091f1ab96d24ef5fbd41d0d080668623e954e4f15e4a277f1c217e825eb9,6f03d3da3ed6ecbe918c5a7f9aa35cb9abfb2b83
p12v4m6-D-no_fx_variation-s1024,D,no_fx_variation,1024,delta_invalid_order_count,295.0,90e40d212b5faaff644e0041eeef92c0b0056ce9a834095a047948a1d5e42529,0ed9091f1ab96d24ef5fbd41d0d080668623e954e4f15e4a277f1c217e825eb9,6f03d3da3ed6ecbe918c5a7f9aa35cb9abfb2b83
p12v4m6-D-no_fx_variation-s1024,D,no_fx_variation,1024,delta_max_drawdown,0.010392773946241163,90e40d212b5faaff644e0041eeef92c0b0056ce9a834095a047948a1d5e42529,0ed9091f1ab96d24ef5fbd41d0d080668623e954e4f15e4a277f1c217e825eb9,6f03d3da3ed6ecbe918c5a7f9aa35cb9abfb2b83
p12v4m6-D-no_fx_variation-s1024,D,no_fx_variation,1024,delta_mean_return,-0.030644320261822067,90e40d212b5faaff644e0041eeef92c0b0056ce9a834095a047948a1d5e42529,0ed9091f1ab96d24ef5fbd41d0d080668623e954e4f15e4a277f1c217e825eb9,6f03d3da3ed6ecbe918c5a7f9aa35cb9abfb2b83
p12v4m6-D-no_fx_variation-s1024,D,no_fx_variation,1024,delta_mean_reward,-0.02229679978244683,90e40d212b5faaff644e0041eeef92c0b0056ce9a834095a047948a1d5e42529,0ed9091f1ab96d24ef5fbd41d0d080668623e954e4f15e4a277f1c217e825eb9,6f03d3da3ed6ecbe918c5a7f9aa35cb9abfb2b83
p12v4m6-D-no_fx_variation-s1024,D,no_fx_variation,1024,delta_mean_turnover,-0.0001025942727221757,90e40d212b5faaff644e0041eeef92c0b0056ce9a834095a047948a1d5e42529,0ed9091f1ab96d24ef5fbd41d0d080668623e954e4f15e4a277f1c217e825eb9,6f03d3da3ed6ecbe918c5a7f9aa35cb9abfb2b83
p12v4m6-D-no_fx_variation-s1024,D,no_fx_variation,1024,delta_sharpe,-0.25574884583473056,90e40d212b5faaff644e0041eeef92c0b0056ce9a834095a047948a1d5e42529,0ed9091f1ab96d24ef5fbd41d0d080668623e954e4f15e4a277f1c217e825eb9,6f03d3da3ed6ecbe918c5a7f9aa35cb9abfb2b83
p12v4m6-D-no_fx_variation-s1024,D,no_fx_variation,1024,delta_std_return,0.0,90e40d212b5faaff644e0041eeef92c0b0056ce9a834095a047948a1d5e42529,0ed9091f1ab96d24ef5fbd41d0d080668623e954e4f15e4a277f1c217e825eb9,6f03d3da3ed6ecbe918c5a7f9aa35cb9abfb2b83
p12v4m6-D-no_fx_variation-s1024,D,no_fx_variation,1024,delta_total_cost,-3836.7245712103904,90e40d212b5faaff644e0041eeef92c0b0056ce9a834095a047948a1d5e42529,0ed9091f1ab96d24ef5fbd41d0d080668623e954e4f15e4a277f1c217e825eb9,6f03d3da3ed6ecbe918c5a7f9aa35cb9abfb2b83
p12v4m6-D-no_fx_variation-s1024,D,no_fx_variation,1024,delta_trade_count,0.0,90e40d212b5faaff644e0041eeef92c0b0056ce9a834095a047948a1d5e42529,0ed9091f1ab96d24ef5fbd41d0d080668623e954e4f15e4a277f1c217e825eb9,6f03d3da3ed6ecbe918c5a7f9aa35cb9abfb2b83
p12v4m6-D-no_fx_variation-s1024,D,no_fx_variation,1024,runtime_seconds,2.046293507097289,90e40d212b5faaff644e0041eeef92c0b0056ce9a834095a047948a1d5e42529,0ed9091f1ab96d24ef5fbd41d0d080668623e954e4f15e4a277f1c217e825eb9,6f03d3da3ed6ecbe918c5a7f9aa35cb9abfb2b83
p12v4m6-D-no_fx_variation-s2048,D,no_fx_variation,2048,invalid_order_count,43435.0,90e40d212b5faaff644e0041eeef92c0b0056ce9a834095a047948a1d5e42529,0ed9091f1ab96d24ef5fbd41d0d080668623e954e4f15e4a277f1c217e825eb9,6f03d3da3ed6ecbe918c5a7f9aa35cb9abfb2b83
p12v4m6-D-no_fx_variation-s2048,D,no_fx_variation,2048,max_drawdown,0.13631351311367756,90e40d212b5faaff644e0041eeef92c0b0056ce9a834095a047948a1d5e42529,0ed9091f1ab96d24ef5fbd41d0d080668623e954e4f15e4a277f1c217e825eb9,6f03d3da3ed6ecbe918c5a7f9aa35cb9abfb2b83
p12v4m6-D-no_fx_variation-s2048,D,no_fx_variation,2048,mean_return,0.1334623980120795,90e40d212b5faaff644e0041eeef92c0b0056ce9a834095a047948a1d5e42529,0ed9091f1ab96d24ef5fbd41d0d080668623e954e4f15e4a277f1c217e825eb9,6f03d3da3ed6ecbe918c5a7f9aa35cb9abfb2b83
p12v4m6-D-no_fx_variation-s2048,D,no_fx_variation,2048,mean_reward,0.0039528922274156076,90e40d212b5faaff644e0041eeef92c0b0056ce9a834095a047948a1d5e42529,0ed9091f1ab96d24ef5fbd41d0d080668623e954e4f15e4a277f1c217e825eb9,6f03d3da3ed6ecbe918c5a7f9aa35cb9abfb2b83
p12v4m6-D-no_fx_variation-s2048,D,no_fx_variation,2048,mean_turnover,0.11398535619849202,90e40d212b5faaff644e0041eeef92c0b0056ce9a834095a047948a1d5e42529,0ed9091f1ab96d24ef5fbd41d0d080668623e954e4f15e4a277f1c217e825eb9,6f03d3da3ed6ecbe918c5a7f9aa35cb9abfb2b83
p12v4m6-D-no_fx_variation-s2048,D,no_fx_variation,2048,sharpe,1.510504868809848,90e40d212b5faaff644e0041eeef92c0b0056ce9a834095a047948a1d5e42529,0ed9091f1ab96d24ef5fbd41d0d080668623e954e4f15e4a277f1c217e825eb9,6f03d3da3ed6ecbe918c5a7f9aa35cb9abfb2b83
p12v4m6-D-no_fx_variation-s2048,D,no_fx_variation,2048,std_return,0.0,90e40d212b5faaff644e0041eeef92c0b0056ce9a834095a047948a1d5e42529,0ed9091f1ab96d24ef5fbd41d0d080668623e954e4f15e4a277f1c217e825eb9,6f03d3da3ed6ecbe918c5a7f9aa35cb9abfb2b83
p12v4m6-D-no_fx_variation-s2048,D,no_fx_variation,2048,total_cost,168526.77732001556,90e40d212b5faaff644e0041eeef92c0b0056ce9a834095a047948a1d5e42529,0ed9091f1ab96d24ef5fbd41d0d080668623e954e4f15e4a277f1c217e825eb9,6f03d3da3ed6ecbe918c5a7f9aa35cb9abfb2b83
p12v4m6-D-no_fx_variation-s2048,D,no_fx_variation,2048,trade_count,970.0,90e40d212b5faaff644e0041eeef92c0b0056ce9a834095a047948a1d5e42529,0ed9091f1ab96d24ef5fbd41d0d080668623e954e4f15e4a277f1c217e825eb9,6f03d3da3ed6ecbe918c5a7f9aa35cb9abfb2b83
p12v4m6-D-no_fx_variation-s2048,D,no_fx_variation,2048,delta_invalid_order_count,295.0,90e40d212b5faaff644e0041eeef92c0b0056ce9a834095a047948a1d5e42529,0ed9091f1ab96d24ef5fbd41d0d080668623e954e4f15e4a277f1c217e825eb9,6f03d3da3ed6ecbe918c5a7f9aa35cb9abfb2b83
p12v4m6-D-no_fx_variation-s2048,D,no_fx_variation,2048,delta_max_drawdown,0.010392773946241163,90e40d212b5faaff644e0041eeef92c0b0056ce9a834095a047948a1d5e42529,0ed9091f1ab96d24ef5fbd41d0d080668623e954e4f15e4a277f1c217e825eb9,6f03d3da3ed6ecbe918c5a7f9aa35cb9abfb2b83
p12v4m6-D-no_fx_variation-s2048,D,no_fx_variation,2048,delta_mean_return,-0.030644320261822067,90e40d212b5faaff644e0041eeef92c0b0056ce9a834095a047948a1d5e42529,0ed9091f1ab96d24ef5fbd41d0d080668623e954e4f15e4a277f1c217e825eb9,6f03d3da3ed6ecbe918c5a7f9aa35cb9abfb2b83
p12v4m6-D-no_fx_variation-s2048,D,no_fx_variation,2048,delta_mean_reward,-0.02229679978244683,90e40d212b5faaff644e0041eeef92c0b0056ce9a834095a047948a1d5e42529,0ed9091f1ab96d24ef5fbd41d0d080668623e954e4f15e4a277f1c217e825eb9,6f03d3da3ed6ecbe918c5a7f9aa35cb9abfb2b83
p12v4m6-D-no_fx_variation-s2048,D,no_fx_variation,2048,delta_mean_turnover,-0.0001025942727221757,90e40d212b5faaff644e0041eeef92c0b0056ce9a834095a047948a1d5e42529,0ed9091f1ab96d24ef5fbd41d0d080668623e954e4f15e4a277f1c217e825eb9,6f03d3da3ed6ecbe918c5a7f9aa35cb9abfb2b83
p12v4m6-D-no_fx_variation-s2048,D,no_fx_variation,2048,delta_sharpe,-0.25574884583473056,90e40d212b5faaff644e0041eeef92c0b0056ce9a834095a047948a1d5e42529,0ed9091f1ab96d24ef5fbd41d0d080668623e954e4f15e4a277f1c217e825eb9,6f03d3da3ed6ecbe918c5a7f9aa35cb9abfb2b83
p12v4m6-D-no_fx_variation-s2048,D,no_fx_variation,2048,delta_std_return,0.0,90e40d212b5faaff644e0041eeef92c0b0056ce9a834095a047948a1d5e42529,0ed9091f1ab96d24ef5fbd41d0d080668623e954e4f15e4a277f1c217e825eb9,6f03d3da3ed6ecbe918c5a7f9aa35cb9abfb2b83
p12v4m6-D-no_fx_variation-s2048,D,no_fx_variation,2048,delta_total_cost,-3836.7245712103904,90e40d212b5faaff644e0041eeef92c0b0056ce9a834095a047948a1d5e42529,0ed9091f1ab96d24ef5fbd41d0d080668623e954e4f15e4a277f1c217e825eb9,6f03d3da3ed6ecbe918c5a7f9aa35cb9abfb2b83
p12v4m6-D-no_fx_variation-s2048,D,no_fx_variation,2048,delta_trade_count,0.0,90e40d212b5faaff644e0041eeef92c0b0056ce9a834095a047948a1d5e42529,0ed9091f1ab96d24ef5fbd41d0d080668623e954e4f15e4a277f1c217e825eb9,6f03d3da3ed6ecbe918c5a7f9aa35cb9abfb2b83
p12v4m6-D-no_fx_variation-s2048,D,no_fx_variation,2048,runtime_seconds,2.0170829039998353,90e40d212b5faaff644e0041eeef92c0b0056ce9a834095a047948a1d5e42529,0ed9091f1ab96d24ef5fbd41d0d080668623e954e4f15e4a277f1c217e825eb9,6f03d3da3ed6ecbe918c5a7f9aa35cb9abfb2b83
p12v4m6-D-no_fx_variation-s4096,D,no_fx_variation,4096,invalid_order_count,43435.0,90e40d212b5faaff644e0041eeef92c0b0056ce9a834095a047948a1d5e42529,0ed9091f1ab96d24ef5fbd41d0d080668623e954e4f15e4a277f1c217e825eb9,6f03d3da3ed6ecbe918c5a7f9aa35cb9abfb2b83
p12v4m6-D-no_fx_variation-s4096,D,no_fx_variation,4096,max_drawdown,0.13631351311367756,90e40d212b5faaff644e0041eeef92c0b0056ce9a834095a047948a1d5e42529,0ed9091f1ab96d24ef5fbd41d0d080668623e954e4f15e4a277f1c217e825eb9,6f03d3da3ed6ecbe918c5a7f9aa35cb9abfb2b83
p12v4m6-D-no_fx_variation-s4096,D,no_fx_variation,4096,mean_return,0.1334623980120795,90e40d212b5faaff644e0041eeef92c0b0056ce9a834095a047948a1d5e42529,0ed9091f1ab96d24ef5fbd41d0d080668623e954e4f15e4a277f1c217e825eb9,6f03d3da3ed6ecbe918c5a7f9aa35cb9abfb2b83
p12v4m6-D-no_fx_variation-s4096,D,no_fx_variation,4096,mean_reward,0.0039528922274156076,90e40d212b5faaff644e0041eeef92c0b0056ce9a834095a047948a1d5e42529,0ed9091f1ab96d24ef5fbd41d0d080668623e954e4f15e4a277f1c217e825eb9,6f03d3da3ed6ecbe918c5a7f9aa35cb9abfb2b83
p12v4m6-D-no_fx_variation-s4096,D,no_fx_variation,4096,mean_turnover,0.11398535619849202,90e40d212b5faaff644e0041eeef92c0b0056ce9a834095a047948a1d5e42529,0ed9091f1ab96d24ef5fbd41d0d080668623e954e4f15e4a277f1c217e825eb9,6f03d3da3ed6ecbe918c5a7f9aa35cb9abfb2b83
p12v4m6-D-no_fx_variation-s4096,D,no_fx_variation,4096,sharpe,1.510504868809848,90e40d212b5faaff644e0041eeef92c0b0056ce9a834095a047948a1d5e42529,0ed9091f1ab96d24ef5fbd41d0d080668623e954e4f15e4a277f1c217e825eb9,6f03d3da3ed6ecbe918c5a7f9aa35cb9abfb2b83
p12v4m6-D-no_fx_variation-s4096,D,no_fx_variation,4096,std_return,0.0,90e40d212b5faaff644e0041eeef92c0b0056ce9a834095a047948a1d5e42529,0ed9091f1ab96d24ef5fbd41d0d080668623e954e4f15e4a277f1c217e825eb9,6f03d3da3ed6ecbe918c5a7f9aa35cb9abfb2b83
p12v4m6-D-no_fx_variation-s4096,D,no_fx_variation,4096,total_cost,168526.77732001556,90e40d212b5faaff644e0041eeef92c0b0056ce9a834095a047948a1d5e42529,0ed9091f1ab96d24ef5fbd41d0d080668623e954e4f15e4a277f1c217e825eb9,6f03d3da3ed6ecbe918c5a7f9aa35cb9abfb2b83
p12v4m6-D-no_fx_variation-s4096,D,no_fx_variation,4096,trade_count,970.0,90e40d212b5faaff644e0041eeef92c0b0056ce9a834095a047948a1d5e42529,0ed9091f1ab96d24ef5fbd41d0d080668623e954e4f15e4a277f1c217e825eb9,6f03d3da3ed6ecbe918c5a7f9aa35cb9abfb2b83
p12v4m6-D-no_fx_variation-s4096,D,no_fx_variation,4096,delta_invalid_order_count,295.0,90e40d212b5faaff644e0041eeef92c0b0056ce9a834095a047948a1d5e42529,0ed9091f1ab96d24ef5fbd41d0d080668623e954e4f15e4a277f1c217e825eb9,6f03d3da3ed6ecbe918c5a7f9aa35cb9abfb2b83
p12v4m6-D-no_fx_variation-s4096,D,no_fx_variation,4096,delta_max_drawdown,0.010392773946241163,90e40d212b5faaff644e0041eeef92c0b0056ce9a834095a047948a1d5e42529,0ed9091f1ab96d24ef5fbd41d0d080668623e954e4f15e4a277f1c217e825eb9,6f03d3da3ed6ecbe918c5a7f9aa35cb9abfb2b83
p12v4m6-D-no_fx_variation-s4096,D,no_fx_variation,4096,delta_mean_return,-0.030644320261822067,90e40d212b5faaff644e0041eeef92c0b0056ce9a834095a047948a1d5e42529,0ed9091f1ab96d24ef5fbd41d0d080668623e954e4f15e4a277f1c217e825eb9,6f03d3da3ed6ecbe918c5a7f9aa35cb9abfb2b83
p12v4m6-D-no_fx_variation-s4096,D,no_fx_variation,4096,delta_mean_reward,-0.02229679978244683,90e40d212b5faaff644e0041eeef92c0b0056ce9a834095a047948a1d5e42529,0ed9091f1ab96d24ef5fbd41d0d080668623e954e4f15e4a277f1c217e825eb9,6f03d3da3ed6ecbe918c5a7f9aa35cb9abfb2b83
p12v4m6-D-no_fx_variation-s4096,D,no_fx_variation,4096,delta_mean_turnover,-0.0001025942727221757,90e40d212b5faaff644e0041eeef92c0b0056ce9a834095a047948a1d5e42529,0ed9091f1ab96d24ef5fbd41d0d080668623e954e4f15e4a277f1c217e825eb9,6f03d3da3ed6ecbe918c5a7f9aa35cb9abfb2b83
p12v4m6-D-no_fx_variation-s4096,D,no_fx_variation,4096,delta_sharpe,-0.25574884583473056,90e40d212b5faaff644e0041eeef92c0b0056ce9a834095a047948a1d5e42529,0ed9091f1ab96d24ef5fbd41d0d080668623e954e4f15e4a277f1c217e825eb9,6f03d3da3ed6ecbe918c5a7f9aa35cb9abfb2b83
p12v4m6-D-no_fx_variation-s4096,D,no_fx_variation,4096,delta_std_return,0.0,90e40d212b5faaff644e0041eeef92c0b0056ce9a834095a047948a1d5e42529,0ed9091f1ab96d24ef5fbd41d0d080668623e954e4f15e4a277f1c217e825eb9,6f03d3da3ed6ecbe918c5a7f9aa35cb9abfb2b83
p12v4m6-D-no_fx_variation-s4096,D,no_fx_variation,4096,delta_total_cost,-3836.7245712103904,90e40d212b5faaff644e0041eeef92c0b0056ce9a834095a047948a1d5e42529,0ed9091f1ab96d24ef5fbd41d0d080668623e954e4f15e4a277f1c217e825eb9,6f03d3da3ed6ecbe918c5a7f9aa35cb9abfb2b83
p12v4m6-D-no_fx_variation-s4096,D,no_fx_variation,4096,delta_trade_count,0.0,90e40d212b5faaff644e0041eeef92c0b0056ce9a834095a047948a1d5e42529,0ed9091f1ab96d24ef5fbd41d0d080668623e954e4f15e4a277f1c217e825eb9,6f03d3da3ed6ecbe918c5a7f9aa35cb9abfb2b83
p12v4m6-D-no_fx_variation-s4096,D,no_fx_variation,4096,runtime_seconds,1.992875121999532,90e40d212b5faaff644e0041eeef92c0b0056ce9a834095a047948a1d5e42529,0ed9091f1ab96d24ef5fbd41d0d080668623e954e4f15e4a277f1c217e825eb9,6f03d3da3ed6ecbe918c5a7f9aa35cb9abfb2b83
p12v4m6-D-no_fx_variation-s8192,D,no_fx_variation,8192,invalid_order_count,43435.0,90e40d212b5faaff644e0041eeef92c0b0056ce9a834095a047948a1d5e42529,0ed9091f1ab96d24ef5fbd41d0d080668623e954e4f15e4a277f1c217e825eb9,6f03d3da3ed6ecbe918c5a7f9aa35cb9abfb2b83
p12v4m6-D-no_fx_variation-s8192,D,no_fx_variation,8192,max_drawdown,0.13631351311367756,90e40d212b5faaff644e0041eeef92c0b0056ce9a834095a047948a1d5e42529,0ed9091f1ab96d24ef5fbd41d0d080668623e954e4f15e4a277f1c217e825eb9,6f03d3da3ed6ecbe918c5a7f9aa35cb9abfb2b83
p12v4m6-D-no_fx_variation-s8192,D,no_fx_variation,8192,mean_return,0.1334623980120795,90e40d212b5faaff644e0041eeef92c0b0056ce9a834095a047948a1d5e42529,0ed9091f1ab96d24ef5fbd41d0d080668623e954e4f15e4a277f1c217e825eb9,6f03d3da3ed6ecbe918c5a7f9aa35cb9abfb2b83
p12v4m6-D-no_fx_variation-s8192,D,no_fx_variation,8192,mean_reward,0.0039528922274156076,90e40d212b5faaff644e0041eeef92c0b0056ce9a834095a047948a1d5e42529,0ed9091f1ab96d24ef5fbd41d0d080668623e954e4f15e4a277f1c217e825eb9,6f03d3da3ed6ecbe918c5a7f9aa35cb9abfb2b83
p12v4m6-D-no_fx_variation-s8192,D,no_fx_variation,8192,mean_turnover,0.11398535619849202,90e40d212b5faaff644e0041eeef92c0b0056ce9a834095a047948a1d5e42529,0ed9091f1ab96d24ef5fbd41d0d080668623e954e4f15e4a277f1c217e825eb9,6f03d3da3ed6ecbe918c5a7f9aa35cb9abfb2b83
p12v4m6-D-no_fx_variation-s8192,D,no_fx_variation,8192,sharpe,1.510504868809848,90e40d212b5faaff644e0041eeef92c0b0056ce9a834095a047948a1d5e42529,0ed9091f1ab96d24ef5fbd41d0d080668623e954e4f15e4a277f1c217e825eb9,6f03d3da3ed6ecbe918c5a7f9aa35cb9abfb2b83
p12v4m6-D-no_fx_variation-s8192,D,no_fx_variation,8192,std_return,0.0,90e40d212b5faaff644e0041eeef92c0b0056ce9a834095a047948a1d5e42529,0ed9091f1ab96d24ef5fbd41d0d080668623e954e4f15e4a277f1c217e825eb9,6f03d3da3ed6ecbe918c5a7f9aa35cb9abfb2b83
p12v4m6-D-no_fx_variation-s8192,D,no_fx_variation,8192,total_cost,168526.77732001556,90e40d212b5faaff644e0041eeef92c0b0056ce9a834095a047948a1d5e42529,0ed9091f1ab96d24ef5fbd41d0d080668623e954e4f15e4a277f1c217e825eb9,6f03d3da3ed6ecbe918c5a7f9aa35cb9abfb2b83
p12v4m6-D-no_fx_variation-s8192,D,no_fx_variation,8192,trade_count,970.0,90e40d212b5faaff644e0041eeef92c0b0056ce9a834095a047948a1d5e42529,0ed9091f1ab96d24ef5fbd41d0d080668623e954e4f15e4a277f1c217e825eb9,6f03d3da3ed6ecbe918c5a7f9aa35cb9abfb2b83
p12v4m6-D-no_fx_variation-s8192,D,no_fx_variation,8192,delta_invalid_order_count,295.0,90e40d212b5faaff644e0041eeef92c0b0056ce9a834095a047948a1d5e42529,0ed9091f1ab96d24ef5fbd41d0d080668623e954e4f15e4a277f1c217e825eb9,6f03d3da3ed6ecbe918c5a7f9aa35cb9abfb2b83
p12v4m6-D-no_fx_variation-s8192,D,no_fx_variation,8192,delta_max_drawdown,0.010392773946241163,90e40d212b5faaff644e0041eeef92c0b0056ce9a834095a047948a1d5e42529,0ed9091f1ab96d24ef5fbd41d0d080668623e954e4f15e4a277f1c217e825eb9,6f03d3da3ed6ecbe918c5a7f9aa35cb9abfb2b83
p12v4m6-D-no_fx_variation-s8192,D,no_fx_variation,8192,delta_mean_return,-0.030644320261822067,90e40d212b5faaff644e0041eeef92c0b0056ce9a834095a047948a1d5e42529,0ed9091f1ab96d24ef5fbd41d0d080668623e954e4f15e4a277f1c217e825eb9,6f03d3da3ed6ecbe918c5a7f9aa35cb9abfb2b83
p12v4m6-D-no_fx_variation-s8192,D,no_fx_variation,8192,delta_mean_reward,-0.02229679978244683,90e40d212b5faaff644e0041eeef92c0b0056ce9a834095a047948a1d5e42529,0ed9091f1ab96d24ef5fbd41d0d080668623e954e4f15e4a277f1c217e825eb9,6f03d3da3ed6ecbe918c5a7f9aa35cb9abfb2b83
p12v4m6-D-no_fx_variation-s8192,D,no_fx_variation,8192,delta_mean_turnover,-0.0001025942727221757,90e40d212b5faaff644e0041eeef92c0b0056ce9a834095a047948a1d5e42529,0ed9091f1ab96d24ef5fbd41d0d080668623e954e4f15e4a277f1c217e825eb9,6f03d3da3ed6ecbe918c5a7f9aa35cb9abfb2b83
p12v4m6-D-no_fx_variation-s8192,D,no_fx_variation,8192,delta_sharpe,-0.25574884583473056,90e40d212b5faaff644e0041eeef92c0b0056ce9a834095a047948a1d5e42529,0ed9091f1ab96d24ef5fbd41d0d080668623e954e4f15e4a277f1c217e825eb9,6f03d3da3ed6ecbe918c5a7f9aa35cb9abfb2b83
p12v4m6-D-no_fx_variation-s8192,D,no_fx_variation,8192,delta_std_return,0.0,90e40d212b5faaff644e0041eeef92c0b0056ce9a834095a047948a1d5e42529,0ed9091f1ab96d24ef5fbd41d0d080668623e954e4f15e4a277f1c217e825eb9,6f03d3da3ed6ecbe918c5a7f9aa35cb9abfb2b83
p12v4m6-D-no_fx_variation-s8192,D,no_fx_variation,8192,delta_total_cost,-3836.7245712103904,90e40d212b5faaff644e0041eeef92c0b0056ce9a834095a047948a1d5e42529,0ed9091f1ab96d24ef5fbd41d0d080668623e954e4f15e4a277f1c217e825eb9,6f03d3da3ed6ecbe918c5a7f9aa35cb9abfb2b83
p12v4m6-D-no_fx_variation-s8192,D,no_fx_variation,8192,delta_trade_count,0.0,90e40d212b5faaff644e0041eeef92c0b0056ce9a834095a047948a1d5e42529,0ed9091f1ab96d24ef5fbd41d0d080668623e954e4f15e4a277f1c217e825eb9,6f03d3da3ed6ecbe918c5a7f9aa35cb9abfb2b83
p12v4m6-D-no_fx_variation-s8192,D,no_fx_variation,8192,runtime_seconds,2.198464495013468,90e40d212b5faaff644e0041eeef92c0b0056ce9a834095a047948a1d5e42529,0ed9091f1ab96d24ef5fbd41d0d080668623e954e4f15e4a277f1c217e825eb9,6f03d3da3ed6ecbe918c5a7f9aa35cb9abfb2b83
p12v4m6-D-no_fx_variation-s16384,D,no_fx_variation,16384,invalid_order_count,43435.0,90e40d212b5faaff644e0041eeef92c0b0056ce9a834095a047948a1d5e42529,0ed9091f1ab96d24ef5fbd41d0d080668623e954e4f15e4a277f1c217e825eb9,6f03d3da3ed6ecbe918c5a7f9aa35cb9abfb2b83
p12v4m6-D-no_fx_variation-s16384,D,no_fx_variation,16384,max_drawdown,0.13631351311367756,90e40d212b5faaff644e0041eeef92c0b0056ce9a834095a047948a1d5e42529,0ed9091f1ab96d24ef5fbd41d0d080668623e954e4f15e4a277f1c217e825eb9,6f03d3da3ed6ecbe918c5a7f9aa35cb9abfb2b83
p12v4m6-D-no_fx_variation-s16384,D,no_fx_variation,16384,mean_return,0.1334623980120795,90e40d212b5faaff644e0041eeef92c0b0056ce9a834095a047948a1d5e42529,0ed9091f1ab96d24ef5fbd41d0d080668623e954e4f15e4a277f1c217e825eb9,6f03d3da3ed6ecbe918c5a7f9aa35cb9abfb2b83
p12v4m6-D-no_fx_variation-s16384,D,no_fx_variation,16384,mean_reward,0.0039528922274156076,90e40d212b5faaff644e0041eeef92c0b0056ce9a834095a047948a1d5e42529,0ed9091f1ab96d24ef5fbd41d0d080668623e954e4f15e4a277f1c217e825eb9,6f03d3da3ed6ecbe918c5a7f9aa35cb9abfb2b83
p12v4m6-D-no_fx_variation-s16384,D,no_fx_variation,16384,mean_turnover,0.11398535619849202,90e40d212b5faaff644e0041eeef92c0b0056ce9a834095a047948a1d5e42529,0ed9091f1ab96d24ef5fbd41d0d080668623e954e4f15e4a277f1c217e825eb9,6f03d3da3ed6ecbe918c5a7f9aa35cb9abfb2b83
p12v4m6-D-no_fx_variation-s16384,D,no_fx_variation,16384,sharpe,1.510504868809848,90e40d212b5faaff644e0041eeef92c0b0056ce9a834095a047948a1d5e42529,0ed9091f1ab96d24ef5fbd41d0d080668623e954e4f15e4a277f1c217e825eb9,6f03d3da3ed6ecbe918c5a7f9aa35cb9abfb2b83
p12v4m6-D-no_fx_variation-s16384,D,no_fx_variation,16384,std_return,0.0,90e40d212b5faaff644e0041eeef92c0b0056ce9a834095a047948a1d5e42529,0ed9091f1ab96d24ef5fbd41d0d080668623e954e4f15e4a277f1c217e825eb9,6f03d3da3ed6ecbe918c5a7f9aa35cb9abfb2b83
p12v4m6-D-no_fx_variation-s16384,D,no_fx_variation,16384,total_cost,168526.77732001556,90e40d212b5faaff644e0041eeef92c0b0056ce9a834095a047948a1d5e42529,0ed9091f1ab96d24ef5fbd41d0d080668623e954e4f15e4a277f1c217e825eb9,6f03d3da3ed6ecbe918c5a7f9aa35cb9abfb2b83
p12v4m6-D-no_fx_variation-s16384,D,no_fx_variation,16384,trade_count,970.0,90e40d212b5faaff644e0041eeef92c0b0056ce9a834095a047948a1d5e42529,0ed9091f1ab96d24ef5fbd41d0d080668623e954e4f15e4a277f1c217e825eb9,6f03d3da3ed6ecbe918c5a7f9aa35cb9abfb2b83
p12v4m6-D-no_fx_variation-s16384,D,no_fx_variation,16384,delta_invalid_order_count,295.0,90e40d212b5faaff644e0041eeef92c0b0056ce9a834095a047948a1d5e42529,0ed9091f1ab96d24ef5fbd41d0d080668623e954e4f15e4a277f1c217e825eb9,6f03d3da3ed6ecbe918c5a7f9aa35cb9abfb2b83
p12v4m6-D-no_fx_variation-s16384,D,no_fx_variation,16384,delta_max_drawdown,0.010392773946241163,90e40d212b5faaff644e0041eeef92c0b0056ce9a834095a047948a1d5e42529,0ed9091f1ab96d24ef5fbd41d0d080668623e954e4f15e4a277f1c217e825eb9,6f03d3da3ed6ecbe918c5a7f9aa35cb9abfb2b83
p12v4m6-D-no_fx_variation-s16384,D,no_fx_variation,16384,delta_mean_return,-0.030644320261822067,90e40d212b5faaff644e0041eeef92c0b0056ce9a834095a047948a1d5e42529,0ed9091f1ab96d24ef5fbd41d0d080668623e954e4f15e4a277f1c217e825eb9,6f03d3da3ed6ecbe918c5a7f9aa35cb9abfb2b83
p12v4m6-D-no_fx_variation-s16384,D,no_fx_variation,16384,delta_mean_reward,-0.02229679978244683,90e40d212b5faaff644e0041eeef92c0b0056ce9a834095a047948a1d5e42529,0ed9091f1ab96d24ef5fbd41d0d080668623e954e4f15e4a277f1c217e825eb9,6f03d3da3ed6ecbe918c5a7f9aa35cb9abfb2b83
p12v4m6-D-no_fx_variation-s16384,D,no_fx_variation,16384,delta_mean_turnover,-0.0001025942727221757,90e40d212b5faaff644e0041eeef92c0b0056ce9a834095a047948a1d5e42529,0ed9091f1ab96d24ef5fbd41d0d080668623e954e4f15e4a277f1c217e825eb9,6f03d3da3ed6ecbe918c5a7f9aa35cb9abfb2b83
p12v4m6-D-no_fx_variation-s16384,D,no_fx_variation,16384,delta_sharpe,-0.25574884583473056,90e40d212b5faaff644e0041eeef92c0b0056ce9a834095a047948a1d5e42529,0ed9091f1ab96d24ef5fbd41d0d080668623e954e4f15e4a277f1c217e825eb9,6f03d3da3ed6ecbe918c5a7f9aa35cb9abfb2b83
p12v4m6-D-no_fx_variation-s16384,D,no_fx_variation,16384,delta_std_return,0.0,90e40d212b5faaff644e0041eeef92c0b0056ce9a834095a047948a1d5e42529,0ed9091f1ab96d24ef5fbd41d0d080668623e954e4f15e4a277f1c217e825eb9,6f03d3da3ed6ecbe918c5a7f9aa35cb9abfb2b83
p12v4m6-D-no_fx_variation-s16384,D,no_fx_variation,16384,delta_total_cost,-3836.7245712103904,90e40d212b5faaff644e0041eeef92c0b0056ce9a834095a047948a1d5e42529,0ed9091f1ab96d24ef5fbd41d0d080668623e954e4f15e4a277f1c217e825eb9,6f03d3da3ed6ecbe918c5a7f9aa35cb9abfb2b83
p12v4m6-D-no_fx_variation-s16384,D,no_fx_variation,16384,delta_trade_count,0.0,90e40d212b5faaff644e0041eeef92c0b0056ce9a834095a047948a1d5e42529,0ed9091f1ab96d24ef5fbd41d0d080668623e954e4f15e4a277f1c217e825eb9,6f03d3da3ed6ecbe918c5a7f9aa35cb9abfb2b83
p12v4m6-D-no_fx_variation-s16384,D,no_fx_variation,16384,runtime_seconds,2.1228683670051396,90e40d212b5faaff644e0041eeef92c0b0056ce9a834095a047948a1d5e42529,0ed9091f1ab96d24ef5fbd41d0d080668623e954e4f15e4a277f1c217e825eb9,6f03d3da3ed6ecbe918c5a7f9aa35cb9abfb2b83
p12v4m6-D-synchronous_calendar-s1024,D,synchronous_calendar,1024,invalid_order_count,43625.0,90e40d212b5faaff644e0041eeef92c0b0056ce9a834095a047948a1d5e42529,0ed9091f1ab96d24ef5fbd41d0d080668623e954e4f15e4a277f1c217e825eb9,6f03d3da3ed6ecbe918c5a7f9aa35cb9abfb2b83
p12v4m6-D-synchronous_calendar-s1024,D,synchronous_calendar,1024,max_drawdown,0.13253755046389182,90e40d212b5faaff644e0041eeef92c0b0056ce9a834095a047948a1d5e42529,0ed9091f1ab96d24ef5fbd41d0d080668623e954e4f15e4a277f1c217e825eb9,6f03d3da3ed6ecbe918c5a7f9aa35cb9abfb2b83
p12v4m6-D-synchronous_calendar-s1024,D,synchronous_calendar,1024,mean_return,0.10618213936744536,90e40d212b5faaff644e0041eeef92c0b0056ce9a834095a047948a1d5e42529,0ed9091f1ab96d24ef5fbd41d0d080668623e954e4f15e4a277f1c217e825eb9,6f03d3da3ed6ecbe918c5a7f9aa35cb9abfb2b83
p12v4m6-D-synchronous_calendar-s1024,D,synchronous_calendar,1024,mean_reward,-0.014204377461821651,90e40d212b5faaff644e0041eeef92c0b0056ce9a834095a047948a1d5e42529,0ed9091f1ab96d24ef5fbd41d0d080668623e954e4f15e4a277f1c217e825eb9,6f03d3da3ed6ecbe918c5a7f9aa35cb9abfb2b83
p12v4m6-D-synchronous_calendar-s1024,D,synchronous_calendar,1024,mean_turnover,0.12378098434647958,90e40d212b5faaff644e0041eeef92c0b0056ce9a834095a047948a1d5e42529,0ed9091f1ab96d24ef5fbd41d0d080668623e954e4f15e4a277f1c217e825eb9,6f03d3da3ed6ecbe918c5a7f9aa35cb9abfb2b83
p12v4m6-D-synchronous_calendar-s1024,D,synchronous_calendar,1024,sharpe,1.1696334502340242,90e40d212b5faaff644e0041eeef92c0b0056ce9a834095a047948a1d5e42529,0ed9091f1ab96d24ef5fbd41d0d080668623e954e4f15e4a277f1c217e825eb9,6f03d3da3ed6ecbe918c5a7f9aa35cb9abfb2b83
p12v4m6-D-synchronous_calendar-s1024,D,synchronous_calendar,1024,std_return,0.0,90e40d212b5faaff644e0041eeef92c0b0056ce9a834095a047948a1d5e42529,0ed9091f1ab96d24ef5fbd41d0d080668623e954e4f15e4a277f1c217e825eb9,6f03d3da3ed6ecbe918c5a7f9aa35cb9abfb2b83
p12v4m6-D-synchronous_calendar-s1024,D,synchronous_calendar,1024,total_cost,183854.71324306255,90e40d212b5faaff644e0041eeef92c0b0056ce9a834095a047948a1d5e42529,0ed9091f1ab96d24ef5fbd41d0d080668623e954e4f15e4a277f1c217e825eb9,6f03d3da3ed6ecbe918c5a7f9aa35cb9abfb2b83
p12v4m6-D-synchronous_calendar-s1024,D,synchronous_calendar,1024,trade_count,800.0,90e40d212b5faaff644e0041eeef92c0b0056ce9a834095a047948a1d5e42529,0ed9091f1ab96d24ef5fbd41d0d080668623e954e4f15e4a277f1c217e825eb9,6f03d3da3ed6ecbe918c5a7f9aa35cb9abfb2b83
p12v4m6-D-synchronous_calendar-s1024,D,synchronous_calendar,1024,delta_invalid_order_count,485.0,90e40d212b5faaff644e0041eeef92c0b0056ce9a834095a047948a1d5e42529,0ed9091f1ab96d24ef5fbd41d0d080668623e954e4f15e4a277f1c217e825eb9,6f03d3da3ed6ecbe918c5a7f9aa35cb9abfb2b83
p12v4m6-D-synchronous_calendar-s1024,D,synchronous_calendar,1024,delta_max_drawdown,0.006616811296455416,90e40d212b5faaff644e0041eeef92c0b0056ce9a834095a047948a1d5e42529,0ed9091f1ab96d24ef5fbd41d0d080668623e954e4f15e4a277f1c217e825eb9,6f03d3da3ed6ecbe918c5a7f9aa35cb9abfb2b83
p12v4m6-D-synchronous_calendar-s1024,D,synchronous_calendar,1024,delta_mean_return,-0.05792457890645619,90e40d212b5faaff644e0041eeef92c0b0056ce9a834095a047948a1d5e42529,0ed9091f1ab96d24ef5fbd41d0d080668623e954e4f15e4a277f1c217e825eb9,6f03d3da3ed6ecbe918c5a7f9aa35cb9abfb2b83
p12v4m6-D-synchronous_calendar-s1024,D,synchronous_calendar,1024,delta_mean_reward,-0.04045406947168409,90e40d212b5faaff644e0041eeef92c0b0056ce9a834095a047948a1d5e42529,0ed9091f1ab96d24ef5fbd41d0d080668623e954e4f15e4a277f1c217e825eb9,6f03d3da3ed6ecbe918c5a7f9aa35cb9abfb2b83
p12v4m6-D-synchronous_calendar-s1024,D,synchronous_calendar,1024,delta_mean_turnover,0.009693033875265378,90e40d212b5faaff644e0041eeef92c0b0056ce9a834095a047948a1d5e42529,0ed9091f1ab96d24ef5fbd41d0d080668623e954e4f15e4a277f1c217e825eb9,6f03d3da3ed6ecbe918c5a7f9aa35cb9abfb2b83
p12v4m6-D-synchronous_calendar-s1024,D,synchronous_calendar,1024,delta_sharpe,-0.5966202644105543,90e40d212b5faaff644e0041eeef92c0b0056ce9a834095a047948a1d5e42529,0ed9091f1ab96d24ef5fbd41d0d080668623e954e4f15e4a277f1c217e825eb9,6f03d3da3ed6ecbe918c5a7f9aa35cb9abfb2b83
p12v4m6-D-synchronous_calendar-s1024,D,synchronous_calendar,1024,delta_std_return,0.0,90e40d212b5faaff644e0041eeef92c0b0056ce9a834095a047948a1d5e42529,0ed9091f1ab96d24ef5fbd41d0d080668623e954e4f15e4a277f1c217e825eb9,6f03d3da3ed6ecbe918c5a7f9aa35cb9abfb2b83
p12v4m6-D-synchronous_calendar-s1024,D,synchronous_calendar,1024,delta_total_cost,11491.211351836595,90e40d212b5faaff644e0041eeef92c0b0056ce9a834095a047948a1d5e42529,0ed9091f1ab96d24ef5fbd41d0d080668623e954e4f15e4a277f1c217e825eb9,6f03d3da3ed6ecbe918c5a7f9aa35cb9abfb2b83
p12v4m6-D-synchronous_calendar-s1024,D,synchronous_calendar,1024,delta_trade_count,-170.0,90e40d212b5faaff644e0041eeef92c0b0056ce9a834095a047948a1d5e42529,0ed9091f1ab96d24ef5fbd41d0d080668623e954e4f15e4a277f1c217e825eb9,6f03d3da3ed6ecbe918c5a7f9aa35cb9abfb2b83
p12v4m6-D-synchronous_calendar-s1024,D,synchronous_calendar,1024,runtime_seconds,2.119686018093489,90e40d212b5faaff644e0041eeef92c0b0056ce9a834095a047948a1d5e42529,0ed9091f1ab96d24ef5fbd41d0d080668623e954e4f15e4a277f1c217e825eb9,6f03d3da3ed6ecbe918c5a7f9aa35cb9abfb2b83
p12v4m6-D-synchronous_calendar-s2048,D,synchronous_calendar,2048,invalid_order_count,43625.0,90e40d212b5faaff644e0041eeef92c0b0056ce9a834095a047948a1d5e42529,0ed9091f1ab96d24ef5fbd41d0d080668623e954e4f15e4a277f1c217e825eb9,6f03d3da3ed6ecbe918c5a7f9aa35cb9abfb2b83
p12v4m6-D-synchronous_calendar-s2048,D,synchronous_calendar,2048,max_drawdown,0.13253755046389182,90e40d212b5faaff644e0041eeef92c0b0056ce9a834095a047948a1d5e42529,0ed9091f1ab96d24ef5fbd41d0d080668623e954e4f15e4a277f1c217e825eb9,6f03d3da3ed6ecbe918c5a7f9aa35cb9abfb2b83
p12v4m6-D-synchronous_calendar-s2048,D,synchronous_calendar,2048,mean_return,0.10618213936744536,90e40d212b5faaff644e0041eeef92c0b0056ce9a834095a047948a1d5e42529,0ed9091f1ab96d24ef5fbd41d0d080668623e954e4f15e4a277f1c217e825eb9,6f03d3da3ed6ecbe918c5a7f9aa35cb9abfb2b83
p12v4m6-D-synchronous_calendar-s2048,D,synchronous_calendar,2048,mean_reward,-0.014204377461821651,90e40d212b5faaff644e0041eeef92c0b0056ce9a834095a047948a1d5e42529,0ed9091f1ab96d24ef5fbd41d0d080668623e954e4f15e4a277f1c217e825eb9,6f03d3da3ed6ecbe918c5a7f9aa35cb9abfb2b83
p12v4m6-D-synchronous_calendar-s2048,D,synchronous_calendar,2048,mean_turnover,0.12378098434647958,90e40d212b5faaff644e0041eeef92c0b0056ce9a834095a047948a1d5e42529,0ed9091f1ab96d24ef5fbd41d0d080668623e954e4f15e4a277f1c217e825eb9,6f03d3da3ed6ecbe918c5a7f9aa35cb9abfb2b83
p12v4m6-D-synchronous_calendar-s2048,D,synchronous_calendar,2048,sharpe,1.1696334502340242,90e40d212b5faaff644e0041eeef92c0b0056ce9a834095a047948a1d5e42529,0ed9091f1ab96d24ef5fbd41d0d080668623e954e4f15e4a277f1c217e825eb9,6f03d3da3ed6ecbe918c5a7f9aa35cb9abfb2b83
p12v4m6-D-synchronous_calendar-s2048,D,synchronous_calendar,2048,std_return,0.0,90e40d212b5faaff644e0041eeef92c0b0056ce9a834095a047948a1d5e42529,0ed9091f1ab96d24ef5fbd41d0d080668623e954e4f15e4a277f1c217e825eb9,6f03d3da3ed6ecbe918c5a7f9aa35cb9abfb2b83
p12v4m6-D-synchronous_calendar-s2048,D,synchronous_calendar,2048,total_cost,183854.71324306255,90e40d212b5faaff644e0041eeef92c0b0056ce9a834095a047948a1d5e42529,0ed9091f1ab96d24ef5fbd41d0d080668623e954e4f15e4a277f1c217e825eb9,6f03d3da3ed6ecbe918c5a7f9aa35cb9abfb2b83
p12v4m6-D-synchronous_calendar-s2048,D,synchronous_calendar,2048,trade_count,800.0,90e40d212b5faaff644e0041eeef92c0b0056ce9a834095a047948a1d5e42529,0ed9091f1ab96d24ef5fbd41d0d080668623e954e4f15e4a277f1c217e825eb9,6f03d3da3ed6ecbe918c5a7f9aa35cb9abfb2b83
p12v4m6-D-synchronous_calendar-s2048,D,synchronous_calendar,2048,delta_invalid_order_count,485.0,90e40d212b5faaff644e0041eeef92c0b0056ce9a834095a047948a1d5e42529,0ed9091f1ab96d24ef5fbd41d0d080668623e954e4f15e4a277f1c217e825eb9,6f03d3da3ed6ecbe918c5a7f9aa35cb9abfb2b83
p12v4m6-D-synchronous_calendar-s2048,D,synchronous_calendar,2048,delta_max_drawdown,0.006616811296455416,90e40d212b5faaff644e0041eeef92c0b0056ce9a834095a047948a1d5e42529,0ed9091f1ab96d24ef5fbd41d0d080668623e954e4f15e4a277f1c217e825eb9,6f03d3da3ed6ecbe918c5a7f9aa35cb9abfb2b83
p12v4m6-D-synchronous_calendar-s2048,D,synchronous_calendar,2048,delta_mean_return,-0.05792457890645619,90e40d212b5faaff644e0041eeef92c0b0056ce9a834095a047948a1d5e42529,0ed9091f1ab96d24ef5fbd41d0d080668623e954e4f15e4a277f1c217e825eb9,6f03d3da3ed6ecbe918c5a7f9aa35cb9abfb2b83
p12v4m6-D-synchronous_calendar-s2048,D,synchronous_calendar,2048,delta_mean_reward,-0.04045406947168409,90e40d212b5faaff644e0041eeef92c0b0056ce9a834095a047948a1d5e42529,0ed9091f1ab96d24ef5fbd41d0d080668623e954e4f15e4a277f1c217e825eb9,6f03d3da3ed6ecbe918c5a7f9aa35cb9abfb2b83
p12v4m6-D-synchronous_calendar-s2048,D,synchronous_calendar,2048,delta_mean_turnover,0.009693033875265378,90e40d212b5faaff644e0041eeef92c0b0056ce9a834095a047948a1d5e42529,0ed9091f1ab96d24ef5fbd41d0d080668623e954e4f15e4a277f1c217e825eb9,6f03d3da3ed6ecbe918c5a7f9aa35cb9abfb2b83
p12v4m6-D-synchronous_calendar-s2048,D,synchronous_calendar,2048,delta_sharpe,-0.5966202644105543,90e40d212b5faaff644e0041eeef92c0b0056ce9a834095a047948a1d5e42529,0ed9091f1ab96d24ef5fbd41d0d080668623e954e4f15e4a277f1c217e825eb9,6f03d3da3ed6ecbe918c5a7f9aa35cb9abfb2b83
p12v4m6-D-synchronous_calendar-s2048,D,synchronous_calendar,2048,delta_std_return,0.0,90e40d212b5faaff644e0041eeef92c0b0056ce9a834095a047948a1d5e42529,0ed9091f1ab96d24ef5fbd41d0d080668623e954e4f15e4a277f1c217e825eb9,6f03d3da3ed6ecbe918c5a7f9aa35cb9abfb2b83
p12v4m6-D-synchronous_calendar-s2048,D,synchronous_calendar,2048,delta_total_cost,11491.211351836595,90e40d212b5faaff644e0041eeef92c0b0056ce9a834095a047948a1d5e42529,0ed9091f1ab96d24ef5fbd41d0d080668623e954e4f15e4a277f1c217e825eb9,6f03d3da3ed6ecbe918c5a7f9aa35cb9abfb2b83
p12v4m6-D-synchronous_calendar-s2048,D,synchronous_calendar,2048,delta_trade_count,-170.0,90e40d212b5faaff644e0041eeef92c0b0056ce9a834095a047948a1d5e42529,0ed9091f1ab96d24ef5fbd41d0d080668623e954e4f15e4a277f1c217e825eb9,6f03d3da3ed6ecbe918c5a7f9aa35cb9abfb2b83
p12v4m6-D-synchronous_calendar-s2048,D,synchronous_calendar,2048,runtime_seconds,2.064821204985492,90e40d212b5faaff644e0041eeef92c0b0056ce9a834095a047948a1d5e42529,0ed9091f1ab96d24ef5fbd41d0d080668623e954e4f15e4a277f1c217e825eb9,6f03d3da3ed6ecbe918c5a7f9aa35cb9abfb2b83
p12v4m6-D-synchronous_calendar-s4096,D,synchronous_calendar,4096,invalid_order_count,43625.0,90e40d212b5faaff644e0041eeef92c0b0056ce9a834095a047948a1d5e42529,0ed9091f1ab96d24ef5fbd41d0d080668623e954e4f15e4a277f1c217e825eb9,6f03d3da3ed6ecbe918c5a7f9aa35cb9abfb2b83
p12v4m6-D-synchronous_calendar-s4096,D,synchronous_calendar,4096,max_drawdown,0.13253755046389182,90e40d212b5faaff644e0041eeef92c0b0056ce9a834095a047948a1d5e42529,0ed9091f1ab96d24ef5fbd41d0d080668623e954e4f15e4a277f1c217e825eb9,6f03d3da3ed6ecbe918c5a7f9aa35cb9abfb2b83
p12v4m6-D-synchronous_calendar-s4096,D,synchronous_calendar,4096,mean_return,0.10618213936744536,90e40d212b5faaff644e0041eeef92c0b0056ce9a834095a047948a1d5e42529,0ed9091f1ab96d24ef5fbd41d0d080668623e954e4f15e4a277f1c217e825eb9,6f03d3da3ed6ecbe918c5a7f9aa35cb9abfb2b83
p12v4m6-D-synchronous_calendar-s4096,D,synchronous_calendar,4096,mean_reward,-0.014204377461821651,90e40d212b5faaff644e0041eeef92c0b0056ce9a834095a047948a1d5e42529,0ed9091f1ab96d24ef5fbd41d0d080668623e954e4f15e4a277f1c217e825eb9,6f03d3da3ed6ecbe918c5a7f9aa35cb9abfb2b83
p12v4m6-D-synchronous_calendar-s4096,D,synchronous_calendar,4096,mean_turnover,0.12378098434647958,90e40d212b5faaff644e0041eeef92c0b0056ce9a834095a047948a1d5e42529,0ed9091f1ab96d24ef5fbd41d0d080668623e954e4f15e4a277f1c217e825eb9,6f03d3da3ed6ecbe918c5a7f9aa35cb9abfb2b83
p12v4m6-D-synchronous_calendar-s4096,D,synchronous_calendar,4096,sharpe,1.1696334502340242,90e40d212b5faaff644e0041eeef92c0b0056ce9a834095a047948a1d5e42529,0ed9091f1ab96d24ef5fbd41d0d080668623e954e4f15e4a277f1c217e825eb9,6f03d3da3ed6ecbe918c5a7f9aa35cb9abfb2b83
p12v4m6-D-synchronous_calendar-s4096,D,synchronous_calendar,4096,std_return,0.0,90e40d212b5faaff644e0041eeef92c0b0056ce9a834095a047948a1d5e42529,0ed9091f1ab96d24ef5fbd41d0d080668623e954e4f15e4a277f1c217e825eb9,6f03d3da3ed6ecbe918c5a7f9aa35cb9abfb2b83
p12v4m6-D-synchronous_calendar-s4096,D,synchronous_calendar,4096,total_cost,183854.71324306255,90e40d212b5faaff644e0041eeef92c0b0056ce9a834095a047948a1d5e42529,0ed9091f1ab96d24ef5fbd41d0d080668623e954e4f15e4a277f1c217e825eb9,6f03d3da3ed6ecbe918c5a7f9aa35cb9abfb2b83
p12v4m6-D-synchronous_calendar-s4096,D,synchronous_calendar,4096,trade_count,800.0,90e40d212b5faaff644e0041eeef92c0b0056ce9a834095a047948a1d5e42529,0ed9091f1ab96d24ef5fbd41d0d080668623e954e4f15e4a277f1c217e825eb9,6f03d3da3ed6ecbe918c5a7f9aa35cb9abfb2b83
p12v4m6-D-synchronous_calendar-s4096,D,synchronous_calendar,4096,delta_invalid_order_count,485.0,90e40d212b5faaff644e0041eeef92c0b0056ce9a834095a047948a1d5e42529,0ed9091f1ab96d24ef5fbd41d0d080668623e954e4f15e4a277f1c217e825eb9,6f03d3da3ed6ecbe918c5a7f9aa35cb9abfb2b83
p12v4m6-D-synchronous_calendar-s4096,D,synchronous_calendar,4096,delta_max_drawdown,0.006616811296455416,90e40d212b5faaff644e0041eeef92c0b0056ce9a834095a047948a1d5e42529,0ed9091f1ab96d24ef5fbd41d0d080668623e954e4f15e4a277f1c217e825eb9,6f03d3da3ed6ecbe918c5a7f9aa35cb9abfb2b83
p12v4m6-D-synchronous_calendar-s4096,D,synchronous_calendar,4096,delta_mean_return,-0.05792457890645619,90e40d212b5faaff644e0041eeef92c0b0056ce9a834095a047948a1d5e42529,0ed9091f1ab96d24ef5fbd41d0d080668623e954e4f15e4a277f1c217e825eb9,6f03d3da3ed6ecbe918c5a7f9aa35cb9abfb2b83
p12v4m6-D-synchronous_calendar-s4096,D,synchronous_calendar,4096,delta_mean_reward,-0.04045406947168409,90e40d212b5faaff644e0041eeef92c0b0056ce9a834095a047948a1d5e42529,0ed9091f1ab96d24ef5fbd41d0d080668623e954e4f15e4a277f1c217e825eb9,6f03d3da3ed6ecbe918c5a7f9aa35cb9abfb2b83
p12v4m6-D-synchronous_calendar-s4096,D,synchronous_calendar,4096,delta_mean_turnover,0.009693033875265378,90e40d212b5faaff644e0041eeef92c0b0056ce9a834095a047948a1d5e42529,0ed9091f1ab96d24ef5fbd41d0d080668623e954e4f15e4a277f1c217e825eb9,6f03d3da3ed6ecbe918c5a7f9aa35cb9abfb2b83
p12v4m6-D-synchronous_calendar-s4096,D,synchronous_calendar,4096,delta_sharpe,-0.5966202644105543,90e40d212b5faaff644e0041eeef92c0b0056ce9a834095a047948a1d5e42529,0ed9091f1ab96d24ef5fbd41d0d080668623e954e4f15e4a277f1c217e825eb9,6f03d3da3ed6ecbe918c5a7f9aa35cb9abfb2b83
p12v4m6-D-synchronous_calendar-s4096,D,synchronous_calendar,4096,delta_std_return,0.0,90e40d212b5faaff644e0041eeef92c0b0056ce9a834095a047948a1d5e42529,0ed9091f1ab96d24ef5fbd41d0d080668623e954e4f15e4a277f1c217e825eb9,6f03d3da3ed6ecbe918c5a7f9aa35cb9abfb2b83
p12v4m6-D-synchronous_calendar-s4096,D,synchronous_calendar,4096,delta_total_cost,11491.211351836595,90e40d212b5faaff644e0041eeef92c0b0056ce9a834095a047948a1d5e42529,0ed9091f1ab96d24ef5fbd41d0d080668623e954e4f15e4a277f1c217e825eb9,6f03d3da3ed6ecbe918c5a7f9aa35cb9abfb2b83
p12v4m6-D-synchronous_calendar-s4096,D,synchronous_calendar,4096,delta_trade_count,-170.0,90e40d212b5faaff644e0041eeef92c0b0056ce9a834095a047948a1d5e42529,0ed9091f1ab96d24ef5fbd41d0d080668623e954e4f15e4a277f1c217e825eb9,6f03d3da3ed6ecbe918c5a7f9aa35cb9abfb2b83
p12v4m6-D-synchronous_calendar-s4096,D,synchronous_calendar,4096,runtime_seconds,2.1857792480150238,90e40d212b5faaff644e0041eeef92c0b0056ce9a834095a047948a1d5e42529,0ed9091f1ab96d24ef5fbd41d0d080668623e954e4f15e4a277f1c217e825eb9,6f03d3da3ed6ecbe918c5a7f9aa35cb9abfb2b83
p12v4m6-D-synchronous_calendar-s8192,D,synchronous_calendar,8192,invalid_order_count,43625.0,90e40d212b5faaff644e0041eeef92c0b0056ce9a834095a047948a1d5e42529,0ed9091f1ab96d24ef5fbd41d0d080668623e954e4f15e4a277f1c217e825eb9,6f03d3da3ed6ecbe918c5a7f9aa35cb9abfb2b83
p12v4m6-D-synchronous_calendar-s8192,D,synchronous_calendar,8192,max_drawdown,0.13253755046389182,90e40d212b5faaff644e0041eeef92c0b0056ce9a834095a047948a1d5e42529,0ed9091f1ab96d24ef5fbd41d0d080668623e954e4f15e4a277f1c217e825eb9,6f03d3da3ed6ecbe918c5a7f9aa35cb9abfb2b83
p12v4m6-D-synchronous_calendar-s8192,D,synchronous_calendar,8192,mean_return,0.10618213936744536,90e40d212b5faaff644e0041eeef92c0b0056ce9a834095a047948a1d5e42529,0ed9091f1ab96d24ef5fbd41d0d080668623e954e4f15e4a277f1c217e825eb9,6f03d3da3ed6ecbe918c5a7f9aa35cb9abfb2b83
p12v4m6-D-synchronous_calendar-s8192,D,synchronous_calendar,8192,mean_reward,-0.014204377461821651,90e40d212b5faaff644e0041eeef92c0b0056ce9a834095a047948a1d5e42529,0ed9091f1ab96d24ef5fbd41d0d080668623e954e4f15e4a277f1c217e825eb9,6f03d3da3ed6ecbe918c5a7f9aa35cb9abfb2b83
p12v4m6-D-synchronous_calendar-s8192,D,synchronous_calendar,8192,mean_turnover,0.12378098434647958,90e40d212b5faaff644e0041eeef92c0b0056ce9a834095a047948a1d5e42529,0ed9091f1ab96d24ef5fbd41d0d080668623e954e4f15e4a277f1c217e825eb9,6f03d3da3ed6ecbe918c5a7f9aa35cb9abfb2b83
p12v4m6-D-synchronous_calendar-s8192,D,synchronous_calendar,8192,sharpe,1.1696334502340242,90e40d212b5faaff644e0041eeef92c0b0056ce9a834095a047948a1d5e42529,0ed9091f1ab96d24ef5fbd41d0d080668623e954e4f15e4a277f1c217e825eb9,6f03d3da3ed6ecbe918c5a7f9aa35cb9abfb2b83
p12v4m6-D-synchronous_calendar-s8192,D,synchronous_calendar,8192,std_return,0.0,90e40d212b5faaff644e0041eeef92c0b0056ce9a834095a047948a1d5e42529,0ed9091f1ab96d24ef5fbd41d0d080668623e954e4f15e4a277f1c217e825eb9,6f03d3da3ed6ecbe918c5a7f9aa35cb9abfb2b83
p12v4m6-D-synchronous_calendar-s8192,D,synchronous_calendar,8192,total_cost,183854.71324306255,90e40d212b5faaff644e0041eeef92c0b0056ce9a834095a047948a1d5e42529,0ed9091f1ab96d24ef5fbd41d0d080668623e954e4f15e4a277f1c217e825eb9,6f03d3da3ed6ecbe918c5a7f9aa35cb9abfb2b83
p12v4m6-D-synchronous_calendar-s8192,D,synchronous_calendar,8192,trade_count,800.0,90e40d212b5faaff644e0041eeef92c0b0056ce9a834095a047948a1d5e42529,0ed9091f1ab96d24ef5fbd41d0d080668623e954e4f15e4a277f1c217e825eb9,6f03d3da3ed6ecbe918c5a7f9aa35cb9abfb2b83
p12v4m6-D-synchronous_calendar-s8192,D,synchronous_calendar,8192,delta_invalid_order_count,485.0,90e40d212b5faaff644e0041eeef92c0b0056ce9a834095a047948a1d5e42529,0ed9091f1ab96d24ef5fbd41d0d080668623e954e4f15e4a277f1c217e825eb9,6f03d3da3ed6ecbe918c5a7f9aa35cb9abfb2b83
p12v4m6-D-synchronous_calendar-s8192,D,synchronous_calendar,8192,delta_max_drawdown,0.006616811296455416,90e40d212b5faaff644e0041eeef92c0b0056ce9a834095a047948a1d5e42529,0ed9091f1ab96d24ef5fbd41d0d080668623e954e4f15e4a277f1c217e825eb9,6f03d3da3ed6ecbe918c5a7f9aa35cb9abfb2b83
p12v4m6-D-synchronous_calendar-s8192,D,synchronous_calendar,8192,delta_mean_return,-0.05792457890645619,90e40d212b5faaff644e0041eeef92c0b0056ce9a834095a047948a1d5e42529,0ed9091f1ab96d24ef5fbd41d0d080668623e954e4f15e4a277f1c217e825eb9,6f03d3da3ed6ecbe918c5a7f9aa35cb9abfb2b83
p12v4m6-D-synchronous_calendar-s8192,D,synchronous_calendar,8192,delta_mean_reward,-0.04045406947168409,90e40d212b5faaff644e0041eeef92c0b0056ce9a834095a047948a1d5e42529,0ed9091f1ab96d24ef5fbd41d0d080668623e954e4f15e4a277f1c217e825eb9,6f03d3da3ed6ecbe918c5a7f9aa35cb9abfb2b83
p12v4m6-D-synchronous_calendar-s8192,D,synchronous_calendar,8192,delta_mean_turnover,0.009693033875265378,90e40d212b5faaff644e0041eeef92c0b0056ce9a834095a047948a1d5e42529,0ed9091f1ab96d24ef5fbd41d0d080668623e954e4f15e4a277f1c217e825eb9,6f03d3da3ed6ecbe918c5a7f9aa35cb9abfb2b83
p12v4m6-D-synchronous_calendar-s8192,D,synchronous_calendar,8192,delta_sharpe,-0.5966202644105543,90e40d212b5faaff644e0041eeef92c0b0056ce9a834095a047948a1d5e42529,0ed9091f1ab96d24ef5fbd41d0d080668623e954e4f15e4a277f1c217e825eb9,6f03d3da3ed6ecbe918c5a7f9aa35cb9abfb2b83
p12v4m6-D-synchronous_calendar-s8192,D,synchronous_calendar,8192,delta_std_return,0.0,90e40d212b5faaff644e0041eeef92c0b0056ce9a834095a047948a1d5e42529,0ed9091f1ab96d24ef5fbd41d0d080668623e954e4f15e4a277f1c217e825eb9,6f03d3da3ed6ecbe918c5a7f9aa35cb9abfb2b83
p12v4m6-D-synchronous_calendar-s8192,D,synchronous_calendar,8192,delta_total_cost,11491.211351836595,90e40d212b5faaff644e0041eeef92c0b0056ce9a834095a047948a1d5e42529,0ed9091f1ab96d24ef5fbd41d0d080668623e954e4f15e4a277f1c217e825eb9,6f03d3da3ed6ecbe918c5a7f9aa35cb9abfb2b83
p12v4m6-D-synchronous_calendar-s8192,D,synchronous_calendar,8192,delta_trade_count,-170.0,90e40d212b5faaff644e0041eeef92c0b0056ce9a834095a047948a1d5e42529,0ed9091f1ab96d24ef5fbd41d0d080668623e954e4f15e4a277f1c217e825eb9,6f03d3da3ed6ecbe918c5a7f9aa35cb9abfb2b83
p12v4m6-D-synchronous_calendar-s8192,D,synchronous_calendar,8192,runtime_seconds,2.144720565993339,90e40d212b5faaff644e0041eeef92c0b0056ce9a834095a047948a1d5e42529,0ed9091f1ab96d24ef5fbd41d0d080668623e954e4f15e4a277f1c217e825eb9,6f03d3da3ed6ecbe918c5a7f9aa35cb9abfb2b83
p12v4m6-D-synchronous_calendar-s16384,D,synchronous_calendar,16384,invalid_order_count,43625.0,90e40d212b5faaff644e0041eeef92c0b0056ce9a834095a047948a1d5e42529,0ed9091f1ab96d24ef5fbd41d0d080668623e954e4f15e4a277f1c217e825eb9,6f03d3da3ed6ecbe918c5a7f9aa35cb9abfb2b83
p12v4m6-D-synchronous_calendar-s16384,D,synchronous_calendar,16384,max_drawdown,0.13253755046389182,90e40d212b5faaff644e0041eeef92c0b0056ce9a834095a047948a1d5e42529,0ed9091f1ab96d24ef5fbd41d0d080668623e954e4f15e4a277f1c217e825eb9,6f03d3da3ed6ecbe918c5a7f9aa35cb9abfb2b83
p12v4m6-D-synchronous_calendar-s16384,D,synchronous_calendar,16384,mean_return,0.10618213936744536,90e40d212b5faaff644e0041eeef92c0b0056ce9a834095a047948a1d5e42529,0ed9091f1ab96d24ef5fbd41d0d080668623e954e4f15e4a277f1c217e825eb9,6f03d3da3ed6ecbe918c5a7f9aa35cb9abfb2b83
p12v4m6-D-synchronous_calendar-s16384,D,synchronous_calendar,16384,mean_reward,-0.014204377461821651,90e40d212b5faaff644e0041eeef92c0b0056ce9a834095a047948a1d5e42529,0ed9091f1ab96d24ef5fbd41d0d080668623e954e4f15e4a277f1c217e825eb9,6f03d3da3ed6ecbe918c5a7f9aa35cb9abfb2b83
p12v4m6-D-synchronous_calendar-s16384,D,synchronous_calendar,16384,mean_turnover,0.12378098434647958,90e40d212b5faaff644e0041eeef92c0b0056ce9a834095a047948a1d5e42529,0ed9091f1ab96d24ef5fbd41d0d080668623e954e4f15e4a277f1c217e825eb9,6f03d3da3ed6ecbe918c5a7f9aa35cb9abfb2b83
p12v4m6-D-synchronous_calendar-s16384,D,synchronous_calendar,16384,sharpe,1.1696334502340242,90e40d212b5faaff644e0041eeef92c0b0056ce9a834095a047948a1d5e42529,0ed9091f1ab96d24ef5fbd41d0d080668623e954e4f15e4a277f1c217e825eb9,6f03d3da3ed6ecbe918c5a7f9aa35cb9abfb2b83
p12v4m6-D-synchronous_calendar-s16384,D,synchronous_calendar,16384,std_return,0.0,90e40d212b5faaff644e0041eeef92c0b0056ce9a834095a047948a1d5e42529,0ed9091f1ab96d24ef5fbd41d0d080668623e954e4f15e4a277f1c217e825eb9,6f03d3da3ed6ecbe918c5a7f9aa35cb9abfb2b83
p12v4m6-D-synchronous_calendar-s16384,D,synchronous_calendar,16384,total_cost,183854.71324306255,90e40d212b5faaff644e0041eeef92c0b0056ce9a834095a047948a1d5e42529,0ed9091f1ab96d24ef5fbd41d0d080668623e954e4f15e4a277f1c217e825eb9,6f03d3da3ed6ecbe918c5a7f9aa35cb9abfb2b83
p12v4m6-D-synchronous_calendar-s16384,D,synchronous_calendar,16384,trade_count,800.0,90e40d212b5faaff644e0041eeef92c0b0056ce9a834095a047948a1d5e42529,0ed9091f1ab96d24ef5fbd41d0d080668623e954e4f15e4a277f1c217e825eb9,6f03d3da3ed6ecbe918c5a7f9aa35cb9abfb2b83
p12v4m6-D-synchronous_calendar-s16384,D,synchronous_calendar,16384,delta_invalid_order_count,485.0,90e40d212b5faaff644e0041eeef92c0b0056ce9a834095a047948a1d5e42529,0ed9091f1ab96d24ef5fbd41d0d080668623e954e4f15e4a277f1c217e825eb9,6f03d3da3ed6ecbe918c5a7f9aa35cb9abfb2b83
p12v4m6-D-synchronous_calendar-s16384,D,synchronous_calendar,16384,delta_max_drawdown,0.006616811296455416,90e40d212b5faaff644e0041eeef92c0b0056ce9a834095a047948a1d5e42529,0ed9091f1ab96d24ef5fbd41d0d080668623e954e4f15e4a277f1c217e825eb9,6f03d3da3ed6ecbe918c5a7f9aa35cb9abfb2b83
p12v4m6-D-synchronous_calendar-s16384,D,synchronous_calendar,16384,delta_mean_return,-0.05792457890645619,90e40d212b5faaff644e0041eeef92c0b0056ce9a834095a047948a1d5e42529,0ed9091f1ab96d24ef5fbd41d0d080668623e954e4f15e4a277f1c217e825eb9,6f03d3da3ed6ecbe918c5a7f9aa35cb9abfb2b83
p12v4m6-D-synchronous_calendar-s16384,D,synchronous_calendar,16384,delta_mean_reward,-0.04045406947168409,90e40d212b5faaff644e0041eeef92c0b0056ce9a834095a047948a1d5e42529,0ed9091f1ab96d24ef5fbd41d0d080668623e954e4f15e4a277f1c217e825eb9,6f03d3da3ed6ecbe918c5a7f9aa35cb9abfb2b83
p12v4m6-D-synchronous_calendar-s16384,D,synchronous_calendar,16384,delta_mean_turnover,0.009693033875265378,90e40d212b5faaff644e0041eeef92c0b0056ce9a834095a047948a1d5e42529,0ed9091f1ab96d24ef5fbd41d0d080668623e954e4f15e4a277f1c217e825eb9,6f03d3da3ed6ecbe918c5a7f9aa35cb9abfb2b83
p12v4m6-D-synchronous_calendar-s16384,D,synchronous_calendar,16384,delta_sharpe,-0.5966202644105543,90e40d212b5faaff644e0041eeef92c0b0056ce9a834095a047948a1d5e42529,0ed9091f1ab96d24ef5fbd41d0d080668623e954e4f15e4a277f1c217e825eb9,6f03d3da3ed6ecbe918c5a7f9aa35cb9abfb2b83
p12v4m6-D-synchronous_calendar-s16384,D,synchronous_calendar,16384,delta_std_return,0.0,90e40d212b5faaff644e0041eeef92c0b0056ce9a834095a047948a1d5e42529,0ed9091f1ab96d24ef5fbd41d0d080668623e954e4f15e4a277f1c217e825eb9,6f03d3da3ed6ecbe918c5a7f9aa35cb9abfb2b83
p12v4m6-D-synchronous_calendar-s16384,D,synchronous_calendar,16384,delta_total_cost,11491.211351836595,90e40d212b5faaff644e0041eeef92c0b0056ce9a834095a047948a1d5e42529,0ed9091f1ab96d24ef5fbd41d0d080668623e954e4f15e4a277f1c217e825eb9,6f03d3da3ed6ecbe918c5a7f9aa35cb9abfb2b83
p12v4m6-D-synchronous_calendar-s16384,D,synchronous_calendar,16384,delta_trade_count,-170.0,90e40d212b5faaff644e0041eeef92c0b0056ce9a834095a047948a1d5e42529,0ed9091f1ab96d24ef5fbd41d0d080668623e954e4f15e4a277f1c217e825eb9,6f03d3da3ed6ecbe918c5a7f9aa35cb9abfb2b83
p12v4m6-D-synchronous_calendar-s16384,D,synchronous_calendar,16384,runtime_seconds,2.1225029290653765,90e40d212b5faaff644e0041eeef92c0b0056ce9a834095a047948a1d5e42529,0ed9091f1ab96d24ef5fbd41d0d080668623e954e4f15e4a277f1c217e825eb9,6f03d3da3ed6ecbe918c5a7f9aa35cb9abfb2b83
p12v4m6-D-no_turnover_cap-s1024,D,no_turnover_cap,1024,invalid_order_count,43515.0,90e40d212b5faaff644e0041eeef92c0b0056ce9a834095a047948a1d5e42529,0ed9091f1ab96d24ef5fbd41d0d080668623e954e4f15e4a277f1c217e825eb9,6f03d3da3ed6ecbe918c5a7f9aa35cb9abfb2b83
p12v4m6-D-no_turnover_cap-s1024,D,no_turnover_cap,1024,max_drawdown,0.12600978055918266,90e40d212b5faaff644e0041eeef92c0b0056ce9a834095a047948a1d5e42529,0ed9091f1ab96d24ef5fbd41d0d080668623e954e4f15e4a277f1c217e825eb9,6f03d3da3ed6ecbe918c5a7f9aa35cb9abfb2b83
p12v4m6-D-no_turnover_cap-s1024,D,no_turnover_cap,1024,mean_return,0.1591023514375296,90e40d212b5faaff644e0041eeef92c0b0056ce9a834095a047948a1d5e42529,0ed9091f1ab96d24ef5fbd41d0d080668623e954e4f15e4a277f1c217e825eb9,6f03d3da3ed6ecbe918c5a7f9aa35cb9abfb2b83
p12v4m6-D-no_turnover_cap-s1024,D,no_turnover_cap,1024,mean_reward,0.02178416358236068,90e40d212b5faaff644e0041eeef92c0b0056ce9a834095a047948a1d5e42529,0ed9091f1ab96d24ef5fbd41d0d080668623e954e4f15e4a277f1c217e825eb9,6f03d3da3ed6ecbe918c5a7f9aa35cb9abfb2b83
p12v4m6-D-no_turnover_cap-s1024,D,no_turnover_cap,1024,mean_turnover,0.11636042369536344,90e40d212b5faaff644e0041eeef92c0b0056ce9a834095a047948a1d5e42529,0ed9091f1ab96d24ef5fbd41d0d080668623e954e4f15e4a277f1c217e825eb9,6f03d3da3ed6ecbe918c5a7f9aa35cb9abfb2b83
p12v4m6-D-no_turnover_cap-s1024,D,no_turnover_cap,1024,sharpe,1.7563995221743585,90e40d212b5faaff644e0041eeef92c0b0056ce9a834095a047948a1d5e42529,0ed9091f1ab96d24ef5fbd41d0d080668623e954e4f15e4a277f1c217e825eb9,6f03d3da3ed6ecbe918c5a7f9aa35cb9abfb2b83
p12v4m6-D-no_turnover_cap-s1024,D,no_turnover_cap,1024,std_return,0.0,90e40d212b5faaff644e0041eeef92c0b0056ce9a834095a047948a1d5e42529,0ed9091f1ab96d24ef5fbd41d0d080668623e954e4f15e4a277f1c217e825eb9,6f03d3da3ed6ecbe918c5a7f9aa35cb9abfb2b83
p12v4m6-D-no_turnover_cap-s1024,D,no_turnover_cap,1024,total_cost,175140.6173669378,90e40d212b5faaff644e0041eeef92c0b0056ce9a834095a047948a1d5e42529,0ed9091f1ab96d24ef5fbd41d0d080668623e954e4f15e4a277f1c217e825eb9,6f03d3da3ed6ecbe918c5a7f9aa35cb9abfb2b83
p12v4m6-D-no_turnover_cap-s1024,D,no_turnover_cap,1024,trade_count,970.0,90e40d212b5faaff644e0041eeef92c0b0056ce9a834095a047948a1d5e42529,0ed9091f1ab96d24ef5fbd41d0d080668623e954e4f15e4a277f1c217e825eb9,6f03d3da3ed6ecbe918c5a7f9aa35cb9abfb2b83
p12v4m6-D-no_turnover_cap-s1024,D,no_turnover_cap,1024,delta_invalid_order_count,375.0,90e40d212b5faaff644e0041eeef92c0b0056ce9a834095a047948a1d5e42529,0ed9091f1ab96d24ef5fbd41d0d080668623e954e4f15e4a277f1c217e825eb9,6f03d3da3ed6ecbe918c5a7f9aa35cb9abfb2b83
p12v4m6-D-no_turnover_cap-s1024,D,no_turnover_cap,1024,delta_max_drawdown,8.904139174625847e-05,90e40d212b5faaff644e0041eeef92c0b0056ce9a834095a047948a1d5e42529,0ed9091f1ab96d24ef5fbd41d0d080668623e954e4f15e4a277f1c217e825eb9,6f03d3da3ed6ecbe918c5a7f9aa35cb9abfb2b83
p12v4m6-D-no_turnover_cap-s1024,D,no_turnover_cap,1024,delta_mean_return,-0.005004366836371954,90e40d212b5faaff644e0041eeef92c0b0056ce9a834095a047948a1d5e42529,0ed9091f1ab96d24ef5fbd41d0d080668623e954e4f15e4a277f1c217e825eb9,6f03d3da3ed6ecbe918c5a7f9aa35cb9abfb2b83
p12v4m6-D-no_turnover_cap-s1024,D,no_turnover_cap,1024,delta_mean_reward,-0.004465528427501756,90e40d212b5faaff644e0041eeef92c0b0056ce9a834095a047948a1d5e42529,0ed9091f1ab96d24ef5fbd41d0d080668623e954e4f15e4a277f1c217e825eb9,6f03d3da3ed6ecbe918c5a7f9aa35cb9abfb2b83
p12v4m6-D-no_turnover_cap-s1024,D,no_turnover_cap,1024,delta_mean_turnover,0.002272473224149238,90e40d212b5faaff644e0041eeef92c0b0056ce9a834095a047948a1d5e42529,0ed9091f1ab96d24ef5fbd41d0d080668623e954e4f15e4a277f1c217e825eb9,6f03d3da3ed6ecbe918c5a7f9aa35cb9abfb2b83
p12v4m6-D-no_turnover_cap-s1024,D,no_turnover_cap,1024,delta_sharpe,-0.009854192470220013,90e40d212b5faaff644e0041eeef92c0b0056ce9a834095a047948a1d5e42529,0ed9091f1ab96d24ef5fbd41d0d080668623e954e4f15e4a277f1c217e825eb9,6f03d3da3ed6ecbe918c5a7f9aa35cb9abfb2b83
p12v4m6-D-no_turnover_cap-s1024,D,no_turnover_cap,1024,delta_std_return,0.0,90e40d212b5faaff644e0041eeef92c0b0056ce9a834095a047948a1d5e42529,0ed9091f1ab96d24ef5fbd41d0d080668623e954e4f15e4a277f1c217e825eb9,6f03d3da3ed6ecbe918c5a7f9aa35cb9abfb2b83
p12v4m6-D-no_turnover_cap-s1024,D,no_turnover_cap,1024,delta_total_cost,2777.1154757118493,90e40d212b5faaff644e0041eeef92c0b0056ce9a834095a047948a1d5e42529,0ed9091f1ab96d24ef5fbd41d0d080668623e954e4f15e4a277f1c217e825eb9,6f03d3da3ed6ecbe918c5a7f9aa35cb9abfb2b83
p12v4m6-D-no_turnover_cap-s1024,D,no_turnover_cap,1024,delta_trade_count,0.0,90e40d212b5faaff644e0041eeef92c0b0056ce9a834095a047948a1d5e42529,0ed9091f1ab96d24ef5fbd41d0d080668623e954e4f15e4a277f1c217e825eb9,6f03d3da3ed6ecbe918c5a7f9aa35cb9abfb2b83
p12v4m6-D-no_turnover_cap-s1024,D,no_turnover_cap,1024,runtime_seconds,2.2102550069103017,90e40d212b5faaff644e0041eeef92c0b0056ce9a834095a047948a1d5e42529,0ed9091f1ab96d24ef5fbd41d0d080668623e954e4f15e4a277f1c217e825eb9,6f03d3da3ed6ecbe918c5a7f9aa35cb9abfb2b83
p12v4m6-D-no_turnover_cap-s2048,D,no_turnover_cap,2048,invalid_order_count,43515.0,90e40d212b5faaff644e0041eeef92c0b0056ce9a834095a047948a1d5e42529,0ed9091f1ab96d24ef5fbd41d0d080668623e954e4f15e4a277f1c217e825eb9,6f03d3da3ed6ecbe918c5a7f9aa35cb9abfb2b83
p12v4m6-D-no_turnover_cap-s2048,D,no_turnover_cap,2048,max_drawdown,0.12600978055918266,90e40d212b5faaff644e0041eeef92c0b0056ce9a834095a047948a1d5e42529,0ed9091f1ab96d24ef5fbd41d0d080668623e954e4f15e4a277f1c217e825eb9,6f03d3da3ed6ecbe918c5a7f9aa35cb9abfb2b83
p12v4m6-D-no_turnover_cap-s2048,D,no_turnover_cap,2048,mean_return,0.1591023514375296,90e40d212b5faaff644e0041eeef92c0b0056ce9a834095a047948a1d5e42529,0ed9091f1ab96d24ef5fbd41d0d080668623e954e4f15e4a277f1c217e825eb9,6f03d3da3ed6ecbe918c5a7f9aa35cb9abfb2b83
p12v4m6-D-no_turnover_cap-s2048,D,no_turnover_cap,2048,mean_reward,0.02178416358236068,90e40d212b5faaff644e0041eeef92c0b0056ce9a834095a047948a1d5e42529,0ed9091f1ab96d24ef5fbd41d0d080668623e954e4f15e4a277f1c217e825eb9,6f03d3da3ed6ecbe918c5a7f9aa35cb9abfb2b83
p12v4m6-D-no_turnover_cap-s2048,D,no_turnover_cap,2048,mean_turnover,0.11636042369536344,90e40d212b5faaff644e0041eeef92c0b0056ce9a834095a047948a1d5e42529,0ed9091f1ab96d24ef5fbd41d0d080668623e954e4f15e4a277f1c217e825eb9,6f03d3da3ed6ecbe918c5a7f9aa35cb9abfb2b83
p12v4m6-D-no_turnover_cap-s2048,D,no_turnover_cap,2048,sharpe,1.7563995221743585,90e40d212b5faaff644e0041eeef92c0b0056ce9a834095a047948a1d5e42529,0ed9091f1ab96d24ef5fbd41d0d080668623e954e4f15e4a277f1c217e825eb9,6f03d3da3ed6ecbe918c5a7f9aa35cb9abfb2b83
p12v4m6-D-no_turnover_cap-s2048,D,no_turnover_cap,2048,std_return,0.0,90e40d212b5faaff644e0041eeef92c0b0056ce9a834095a047948a1d5e42529,0ed9091f1ab96d24ef5fbd41d0d080668623e954e4f15e4a277f1c217e825eb9,6f03d3da3ed6ecbe918c5a7f9aa35cb9abfb2b83
p12v4m6-D-no_turnover_cap-s2048,D,no_turnover_cap,2048,total_cost,175140.6173669378,90e40d212b5faaff644e0041eeef92c0b0056ce9a834095a047948a1d5e42529,0ed9091f1ab96d24ef5fbd41d0d080668623e954e4f15e4a277f1c217e825eb9,6f03d3da3ed6ecbe918c5a7f9aa35cb9abfb2b83
p12v4m6-D-no_turnover_cap-s2048,D,no_turnover_cap,2048,trade_count,970.0,90e40d212b5faaff644e0041eeef92c0b0056ce9a834095a047948a1d5e42529,0ed9091f1ab96d24ef5fbd41d0d080668623e954e4f15e4a277f1c217e825eb9,6f03d3da3ed6ecbe918c5a7f9aa35cb9abfb2b83
p12v4m6-D-no_turnover_cap-s2048,D,no_turnover_cap,2048,delta_invalid_order_count,375.0,90e40d212b5faaff644e0041eeef92c0b0056ce9a834095a047948a1d5e42529,0ed9091f1ab96d24ef5fbd41d0d080668623e954e4f15e4a277f1c217e825eb9,6f03d3da3ed6ecbe918c5a7f9aa35cb9abfb2b83
p12v4m6-D-no_turnover_cap-s2048,D,no_turnover_cap,2048,delta_max_drawdown,8.904139174625847e-05,90e40d212b5faaff644e0041eeef92c0b0056ce9a834095a047948a1d5e42529,0ed9091f1ab96d24ef5fbd41d0d080668623e954e4f15e4a277f1c217e825eb9,6f03d3da3ed6ecbe918c5a7f9aa35cb9abfb2b83
p12v4m6-D-no_turnover_cap-s2048,D,no_turnover_cap,2048,delta_mean_return,-0.005004366836371954,90e40d212b5faaff644e0041eeef92c0b0056ce9a834095a047948a1d5e42529,0ed9091f1ab96d24ef5fbd41d0d080668623e954e4f15e4a277f1c217e825eb9,6f03d3da3ed6ecbe918c5a7f9aa35cb9abfb2b83
p12v4m6-D-no_turnover_cap-s2048,D,no_turnover_cap,2048,delta_mean_reward,-0.004465528427501756,90e40d212b5faaff644e0041eeef92c0b0056ce9a834095a047948a1d5e42529,0ed9091f1ab96d24ef5fbd41d0d080668623e954e4f15e4a277f1c217e825eb9,6f03d3da3ed6ecbe918c5a7f9aa35cb9abfb2b83
p12v4m6-D-no_turnover_cap-s2048,D,no_turnover_cap,2048,delta_mean_turnover,0.002272473224149238,90e40d212b5faaff644e0041eeef92c0b0056ce9a834095a047948a1d5e42529,0ed9091f1ab96d24ef5fbd41d0d080668623e954e4f15e4a277f1c217e825eb9,6f03d3da3ed6ecbe918c5a7f9aa35cb9abfb2b83
p12v4m6-D-no_turnover_cap-s2048,D,no_turnover_cap,2048,delta_sharpe,-0.009854192470220013,90e40d212b5faaff644e0041eeef92c0b0056ce9a834095a047948a1d5e42529,0ed9091f1ab96d24ef5fbd41d0d080668623e954e4f15e4a277f1c217e825eb9,6f03d3da3ed6ecbe918c5a7f9aa35cb9abfb2b83
p12v4m6-D-no_turnover_cap-s2048,D,no_turnover_cap,2048,delta_std_return,0.0,90e40d212b5faaff644e0041eeef92c0b0056ce9a834095a047948a1d5e42529,0ed9091f1ab96d24ef5fbd41d0d080668623e954e4f15e4a277f1c217e825eb9,6f03d3da3ed6ecbe918c5a7f9aa35cb9abfb2b83
p12v4m6-D-no_turnover_cap-s2048,D,no_turnover_cap,2048,delta_total_cost,2777.1154757118493,90e40d212b5faaff644e0041eeef92c0b0056ce9a834095a047948a1d5e42529,0ed9091f1ab96d24ef5fbd41d0d080668623e954e4f15e4a277f1c217e825eb9,6f03d3da3ed6ecbe918c5a7f9aa35cb9abfb2b83
p12v4m6-D-no_turnover_cap-s2048,D,no_turnover_cap,2048,delta_trade_count,0.0,90e40d212b5faaff644e0041eeef92c0b0056ce9a834095a047948a1d5e42529,0ed9091f1ab96d24ef5fbd41d0d080668623e954e4f15e4a277f1c217e825eb9,6f03d3da3ed6ecbe918c5a7f9aa35cb9abfb2b83
p12v4m6-D-no_turnover_cap-s2048,D,no_turnover_cap,2048,runtime_seconds,2.23713055299595,90e40d212b5faaff644e0041eeef92c0b0056ce9a834095a047948a1d5e42529,0ed9091f1ab96d24ef5fbd41d0d080668623e954e4f15e4a277f1c217e825eb9,6f03d3da3ed6ecbe918c5a7f9aa35cb9abfb2b83
p12v4m6-D-no_turnover_cap-s4096,D,no_turnover_cap,4096,invalid_order_count,43515.0,90e40d212b5faaff644e0041eeef92c0b0056ce9a834095a047948a1d5e42529,0ed9091f1ab96d24ef5fbd41d0d080668623e954e4f15e4a277f1c217e825eb9,6f03d3da3ed6ecbe918c5a7f9aa35cb9abfb2b83
p12v4m6-D-no_turnover_cap-s4096,D,no_turnover_cap,4096,max_drawdown,0.12600978055918266,90e40d212b5faaff644e0041eeef92c0b0056ce9a834095a047948a1d5e42529,0ed9091f1ab96d24ef5fbd41d0d080668623e954e4f15e4a277f1c217e825eb9,6f03d3da3ed6ecbe918c5a7f9aa35cb9abfb2b83
p12v4m6-D-no_turnover_cap-s4096,D,no_turnover_cap,4096,mean_return,0.1591023514375296,90e40d212b5faaff644e0041eeef92c0b0056ce9a834095a047948a1d5e42529,0ed9091f1ab96d24ef5fbd41d0d080668623e954e4f15e4a277f1c217e825eb9,6f03d3da3ed6ecbe918c5a7f9aa35cb9abfb2b83
p12v4m6-D-no_turnover_cap-s4096,D,no_turnover_cap,4096,mean_reward,0.02178416358236068,90e40d212b5faaff644e0041eeef92c0b0056ce9a834095a047948a1d5e42529,0ed9091f1ab96d24ef5fbd41d0d080668623e954e4f15e4a277f1c217e825eb9,6f03d3da3ed6ecbe918c5a7f9aa35cb9abfb2b83
p12v4m6-D-no_turnover_cap-s4096,D,no_turnover_cap,4096,mean_turnover,0.11636042369536344,90e40d212b5faaff644e0041eeef92c0b0056ce9a834095a047948a1d5e42529,0ed9091f1ab96d24ef5fbd41d0d080668623e954e4f15e4a277f1c217e825eb9,6f03d3da3ed6ecbe918c5a7f9aa35cb9abfb2b83
p12v4m6-D-no_turnover_cap-s4096,D,no_turnover_cap,4096,sharpe,1.7563995221743585,90e40d212b5faaff644e0041eeef92c0b0056ce9a834095a047948a1d5e42529,0ed9091f1ab96d24ef5fbd41d0d080668623e954e4f15e4a277f1c217e825eb9,6f03d3da3ed6ecbe918c5a7f9aa35cb9abfb2b83
p12v4m6-D-no_turnover_cap-s4096,D,no_turnover_cap,4096,std_return,0.0,90e40d212b5faaff644e0041eeef92c0b0056ce9a834095a047948a1d5e42529,0ed9091f1ab96d24ef5fbd41d0d080668623e954e4f15e4a277f1c217e825eb9,6f03d3da3ed6ecbe918c5a7f9aa35cb9abfb2b83
p12v4m6-D-no_turnover_cap-s4096,D,no_turnover_cap,4096,total_cost,175140.6173669378,90e40d212b5faaff644e0041eeef92c0b0056ce9a834095a047948a1d5e42529,0ed9091f1ab96d24ef5fbd41d0d080668623e954e4f15e4a277f1c217e825eb9,6f03d3da3ed6ecbe918c5a7f9aa35cb9abfb2b83
p12v4m6-D-no_turnover_cap-s4096,D,no_turnover_cap,4096,trade_count,970.0,90e40d212b5faaff644e0041eeef92c0b0056ce9a834095a047948a1d5e42529,0ed9091f1ab96d24ef5fbd41d0d080668623e954e4f15e4a277f1c217e825eb9,6f03d3da3ed6ecbe918c5a7f9aa35cb9abfb2b83
p12v4m6-D-no_turnover_cap-s4096,D,no_turnover_cap,4096,delta_invalid_order_count,375.0,90e40d212b5faaff644e0041eeef92c0b0056ce9a834095a047948a1d5e42529,0ed9091f1ab96d24ef5fbd41d0d080668623e954e4f15e4a277f1c217e825eb9,6f03d3da3ed6ecbe918c5a7f9aa35cb9abfb2b83
p12v4m6-D-no_turnover_cap-s4096,D,no_turnover_cap,4096,delta_max_drawdown,8.904139174625847e-05,90e40d212b5faaff644e0041eeef92c0b0056ce9a834095a047948a1d5e42529,0ed9091f1ab96d24ef5fbd41d0d080668623e954e4f15e4a277f1c217e825eb9,6f03d3da3ed6ecbe918c5a7f9aa35cb9abfb2b83
p12v4m6-D-no_turnover_cap-s4096,D,no_turnover_cap,4096,delta_mean_return,-0.005004366836371954,90e40d212b5faaff644e0041eeef92c0b0056ce9a834095a047948a1d5e42529,0ed9091f1ab96d24ef5fbd41d0d080668623e954e4f15e4a277f1c217e825eb9,6f03d3da3ed6ecbe918c5a7f9aa35cb9abfb2b83
p12v4m6-D-no_turnover_cap-s4096,D,no_turnover_cap,4096,delta_mean_reward,-0.004465528427501756,90e40d212b5faaff644e0041eeef92c0b0056ce9a834095a047948a1d5e42529,0ed9091f1ab96d24ef5fbd41d0d080668623e954e4f15e4a277f1c217e825eb9,6f03d3da3ed6ecbe918c5a7f9aa35cb9abfb2b83
p12v4m6-D-no_turnover_cap-s4096,D,no_turnover_cap,4096,delta_mean_turnover,0.002272473224149238,90e40d212b5faaff644e0041eeef92c0b0056ce9a834095a047948a1d5e42529,0ed9091f1ab96d24ef5fbd41d0d080668623e954e4f15e4a277f1c217e825eb9,6f03d3da3ed6ecbe918c5a7f9aa35cb9abfb2b83
p12v4m6-D-no_turnover_cap-s4096,D,no_turnover_cap,4096,delta_sharpe,-0.009854192470220013,90e40d212b5faaff644e0041eeef92c0b0056ce9a834095a047948a1d5e42529,0ed9091f1ab96d24ef5fbd41d0d080668623e954e4f15e4a277f1c217e825eb9,6f03d3da3ed6ecbe918c5a7f9aa35cb9abfb2b83
p12v4m6-D-no_turnover_cap-s4096,D,no_turnover_cap,4096,delta_std_return,0.0,90e40d212b5faaff644e0041eeef92c0b0056ce9a834095a047948a1d5e42529,0ed9091f1ab96d24ef5fbd41d0d080668623e954e4f15e4a277f1c217e825eb9,6f03d3da3ed6ecbe918c5a7f9aa35cb9abfb2b83
p12v4m6-D-no_turnover_cap-s4096,D,no_turnover_cap,4096,delta_total_cost,2777.1154757118493,90e40d212b5faaff644e0041eeef92c0b0056ce9a834095a047948a1d5e42529,0ed9091f1ab96d24ef5fbd41d0d080668623e954e4f15e4a277f1c217e825eb9,6f03d3da3ed6ecbe918c5a7f9aa35cb9abfb2b83
p12v4m6-D-no_turnover_cap-s4096,D,no_turnover_cap,4096,delta_trade_count,0.0,90e40d212b5faaff644e0041eeef92c0b0056ce9a834095a047948a1d5e42529,0ed9091f1ab96d24ef5fbd41d0d080668623e954e4f15e4a277f1c217e825eb9,6f03d3da3ed6ecbe918c5a7f9aa35cb9abfb2b83
p12v4m6-D-no_turnover_cap-s4096,D,no_turnover_cap,4096,runtime_seconds,2.242824526038021,90e40d212b5faaff644e0041eeef92c0b0056ce9a834095a047948a1d5e42529,0ed9091f1ab96d24ef5fbd41d0d080668623e954e4f15e4a277f1c217e825eb9,6f03d3da3ed6ecbe918c5a7f9aa35cb9abfb2b83
p12v4m6-D-no_turnover_cap-s8192,D,no_turnover_cap,8192,invalid_order_count,43515.0,90e40d212b5faaff644e0041eeef92c0b0056ce9a834095a047948a1d5e42529,0ed9091f1ab96d24ef5fbd41d0d080668623e954e4f15e4a277f1c217e825eb9,6f03d3da3ed6ecbe918c5a7f9aa35cb9abfb2b83
p12v4m6-D-no_turnover_cap-s8192,D,no_turnover_cap,8192,max_drawdown,0.12600978055918266,90e40d212b5faaff644e0041eeef92c0b0056ce9a834095a047948a1d5e42529,0ed9091f1ab96d24ef5fbd41d0d080668623e954e4f15e4a277f1c217e825eb9,6f03d3da3ed6ecbe918c5a7f9aa35cb9abfb2b83
p12v4m6-D-no_turnover_cap-s8192,D,no_turnover_cap,8192,mean_return,0.1591023514375296,90e40d212b5faaff644e0041eeef92c0b0056ce9a834095a047948a1d5e42529,0ed9091f1ab96d24ef5fbd41d0d080668623e954e4f15e4a277f1c217e825eb9,6f03d3da3ed6ecbe918c5a7f9aa35cb9abfb2b83
p12v4m6-D-no_turnover_cap-s8192,D,no_turnover_cap,8192,mean_reward,0.02178416358236068,90e40d212b5faaff644e0041eeef92c0b0056ce9a834095a047948a1d5e42529,0ed9091f1ab96d24ef5fbd41d0d080668623e954e4f15e4a277f1c217e825eb9,6f03d3da3ed6ecbe918c5a7f9aa35cb9abfb2b83
p12v4m6-D-no_turnover_cap-s8192,D,no_turnover_cap,8192,mean_turnover,0.11636042369536344,90e40d212b5faaff644e0041eeef92c0b0056ce9a834095a047948a1d5e42529,0ed9091f1ab96d24ef5fbd41d0d080668623e954e4f15e4a277f1c217e825eb9,6f03d3da3ed6ecbe918c5a7f9aa35cb9abfb2b83
p12v4m6-D-no_turnover_cap-s8192,D,no_turnover_cap,8192,sharpe,1.7563995221743585,90e40d212b5faaff644e0041eeef92c0b0056ce9a834095a047948a1d5e42529,0ed9091f1ab96d24ef5fbd41d0d080668623e954e4f15e4a277f1c217e825eb9,6f03d3da3ed6ecbe918c5a7f9aa35cb9abfb2b83
p12v4m6-D-no_turnover_cap-s8192,D,no_turnover_cap,8192,std_return,0.0,90e40d212b5faaff644e0041eeef92c0b0056ce9a834095a047948a1d5e42529,0ed9091f1ab96d24ef5fbd41d0d080668623e954e4f15e4a277f1c217e825eb9,6f03d3da3ed6ecbe918c5a7f9aa35cb9abfb2b83
p12v4m6-D-no_turnover_cap-s8192,D,no_turnover_cap,8192,total_cost,175140.6173669378,90e40d212b5faaff644e0041eeef92c0b0056ce9a834095a047948a1d5e42529,0ed9091f1ab96d24ef5fbd41d0d080668623e954e4f15e4a277f1c217e825eb9,6f03d3da3ed6ecbe918c5a7f9aa35cb9abfb2b83
p12v4m6-D-no_turnover_cap-s8192,D,no_turnover_cap,8192,trade_count,970.0,90e40d212b5faaff644e0041eeef92c0b0056ce9a834095a047948a1d5e42529,0ed9091f1ab96d24ef5fbd41d0d080668623e954e4f15e4a277f1c217e825eb9,6f03d3da3ed6ecbe918c5a7f9aa35cb9abfb2b83
p12v4m6-D-no_turnover_cap-s8192,D,no_turnover_cap,8192,delta_invalid_order_count,375.0,90e40d212b5faaff644e0041eeef92c0b0056ce9a834095a047948a1d5e42529,0ed9091f1ab96d24ef5fbd41d0d080668623e954e4f15e4a277f1c217e825eb9,6f03d3da3ed6ecbe918c5a7f9aa35cb9abfb2b83
p12v4m6-D-no_turnover_cap-s8192,D,no_turnover_cap,8192,delta_max_drawdown,8.904139174625847e-05,90e40d212b5faaff644e0041eeef92c0b0056ce9a834095a047948a1d5e42529,0ed9091f1ab96d24ef5fbd41d0d080668623e954e4f15e4a277f1c217e825eb9,6f03d3da3ed6ecbe918c5a7f9aa35cb9abfb2b83
p12v4m6-D-no_turnover_cap-s8192,D,no_turnover_cap,8192,delta_mean_return,-0.005004366836371954,90e40d212b5faaff644e0041eeef92c0b0056ce9a834095a047948a1d5e42529,0ed9091f1ab96d24ef5fbd41d0d080668623e954e4f15e4a277f1c217e825eb9,6f03d3da3ed6ecbe918c5a7f9aa35cb9abfb2b83
p12v4m6-D-no_turnover_cap-s8192,D,no_turnover_cap,8192,delta_mean_reward,-0.004465528427501756,90e40d212b5faaff644e0041eeef92c0b0056ce9a834095a047948a1d5e42529,0ed9091f1ab96d24ef5fbd41d0d080668623e954e4f15e4a277f1c217e825eb9,6f03d3da3ed6ecbe918c5a7f9aa35cb9abfb2b83
p12v4m6-D-no_turnover_cap-s8192,D,no_turnover_cap,8192,delta_mean_turnover,0.002272473224149238,90e40d212b5faaff644e0041eeef92c0b0056ce9a834095a047948a1d5e42529,0ed9091f1ab96d24ef5fbd41d0d080668623e954e4f15e4a277f1c217e825eb9,6f03d3da3ed6ecbe918c5a7f9aa35cb9abfb2b83
p12v4m6-D-no_turnover_cap-s8192,D,no_turnover_cap,8192,delta_sharpe,-0.009854192470220013,90e40d212b5faaff644e0041eeef92c0b0056ce9a834095a047948a1d5e42529,0ed9091f1ab96d24ef5fbd41d0d080668623e954e4f15e4a277f1c217e825eb9,6f03d3da3ed6ecbe918c5a7f9aa35cb9abfb2b83
p12v4m6-D-no_turnover_cap-s8192,D,no_turnover_cap,8192,delta_std_return,0.0,90e40d212b5faaff644e0041eeef92c0b0056ce9a834095a047948a1d5e42529,0ed9091f1ab96d24ef5fbd41d0d080668623e954e4f15e4a277f1c217e825eb9,6f03d3da3ed6ecbe918c5a7f9aa35cb9abfb2b83
p12v4m6-D-no_turnover_cap-s8192,D,no_turnover_cap,8192,delta_total_cost,2777.1154757118493,90e40d212b5faaff644e0041eeef92c0b0056ce9a834095a047948a1d5e42529,0ed9091f1ab96d24ef5fbd41d0d080668623e954e4f15e4a277f1c217e825eb9,6f03d3da3ed6ecbe918c5a7f9aa35cb9abfb2b83
p12v4m6-D-no_turnover_cap-s8192,D,no_turnover_cap,8192,delta_trade_count,0.0,90e40d212b5faaff644e0041eeef92c0b0056ce9a834095a047948a1d5e42529,0ed9091f1ab96d24ef5fbd41d0d080668623e954e4f15e4a277f1c217e825eb9,6f03d3da3ed6ecbe918c5a7f9aa35cb9abfb2b83
p12v4m6-D-no_turnover_cap-s8192,D,no_turnover_cap,8192,runtime_seconds,2.187931561958976,90e40d212b5faaff644e0041eeef92c0b0056ce9a834095a047948a1d5e42529,0ed9091f1ab96d24ef5fbd41d0d080668623e954e4f15e4a277f1c217e825eb9,6f03d3da3ed6ecbe918c5a7f9aa35cb9abfb2b83
p12v4m6-D-no_turnover_cap-s16384,D,no_turnover_cap,16384,invalid_order_count,43515.0,90e40d212b5faaff644e0041eeef92c0b0056ce9a834095a047948a1d5e42529,0ed9091f1ab96d24ef5fbd41d0d080668623e954e4f15e4a277f1c217e825eb9,6f03d3da3ed6ecbe918c5a7f9aa35cb9abfb2b83
p12v4m6-D-no_turnover_cap-s16384,D,no_turnover_cap,16384,max_drawdown,0.12600978055918266,90e40d212b5faaff644e0041eeef92c0b0056ce9a834095a047948a1d5e42529,0ed9091f1ab96d24ef5fbd41d0d080668623e954e4f15e4a277f1c217e825eb9,6f03d3da3ed6ecbe918c5a7f9aa35cb9abfb2b83
p12v4m6-D-no_turnover_cap-s16384,D,no_turnover_cap,16384,mean_return,0.1591023514375296,90e40d212b5faaff644e0041eeef92c0b0056ce9a834095a047948a1d5e42529,0ed9091f1ab96d24ef5fbd41d0d080668623e954e4f15e4a277f1c217e825eb9,6f03d3da3ed6ecbe918c5a7f9aa35cb9abfb2b83
p12v4m6-D-no_turnover_cap-s16384,D,no_turnover_cap,16384,mean_reward,0.02178416358236068,90e40d212b5faaff644e0041eeef92c0b0056ce9a834095a047948a1d5e42529,0ed9091f1ab96d24ef5fbd41d0d080668623e954e4f15e4a277f1c217e825eb9,6f03d3da3ed6ecbe918c5a7f9aa35cb9abfb2b83
p12v4m6-D-no_turnover_cap-s16384,D,no_turnover_cap,16384,mean_turnover,0.11636042369536344,90e40d212b5faaff644e0041eeef92c0b0056ce9a834095a047948a1d5e42529,0ed9091f1ab96d24ef5fbd41d0d080668623e954e4f15e4a277f1c217e825eb9,6f03d3da3ed6ecbe918c5a7f9aa35cb9abfb2b83
p12v4m6-D-no_turnover_cap-s16384,D,no_turnover_cap,16384,sharpe,1.7563995221743585,90e40d212b5faaff644e0041eeef92c0b0056ce9a834095a047948a1d5e42529,0ed9091f1ab96d24ef5fbd41d0d080668623e954e4f15e4a277f1c217e825eb9,6f03d3da3ed6ecbe918c5a7f9aa35cb9abfb2b83
p12v4m6-D-no_turnover_cap-s16384,D,no_turnover_cap,16384,std_return,0.0,90e40d212b5faaff644e0041eeef92c0b0056ce9a834095a047948a1d5e42529,0ed9091f1ab96d24ef5fbd41d0d080668623e954e4f15e4a277f1c217e825eb9,6f03d3da3ed6ecbe918c5a7f9aa35cb9abfb2b83
p12v4m6-D-no_turnover_cap-s16384,D,no_turnover_cap,16384,total_cost,175140.6173669378,90e40d212b5faaff644e0041eeef92c0b0056ce9a834095a047948a1d5e42529,0ed9091f1ab96d24ef5fbd41d0d080668623e954e4f15e4a277f1c217e825eb9,6f03d3da3ed6ecbe918c5a7f9aa35cb9abfb2b83
p12v4m6-D-no_turnover_cap-s16384,D,no_turnover_cap,16384,trade_count,970.0,90e40d212b5faaff644e0041eeef92c0b0056ce9a834095a047948a1d5e42529,0ed9091f1ab96d24ef5fbd41d0d080668623e954e4f15e4a277f1c217e825eb9,6f03d3da3ed6ecbe918c5a7f9aa35cb9abfb2b83
p12v4m6-D-no_turnover_cap-s16384,D,no_turnover_cap,16384,delta_invalid_order_count,375.0,90e40d212b5faaff644e0041eeef92c0b0056ce9a834095a047948a1d5e42529,0ed9091f1ab96d24ef5fbd41d0d080668623e954e4f15e4a277f1c217e825eb9,6f03d3da3ed6ecbe918c5a7f9aa35cb9abfb2b83
p12v4m6-D-no_turnover_cap-s16384,D,no_turnover_cap,16384,delta_max_drawdown,8.904139174625847e-05,90e40d212b5faaff644e0041eeef92c0b0056ce9a834095a047948a1d5e42529,0ed9091f1ab96d24ef5fbd41d0d080668623e954e4f15e4a277f1c217e825eb9,6f03d3da3ed6ecbe918c5a7f9aa35cb9abfb2b83
p12v4m6-D-no_turnover_cap-s16384,D,no_turnover_cap,16384,delta_mean_return,-0.005004366836371954,90e40d212b5faaff644e0041eeef92c0b0056ce9a834095a047948a1d5e42529,0ed9091f1ab96d24ef5fbd41d0d080668623e954e4f15e4a277f1c217e825eb9,6f03d3da3ed6ecbe918c5a7f9aa35cb9abfb2b83
p12v4m6-D-no_turnover_cap-s16384,D,no_turnover_cap,16384,delta_mean_reward,-0.004465528427501756,90e40d212b5faaff644e0041eeef92c0b0056ce9a834095a047948a1d5e42529,0ed9091f1ab96d24ef5fbd41d0d080668623e954e4f15e4a277f1c217e825eb9,6f03d3da3ed6ecbe918c5a7f9aa35cb9abfb2b83
p12v4m6-D-no_turnover_cap-s16384,D,no_turnover_cap,16384,delta_mean_turnover,0.002272473224149238,90e40d212b5faaff644e0041eeef92c0b0056ce9a834095a047948a1d5e42529,0ed9091f1ab96d24ef5fbd41d0d080668623e954e4f15e4a277f1c217e825eb9,6f03d3da3ed6ecbe918c5a7f9aa35cb9abfb2b83
p12v4m6-D-no_turnover_cap-s16384,D,no_turnover_cap,16384,delta_sharpe,-0.009854192470220013,90e40d212b5faaff644e0041eeef92c0b0056ce9a834095a047948a1d5e42529,0ed9091f1ab96d24ef5fbd41d0d080668623e954e4f15e4a277f1c217e825eb9,6f03d3da3ed6ecbe918c5a7f9aa35cb9abfb2b83
p12v4m6-D-no_turnover_cap-s16384,D,no_turnover_cap,16384,delta_std_return,0.0,90e40d212b5faaff644e0041eeef92c0b0056ce9a834095a047948a1d5e42529,0ed9091f1ab96d24ef5fbd41d0d080668623e954e4f15e4a277f1c217e825eb9,6f03d3da3ed6ecbe918c5a7f9aa35cb9abfb2b83
p12v4m6-D-no_turnover_cap-s16384,D,no_turnover_cap,16384,delta_total_cost,2777.1154757118493,90e40d212b5faaff644e0041eeef92c0b0056ce9a834095a047948a1d5e42529,0ed9091f1ab96d24ef5fbd41d0d080668623e954e4f15e4a277f1c217e825eb9,6f03d3da3ed6ecbe918c5a7f9aa35cb9abfb2b83
p12v4m6-D-no_turnover_cap-s16384,D,no_turnover_cap,16384,delta_trade_count,0.0,90e40d212b5faaff644e0041eeef92c0b0056ce9a834095a047948a1d5e42529,0ed9091f1ab96d24ef5fbd41d0d080668623e954e4f15e4a277f1c217e825eb9,6f03d3da3ed6ecbe918c5a7f9aa35cb9abfb2b83
p12v4m6-D-no_turnover_cap-s16384,D,no_turnover_cap,16384,runtime_seconds,2.2095467220060527,90e40d212b5faaff644e0041eeef92c0b0056ce9a834095a047948a1d5e42529,0ed9091f1ab96d24ef5fbd41d0d080668623e954e4f15e4a277f1c217e825eb9,6f03d3da3ed6ecbe918c5a7f9aa35cb9abfb2b83
p12v4m6-D-minimum_deterministic_risk_projection-s1024,D,minimum_deterministic_risk_projection,1024,invalid_order_count,43515.0,90e40d212b5faaff644e0041eeef92c0b0056ce9a834095a047948a1d5e42529,0ed9091f1ab96d24ef5fbd41d0d080668623e954e4f15e4a277f1c217e825eb9,6f03d3da3ed6ecbe918c5a7f9aa35cb9abfb2b83
p12v4m6-D-minimum_deterministic_risk_projection-s1024,D,minimum_deterministic_risk_projection,1024,max_drawdown,0.13122015720437408,90e40d212b5faaff644e0041eeef92c0b0056ce9a834095a047948a1d5e42529,0ed9091f1ab96d24ef5fbd41d0d080668623e954e4f15e4a277f1c217e825eb9,6f03d3da3ed6ecbe918c5a7f9aa35cb9abfb2b83
p12v4m6-D-minimum_deterministic_risk_projection-s1024,D,minimum_deterministic_risk_projection,1024,mean_return,0.17551562681574584,90e40d212b5faaff644e0041eeef92c0b0056ce9a834095a047948a1d5e42529,0ed9091f1ab96d24ef5fbd41d0d080668623e954e4f15e4a277f1c217e825eb9,6f03d3da3ed6ecbe918c5a7f9aa35cb9abfb2b83
p12v4m6-D-minimum_deterministic_risk_projection-s1024,D,minimum_deterministic_risk_projection,1024,mean_reward,0.025297218667652437,90e40d212b5faaff644e0041eeef92c0b0056ce9a834095a047948a1d5e42529,0ed9091f1ab96d24ef5fbd41d0d080668623e954e4f15e4a277f1c217e825eb9,6f03d3da3ed6ecbe918c5a7f9aa35cb9abfb2b83
p12v4m6-D-minimum_deterministic_risk_projection-s1024,D,minimum_deterministic_risk_projection,1024,mean_turnover,0.16533512737428124,90e40d212b5faaff644e0041eeef92c0b0056ce9a834095a047948a1d5e42529,0ed9091f1ab96d24ef5fbd41d0d080668623e954e4f15e4a277f1c217e825eb9,6f03d3da3ed6ecbe918c5a7f9aa35cb9abfb2b83
p12v4m6-D-minimum_deterministic_risk_projection-s1024,D,minimum_deterministic_risk_projection,1024,sharpe,1.794063592362079,90e40d212b5faaff644e0041eeef92c0b0056ce9a834095a047948a1d5e42529,0ed9091f1ab96d24ef5fbd41d0d080668623e954e4f15e4a277f1c217e825eb9,6f03d3da3ed6ecbe918c5a7f9aa35cb9abfb2b83
p12v4m6-D-minimum_deterministic_risk_projection-s1024,D,minimum_deterministic_risk_projection,1024,std_return,0.0,90e40d212b5faaff644e0041eeef92c0b0056ce9a834095a047948a1d5e42529,0ed9091f1ab96d24ef5fbd41d0d080668623e954e4f15e4a277f1c217e825eb9,6f03d3da3ed6ecbe918c5a7f9aa35cb9abfb2b83
p12v4m6-D-minimum_deterministic_risk_projection-s1024,D,minimum_deterministic_risk_projection,1024,total_cost,249804.40177029837,90e40d212b5faaff644e0041eeef92c0b0056ce9a834095a047948a1d5e42529,0ed9091f1ab96d24ef5fbd41d0d080668623e954e4f15e4a277f1c217e825eb9,6f03d3da3ed6ecbe918c5a7f9aa35cb9abfb2b83
p12v4m6-D-minimum_deterministic_risk_projection-s1024,D,minimum_deterministic_risk_projection,1024,trade_count,970.0,90e40d212b5faaff644e0041eeef92c0b0056ce9a834095a047948a1d5e42529,0ed9091f1ab96d24ef5fbd41d0d080668623e954e4f15e4a277f1c217e825eb9,6f03d3da3ed6ecbe918c5a7f9aa35cb9abfb2b83
p12v4m6-D-minimum_deterministic_risk_projection-s1024,D,minimum_deterministic_risk_projection,1024,delta_invalid_order_count,375.0,90e40d212b5faaff644e0041eeef92c0b0056ce9a834095a047948a1d5e42529,0ed9091f1ab96d24ef5fbd41d0d080668623e954e4f15e4a277f1c217e825eb9,6f03d3da3ed6ecbe918c5a7f9aa35cb9abfb2b83
p12v4m6-D-minimum_deterministic_risk_projection-s1024,D,minimum_deterministic_risk_projection,1024,delta_max_drawdown,0.005299418036937675,90e40d212b5faaff644e0041eeef92c0b0056ce9a834095a047948a1d5e42529,0ed9091f1ab96d24ef5fbd41d0d080668623e954e4f15e4a277f1c217e825eb9,6f03d3da3ed6ecbe918c5a7f9aa35cb9abfb2b83
p12v4m6-D-minimum_deterministic_risk_projection-s1024,D,minimum_deterministic_risk_projection,1024,delta_mean_return,0.011408908541844287,90e40d212b5faaff644e0041eeef92c0b0056ce9a834095a047948a1d5e42529,0ed9091f1ab96d24ef5fbd41d0d080668623e954e4f15e4a277f1c217e825eb9,6f03d3da3ed6ecbe918c5a7f9aa35cb9abfb2b83
p12v4m6-D-minimum_deterministic_risk_projection-s1024,D,minimum_deterministic_risk_projection,1024,delta_mean_reward,-0.0009524733422099987,90e40d212b5faaff644e0041eeef92c0b0056ce9a834095a047948a1d5e42529,0ed9091f1ab96d24ef5fbd41d0d080668623e954e4f15e4a277f1c217e825eb9,6f03d3da3ed6ecbe918c5a7f9aa35cb9abfb2b83
p12v4m6-D-minimum_deterministic_risk_projection-s1024,D,minimum_deterministic_risk_projection,1024,delta_mean_turnover,0.05124717690306704,90e40d212b5faaff644e0041eeef92c0b0056ce9a834095a047948a1d5e42529,0ed9091f1ab96d24ef5fbd41d0d080668623e954e4f15e4a277f1c217e825eb9,6f03d3da3ed6ecbe918c5a7f9aa35cb9abfb2b83
p12v4m6-D-minimum_deterministic_risk_projection-s1024,D,minimum_deterministic_risk_projection,1024,delta_sharpe,0.02780987771750043,90e40d212b5faaff644e0041eeef92c0b0056ce9a834095a047948a1d5e42529,0ed9091f1ab96d24ef5fbd41d0d080668623e954e4f15e4a277f1c217e825eb9,6f03d3da3ed6ecbe918c5a7f9aa35cb9abfb2b83
p12v4m6-D-minimum_deterministic_risk_projection-s1024,D,minimum_deterministic_risk_projection,1024,delta_std_return,0.0,90e40d212b5faaff644e0041eeef92c0b0056ce9a834095a047948a1d5e42529,0ed9091f1ab96d24ef5fbd41d0d080668623e954e4f15e4a277f1c217e825eb9,6f03d3da3ed6ecbe918c5a7f9aa35cb9abfb2b83
p12v4m6-D-minimum_deterministic_risk_projection-s1024,D,minimum_deterministic_risk_projection,1024,delta_total_cost,77440.89987907241,90e40d212b5faaff644e0041eeef92c0b0056ce9a834095a047948a1d5e42529,0ed9091f1ab96d24ef5fbd41d0d080668623e954e4f15e4a277f1c217e825eb9,6f03d3da3ed6ecbe918c5a7f9aa35cb9abfb2b83
p12v4m6-D-minimum_deterministic_risk_projection-s1024,D,minimum_deterministic_risk_projection,1024,delta_trade_count,0.0,90e40d212b5faaff644e0041eeef92c0b0056ce9a834095a047948a1d5e42529,0ed9091f1ab96d24ef5fbd41d0d080668623e954e4f15e4a277f1c217e825eb9,6f03d3da3ed6ecbe918c5a7f9aa35cb9abfb2b83
p12v4m6-D-minimum_deterministic_risk_projection-s1024,D,minimum_deterministic_risk_projection,1024,runtime_seconds,2.1834857219364494,90e40d212b5faaff644e0041eeef92c0b0056ce9a834095a047948a1d5e42529,0ed9091f1ab96d24ef5fbd41d0d080668623e954e4f15e4a277f1c217e825eb9,6f03d3da3ed6ecbe918c5a7f9aa35cb9abfb2b83
p12v4m6-D-minimum_deterministic_risk_projection-s2048,D,minimum_deterministic_risk_projection,2048,invalid_order_count,43515.0,90e40d212b5faaff644e0041eeef92c0b0056ce9a834095a047948a1d5e42529,0ed9091f1ab96d24ef5fbd41d0d080668623e954e4f15e4a277f1c217e825eb9,6f03d3da3ed6ecbe918c5a7f9aa35cb9abfb2b83
p12v4m6-D-minimum_deterministic_risk_projection-s2048,D,minimum_deterministic_risk_projection,2048,max_drawdown,0.13122015720437408,90e40d212b5faaff644e0041eeef92c0b0056ce9a834095a047948a1d5e42529,0ed9091f1ab96d24ef5fbd41d0d080668623e954e4f15e4a277f1c217e825eb9,6f03d3da3ed6ecbe918c5a7f9aa35cb9abfb2b83
p12v4m6-D-minimum_deterministic_risk_projection-s2048,D,minimum_deterministic_risk_projection,2048,mean_return,0.17551562681574584,90e40d212b5faaff644e0041eeef92c0b0056ce9a834095a047948a1d5e42529,0ed9091f1ab96d24ef5fbd41d0d080668623e954e4f15e4a277f1c217e825eb9,6f03d3da3ed6ecbe918c5a7f9aa35cb9abfb2b83
p12v4m6-D-minimum_deterministic_risk_projection-s2048,D,minimum_deterministic_risk_projection,2048,mean_reward,0.025297218667652437,90e40d212b5faaff644e0041eeef92c0b0056ce9a834095a047948a1d5e42529,0ed9091f1ab96d24ef5fbd41d0d080668623e954e4f15e4a277f1c217e825eb9,6f03d3da3ed6ecbe918c5a7f9aa35cb9abfb2b83
p12v4m6-D-minimum_deterministic_risk_projection-s2048,D,minimum_deterministic_risk_projection,2048,mean_turnover,0.16533512737428124,90e40d212b5faaff644e0041eeef92c0b0056ce9a834095a047948a1d5e42529,0ed9091f1ab96d24ef5fbd41d0d080668623e954e4f15e4a277f1c217e825eb9,6f03d3da3ed6ecbe918c5a7f9aa35cb9abfb2b83
p12v4m6-D-minimum_deterministic_risk_projection-s2048,D,minimum_deterministic_risk_projection,2048,sharpe,1.794063592362079,90e40d212b5faaff644e0041eeef92c0b0056ce9a834095a047948a1d5e42529,0ed9091f1ab96d24ef5fbd41d0d080668623e954e4f15e4a277f1c217e825eb9,6f03d3da3ed6ecbe918c5a7f9aa35cb9abfb2b83
p12v4m6-D-minimum_deterministic_risk_projection-s2048,D,minimum_deterministic_risk_projection,2048,std_return,0.0,90e40d212b5faaff644e0041eeef92c0b0056ce9a834095a047948a1d5e42529,0ed9091f1ab96d24ef5fbd41d0d080668623e954e4f15e4a277f1c217e825eb9,6f03d3da3ed6ecbe918c5a7f9aa35cb9abfb2b83
p12v4m6-D-minimum_deterministic_risk_projection-s2048,D,minimum_deterministic_risk_projection,2048,total_cost,249804.40177029837,90e40d212b5faaff644e0041eeef92c0b0056ce9a834095a047948a1d5e42529,0ed9091f1ab96d24ef5fbd41d0d080668623e954e4f15e4a277f1c217e825eb9,6f03d3da3ed6ecbe918c5a7f9aa35cb9abfb2b83
p12v4m6-D-minimum_deterministic_risk_projection-s2048,D,minimum_deterministic_risk_projection,2048,trade_count,970.0,90e40d212b5faaff644e0041eeef92c0b0056ce9a834095a047948a1d5e42529,0ed9091f1ab96d24ef5fbd41d0d080668623e954e4f15e4a277f1c217e825eb9,6f03d3da3ed6ecbe918c5a7f9aa35cb9abfb2b83
p12v4m6-D-minimum_deterministic_risk_projection-s2048,D,minimum_deterministic_risk_projection,2048,delta_invalid_order_count,375.0,90e40d212b5faaff644e0041eeef92c0b0056ce9a834095a047948a1d5e42529,0ed9091f1ab96d24ef5fbd41d0d080668623e954e4f15e4a277f1c217e825eb9,6f03d3da3ed6ecbe918c5a7f9aa35cb9abfb2b83
p12v4m6-D-minimum_deterministic_risk_projection-s2048,D,minimum_deterministic_risk_projection,2048,delta_max_drawdown,0.005299418036937675,90e40d212b5faaff644e0041eeef92c0b0056ce9a834095a047948a1d5e42529,0ed9091f1ab96d24ef5fbd41d0d080668623e954e4f15e4a277f1c217e825eb9,6f03d3da3ed6ecbe918c5a7f9aa35cb9abfb2b83
p12v4m6-D-minimum_deterministic_risk_projection-s2048,D,minimum_deterministic_risk_projection,2048,delta_mean_return,0.011408908541844287,90e40d212b5faaff644e0041eeef92c0b0056ce9a834095a047948a1d5e42529,0ed9091f1ab96d24ef5fbd41d0d080668623e954e4f15e4a277f1c217e825eb9,6f03d3da3ed6ecbe918c5a7f9aa35cb9abfb2b83
p12v4m6-D-minimum_deterministic_risk_projection-s2048,D,minimum_deterministic_risk_projection,2048,delta_mean_reward,-0.0009524733422099987,90e40d212b5faaff644e0041eeef92c0b0056ce9a834095a047948a1d5e42529,0ed9091f1ab96d24ef5fbd41d0d080668623e954e4f15e4a277f1c217e825eb9,6f03d3da3ed6ecbe918c5a7f9aa35cb9abfb2b83
p12v4m6-D-minimum_deterministic_risk_projection-s2048,D,minimum_deterministic_risk_projection,2048,delta_mean_turnover,0.05124717690306704,90e40d212b5faaff644e0041eeef92c0b0056ce9a834095a047948a1d5e42529,0ed9091f1ab96d24ef5fbd41d0d080668623e954e4f15e4a277f1c217e825eb9,6f03d3da3ed6ecbe918c5a7f9aa35cb9abfb2b83
p12v4m6-D-minimum_deterministic_risk_projection-s2048,D,minimum_deterministic_risk_projection,2048,delta_sharpe,0.02780987771750043,90e40d212b5faaff644e0041eeef92c0b0056ce9a834095a047948a1d5e42529,0ed9091f1ab96d24ef5fbd41d0d080668623e954e4f15e4a277f1c217e825eb9,6f03d3da3ed6ecbe918c5a7f9aa35cb9abfb2b83
p12v4m6-D-minimum_deterministic_risk_projection-s2048,D,minimum_deterministic_risk_projection,2048,delta_std_return,0.0,90e40d212b5faaff644e0041eeef92c0b0056ce9a834095a047948a1d5e42529,0ed9091f1ab96d24ef5fbd41d0d080668623e954e4f15e4a277f1c217e825eb9,6f03d3da3ed6ecbe918c5a7f9aa35cb9abfb2b83
p12v4m6-D-minimum_deterministic_risk_projection-s2048,D,minimum_deterministic_risk_projection,2048,delta_total_cost,77440.89987907241,90e40d212b5faaff644e0041eeef92c0b0056ce9a834095a047948a1d5e42529,0ed9091f1ab96d24ef5fbd41d0d080668623e954e4f15e4a277f1c217e825eb9,6f03d3da3ed6ecbe918c5a7f9aa35cb9abfb2b83
p12v4m6-D-minimum_deterministic_risk_projection-s2048,D,minimum_deterministic_risk_projection,2048,delta_trade_count,0.0,90e40d212b5faaff644e0041eeef92c0b0056ce9a834095a047948a1d5e42529,0ed9091f1ab96d24ef5fbd41d0d080668623e954e4f15e4a277f1c217e825eb9,6f03d3da3ed6ecbe918c5a7f9aa35cb9abfb2b83
p12v4m6-D-minimum_deterministic_risk_projection-s2048,D,minimum_deterministic_risk_projection,2048,runtime_seconds,2.0822793199913576,90e40d212b5faaff644e0041eeef92c0b0056ce9a834095a047948a1d5e42529,0ed9091f1ab96d24ef5fbd41d0d080668623e954e4f15e4a277f1c217e825eb9,6f03d3da3ed6ecbe918c5a7f9aa35cb9abfb2b83
p12v4m6-D-minimum_deterministic_risk_projection-s4096,D,minimum_deterministic_risk_projection,4096,invalid_order_count,43515.0,90e40d212b5faaff644e0041eeef92c0b0056ce9a834095a047948a1d5e42529,0ed9091f1ab96d24ef5fbd41d0d080668623e954e4f15e4a277f1c217e825eb9,6f03d3da3ed6ecbe918c5a7f9aa35cb9abfb2b83
p12v4m6-D-minimum_deterministic_risk_projection-s4096,D,minimum_deterministic_risk_projection,4096,max_drawdown,0.13122015720437408,90e40d212b5faaff644e0041eeef92c0b0056ce9a834095a047948a1d5e42529,0ed9091f1ab96d24ef5fbd41d0d080668623e954e4f15e4a277f1c217e825eb9,6f03d3da3ed6ecbe918c5a7f9aa35cb9abfb2b83
p12v4m6-D-minimum_deterministic_risk_projection-s4096,D,minimum_deterministic_risk_projection,4096,mean_return,0.17551562681574584,90e40d212b5faaff644e0041eeef92c0b0056ce9a834095a047948a1d5e42529,0ed9091f1ab96d24ef5fbd41d0d080668623e954e4f15e4a277f1c217e825eb9,6f03d3da3ed6ecbe918c5a7f9aa35cb9abfb2b83
p12v4m6-D-minimum_deterministic_risk_projection-s4096,D,minimum_deterministic_risk_projection,4096,mean_reward,0.025297218667652437,90e40d212b5faaff644e0041eeef92c0b0056ce9a834095a047948a1d5e42529,0ed9091f1ab96d24ef5fbd41d0d080668623e954e4f15e4a277f1c217e825eb9,6f03d3da3ed6ecbe918c5a7f9aa35cb9abfb2b83
p12v4m6-D-minimum_deterministic_risk_projection-s4096,D,minimum_deterministic_risk_projection,4096,mean_turnover,0.16533512737428124,90e40d212b5faaff644e0041eeef92c0b0056ce9a834095a047948a1d5e42529,0ed9091f1ab96d24ef5fbd41d0d080668623e954e4f15e4a277f1c217e825eb9,6f03d3da3ed6ecbe918c5a7f9aa35cb9abfb2b83
p12v4m6-D-minimum_deterministic_risk_projection-s4096,D,minimum_deterministic_risk_projection,4096,sharpe,1.794063592362079,90e40d212b5faaff644e0041eeef92c0b0056ce9a834095a047948a1d5e42529,0ed9091f1ab96d24ef5fbd41d0d080668623e954e4f15e4a277f1c217e825eb9,6f03d3da3ed6ecbe918c5a7f9aa35cb9abfb2b83
p12v4m6-D-minimum_deterministic_risk_projection-s4096,D,minimum_deterministic_risk_projection,4096,std_return,0.0,90e40d212b5faaff644e0041eeef92c0b0056ce9a834095a047948a1d5e42529,0ed9091f1ab96d24ef5fbd41d0d080668623e954e4f15e4a277f1c217e825eb9,6f03d3da3ed6ecbe918c5a7f9aa35cb9abfb2b83
p12v4m6-D-minimum_deterministic_risk_projection-s4096,D,minimum_deterministic_risk_projection,4096,total_cost,249804.40177029837,90e40d212b5faaff644e0041eeef92c0b0056ce9a834095a047948a1d5e42529,0ed9091f1ab96d24ef5fbd41d0d080668623e954e4f15e4a277f1c217e825eb9,6f03d3da3ed6ecbe918c5a7f9aa35cb9abfb2b83
p12v4m6-D-minimum_deterministic_risk_projection-s4096,D,minimum_deterministic_risk_projection,4096,trade_count,970.0,90e40d212b5faaff644e0041eeef92c0b0056ce9a834095a047948a1d5e42529,0ed9091f1ab96d24ef5fbd41d0d080668623e954e4f15e4a277f1c217e825eb9,6f03d3da3ed6ecbe918c5a7f9aa35cb9abfb2b83
p12v4m6-D-minimum_deterministic_risk_projection-s4096,D,minimum_deterministic_risk_projection,4096,delta_invalid_order_count,375.0,90e40d212b5faaff644e0041eeef92c0b0056ce9a834095a047948a1d5e42529,0ed9091f1ab96d24ef5fbd41d0d080668623e954e4f15e4a277f1c217e825eb9,6f03d3da3ed6ecbe918c5a7f9aa35cb9abfb2b83
p12v4m6-D-minimum_deterministic_risk_projection-s4096,D,minimum_deterministic_risk_projection,4096,delta_max_drawdown,0.005299418036937675,90e40d212b5faaff644e0041eeef92c0b0056ce9a834095a047948a1d5e42529,0ed9091f1ab96d24ef5fbd41d0d080668623e954e4f15e4a277f1c217e825eb9,6f03d3da3ed6ecbe918c5a7f9aa35cb9abfb2b83
p12v4m6-D-minimum_deterministic_risk_projection-s4096,D,minimum_deterministic_risk_projection,4096,delta_mean_return,0.011408908541844287,90e40d212b5faaff644e0041eeef92c0b0056ce9a834095a047948a1d5e42529,0ed9091f1ab96d24ef5fbd41d0d080668623e954e4f15e4a277f1c217e825eb9,6f03d3da3ed6ecbe918c5a7f9aa35cb9abfb2b83
p12v4m6-D-minimum_deterministic_risk_projection-s4096,D,minimum_deterministic_risk_projection,4096,delta_mean_reward,-0.0009524733422099987,90e40d212b5faaff644e0041eeef92c0b0056ce9a834095a047948a1d5e42529,0ed9091f1ab96d24ef5fbd41d0d080668623e954e4f15e4a277f1c217e825eb9,6f03d3da3ed6ecbe918c5a7f9aa35cb9abfb2b83
p12v4m6-D-minimum_deterministic_risk_projection-s4096,D,minimum_deterministic_risk_projection,4096,delta_mean_turnover,0.05124717690306704,90e40d212b5faaff644e0041eeef92c0b0056ce9a834095a047948a1d5e42529,0ed9091f1ab96d24ef5fbd41d0d080668623e954e4f15e4a277f1c217e825eb9,6f03d3da3ed6ecbe918c5a7f9aa35cb9abfb2b83
p12v4m6-D-minimum_deterministic_risk_projection-s4096,D,minimum_deterministic_risk_projection,4096,delta_sharpe,0.02780987771750043,90e40d212b5faaff644e0041eeef92c0b0056ce9a834095a047948a1d5e42529,0ed9091f1ab96d24ef5fbd41d0d080668623e954e4f15e4a277f1c217e825eb9,6f03d3da3ed6ecbe918c5a7f9aa35cb9abfb2b83
p12v4m6-D-minimum_deterministic_risk_projection-s4096,D,minimum_deterministic_risk_projection,4096,delta_std_return,0.0,90e40d212b5faaff644e0041eeef92c0b0056ce9a834095a047948a1d5e42529,0ed9091f1ab96d24ef5fbd41d0d080668623e954e4f15e4a277f1c217e825eb9,6f03d3da3ed6ecbe918c5a7f9aa35cb9abfb2b83
p12v4m6-D-minimum_deterministic_risk_projection-s4096,D,minimum_deterministic_risk_projection,4096,delta_total_cost,77440.89987907241,90e40d212b5faaff644e0041eeef92c0b0056ce9a834095a047948a1d5e42529,0ed9091f1ab96d24ef5fbd41d0d080668623e954e4f15e4a277f1c217e825eb9,6f03d3da3ed6ecbe918c5a7f9aa35cb9abfb2b83
p12v4m6-D-minimum_deterministic_risk_projection-s4096,D,minimum_deterministic_risk_projection,4096,delta_trade_count,0.0,90e40d212b5faaff644e0041eeef92c0b0056ce9a834095a047948a1d5e42529,0ed9091f1ab96d24ef5fbd41d0d080668623e954e4f15e4a277f1c217e825eb9,6f03d3da3ed6ecbe918c5a7f9aa35cb9abfb2b83
p12v4m6-D-minimum_deterministic_risk_projection-s4096,D,minimum_deterministic_risk_projection,4096,runtime_seconds,2.2554318560287356,90e40d212b5faaff644e0041eeef92c0b0056ce9a834095a047948a1d5e42529,0ed9091f1ab96d24ef5fbd41d0d080668623e954e4f15e4a277f1c217e825eb9,6f03d3da3ed6ecbe918c5a7f9aa35cb9abfb2b83
p12v4m6-D-minimum_deterministic_risk_projection-s8192,D,minimum_deterministic_risk_projection,8192,invalid_order_count,43515.0,90e40d212b5faaff644e0041eeef92c0b0056ce9a834095a047948a1d5e42529,0ed9091f1ab96d24ef5fbd41d0d080668623e954e4f15e4a277f1c217e825eb9,6f03d3da3ed6ecbe918c5a7f9aa35cb9abfb2b83
p12v4m6-D-minimum_deterministic_risk_projection-s8192,D,minimum_deterministic_risk_projection,8192,max_drawdown,0.13122015720437408,90e40d212b5faaff644e0041eeef92c0b0056ce9a834095a047948a1d5e42529,0ed9091f1ab96d24ef5fbd41d0d080668623e954e4f15e4a277f1c217e825eb9,6f03d3da3ed6ecbe918c5a7f9aa35cb9abfb2b83
p12v4m6-D-minimum_deterministic_risk_projection-s8192,D,minimum_deterministic_risk_projection,8192,mean_return,0.17551562681574584,90e40d212b5faaff644e0041eeef92c0b0056ce9a834095a047948a1d5e42529,0ed9091f1ab96d24ef5fbd41d0d080668623e954e4f15e4a277f1c217e825eb9,6f03d3da3ed6ecbe918c5a7f9aa35cb9abfb2b83
p12v4m6-D-minimum_deterministic_risk_projection-s8192,D,minimum_deterministic_risk_projection,8192,mean_reward,0.025297218667652437,90e40d212b5faaff644e0041eeef92c0b0056ce9a834095a047948a1d5e42529,0ed9091f1ab96d24ef5fbd41d0d080668623e954e4f15e4a277f1c217e825eb9,6f03d3da3ed6ecbe918c5a7f9aa35cb9abfb2b83
p12v4m6-D-minimum_deterministic_risk_projection-s8192,D,minimum_deterministic_risk_projection,8192,mean_turnover,0.16533512737428124,90e40d212b5faaff644e0041eeef92c0b0056ce9a834095a047948a1d5e42529,0ed9091f1ab96d24ef5fbd41d0d080668623e954e4f15e4a277f1c217e825eb9,6f03d3da3ed6ecbe918c5a7f9aa35cb9abfb2b83
p12v4m6-D-minimum_deterministic_risk_projection-s8192,D,minimum_deterministic_risk_projection,8192,sharpe,1.794063592362079,90e40d212b5faaff644e0041eeef92c0b0056ce9a834095a047948a1d5e42529,0ed9091f1ab96d24ef5fbd41d0d080668623e954e4f15e4a277f1c217e825eb9,6f03d3da3ed6ecbe918c5a7f9aa35cb9abfb2b83
p12v4m6-D-minimum_deterministic_risk_projection-s8192,D,minimum_deterministic_risk_projection,8192,std_return,0.0,90e40d212b5faaff644e0041eeef92c0b0056ce9a834095a047948a1d5e42529,0ed9091f1ab96d24ef5fbd41d0d080668623e954e4f15e4a277f1c217e825eb9,6f03d3da3ed6ecbe918c5a7f9aa35cb9abfb2b83
p12v4m6-D-minimum_deterministic_risk_projection-s8192,D,minimum_deterministic_risk_projection,8192,total_cost,249804.40177029837,90e40d212b5faaff644e0041eeef92c0b0056ce9a834095a047948a1d5e42529,0ed9091f1ab96d24ef5fbd41d0d080668623e954e4f15e4a277f1c217e825eb9,6f03d3da3ed6ecbe918c5a7f9aa35cb9abfb2b83
p12v4m6-D-minimum_deterministic_risk_projection-s8192,D,minimum_deterministic_risk_projection,8192,trade_count,970.0,90e40d212b5faaff644e0041eeef92c0b0056ce9a834095a047948a1d5e42529,0ed9091f1ab96d24ef5fbd41d0d080668623e954e4f15e4a277f1c217e825eb9,6f03d3da3ed6ecbe918c5a7f9aa35cb9abfb2b83
p12v4m6-D-minimum_deterministic_risk_projection-s8192,D,minimum_deterministic_risk_projection,8192,delta_invalid_order_count,375.0,90e40d212b5faaff644e0041eeef92c0b0056ce9a834095a047948a1d5e42529,0ed9091f1ab96d24ef5fbd41d0d080668623e954e4f15e4a277f1c217e825eb9,6f03d3da3ed6ecbe918c5a7f9aa35cb9abfb2b83
p12v4m6-D-minimum_deterministic_risk_projection-s8192,D,minimum_deterministic_risk_projection,8192,delta_max_drawdown,0.005299418036937675,90e40d212b5faaff644e0041eeef92c0b0056ce9a834095a047948a1d5e42529,0ed9091f1ab96d24ef5fbd41d0d080668623e954e4f15e4a277f1c217e825eb9,6f03d3da3ed6ecbe918c5a7f9aa35cb9abfb2b83
p12v4m6-D-minimum_deterministic_risk_projection-s8192,D,minimum_deterministic_risk_projection,8192,delta_mean_return,0.011408908541844287,90e40d212b5faaff644e0041eeef92c0b0056ce9a834095a047948a1d5e42529,0ed9091f1ab96d24ef5fbd41d0d080668623e954e4f15e4a277f1c217e825eb9,6f03d3da3ed6ecbe918c5a7f9aa35cb9abfb2b83
p12v4m6-D-minimum_deterministic_risk_projection-s8192,D,minimum_deterministic_risk_projection,8192,delta_mean_reward,-0.0009524733422099987,90e40d212b5faaff644e0041eeef92c0b0056ce9a834095a047948a1d5e42529,0ed9091f1ab96d24ef5fbd41d0d080668623e954e4f15e4a277f1c217e825eb9,6f03d3da3ed6ecbe918c5a7f9aa35cb9abfb2b83
p12v4m6-D-minimum_deterministic_risk_projection-s8192,D,minimum_deterministic_risk_projection,8192,delta_mean_turnover,0.05124717690306704,90e40d212b5faaff644e0041eeef92c0b0056ce9a834095a047948a1d5e42529,0ed9091f1ab96d24ef5fbd41d0d080668623e954e4f15e4a277f1c217e825eb9,6f03d3da3ed6ecbe918c5a7f9aa35cb9abfb2b83
p12v4m6-D-minimum_deterministic_risk_projection-s8192,D,minimum_deterministic_risk_projection,8192,delta_sharpe,0.02780987771750043,90e40d212b5faaff644e0041eeef92c0b0056ce9a834095a047948a1d5e42529,0ed9091f1ab96d24ef5fbd41d0d080668623e954e4f15e4a277f1c217e825eb9,6f03d3da3ed6ecbe918c5a7f9aa35cb9abfb2b83
p12v4m6-D-minimum_deterministic_risk_projection-s8192,D,minimum_deterministic_risk_projection,8192,delta_std_return,0.0,90e40d212b5faaff644e0041eeef92c0b0056ce9a834095a047948a1d5e42529,0ed9091f1ab96d24ef5fbd41d0d080668623e954e4f15e4a277f1c217e825eb9,6f03d3da3ed6ecbe918c5a7f9aa35cb9abfb2b83
p12v4m6-D-minimum_deterministic_risk_projection-s8192,D,minimum_deterministic_risk_projection,8192,delta_total_cost,77440.89987907241,90e40d212b5faaff644e0041eeef92c0b0056ce9a834095a047948a1d5e42529,0ed9091f1ab96d24ef5fbd41d0d080668623e954e4f15e4a277f1c217e825eb9,6f03d3da3ed6ecbe918c5a7f9aa35cb9abfb2b83
p12v4m6-D-minimum_deterministic_risk_projection-s8192,D,minimum_deterministic_risk_projection,8192,delta_trade_count,0.0,90e40d212b5faaff644e0041eeef92c0b0056ce9a834095a047948a1d5e42529,0ed9091f1ab96d24ef5fbd41d0d080668623e954e4f15e4a277f1c217e825eb9,6f03d3da3ed6ecbe918c5a7f9aa35cb9abfb2b83
p12v4m6-D-minimum_deterministic_risk_projection-s8192,D,minimum_deterministic_risk_projection,8192,runtime_seconds,2.185858299024403,90e40d212b5faaff644e0041eeef92c0b0056ce9a834095a047948a1d5e42529,0ed9091f1ab96d24ef5fbd41d0d080668623e954e4f15e4a277f1c217e825eb9,6f03d3da3ed6ecbe918c5a7f9aa35cb9abfb2b83
p12v4m6-D-minimum_deterministic_risk_projection-s16384,D,minimum_deterministic_risk_projection,16384,invalid_order_count,43515.0,90e40d212b5faaff644e0041eeef92c0b0056ce9a834095a047948a1d5e42529,0ed9091f1ab96d24ef5fbd41d0d080668623e954e4f15e4a277f1c217e825eb9,6f03d3da3ed6ecbe918c5a7f9aa35cb9abfb2b83
p12v4m6-D-minimum_deterministic_risk_projection-s16384,D,minimum_deterministic_risk_projection,16384,max_drawdown,0.13122015720437408,90e40d212b5faaff644e0041eeef92c0b0056ce9a834095a047948a1d5e42529,0ed9091f1ab96d24ef5fbd41d0d080668623e954e4f15e4a277f1c217e825eb9,6f03d3da3ed6ecbe918c5a7f9aa35cb9abfb2b83
p12v4m6-D-minimum_deterministic_risk_projection-s16384,D,minimum_deterministic_risk_projection,16384,mean_return,0.17551562681574584,90e40d212b5faaff644e0041eeef92c0b0056ce9a834095a047948a1d5e42529,0ed9091f1ab96d24ef5fbd41d0d080668623e954e4f15e4a277f1c217e825eb9,6f03d3da3ed6ecbe918c5a7f9aa35cb9abfb2b83
p12v4m6-D-minimum_deterministic_risk_projection-s16384,D,minimum_deterministic_risk_projection,16384,mean_reward,0.025297218667652437,90e40d212b5faaff644e0041eeef92c0b0056ce9a834095a047948a1d5e42529,0ed9091f1ab96d24ef5fbd41d0d080668623e954e4f15e4a277f1c217e825eb9,6f03d3da3ed6ecbe918c5a7f9aa35cb9abfb2b83
p12v4m6-D-minimum_deterministic_risk_projection-s16384,D,minimum_deterministic_risk_projection,16384,mean_turnover,0.16533512737428124,90e40d212b5faaff644e0041eeef92c0b0056ce9a834095a047948a1d5e42529,0ed9091f1ab96d24ef5fbd41d0d080668623e954e4f15e4a277f1c217e825eb9,6f03d3da3ed6ecbe918c5a7f9aa35cb9abfb2b83
p12v4m6-D-minimum_deterministic_risk_projection-s16384,D,minimum_deterministic_risk_projection,16384,sharpe,1.794063592362079,90e40d212b5faaff644e0041eeef92c0b0056ce9a834095a047948a1d5e42529,0ed9091f1ab96d24ef5fbd41d0d080668623e954e4f15e4a277f1c217e825eb9,6f03d3da3ed6ecbe918c5a7f9aa35cb9abfb2b83
p12v4m6-D-minimum_deterministic_risk_projection-s16384,D,minimum_deterministic_risk_projection,16384,std_return,0.0,90e40d212b5faaff644e0041eeef92c0b0056ce9a834095a047948a1d5e42529,0ed9091f1ab96d24ef5fbd41d0d080668623e954e4f15e4a277f1c217e825eb9,6f03d3da3ed6ecbe918c5a7f9aa35cb9abfb2b83
p12v4m6-D-minimum_deterministic_risk_projection-s16384,D,minimum_deterministic_risk_projection,16384,total_cost,249804.40177029837,90e40d212b5faaff644e0041eeef92c0b0056ce9a834095a047948a1d5e42529,0ed9091f1ab96d24ef5fbd41d0d080668623e954e4f15e4a277f1c217e825eb9,6f03d3da3ed6ecbe918c5a7f9aa35cb9abfb2b83
p12v4m6-D-minimum_deterministic_risk_projection-s16384,D,minimum_deterministic_risk_projection,16384,trade_count,970.0,90e40d212b5faaff644e0041eeef92c0b0056ce9a834095a047948a1d5e42529,0ed9091f1ab96d24ef5fbd41d0d080668623e954e4f15e4a277f1c217e825eb9,6f03d3da3ed6ecbe918c5a7f9aa35cb9abfb2b83
p12v4m6-D-minimum_deterministic_risk_projection-s16384,D,minimum_deterministic_risk_projection,16384,delta_invalid_order_count,375.0,90e40d212b5faaff644e0041eeef92c0b0056ce9a834095a047948a1d5e42529,0ed9091f1ab96d24ef5fbd41d0d080668623e954e4f15e4a277f1c217e825eb9,6f03d3da3ed6ecbe918c5a7f9aa35cb9abfb2b83
p12v4m6-D-minimum_deterministic_risk_projection-s16384,D,minimum_deterministic_risk_projection,16384,delta_max_drawdown,0.005299418036937675,90e40d212b5faaff644e0041eeef92c0b0056ce9a834095a047948a1d5e42529,0ed9091f1ab96d24ef5fbd41d0d080668623e954e4f15e4a277f1c217e825eb9,6f03d3da3ed6ecbe918c5a7f9aa35cb9abfb2b83
p12v4m6-D-minimum_deterministic_risk_projection-s16384,D,minimum_deterministic_risk_projection,16384,delta_mean_return,0.011408908541844287,90e40d212b5faaff644e0041eeef92c0b0056ce9a834095a047948a1d5e42529,0ed9091f1ab96d24ef5fbd41d0d080668623e954e4f15e4a277f1c217e825eb9,6f03d3da3ed6ecbe918c5a7f9aa35cb9abfb2b83
p12v4m6-D-minimum_deterministic_risk_projection-s16384,D,minimum_deterministic_risk_projection,16384,delta_mean_reward,-0.0009524733422099987,90e40d212b5faaff644e0041eeef92c0b0056ce9a834095a047948a1d5e42529,0ed9091f1ab96d24ef5fbd41d0d080668623e954e4f15e4a277f1c217e825eb9,6f03d3da3ed6ecbe918c5a7f9aa35cb9abfb2b83
p12v4m6-D-minimum_deterministic_risk_projection-s16384,D,minimum_deterministic_risk_projection,16384,delta_mean_turnover,0.05124717690306704,90e40d212b5faaff644e0041eeef92c0b0056ce9a834095a047948a1d5e42529,0ed9091f1ab96d24ef5fbd41d0d080668623e954e4f15e4a277f1c217e825eb9,6f03d3da3ed6ecbe918c5a7f9aa35cb9abfb2b83
p12v4m6-D-minimum_deterministic_risk_projection-s16384,D,minimum_deterministic_risk_projection,16384,delta_sharpe,0.02780987771750043,90e40d212b5faaff644e0041eeef92c0b0056ce9a834095a047948a1d5e42529,0ed9091f1ab96d24ef5fbd41d0d080668623e954e4f15e4a277f1c217e825eb9,6f03d3da3ed6ecbe918c5a7f9aa35cb9abfb2b83
p12v4m6-D-minimum_deterministic_risk_projection-s16384,D,minimum_deterministic_risk_projection,16384,delta_std_return,0.0,90e40d212b5faaff644e0041eeef92c0b0056ce9a834095a047948a1d5e42529,0ed9091f1ab96d24ef5fbd41d0d080668623e954e4f15e4a277f1c217e825eb9,6f03d3da3ed6ecbe918c5a7f9aa35cb9abfb2b83
p12v4m6-D-minimum_deterministic_risk_projection-s16384,D,minimum_deterministic_risk_projection,16384,delta_total_cost,77440.89987907241,90e40d212b5faaff644e0041eeef92c0b0056ce9a834095a047948a1d5e42529,0ed9091f1ab96d24ef5fbd41d0d080668623e954e4f15e4a277f1c217e825eb9,6f03d3da3ed6ecbe918c5a7f9aa35cb9abfb2b83
p12v4m6-D-minimum_deterministic_risk_projection-s16384,D,minimum_deterministic_risk_projection,16384,delta_trade_count,0.0,90e40d212b5faaff644e0041eeef92c0b0056ce9a834095a047948a1d5e42529,0ed9091f1ab96d24ef5fbd41d0d080668623e954e4f15e4a277f1c217e825eb9,6f03d3da3ed6ecbe918c5a7f9aa35cb9abfb2b83
p12v4m6-D-minimum_deterministic_risk_projection-s16384,D,minimum_deterministic_risk_projection,16384,runtime_seconds,2.0451322400476784,90e40d212b5faaff644e0041eeef92c0b0056ce9a834095a047948a1d5e42529,0ed9091f1ab96d24ef5fbd41d0d080668623e954e4f15e4a277f1c217e825eb9,6f03d3da3ed6ecbe918c5a7f9aa35cb9abfb2b83
p12v4m6-E-no_llm-s1024,E,no_llm,1024,invalid_order_count,42275.0,90e40d212b5faaff644e0041eeef92c0b0056ce9a834095a047948a1d5e42529,0ed9091f1ab96d24ef5fbd41d0d080668623e954e4f15e4a277f1c217e825eb9,6f03d3da3ed6ecbe918c5a7f9aa35cb9abfb2b83
p12v4m6-E-no_llm-s1024,E,no_llm,1024,max_drawdown,0.04329153792782303,90e40d212b5faaff644e0041eeef92c0b0056ce9a834095a047948a1d5e42529,0ed9091f1ab96d24ef5fbd41d0d080668623e954e4f15e4a277f1c217e825eb9,6f03d3da3ed6ecbe918c5a7f9aa35cb9abfb2b83
p12v4m6-E-no_llm-s1024,E,no_llm,1024,mean_return,0.058643149291226715,90e40d212b5faaff644e0041eeef92c0b0056ce9a834095a047948a1d5e42529,0ed9091f1ab96d24ef5fbd41d0d080668623e954e4f15e4a277f1c217e825eb9,6f03d3da3ed6ecbe918c5a7f9aa35cb9abfb2b83
p12v4m6-E-no_llm-s1024,E,no_llm,1024,mean_reward,0.015418524254761845,90e40d212b5faaff644e0041eeef92c0b0056ce9a834095a047948a1d5e42529,0ed9091f1ab96d24ef5fbd41d0d080668623e954e4f15e4a277f1c217e825eb9,6f03d3da3ed6ecbe918c5a7f9aa35cb9abfb2b83
p12v4m6-E-no_llm-s1024,E,no_llm,1024,mean_turnover,0.004875610059489042,90e40d212b5faaff644e0041eeef92c0b0056ce9a834095a047948a1d5e42529,0ed9091f1ab96d24ef5fbd41d0d080668623e954e4f15e4a277f1c217e825eb9,6f03d3da3ed6ecbe918c5a7f9aa35cb9abfb2b83
p12v4m6-E-no_llm-s1024,E,no_llm,1024,sharpe,1.9529558766336255,90e40d212b5faaff644e0041eeef92c0b0056ce9a834095a047948a1d5e42529,0ed9091f1ab96d24ef5fbd41d0d080668623e954e4f15e4a277f1c217e825eb9,6f03d3da3ed6ecbe918c5a7f9aa35cb9abfb2b83
p12v4m6-E-no_llm-s1024,E,no_llm,1024,std_return,0.0,90e40d212b5faaff644e0041eeef92c0b0056ce9a834095a047948a1d5e42529,0ed9091f1ab96d24ef5fbd41d0d080668623e954e4f15e4a277f1c217e825eb9,6f03d3da3ed6ecbe918c5a7f9aa35cb9abfb2b83
p12v4m6-E-no_llm-s1024,E,no_llm,1024,total_cost,7168.926232338659,90e40d212b5faaff644e0041eeef92c0b0056ce9a834095a047948a1d5e42529,0ed9091f1ab96d24ef5fbd41d0d080668623e954e4f15e4a277f1c217e825eb9,6f03d3da3ed6ecbe918c5a7f9aa35cb9abfb2b83
p12v4m6-E-no_llm-s1024,E,no_llm,1024,trade_count,970.0,90e40d212b5faaff644e0041eeef92c0b0056ce9a834095a047948a1d5e42529,0ed9091f1ab96d24ef5fbd41d0d080668623e954e4f15e4a277f1c217e825eb9,6f03d3da3ed6ecbe918c5a7f9aa35cb9abfb2b83
p12v4m6-E-no_llm-s1024,E,no_llm,1024,task_success_rate,1.0,90e40d212b5faaff644e0041eeef92c0b0056ce9a834095a047948a1d5e42529,0ed9091f1ab96d24ef5fbd41d0d080668623e954e4f15e4a277f1c217e825eb9,6f03d3da3ed6ecbe918c5a7f9aa35cb9abfb2b83
p12v4m6-E-no_llm-s1024,E,no_llm,1024,config_validity_rate,1.0,90e40d212b5faaff644e0041eeef92c0b0056ce9a834095a047948a1d5e42529,0ed9091f1ab96d24ef5fbd41d0d080668623e954e4f15e4a277f1c217e825eb9,6f03d3da3ed6ecbe918c5a7f9aa35cb9abfb2b83
p12v4m6-E-no_llm-s1024,E,no_llm,1024,tool_call_accuracy,1.0,90e40d212b5faaff644e0041eeef92c0b0056ce9a834095a047948a1d5e42529,0ed9091f1ab96d24ef5fbd41d0d080668623e954e4f15e4a277f1c217e825eb9,6f03d3da3ed6ecbe918c5a7f9aa35cb9abfb2b83
p12v4m6-E-no_llm-s1024,E,no_llm,1024,leakage_violation_rate,0.0,90e40d212b5faaff644e0041eeef92c0b0056ce9a834095a047948a1d5e42529,0ed9091f1ab96d24ef5fbd41d0d080668623e954e4f15e4a277f1c217e825eb9,6f03d3da3ed6ecbe918c5a7f9aa35cb9abfb2b83
p12v4m6-E-no_llm-s1024,E,no_llm,1024,risk_directive_validity_rate,1.0,90e40d212b5faaff644e0041eeef92c0b0056ce9a834095a047948a1d5e42529,0ed9091f1ab96d24ef5fbd41d0d080668623e954e4f15e4a277f1c217e825eb9,6f03d3da3ed6ecbe918c5a7f9aa35cb9abfb2b83
p12v4m6-E-no_llm-s1024,E,no_llm,1024,conflict_resolution_rate,1.0,90e40d212b5faaff644e0041eeef92c0b0056ce9a834095a047948a1d5e42529,0ed9091f1ab96d24ef5fbd41d0d080668623e954e4f15e4a277f1c217e825eb9,6f03d3da3ed6ecbe918c5a7f9aa35cb9abfb2b83
p12v4m6-E-no_llm-s1024,E,no_llm,1024,report_completeness_rate,1.0,90e40d212b5faaff644e0041eeef92c0b0056ce9a834095a047948a1d5e42529,0ed9091f1ab96d24ef5fbd41d0d080668623e954e4f15e4a277f1c217e825eb9,6f03d3da3ed6ecbe918c5a7f9aa35cb9abfb2b83
p12v4m6-E-no_llm-s1024,E,no_llm,1024,additional_runtime_seconds,0.029661126085557044,90e40d212b5faaff644e0041eeef92c0b0056ce9a834095a047948a1d5e42529,0ed9091f1ab96d24ef5fbd41d0d080668623e954e4f15e4a277f1c217e825eb9,6f03d3da3ed6ecbe918c5a7f9aa35cb9abfb2b83
p12v4m6-E-no_llm-s2048,E,no_llm,2048,invalid_order_count,42275.0,90e40d212b5faaff644e0041eeef92c0b0056ce9a834095a047948a1d5e42529,0ed9091f1ab96d24ef5fbd41d0d080668623e954e4f15e4a277f1c217e825eb9,6f03d3da3ed6ecbe918c5a7f9aa35cb9abfb2b83
p12v4m6-E-no_llm-s2048,E,no_llm,2048,max_drawdown,0.04329153792782303,90e40d212b5faaff644e0041eeef92c0b0056ce9a834095a047948a1d5e42529,0ed9091f1ab96d24ef5fbd41d0d080668623e954e4f15e4a277f1c217e825eb9,6f03d3da3ed6ecbe918c5a7f9aa35cb9abfb2b83
p12v4m6-E-no_llm-s2048,E,no_llm,2048,mean_return,0.058643149291226715,90e40d212b5faaff644e0041eeef92c0b0056ce9a834095a047948a1d5e42529,0ed9091f1ab96d24ef5fbd41d0d080668623e954e4f15e4a277f1c217e825eb9,6f03d3da3ed6ecbe918c5a7f9aa35cb9abfb2b83
p12v4m6-E-no_llm-s2048,E,no_llm,2048,mean_reward,0.015418524254761845,90e40d212b5faaff644e0041eeef92c0b0056ce9a834095a047948a1d5e42529,0ed9091f1ab96d24ef5fbd41d0d080668623e954e4f15e4a277f1c217e825eb9,6f03d3da3ed6ecbe918c5a7f9aa35cb9abfb2b83
p12v4m6-E-no_llm-s2048,E,no_llm,2048,mean_turnover,0.004875610059489042,90e40d212b5faaff644e0041eeef92c0b0056ce9a834095a047948a1d5e42529,0ed9091f1ab96d24ef5fbd41d0d080668623e954e4f15e4a277f1c217e825eb9,6f03d3da3ed6ecbe918c5a7f9aa35cb9abfb2b83
p12v4m6-E-no_llm-s2048,E,no_llm,2048,sharpe,1.9529558766336255,90e40d212b5faaff644e0041eeef92c0b0056ce9a834095a047948a1d5e42529,0ed9091f1ab96d24ef5fbd41d0d080668623e954e4f15e4a277f1c217e825eb9,6f03d3da3ed6ecbe918c5a7f9aa35cb9abfb2b83
p12v4m6-E-no_llm-s2048,E,no_llm,2048,std_return,0.0,90e40d212b5faaff644e0041eeef92c0b0056ce9a834095a047948a1d5e42529,0ed9091f1ab96d24ef5fbd41d0d080668623e954e4f15e4a277f1c217e825eb9,6f03d3da3ed6ecbe918c5a7f9aa35cb9abfb2b83
p12v4m6-E-no_llm-s2048,E,no_llm,2048,total_cost,7168.926232338659,90e40d212b5faaff644e0041eeef92c0b0056ce9a834095a047948a1d5e42529,0ed9091f1ab96d24ef5fbd41d0d080668623e954e4f15e4a277f1c217e825eb9,6f03d3da3ed6ecbe918c5a7f9aa35cb9abfb2b83
p12v4m6-E-no_llm-s2048,E,no_llm,2048,trade_count,970.0,90e40d212b5faaff644e0041eeef92c0b0056ce9a834095a047948a1d5e42529,0ed9091f1ab96d24ef5fbd41d0d080668623e954e4f15e4a277f1c217e825eb9,6f03d3da3ed6ecbe918c5a7f9aa35cb9abfb2b83
p12v4m6-E-no_llm-s2048,E,no_llm,2048,task_success_rate,1.0,90e40d212b5faaff644e0041eeef92c0b0056ce9a834095a047948a1d5e42529,0ed9091f1ab96d24ef5fbd41d0d080668623e954e4f15e4a277f1c217e825eb9,6f03d3da3ed6ecbe918c5a7f9aa35cb9abfb2b83
p12v4m6-E-no_llm-s2048,E,no_llm,2048,config_validity_rate,1.0,90e40d212b5faaff644e0041eeef92c0b0056ce9a834095a047948a1d5e42529,0ed9091f1ab96d24ef5fbd41d0d080668623e954e4f15e4a277f1c217e825eb9,6f03d3da3ed6ecbe918c5a7f9aa35cb9abfb2b83
p12v4m6-E-no_llm-s2048,E,no_llm,2048,tool_call_accuracy,1.0,90e40d212b5faaff644e0041eeef92c0b0056ce9a834095a047948a1d5e42529,0ed9091f1ab96d24ef5fbd41d0d080668623e954e4f15e4a277f1c217e825eb9,6f03d3da3ed6ecbe918c5a7f9aa35cb9abfb2b83
p12v4m6-E-no_llm-s2048,E,no_llm,2048,leakage_violation_rate,0.0,90e40d212b5faaff644e0041eeef92c0b0056ce9a834095a047948a1d5e42529,0ed9091f1ab96d24ef5fbd41d0d080668623e954e4f15e4a277f1c217e825eb9,6f03d3da3ed6ecbe918c5a7f9aa35cb9abfb2b83
p12v4m6-E-no_llm-s2048,E,no_llm,2048,risk_directive_validity_rate,1.0,90e40d212b5faaff644e0041eeef92c0b0056ce9a834095a047948a1d5e42529,0ed9091f1ab96d24ef5fbd41d0d080668623e954e4f15e4a277f1c217e825eb9,6f03d3da3ed6ecbe918c5a7f9aa35cb9abfb2b83
p12v4m6-E-no_llm-s2048,E,no_llm,2048,conflict_resolution_rate,1.0,90e40d212b5faaff644e0041eeef92c0b0056ce9a834095a047948a1d5e42529,0ed9091f1ab96d24ef5fbd41d0d080668623e954e4f15e4a277f1c217e825eb9,6f03d3da3ed6ecbe918c5a7f9aa35cb9abfb2b83
p12v4m6-E-no_llm-s2048,E,no_llm,2048,report_completeness_rate,1.0,90e40d212b5faaff644e0041eeef92c0b0056ce9a834095a047948a1d5e42529,0ed9091f1ab96d24ef5fbd41d0d080668623e954e4f15e4a277f1c217e825eb9,6f03d3da3ed6ecbe918c5a7f9aa35cb9abfb2b83
p12v4m6-E-no_llm-s2048,E,no_llm,2048,additional_runtime_seconds,0.027034491067752242,90e40d212b5faaff644e0041eeef92c0b0056ce9a834095a047948a1d5e42529,0ed9091f1ab96d24ef5fbd41d0d080668623e954e4f15e4a277f1c217e825eb9,6f03d3da3ed6ecbe918c5a7f9aa35cb9abfb2b83
p12v4m6-E-no_llm-s4096,E,no_llm,4096,invalid_order_count,42275.0,90e40d212b5faaff644e0041eeef92c0b0056ce9a834095a047948a1d5e42529,0ed9091f1ab96d24ef5fbd41d0d080668623e954e4f15e4a277f1c217e825eb9,6f03d3da3ed6ecbe918c5a7f9aa35cb9abfb2b83
p12v4m6-E-no_llm-s4096,E,no_llm,4096,max_drawdown,0.04329153792782303,90e40d212b5faaff644e0041eeef92c0b0056ce9a834095a047948a1d5e42529,0ed9091f1ab96d24ef5fbd41d0d080668623e954e4f15e4a277f1c217e825eb9,6f03d3da3ed6ecbe918c5a7f9aa35cb9abfb2b83
p12v4m6-E-no_llm-s4096,E,no_llm,4096,mean_return,0.058643149291226715,90e40d212b5faaff644e0041eeef92c0b0056ce9a834095a047948a1d5e42529,0ed9091f1ab96d24ef5fbd41d0d080668623e954e4f15e4a277f1c217e825eb9,6f03d3da3ed6ecbe918c5a7f9aa35cb9abfb2b83
p12v4m6-E-no_llm-s4096,E,no_llm,4096,mean_reward,0.015418524254761845,90e40d212b5faaff644e0041eeef92c0b0056ce9a834095a047948a1d5e42529,0ed9091f1ab96d24ef5fbd41d0d080668623e954e4f15e4a277f1c217e825eb9,6f03d3da3ed6ecbe918c5a7f9aa35cb9abfb2b83
p12v4m6-E-no_llm-s4096,E,no_llm,4096,mean_turnover,0.004875610059489042,90e40d212b5faaff644e0041eeef92c0b0056ce9a834095a047948a1d5e42529,0ed9091f1ab96d24ef5fbd41d0d080668623e954e4f15e4a277f1c217e825eb9,6f03d3da3ed6ecbe918c5a7f9aa35cb9abfb2b83
p12v4m6-E-no_llm-s4096,E,no_llm,4096,sharpe,1.9529558766336255,90e40d212b5faaff644e0041eeef92c0b0056ce9a834095a047948a1d5e42529,0ed9091f1ab96d24ef5fbd41d0d080668623e954e4f15e4a277f1c217e825eb9,6f03d3da3ed6ecbe918c5a7f9aa35cb9abfb2b83
p12v4m6-E-no_llm-s4096,E,no_llm,4096,std_return,0.0,90e40d212b5faaff644e0041eeef92c0b0056ce9a834095a047948a1d5e42529,0ed9091f1ab96d24ef5fbd41d0d080668623e954e4f15e4a277f1c217e825eb9,6f03d3da3ed6ecbe918c5a7f9aa35cb9abfb2b83
p12v4m6-E-no_llm-s4096,E,no_llm,4096,total_cost,7168.926232338659,90e40d212b5faaff644e0041eeef92c0b0056ce9a834095a047948a1d5e42529,0ed9091f1ab96d24ef5fbd41d0d080668623e954e4f15e4a277f1c217e825eb9,6f03d3da3ed6ecbe918c5a7f9aa35cb9abfb2b83
p12v4m6-E-no_llm-s4096,E,no_llm,4096,trade_count,970.0,90e40d212b5faaff644e0041eeef92c0b0056ce9a834095a047948a1d5e42529,0ed9091f1ab96d24ef5fbd41d0d080668623e954e4f15e4a277f1c217e825eb9,6f03d3da3ed6ecbe918c5a7f9aa35cb9abfb2b83
p12v4m6-E-no_llm-s4096,E,no_llm,4096,task_success_rate,1.0,90e40d212b5faaff644e0041eeef92c0b0056ce9a834095a047948a1d5e42529,0ed9091f1ab96d24ef5fbd41d0d080668623e954e4f15e4a277f1c217e825eb9,6f03d3da3ed6ecbe918c5a7f9aa35cb9abfb2b83
p12v4m6-E-no_llm-s4096,E,no_llm,4096,config_validity_rate,1.0,90e40d212b5faaff644e0041eeef92c0b0056ce9a834095a047948a1d5e42529,0ed9091f1ab96d24ef5fbd41d0d080668623e954e4f15e4a277f1c217e825eb9,6f03d3da3ed6ecbe918c5a7f9aa35cb9abfb2b83
p12v4m6-E-no_llm-s4096,E,no_llm,4096,tool_call_accuracy,1.0,90e40d212b5faaff644e0041eeef92c0b0056ce9a834095a047948a1d5e42529,0ed9091f1ab96d24ef5fbd41d0d080668623e954e4f15e4a277f1c217e825eb9,6f03d3da3ed6ecbe918c5a7f9aa35cb9abfb2b83
p12v4m6-E-no_llm-s4096,E,no_llm,4096,leakage_violation_rate,0.0,90e40d212b5faaff644e0041eeef92c0b0056ce9a834095a047948a1d5e42529,0ed9091f1ab96d24ef5fbd41d0d080668623e954e4f15e4a277f1c217e825eb9,6f03d3da3ed6ecbe918c5a7f9aa35cb9abfb2b83
p12v4m6-E-no_llm-s4096,E,no_llm,4096,risk_directive_validity_rate,1.0,90e40d212b5faaff644e0041eeef92c0b0056ce9a834095a047948a1d5e42529,0ed9091f1ab96d24ef5fbd41d0d080668623e954e4f15e4a277f1c217e825eb9,6f03d3da3ed6ecbe918c5a7f9aa35cb9abfb2b83
p12v4m6-E-no_llm-s4096,E,no_llm,4096,conflict_resolution_rate,1.0,90e40d212b5faaff644e0041eeef92c0b0056ce9a834095a047948a1d5e42529,0ed9091f1ab96d24ef5fbd41d0d080668623e954e4f15e4a277f1c217e825eb9,6f03d3da3ed6ecbe918c5a7f9aa35cb9abfb2b83
p12v4m6-E-no_llm-s4096,E,no_llm,4096,report_completeness_rate,1.0,90e40d212b5faaff644e0041eeef92c0b0056ce9a834095a047948a1d5e42529,0ed9091f1ab96d24ef5fbd41d0d080668623e954e4f15e4a277f1c217e825eb9,6f03d3da3ed6ecbe918c5a7f9aa35cb9abfb2b83
p12v4m6-E-no_llm-s4096,E,no_llm,4096,additional_runtime_seconds,0.03860909503418952,90e40d212b5faaff644e0041eeef92c0b0056ce9a834095a047948a1d5e42529,0ed9091f1ab96d24ef5fbd41d0d080668623e954e4f15e4a277f1c217e825eb9,6f03d3da3ed6ecbe918c5a7f9aa35cb9abfb2b83
p12v4m6-E-no_llm-s8192,E,no_llm,8192,invalid_order_count,42275.0,90e40d212b5faaff644e0041eeef92c0b0056ce9a834095a047948a1d5e42529,0ed9091f1ab96d24ef5fbd41d0d080668623e954e4f15e4a277f1c217e825eb9,6f03d3da3ed6ecbe918c5a7f9aa35cb9abfb2b83
p12v4m6-E-no_llm-s8192,E,no_llm,8192,max_drawdown,0.04329153792782303,90e40d212b5faaff644e0041eeef92c0b0056ce9a834095a047948a1d5e42529,0ed9091f1ab96d24ef5fbd41d0d080668623e954e4f15e4a277f1c217e825eb9,6f03d3da3ed6ecbe918c5a7f9aa35cb9abfb2b83
p12v4m6-E-no_llm-s8192,E,no_llm,8192,mean_return,0.058643149291226715,90e40d212b5faaff644e0041eeef92c0b0056ce9a834095a047948a1d5e42529,0ed9091f1ab96d24ef5fbd41d0d080668623e954e4f15e4a277f1c217e825eb9,6f03d3da3ed6ecbe918c5a7f9aa35cb9abfb2b83
p12v4m6-E-no_llm-s8192,E,no_llm,8192,mean_reward,0.015418524254761845,90e40d212b5faaff644e0041eeef92c0b0056ce9a834095a047948a1d5e42529,0ed9091f1ab96d24ef5fbd41d0d080668623e954e4f15e4a277f1c217e825eb9,6f03d3da3ed6ecbe918c5a7f9aa35cb9abfb2b83
p12v4m6-E-no_llm-s8192,E,no_llm,8192,mean_turnover,0.004875610059489042,90e40d212b5faaff644e0041eeef92c0b0056ce9a834095a047948a1d5e42529,0ed9091f1ab96d24ef5fbd41d0d080668623e954e4f15e4a277f1c217e825eb9,6f03d3da3ed6ecbe918c5a7f9aa35cb9abfb2b83
p12v4m6-E-no_llm-s8192,E,no_llm,8192,sharpe,1.9529558766336255,90e40d212b5faaff644e0041eeef92c0b0056ce9a834095a047948a1d5e42529,0ed9091f1ab96d24ef5fbd41d0d080668623e954e4f15e4a277f1c217e825eb9,6f03d3da3ed6ecbe918c5a7f9aa35cb9abfb2b83
p12v4m6-E-no_llm-s8192,E,no_llm,8192,std_return,0.0,90e40d212b5faaff644e0041eeef92c0b0056ce9a834095a047948a1d5e42529,0ed9091f1ab96d24ef5fbd41d0d080668623e954e4f15e4a277f1c217e825eb9,6f03d3da3ed6ecbe918c5a7f9aa35cb9abfb2b83
p12v4m6-E-no_llm-s8192,E,no_llm,8192,total_cost,7168.926232338659,90e40d212b5faaff644e0041eeef92c0b0056ce9a834095a047948a1d5e42529,0ed9091f1ab96d24ef5fbd41d0d080668623e954e4f15e4a277f1c217e825eb9,6f03d3da3ed6ecbe918c5a7f9aa35cb9abfb2b83
p12v4m6-E-no_llm-s8192,E,no_llm,8192,trade_count,970.0,90e40d212b5faaff644e0041eeef92c0b0056ce9a834095a047948a1d5e42529,0ed9091f1ab96d24ef5fbd41d0d080668623e954e4f15e4a277f1c217e825eb9,6f03d3da3ed6ecbe918c5a7f9aa35cb9abfb2b83
p12v4m6-E-no_llm-s8192,E,no_llm,8192,task_success_rate,1.0,90e40d212b5faaff644e0041eeef92c0b0056ce9a834095a047948a1d5e42529,0ed9091f1ab96d24ef5fbd41d0d080668623e954e4f15e4a277f1c217e825eb9,6f03d3da3ed6ecbe918c5a7f9aa35cb9abfb2b83
p12v4m6-E-no_llm-s8192,E,no_llm,8192,config_validity_rate,1.0,90e40d212b5faaff644e0041eeef92c0b0056ce9a834095a047948a1d5e42529,0ed9091f1ab96d24ef5fbd41d0d080668623e954e4f15e4a277f1c217e825eb9,6f03d3da3ed6ecbe918c5a7f9aa35cb9abfb2b83
p12v4m6-E-no_llm-s8192,E,no_llm,8192,tool_call_accuracy,1.0,90e40d212b5faaff644e0041eeef92c0b0056ce9a834095a047948a1d5e42529,0ed9091f1ab96d24ef5fbd41d0d080668623e954e4f15e4a277f1c217e825eb9,6f03d3da3ed6ecbe918c5a7f9aa35cb9abfb2b83
p12v4m6-E-no_llm-s8192,E,no_llm,8192,leakage_violation_rate,0.0,90e40d212b5faaff644e0041eeef92c0b0056ce9a834095a047948a1d5e42529,0ed9091f1ab96d24ef5fbd41d0d080668623e954e4f15e4a277f1c217e825eb9,6f03d3da3ed6ecbe918c5a7f9aa35cb9abfb2b83
p12v4m6-E-no_llm-s8192,E,no_llm,8192,risk_directive_validity_rate,1.0,90e40d212b5faaff644e0041eeef92c0b0056ce9a834095a047948a1d5e42529,0ed9091f1ab96d24ef5fbd41d0d080668623e954e4f15e4a277f1c217e825eb9,6f03d3da3ed6ecbe918c5a7f9aa35cb9abfb2b83
p12v4m6-E-no_llm-s8192,E,no_llm,8192,conflict_resolution_rate,1.0,90e40d212b5faaff644e0041eeef92c0b0056ce9a834095a047948a1d5e42529,0ed9091f1ab96d24ef5fbd41d0d080668623e954e4f15e4a277f1c217e825eb9,6f03d3da3ed6ecbe918c5a7f9aa35cb9abfb2b83
p12v4m6-E-no_llm-s8192,E,no_llm,8192,report_completeness_rate,1.0,90e40d212b5faaff644e0041eeef92c0b0056ce9a834095a047948a1d5e42529,0ed9091f1ab96d24ef5fbd41d0d080668623e954e4f15e4a277f1c217e825eb9,6f03d3da3ed6ecbe918c5a7f9aa35cb9abfb2b83
p12v4m6-E-no_llm-s8192,E,no_llm,8192,additional_runtime_seconds,0.02964362793136388,90e40d212b5faaff644e0041eeef92c0b0056ce9a834095a047948a1d5e42529,0ed9091f1ab96d24ef5fbd41d0d080668623e954e4f15e4a277f1c217e825eb9,6f03d3da3ed6ecbe918c5a7f9aa35cb9abfb2b83
p12v4m6-E-no_llm-s16384,E,no_llm,16384,invalid_order_count,42275.0,90e40d212b5faaff644e0041eeef92c0b0056ce9a834095a047948a1d5e42529,0ed9091f1ab96d24ef5fbd41d0d080668623e954e4f15e4a277f1c217e825eb9,6f03d3da3ed6ecbe918c5a7f9aa35cb9abfb2b83
p12v4m6-E-no_llm-s16384,E,no_llm,16384,max_drawdown,0.04329153792782303,90e40d212b5faaff644e0041eeef92c0b0056ce9a834095a047948a1d5e42529,0ed9091f1ab96d24ef5fbd41d0d080668623e954e4f15e4a277f1c217e825eb9,6f03d3da3ed6ecbe918c5a7f9aa35cb9abfb2b83
p12v4m6-E-no_llm-s16384,E,no_llm,16384,mean_return,0.058643149291226715,90e40d212b5faaff644e0041eeef92c0b0056ce9a834095a047948a1d5e42529,0ed9091f1ab96d24ef5fbd41d0d080668623e954e4f15e4a277f1c217e825eb9,6f03d3da3ed6ecbe918c5a7f9aa35cb9abfb2b83
p12v4m6-E-no_llm-s16384,E,no_llm,16384,mean_reward,0.015418524254761845,90e40d212b5faaff644e0041eeef92c0b0056ce9a834095a047948a1d5e42529,0ed9091f1ab96d24ef5fbd41d0d080668623e954e4f15e4a277f1c217e825eb9,6f03d3da3ed6ecbe918c5a7f9aa35cb9abfb2b83
p12v4m6-E-no_llm-s16384,E,no_llm,16384,mean_turnover,0.004875610059489042,90e40d212b5faaff644e0041eeef92c0b0056ce9a834095a047948a1d5e42529,0ed9091f1ab96d24ef5fbd41d0d080668623e954e4f15e4a277f1c217e825eb9,6f03d3da3ed6ecbe918c5a7f9aa35cb9abfb2b83
p12v4m6-E-no_llm-s16384,E,no_llm,16384,sharpe,1.9529558766336255,90e40d212b5faaff644e0041eeef92c0b0056ce9a834095a047948a1d5e42529,0ed9091f1ab96d24ef5fbd41d0d080668623e954e4f15e4a277f1c217e825eb9,6f03d3da3ed6ecbe918c5a7f9aa35cb9abfb2b83
p12v4m6-E-no_llm-s16384,E,no_llm,16384,std_return,0.0,90e40d212b5faaff644e0041eeef92c0b0056ce9a834095a047948a1d5e42529,0ed9091f1ab96d24ef5fbd41d0d080668623e954e4f15e4a277f1c217e825eb9,6f03d3da3ed6ecbe918c5a7f9aa35cb9abfb2b83
p12v4m6-E-no_llm-s16384,E,no_llm,16384,total_cost,7168.926232338659,90e40d212b5faaff644e0041eeef92c0b0056ce9a834095a047948a1d5e42529,0ed9091f1ab96d24ef5fbd41d0d080668623e954e4f15e4a277f1c217e825eb9,6f03d3da3ed6ecbe918c5a7f9aa35cb9abfb2b83
p12v4m6-E-no_llm-s16384,E,no_llm,16384,trade_count,970.0,90e40d212b5faaff644e0041eeef92c0b0056ce9a834095a047948a1d5e42529,0ed9091f1ab96d24ef5fbd41d0d080668623e954e4f15e4a277f1c217e825eb9,6f03d3da3ed6ecbe918c5a7f9aa35cb9abfb2b83
p12v4m6-E-no_llm-s16384,E,no_llm,16384,task_success_rate,1.0,90e40d212b5faaff644e0041eeef92c0b0056ce9a834095a047948a1d5e42529,0ed9091f1ab96d24ef5fbd41d0d080668623e954e4f15e4a277f1c217e825eb9,6f03d3da3ed6ecbe918c5a7f9aa35cb9abfb2b83
p12v4m6-E-no_llm-s16384,E,no_llm,16384,config_validity_rate,1.0,90e40d212b5faaff644e0041eeef92c0b0056ce9a834095a047948a1d5e42529,0ed9091f1ab96d24ef5fbd41d0d080668623e954e4f15e4a277f1c217e825eb9,6f03d3da3ed6ecbe918c5a7f9aa35cb9abfb2b83
p12v4m6-E-no_llm-s16384,E,no_llm,16384,tool_call_accuracy,1.0,90e40d212b5faaff644e0041eeef92c0b0056ce9a834095a047948a1d5e42529,0ed9091f1ab96d24ef5fbd41d0d080668623e954e4f15e4a277f1c217e825eb9,6f03d3da3ed6ecbe918c5a7f9aa35cb9abfb2b83
p12v4m6-E-no_llm-s16384,E,no_llm,16384,leakage_violation_rate,0.0,90e40d212b5faaff644e0041eeef92c0b0056ce9a834095a047948a1d5e42529,0ed9091f1ab96d24ef5fbd41d0d080668623e954e4f15e4a277f1c217e825eb9,6f03d3da3ed6ecbe918c5a7f9aa35cb9abfb2b83
p12v4m6-E-no_llm-s16384,E,no_llm,16384,risk_directive_validity_rate,1.0,90e40d212b5faaff644e0041eeef92c0b0056ce9a834095a047948a1d5e42529,0ed9091f1ab96d24ef5fbd41d0d080668623e954e4f15e4a277f1c217e825eb9,6f03d3da3ed6ecbe918c5a7f9aa35cb9abfb2b83
p12v4m6-E-no_llm-s16384,E,no_llm,16384,conflict_resolution_rate,1.0,90e40d212b5faaff644e0041eeef92c0b0056ce9a834095a047948a1d5e42529,0ed9091f1ab96d24ef5fbd41d0d080668623e954e4f15e4a277f1c217e825eb9,6f03d3da3ed6ecbe918c5a7f9aa35cb9abfb2b83
p12v4m6-E-no_llm-s16384,E,no_llm,16384,report_completeness_rate,1.0,90e40d212b5faaff644e0041eeef92c0b0056ce9a834095a047948a1d5e42529,0ed9091f1ab96d24ef5fbd41d0d080668623e954e4f15e4a277f1c217e825eb9,6f03d3da3ed6ecbe918c5a7f9aa35cb9abfb2b83
p12v4m6-E-no_llm-s16384,E,no_llm,16384,additional_runtime_seconds,0.026780616957694292,90e40d212b5faaff644e0041eeef92c0b0056ce9a834095a047948a1d5e42529,0ed9091f1ab96d24ef5fbd41d0d080668623e954e4f15e4a277f1c217e825eb9,6f03d3da3ed6ecbe918c5a7f9aa35cb9abfb2b83
p12v4m6-E-research_only-s1024,E,research_only,1024,invalid_order_count,42275.0,90e40d212b5faaff644e0041eeef92c0b0056ce9a834095a047948a1d5e42529,0ed9091f1ab96d24ef5fbd41d0d080668623e954e4f15e4a277f1c217e825eb9,6f03d3da3ed6ecbe918c5a7f9aa35cb9abfb2b83
p12v4m6-E-research_only-s1024,E,research_only,1024,max_drawdown,0.04329153792782303,90e40d212b5faaff644e0041eeef92c0b0056ce9a834095a047948a1d5e42529,0ed9091f1ab96d24ef5fbd41d0d080668623e954e4f15e4a277f1c217e825eb9,6f03d3da3ed6ecbe918c5a7f9aa35cb9abfb2b83
p12v4m6-E-research_only-s1024,E,research_only,1024,mean_return,0.058643149291226715,90e40d212b5faaff644e0041eeef92c0b0056ce9a834095a047948a1d5e42529,0ed9091f1ab96d24ef5fbd41d0d080668623e954e4f15e4a277f1c217e825eb9,6f03d3da3ed6ecbe918c5a7f9aa35cb9abfb2b83
p12v4m6-E-research_only-s1024,E,research_only,1024,mean_reward,0.015418524254761845,90e40d212b5faaff644e0041eeef92c0b0056ce9a834095a047948a1d5e42529,0ed9091f1ab96d24ef5fbd41d0d080668623e954e4f15e4a277f1c217e825eb9,6f03d3da3ed6ecbe918c5a7f9aa35cb9abfb2b83
p12v4m6-E-research_only-s1024,E,research_only,1024,mean_turnover,0.004875610059489042,90e40d212b5faaff644e0041eeef92c0b0056ce9a834095a047948a1d5e42529,0ed9091f1ab96d24ef5fbd41d0d080668623e954e4f15e4a277f1c217e825eb9,6f03d3da3ed6ecbe918c5a7f9aa35cb9abfb2b83
p12v4m6-E-research_only-s1024,E,research_only,1024,sharpe,1.9529558766336255,90e40d212b5faaff644e0041eeef92c0b0056ce9a834095a047948a1d5e42529,0ed9091f1ab96d24ef5fbd41d0d080668623e954e4f15e4a277f1c217e825eb9,6f03d3da3ed6ecbe918c5a7f9aa35cb9abfb2b83
p12v4m6-E-research_only-s1024,E,research_only,1024,std_return,0.0,90e40d212b5faaff644e0041eeef92c0b0056ce9a834095a047948a1d5e42529,0ed9091f1ab96d24ef5fbd41d0d080668623e954e4f15e4a277f1c217e825eb9,6f03d3da3ed6ecbe918c5a7f9aa35cb9abfb2b83
p12v4m6-E-research_only-s1024,E,research_only,1024,total_cost,7168.926232338659,90e40d212b5faaff644e0041eeef92c0b0056ce9a834095a047948a1d5e42529,0ed9091f1ab96d24ef5fbd41d0d080668623e954e4f15e4a277f1c217e825eb9,6f03d3da3ed6ecbe918c5a7f9aa35cb9abfb2b83
p12v4m6-E-research_only-s1024,E,research_only,1024,trade_count,970.0,90e40d212b5faaff644e0041eeef92c0b0056ce9a834095a047948a1d5e42529,0ed9091f1ab96d24ef5fbd41d0d080668623e954e4f15e4a277f1c217e825eb9,6f03d3da3ed6ecbe918c5a7f9aa35cb9abfb2b83
p12v4m6-E-research_only-s1024,E,research_only,1024,task_success_rate,1.0,90e40d212b5faaff644e0041eeef92c0b0056ce9a834095a047948a1d5e42529,0ed9091f1ab96d24ef5fbd41d0d080668623e954e4f15e4a277f1c217e825eb9,6f03d3da3ed6ecbe918c5a7f9aa35cb9abfb2b83
p12v4m6-E-research_only-s1024,E,research_only,1024,config_validity_rate,1.0,90e40d212b5faaff644e0041eeef92c0b0056ce9a834095a047948a1d5e42529,0ed9091f1ab96d24ef5fbd41d0d080668623e954e4f15e4a277f1c217e825eb9,6f03d3da3ed6ecbe918c5a7f9aa35cb9abfb2b83
p12v4m6-E-research_only-s1024,E,research_only,1024,tool_call_accuracy,1.0,90e40d212b5faaff644e0041eeef92c0b0056ce9a834095a047948a1d5e42529,0ed9091f1ab96d24ef5fbd41d0d080668623e954e4f15e4a277f1c217e825eb9,6f03d3da3ed6ecbe918c5a7f9aa35cb9abfb2b83
p12v4m6-E-research_only-s1024,E,research_only,1024,leakage_violation_rate,0.0,90e40d212b5faaff644e0041eeef92c0b0056ce9a834095a047948a1d5e42529,0ed9091f1ab96d24ef5fbd41d0d080668623e954e4f15e4a277f1c217e825eb9,6f03d3da3ed6ecbe918c5a7f9aa35cb9abfb2b83
p12v4m6-E-research_only-s1024,E,research_only,1024,risk_directive_validity_rate,1.0,90e40d212b5faaff644e0041eeef92c0b0056ce9a834095a047948a1d5e42529,0ed9091f1ab96d24ef5fbd41d0d080668623e954e4f15e4a277f1c217e825eb9,6f03d3da3ed6ecbe918c5a7f9aa35cb9abfb2b83
p12v4m6-E-research_only-s1024,E,research_only,1024,conflict_resolution_rate,1.0,90e40d212b5faaff644e0041eeef92c0b0056ce9a834095a047948a1d5e42529,0ed9091f1ab96d24ef5fbd41d0d080668623e954e4f15e4a277f1c217e825eb9,6f03d3da3ed6ecbe918c5a7f9aa35cb9abfb2b83
p12v4m6-E-research_only-s1024,E,research_only,1024,report_completeness_rate,1.0,90e40d212b5faaff644e0041eeef92c0b0056ce9a834095a047948a1d5e42529,0ed9091f1ab96d24ef5fbd41d0d080668623e954e4f15e4a277f1c217e825eb9,6f03d3da3ed6ecbe918c5a7f9aa35cb9abfb2b83
p12v4m6-E-research_only-s1024,E,research_only,1024,additional_runtime_seconds,22.639861796051264,90e40d212b5faaff644e0041eeef92c0b0056ce9a834095a047948a1d5e42529,0ed9091f1ab96d24ef5fbd41d0d080668623e954e4f15e4a277f1c217e825eb9,6f03d3da3ed6ecbe918c5a7f9aa35cb9abfb2b83
p12v4m6-E-research_only-s2048,E,research_only,2048,invalid_order_count,42275.0,90e40d212b5faaff644e0041eeef92c0b0056ce9a834095a047948a1d5e42529,0ed9091f1ab96d24ef5fbd41d0d080668623e954e4f15e4a277f1c217e825eb9,6f03d3da3ed6ecbe918c5a7f9aa35cb9abfb2b83
p12v4m6-E-research_only-s2048,E,research_only,2048,max_drawdown,0.04329153792782303,90e40d212b5faaff644e0041eeef92c0b0056ce9a834095a047948a1d5e42529,0ed9091f1ab96d24ef5fbd41d0d080668623e954e4f15e4a277f1c217e825eb9,6f03d3da3ed6ecbe918c5a7f9aa35cb9abfb2b83
p12v4m6-E-research_only-s2048,E,research_only,2048,mean_return,0.058643149291226715,90e40d212b5faaff644e0041eeef92c0b0056ce9a834095a047948a1d5e42529,0ed9091f1ab96d24ef5fbd41d0d080668623e954e4f15e4a277f1c217e825eb9,6f03d3da3ed6ecbe918c5a7f9aa35cb9abfb2b83
p12v4m6-E-research_only-s2048,E,research_only,2048,mean_reward,0.015418524254761845,90e40d212b5faaff644e0041eeef92c0b0056ce9a834095a047948a1d5e42529,0ed9091f1ab96d24ef5fbd41d0d080668623e954e4f15e4a277f1c217e825eb9,6f03d3da3ed6ecbe918c5a7f9aa35cb9abfb2b83
p12v4m6-E-research_only-s2048,E,research_only,2048,mean_turnover,0.004875610059489042,90e40d212b5faaff644e0041eeef92c0b0056ce9a834095a047948a1d5e42529,0ed9091f1ab96d24ef5fbd41d0d080668623e954e4f15e4a277f1c217e825eb9,6f03d3da3ed6ecbe918c5a7f9aa35cb9abfb2b83
p12v4m6-E-research_only-s2048,E,research_only,2048,sharpe,1.9529558766336255,90e40d212b5faaff644e0041eeef92c0b0056ce9a834095a047948a1d5e42529,0ed9091f1ab96d24ef5fbd41d0d080668623e954e4f15e4a277f1c217e825eb9,6f03d3da3ed6ecbe918c5a7f9aa35cb9abfb2b83
p12v4m6-E-research_only-s2048,E,research_only,2048,std_return,0.0,90e40d212b5faaff644e0041eeef92c0b0056ce9a834095a047948a1d5e42529,0ed9091f1ab96d24ef5fbd41d0d080668623e954e4f15e4a277f1c217e825eb9,6f03d3da3ed6ecbe918c5a7f9aa35cb9abfb2b83
p12v4m6-E-research_only-s2048,E,research_only,2048,total_cost,7168.926232338659,90e40d212b5faaff644e0041eeef92c0b0056ce9a834095a047948a1d5e42529,0ed9091f1ab96d24ef5fbd41d0d080668623e954e4f15e4a277f1c217e825eb9,6f03d3da3ed6ecbe918c5a7f9aa35cb9abfb2b83
p12v4m6-E-research_only-s2048,E,research_only,2048,trade_count,970.0,90e40d212b5faaff644e0041eeef92c0b0056ce9a834095a047948a1d5e42529,0ed9091f1ab96d24ef5fbd41d0d080668623e954e4f15e4a277f1c217e825eb9,6f03d3da3ed6ecbe918c5a7f9aa35cb9abfb2b83
p12v4m6-E-research_only-s2048,E,research_only,2048,task_success_rate,1.0,90e40d212b5faaff644e0041eeef92c0b0056ce9a834095a047948a1d5e42529,0ed9091f1ab96d24ef5fbd41d0d080668623e954e4f15e4a277f1c217e825eb9,6f03d3da3ed6ecbe918c5a7f9aa35cb9abfb2b83
p12v4m6-E-research_only-s2048,E,research_only,2048,config_validity_rate,1.0,90e40d212b5faaff644e0041eeef92c0b0056ce9a834095a047948a1d5e42529,0ed9091f1ab96d24ef5fbd41d0d080668623e954e4f15e4a277f1c217e825eb9,6f03d3da3ed6ecbe918c5a7f9aa35cb9abfb2b83
p12v4m6-E-research_only-s2048,E,research_only,2048,tool_call_accuracy,1.0,90e40d212b5faaff644e0041eeef92c0b0056ce9a834095a047948a1d5e42529,0ed9091f1ab96d24ef5fbd41d0d080668623e954e4f15e4a277f1c217e825eb9,6f03d3da3ed6ecbe918c5a7f9aa35cb9abfb2b83
p12v4m6-E-research_only-s2048,E,research_only,2048,leakage_violation_rate,0.0,90e40d212b5faaff644e0041eeef92c0b0056ce9a834095a047948a1d5e42529,0ed9091f1ab96d24ef5fbd41d0d080668623e954e4f15e4a277f1c217e825eb9,6f03d3da3ed6ecbe918c5a7f9aa35cb9abfb2b83
p12v4m6-E-research_only-s2048,E,research_only,2048,risk_directive_validity_rate,1.0,90e40d212b5faaff644e0041eeef92c0b0056ce9a834095a047948a1d5e42529,0ed9091f1ab96d24ef5fbd41d0d080668623e954e4f15e4a277f1c217e825eb9,6f03d3da3ed6ecbe918c5a7f9aa35cb9abfb2b83
p12v4m6-E-research_only-s2048,E,research_only,2048,conflict_resolution_rate,1.0,90e40d212b5faaff644e0041eeef92c0b0056ce9a834095a047948a1d5e42529,0ed9091f1ab96d24ef5fbd41d0d080668623e954e4f15e4a277f1c217e825eb9,6f03d3da3ed6ecbe918c5a7f9aa35cb9abfb2b83
p12v4m6-E-research_only-s2048,E,research_only,2048,report_completeness_rate,1.0,90e40d212b5faaff644e0041eeef92c0b0056ce9a834095a047948a1d5e42529,0ed9091f1ab96d24ef5fbd41d0d080668623e954e4f15e4a277f1c217e825eb9,6f03d3da3ed6ecbe918c5a7f9aa35cb9abfb2b83
p12v4m6-E-research_only-s2048,E,research_only,2048,additional_runtime_seconds,30.50564728991594,90e40d212b5faaff644e0041eeef92c0b0056ce9a834095a047948a1d5e42529,0ed9091f1ab96d24ef5fbd41d0d080668623e954e4f15e4a277f1c217e825eb9,6f03d3da3ed6ecbe918c5a7f9aa35cb9abfb2b83
p12v4m6-E-research_only-s4096,E,research_only,4096,invalid_order_count,42275.0,90e40d212b5faaff644e0041eeef92c0b0056ce9a834095a047948a1d5e42529,0ed9091f1ab96d24ef5fbd41d0d080668623e954e4f15e4a277f1c217e825eb9,6f03d3da3ed6ecbe918c5a7f9aa35cb9abfb2b83
p12v4m6-E-research_only-s4096,E,research_only,4096,max_drawdown,0.04329153792782303,90e40d212b5faaff644e0041eeef92c0b0056ce9a834095a047948a1d5e42529,0ed9091f1ab96d24ef5fbd41d0d080668623e954e4f15e4a277f1c217e825eb9,6f03d3da3ed6ecbe918c5a7f9aa35cb9abfb2b83
p12v4m6-E-research_only-s4096,E,research_only,4096,mean_return,0.058643149291226715,90e40d212b5faaff644e0041eeef92c0b0056ce9a834095a047948a1d5e42529,0ed9091f1ab96d24ef5fbd41d0d080668623e954e4f15e4a277f1c217e825eb9,6f03d3da3ed6ecbe918c5a7f9aa35cb9abfb2b83
p12v4m6-E-research_only-s4096,E,research_only,4096,mean_reward,0.015418524254761845,90e40d212b5faaff644e0041eeef92c0b0056ce9a834095a047948a1d5e42529,0ed9091f1ab96d24ef5fbd41d0d080668623e954e4f15e4a277f1c217e825eb9,6f03d3da3ed6ecbe918c5a7f9aa35cb9abfb2b83
p12v4m6-E-research_only-s4096,E,research_only,4096,mean_turnover,0.004875610059489042,90e40d212b5faaff644e0041eeef92c0b0056ce9a834095a047948a1d5e42529,0ed9091f1ab96d24ef5fbd41d0d080668623e954e4f15e4a277f1c217e825eb9,6f03d3da3ed6ecbe918c5a7f9aa35cb9abfb2b83
p12v4m6-E-research_only-s4096,E,research_only,4096,sharpe,1.9529558766336255,90e40d212b5faaff644e0041eeef92c0b0056ce9a834095a047948a1d5e42529,0ed9091f1ab96d24ef5fbd41d0d080668623e954e4f15e4a277f1c217e825eb9,6f03d3da3ed6ecbe918c5a7f9aa35cb9abfb2b83
p12v4m6-E-research_only-s4096,E,research_only,4096,std_return,0.0,90e40d212b5faaff644e0041eeef92c0b0056ce9a834095a047948a1d5e42529,0ed9091f1ab96d24ef5fbd41d0d080668623e954e4f15e4a277f1c217e825eb9,6f03d3da3ed6ecbe918c5a7f9aa35cb9abfb2b83
p12v4m6-E-research_only-s4096,E,research_only,4096,total_cost,7168.926232338659,90e40d212b5faaff644e0041eeef92c0b0056ce9a834095a047948a1d5e42529,0ed9091f1ab96d24ef5fbd41d0d080668623e954e4f15e4a277f1c217e825eb9,6f03d3da3ed6ecbe918c5a7f9aa35cb9abfb2b83
p12v4m6-E-research_only-s4096,E,research_only,4096,trade_count,970.0,90e40d212b5faaff644e0041eeef92c0b0056ce9a834095a047948a1d5e42529,0ed9091f1ab96d24ef5fbd41d0d080668623e954e4f15e4a277f1c217e825eb9,6f03d3da3ed6ecbe918c5a7f9aa35cb9abfb2b83
p12v4m6-E-research_only-s4096,E,research_only,4096,task_success_rate,1.0,90e40d212b5faaff644e0041eeef92c0b0056ce9a834095a047948a1d5e42529,0ed9091f1ab96d24ef5fbd41d0d080668623e954e4f15e4a277f1c217e825eb9,6f03d3da3ed6ecbe918c5a7f9aa35cb9abfb2b83
p12v4m6-E-research_only-s4096,E,research_only,4096,config_validity_rate,1.0,90e40d212b5faaff644e0041eeef92c0b0056ce9a834095a047948a1d5e42529,0ed9091f1ab96d24ef5fbd41d0d080668623e954e4f15e4a277f1c217e825eb9,6f03d3da3ed6ecbe918c5a7f9aa35cb9abfb2b83
p12v4m6-E-research_only-s4096,E,research_only,4096,tool_call_accuracy,1.0,90e40d212b5faaff644e0041eeef92c0b0056ce9a834095a047948a1d5e42529,0ed9091f1ab96d24ef5fbd41d0d080668623e954e4f15e4a277f1c217e825eb9,6f03d3da3ed6ecbe918c5a7f9aa35cb9abfb2b83
p12v4m6-E-research_only-s4096,E,research_only,4096,leakage_violation_rate,0.0,90e40d212b5faaff644e0041eeef92c0b0056ce9a834095a047948a1d5e42529,0ed9091f1ab96d24ef5fbd41d0d080668623e954e4f15e4a277f1c217e825eb9,6f03d3da3ed6ecbe918c5a7f9aa35cb9abfb2b83
p12v4m6-E-research_only-s4096,E,research_only,4096,risk_directive_validity_rate,1.0,90e40d212b5faaff644e0041eeef92c0b0056ce9a834095a047948a1d5e42529,0ed9091f1ab96d24ef5fbd41d0d080668623e954e4f15e4a277f1c217e825eb9,6f03d3da3ed6ecbe918c5a7f9aa35cb9abfb2b83
p12v4m6-E-research_only-s4096,E,research_only,4096,conflict_resolution_rate,1.0,90e40d212b5faaff644e0041eeef92c0b0056ce9a834095a047948a1d5e42529,0ed9091f1ab96d24ef5fbd41d0d080668623e954e4f15e4a277f1c217e825eb9,6f03d3da3ed6ecbe918c5a7f9aa35cb9abfb2b83
p12v4m6-E-research_only-s4096,E,research_only,4096,report_completeness_rate,1.0,90e40d212b5faaff644e0041eeef92c0b0056ce9a834095a047948a1d5e42529,0ed9091f1ab96d24ef5fbd41d0d080668623e954e4f15e4a277f1c217e825eb9,6f03d3da3ed6ecbe918c5a7f9aa35cb9abfb2b83
p12v4m6-E-research_only-s4096,E,research_only,4096,additional_runtime_seconds,59.76822865300346,90e40d212b5faaff644e0041eeef92c0b0056ce9a834095a047948a1d5e42529,0ed9091f1ab96d24ef5fbd41d0d080668623e954e4f15e4a277f1c217e825eb9,6f03d3da3ed6ecbe918c5a7f9aa35cb9abfb2b83
p12v4m6-E-research_only-s8192,E,research_only,8192,invalid_order_count,42275.0,90e40d212b5faaff644e0041eeef92c0b0056ce9a834095a047948a1d5e42529,0ed9091f1ab96d24ef5fbd41d0d080668623e954e4f15e4a277f1c217e825eb9,6f03d3da3ed6ecbe918c5a7f9aa35cb9abfb2b83
p12v4m6-E-research_only-s8192,E,research_only,8192,max_drawdown,0.04329153792782303,90e40d212b5faaff644e0041eeef92c0b0056ce9a834095a047948a1d5e42529,0ed9091f1ab96d24ef5fbd41d0d080668623e954e4f15e4a277f1c217e825eb9,6f03d3da3ed6ecbe918c5a7f9aa35cb9abfb2b83
p12v4m6-E-research_only-s8192,E,research_only,8192,mean_return,0.058643149291226715,90e40d212b5faaff644e0041eeef92c0b0056ce9a834095a047948a1d5e42529,0ed9091f1ab96d24ef5fbd41d0d080668623e954e4f15e4a277f1c217e825eb9,6f03d3da3ed6ecbe918c5a7f9aa35cb9abfb2b83
p12v4m6-E-research_only-s8192,E,research_only,8192,mean_reward,0.015418524254761845,90e40d212b5faaff644e0041eeef92c0b0056ce9a834095a047948a1d5e42529,0ed9091f1ab96d24ef5fbd41d0d080668623e954e4f15e4a277f1c217e825eb9,6f03d3da3ed6ecbe918c5a7f9aa35cb9abfb2b83
p12v4m6-E-research_only-s8192,E,research_only,8192,mean_turnover,0.004875610059489042,90e40d212b5faaff644e0041eeef92c0b0056ce9a834095a047948a1d5e42529,0ed9091f1ab96d24ef5fbd41d0d080668623e954e4f15e4a277f1c217e825eb9,6f03d3da3ed6ecbe918c5a7f9aa35cb9abfb2b83
p12v4m6-E-research_only-s8192,E,research_only,8192,sharpe,1.9529558766336255,90e40d212b5faaff644e0041eeef92c0b0056ce9a834095a047948a1d5e42529,0ed9091f1ab96d24ef5fbd41d0d080668623e954e4f15e4a277f1c217e825eb9,6f03d3da3ed6ecbe918c5a7f9aa35cb9abfb2b83
p12v4m6-E-research_only-s8192,E,research_only,8192,std_return,0.0,90e40d212b5faaff644e0041eeef92c0b0056ce9a834095a047948a1d5e42529,0ed9091f1ab96d24ef5fbd41d0d080668623e954e4f15e4a277f1c217e825eb9,6f03d3da3ed6ecbe918c5a7f9aa35cb9abfb2b83
p12v4m6-E-research_only-s8192,E,research_only,8192,total_cost,7168.926232338659,90e40d212b5faaff644e0041eeef92c0b0056ce9a834095a047948a1d5e42529,0ed9091f1ab96d24ef5fbd41d0d080668623e954e4f15e4a277f1c217e825eb9,6f03d3da3ed6ecbe918c5a7f9aa35cb9abfb2b83
p12v4m6-E-research_only-s8192,E,research_only,8192,trade_count,970.0,90e40d212b5faaff644e0041eeef92c0b0056ce9a834095a047948a1d5e42529,0ed9091f1ab96d24ef5fbd41d0d080668623e954e4f15e4a277f1c217e825eb9,6f03d3da3ed6ecbe918c5a7f9aa35cb9abfb2b83
p12v4m6-E-research_only-s8192,E,research_only,8192,task_success_rate,0.0,90e40d212b5faaff644e0041eeef92c0b0056ce9a834095a047948a1d5e42529,0ed9091f1ab96d24ef5fbd41d0d080668623e954e4f15e4a277f1c217e825eb9,6f03d3da3ed6ecbe918c5a7f9aa35cb9abfb2b83
p12v4m6-E-research_only-s8192,E,research_only,8192,config_validity_rate,1.0,90e40d212b5faaff644e0041eeef92c0b0056ce9a834095a047948a1d5e42529,0ed9091f1ab96d24ef5fbd41d0d080668623e954e4f15e4a277f1c217e825eb9,6f03d3da3ed6ecbe918c5a7f9aa35cb9abfb2b83
p12v4m6-E-research_only-s8192,E,research_only,8192,tool_call_accuracy,0.0,90e40d212b5faaff644e0041eeef92c0b0056ce9a834095a047948a1d5e42529,0ed9091f1ab96d24ef5fbd41d0d080668623e954e4f15e4a277f1c217e825eb9,6f03d3da3ed6ecbe918c5a7f9aa35cb9abfb2b83
p12v4m6-E-research_only-s8192,E,research_only,8192,leakage_violation_rate,0.0,90e40d212b5faaff644e0041eeef92c0b0056ce9a834095a047948a1d5e42529,0ed9091f1ab96d24ef5fbd41d0d080668623e954e4f15e4a277f1c217e825eb9,6f03d3da3ed6ecbe918c5a7f9aa35cb9abfb2b83
p12v4m6-E-research_only-s8192,E,research_only,8192,risk_directive_validity_rate,1.0,90e40d212b5faaff644e0041eeef92c0b0056ce9a834095a047948a1d5e42529,0ed9091f1ab96d24ef5fbd41d0d080668623e954e4f15e4a277f1c217e825eb9,6f03d3da3ed6ecbe918c5a7f9aa35cb9abfb2b83
p12v4m6-E-research_only-s8192,E,research_only,8192,conflict_resolution_rate,0.0,90e40d212b5faaff644e0041eeef92c0b0056ce9a834095a047948a1d5e42529,0ed9091f1ab96d24ef5fbd41d0d080668623e954e4f15e4a277f1c217e825eb9,6f03d3da3ed6ecbe918c5a7f9aa35cb9abfb2b83
p12v4m6-E-research_only-s8192,E,research_only,8192,report_completeness_rate,1.0,90e40d212b5faaff644e0041eeef92c0b0056ce9a834095a047948a1d5e42529,0ed9091f1ab96d24ef5fbd41d0d080668623e954e4f15e4a277f1c217e825eb9,6f03d3da3ed6ecbe918c5a7f9aa35cb9abfb2b83
p12v4m6-E-research_only-s8192,E,research_only,8192,additional_runtime_seconds,61.40155348402914,90e40d212b5faaff644e0041eeef92c0b0056ce9a834095a047948a1d5e42529,0ed9091f1ab96d24ef5fbd41d0d080668623e954e4f15e4a277f1c217e825eb9,6f03d3da3ed6ecbe918c5a7f9aa35cb9abfb2b83
p12v4m6-E-research_only-s16384,E,research_only,16384,invalid_order_count,42275.0,90e40d212b5faaff644e0041eeef92c0b0056ce9a834095a047948a1d5e42529,0ed9091f1ab96d24ef5fbd41d0d080668623e954e4f15e4a277f1c217e825eb9,6f03d3da3ed6ecbe918c5a7f9aa35cb9abfb2b83
p12v4m6-E-research_only-s16384,E,research_only,16384,max_drawdown,0.04329153792782303,90e40d212b5faaff644e0041eeef92c0b0056ce9a834095a047948a1d5e42529,0ed9091f1ab96d24ef5fbd41d0d080668623e954e4f15e4a277f1c217e825eb9,6f03d3da3ed6ecbe918c5a7f9aa35cb9abfb2b83
p12v4m6-E-research_only-s16384,E,research_only,16384,mean_return,0.058643149291226715,90e40d212b5faaff644e0041eeef92c0b0056ce9a834095a047948a1d5e42529,0ed9091f1ab96d24ef5fbd41d0d080668623e954e4f15e4a277f1c217e825eb9,6f03d3da3ed6ecbe918c5a7f9aa35cb9abfb2b83
p12v4m6-E-research_only-s16384,E,research_only,16384,mean_reward,0.015418524254761845,90e40d212b5faaff644e0041eeef92c0b0056ce9a834095a047948a1d5e42529,0ed9091f1ab96d24ef5fbd41d0d080668623e954e4f15e4a277f1c217e825eb9,6f03d3da3ed6ecbe918c5a7f9aa35cb9abfb2b83
p12v4m6-E-research_only-s16384,E,research_only,16384,mean_turnover,0.004875610059489042,90e40d212b5faaff644e0041eeef92c0b0056ce9a834095a047948a1d5e42529,0ed9091f1ab96d24ef5fbd41d0d080668623e954e4f15e4a277f1c217e825eb9,6f03d3da3ed6ecbe918c5a7f9aa35cb9abfb2b83
p12v4m6-E-research_only-s16384,E,research_only,16384,sharpe,1.9529558766336255,90e40d212b5faaff644e0041eeef92c0b0056ce9a834095a047948a1d5e42529,0ed9091f1ab96d24ef5fbd41d0d080668623e954e4f15e4a277f1c217e825eb9,6f03d3da3ed6ecbe918c5a7f9aa35cb9abfb2b83
p12v4m6-E-research_only-s16384,E,research_only,16384,std_return,0.0,90e40d212b5faaff644e0041eeef92c0b0056ce9a834095a047948a1d5e42529,0ed9091f1ab96d24ef5fbd41d0d080668623e954e4f15e4a277f1c217e825eb9,6f03d3da3ed6ecbe918c5a7f9aa35cb9abfb2b83
p12v4m6-E-research_only-s16384,E,research_only,16384,total_cost,7168.926232338659,90e40d212b5faaff644e0041eeef92c0b0056ce9a834095a047948a1d5e42529,0ed9091f1ab96d24ef5fbd41d0d080668623e954e4f15e4a277f1c217e825eb9,6f03d3da3ed6ecbe918c5a7f9aa35cb9abfb2b83
p12v4m6-E-research_only-s16384,E,research_only,16384,trade_count,970.0,90e40d212b5faaff644e0041eeef92c0b0056ce9a834095a047948a1d5e42529,0ed9091f1ab96d24ef5fbd41d0d080668623e954e4f15e4a277f1c217e825eb9,6f03d3da3ed6ecbe918c5a7f9aa35cb9abfb2b83
p12v4m6-E-research_only-s16384,E,research_only,16384,task_success_rate,1.0,90e40d212b5faaff644e0041eeef92c0b0056ce9a834095a047948a1d5e42529,0ed9091f1ab96d24ef5fbd41d0d080668623e954e4f15e4a277f1c217e825eb9,6f03d3da3ed6ecbe918c5a7f9aa35cb9abfb2b83
p12v4m6-E-research_only-s16384,E,research_only,16384,config_validity_rate,1.0,90e40d212b5faaff644e0041eeef92c0b0056ce9a834095a047948a1d5e42529,0ed9091f1ab96d24ef5fbd41d0d080668623e954e4f15e4a277f1c217e825eb9,6f03d3da3ed6ecbe918c5a7f9aa35cb9abfb2b83
p12v4m6-E-research_only-s16384,E,research_only,16384,tool_call_accuracy,1.0,90e40d212b5faaff644e0041eeef92c0b0056ce9a834095a047948a1d5e42529,0ed9091f1ab96d24ef5fbd41d0d080668623e954e4f15e4a277f1c217e825eb9,6f03d3da3ed6ecbe918c5a7f9aa35cb9abfb2b83
p12v4m6-E-research_only-s16384,E,research_only,16384,leakage_violation_rate,0.0,90e40d212b5faaff644e0041eeef92c0b0056ce9a834095a047948a1d5e42529,0ed9091f1ab96d24ef5fbd41d0d080668623e954e4f15e4a277f1c217e825eb9,6f03d3da3ed6ecbe918c5a7f9aa35cb9abfb2b83
p12v4m6-E-research_only-s16384,E,research_only,16384,risk_directive_validity_rate,1.0,90e40d212b5faaff644e0041eeef92c0b0056ce9a834095a047948a1d5e42529,0ed9091f1ab96d24ef5fbd41d0d080668623e954e4f15e4a277f1c217e825eb9,6f03d3da3ed6ecbe918c5a7f9aa35cb9abfb2b83
p12v4m6-E-research_only-s16384,E,research_only,16384,conflict_resolution_rate,1.0,90e40d212b5faaff644e0041eeef92c0b0056ce9a834095a047948a1d5e42529,0ed9091f1ab96d24ef5fbd41d0d080668623e954e4f15e4a277f1c217e825eb9,6f03d3da3ed6ecbe918c5a7f9aa35cb9abfb2b83
p12v4m6-E-research_only-s16384,E,research_only,16384,report_completeness_rate,1.0,90e40d212b5faaff644e0041eeef92c0b0056ce9a834095a047948a1d5e42529,0ed9091f1ab96d24ef5fbd41d0d080668623e954e4f15e4a277f1c217e825eb9,6f03d3da3ed6ecbe918c5a7f9aa35cb9abfb2b83
p12v4m6-E-research_only-s16384,E,research_only,16384,additional_runtime_seconds,23.449903313070536,90e40d212b5faaff644e0041eeef92c0b0056ce9a834095a047948a1d5e42529,0ed9091f1ab96d24ef5fbd41d0d080668623e954e4f15e4a277f1c217e825eb9,6f03d3da3ed6ecbe918c5a7f9aa35cb9abfb2b83
p12v4m6-E-risk_only-s1024,E,risk_only,1024,invalid_order_count,34315.0,90e40d212b5faaff644e0041eeef92c0b0056ce9a834095a047948a1d5e42529,0ed9091f1ab96d24ef5fbd41d0d080668623e954e4f15e4a277f1c217e825eb9,6f03d3da3ed6ecbe918c5a7f9aa35cb9abfb2b83
p12v4m6-E-risk_only-s1024,E,risk_only,1024,max_drawdown,0.0,90e40d212b5faaff644e0041eeef92c0b0056ce9a834095a047948a1d5e42529,0ed9091f1ab96d24ef5fbd41d0d080668623e954e4f15e4a277f1c217e825eb9,6f03d3da3ed6ecbe918c5a7f9aa35cb9abfb2b83
p12v4m6-E-risk_only-s1024,E,risk_only,1024,mean_return,0.0,90e40d212b5faaff644e0041eeef92c0b0056ce9a834095a047948a1d5e42529,0ed9091f1ab96d24ef5fbd41d0d080668623e954e4f15e4a277f1c217e825eb9,6f03d3da3ed6ecbe918c5a7f9aa35cb9abfb2b83
p12v4m6-E-risk_only-s1024,E,risk_only,1024,mean_reward,0.0,90e40d212b5faaff644e0041eeef92c0b0056ce9a834095a047948a1d5e42529,0ed9091f1ab96d24ef5fbd41d0d080668623e954e4f15e4a277f1c217e825eb9,6f03d3da3ed6ecbe918c5a7f9aa35cb9abfb2b83
p12v4m6-E-risk_only-s1024,E,risk_only,1024,mean_turnover,0.0,90e40d212b5faaff644e0041eeef92c0b0056ce9a834095a047948a1d5e42529,0ed9091f1ab96d24ef5fbd41d0d080668623e954e4f15e4a277f1c217e825eb9,6f03d3da3ed6ecbe918c5a7f9aa35cb9abfb2b83
p12v4m6-E-risk_only-s1024,E,risk_only,1024,sharpe,0.0,90e40d212b5faaff644e0041eeef92c0b0056ce9a834095a047948a1d5e42529,0ed9091f1ab96d24ef5fbd41d0d080668623e954e4f15e4a277f1c217e825eb9,6f03d3da3ed6ecbe918c5a7f9aa35cb9abfb2b83
p12v4m6-E-risk_only-s1024,E,risk_only,1024,std_return,0.0,90e40d212b5faaff644e0041eeef92c0b0056ce9a834095a047948a1d5e42529,0ed9091f1ab96d24ef5fbd41d0d080668623e954e4f15e4a277f1c217e825eb9,6f03d3da3ed6ecbe918c5a7f9aa35cb9abfb2b83
p12v4m6-E-risk_only-s1024,E,risk_only,1024,total_cost,0.0,90e40d212b5faaff644e0041eeef92c0b0056ce9a834095a047948a1d5e42529,0ed9091f1ab96d24ef5fbd41d0d080668623e954e4f15e4a277f1c217e825eb9,6f03d3da3ed6ecbe918c5a7f9aa35cb9abfb2b83
p12v4m6-E-risk_only-s1024,E,risk_only,1024,trade_count,0.0,90e40d212b5faaff644e0041eeef92c0b0056ce9a834095a047948a1d5e42529,0ed9091f1ab96d24ef5fbd41d0d080668623e954e4f15e4a277f1c217e825eb9,6f03d3da3ed6ecbe918c5a7f9aa35cb9abfb2b83
p12v4m6-E-risk_only-s1024,E,risk_only,1024,task_success_rate,1.0,90e40d212b5faaff644e0041eeef92c0b0056ce9a834095a047948a1d5e42529,0ed9091f1ab96d24ef5fbd41d0d080668623e954e4f15e4a277f1c217e825eb9,6f03d3da3ed6ecbe918c5a7f9aa35cb9abfb2b83
p12v4m6-E-risk_only-s1024,E,risk_only,1024,config_validity_rate,1.0,90e40d212b5faaff644e0041eeef92c0b0056ce9a834095a047948a1d5e42529,0ed9091f1ab96d24ef5fbd41d0d080668623e954e4f15e4a277f1c217e825eb9,6f03d3da3ed6ecbe918c5a7f9aa35cb9abfb2b83
p12v4m6-E-risk_only-s1024,E,risk_only,1024,tool_call_accuracy,1.0,90e40d212b5faaff644e0041eeef92c0b0056ce9a834095a047948a1d5e42529,0ed9091f1ab96d24ef5fbd41d0d080668623e954e4f15e4a277f1c217e825eb9,6f03d3da3ed6ecbe918c5a7f9aa35cb9abfb2b83
p12v4m6-E-risk_only-s1024,E,risk_only,1024,leakage_violation_rate,0.0,90e40d212b5faaff644e0041eeef92c0b0056ce9a834095a047948a1d5e42529,0ed9091f1ab96d24ef5fbd41d0d080668623e954e4f15e4a277f1c217e825eb9,6f03d3da3ed6ecbe918c5a7f9aa35cb9abfb2b83
p12v4m6-E-risk_only-s1024,E,risk_only,1024,risk_directive_validity_rate,1.0,90e40d212b5faaff644e0041eeef92c0b0056ce9a834095a047948a1d5e42529,0ed9091f1ab96d24ef5fbd41d0d080668623e954e4f15e4a277f1c217e825eb9,6f03d3da3ed6ecbe918c5a7f9aa35cb9abfb2b83
p12v4m6-E-risk_only-s1024,E,risk_only,1024,conflict_resolution_rate,1.0,90e40d212b5faaff644e0041eeef92c0b0056ce9a834095a047948a1d5e42529,0ed9091f1ab96d24ef5fbd41d0d080668623e954e4f15e4a277f1c217e825eb9,6f03d3da3ed6ecbe918c5a7f9aa35cb9abfb2b83
p12v4m6-E-risk_only-s1024,E,risk_only,1024,report_completeness_rate,1.0,90e40d212b5faaff644e0041eeef92c0b0056ce9a834095a047948a1d5e42529,0ed9091f1ab96d24ef5fbd41d0d080668623e954e4f15e4a277f1c217e825eb9,6f03d3da3ed6ecbe918c5a7f9aa35cb9abfb2b83
p12v4m6-E-risk_only-s1024,E,risk_only,1024,additional_runtime_seconds,24.04878473293502,90e40d212b5faaff644e0041eeef92c0b0056ce9a834095a047948a1d5e42529,0ed9091f1ab96d24ef5fbd41d0d080668623e954e4f15e4a277f1c217e825eb9,6f03d3da3ed6ecbe918c5a7f9aa35cb9abfb2b83
p12v4m6-E-risk_only-s2048,E,risk_only,2048,invalid_order_count,34315.0,90e40d212b5faaff644e0041eeef92c0b0056ce9a834095a047948a1d5e42529,0ed9091f1ab96d24ef5fbd41d0d080668623e954e4f15e4a277f1c217e825eb9,6f03d3da3ed6ecbe918c5a7f9aa35cb9abfb2b83
p12v4m6-E-risk_only-s2048,E,risk_only,2048,max_drawdown,0.0,90e40d212b5faaff644e0041eeef92c0b0056ce9a834095a047948a1d5e42529,0ed9091f1ab96d24ef5fbd41d0d080668623e954e4f15e4a277f1c217e825eb9,6f03d3da3ed6ecbe918c5a7f9aa35cb9abfb2b83
p12v4m6-E-risk_only-s2048,E,risk_only,2048,mean_return,0.0,90e40d212b5faaff644e0041eeef92c0b0056ce9a834095a047948a1d5e42529,0ed9091f1ab96d24ef5fbd41d0d080668623e954e4f15e4a277f1c217e825eb9,6f03d3da3ed6ecbe918c5a7f9aa35cb9abfb2b83
p12v4m6-E-risk_only-s2048,E,risk_only,2048,mean_reward,0.0,90e40d212b5faaff644e0041eeef92c0b0056ce9a834095a047948a1d5e42529,0ed9091f1ab96d24ef5fbd41d0d080668623e954e4f15e4a277f1c217e825eb9,6f03d3da3ed6ecbe918c5a7f9aa35cb9abfb2b83
p12v4m6-E-risk_only-s2048,E,risk_only,2048,mean_turnover,0.0,90e40d212b5faaff644e0041eeef92c0b0056ce9a834095a047948a1d5e42529,0ed9091f1ab96d24ef5fbd41d0d080668623e954e4f15e4a277f1c217e825eb9,6f03d3da3ed6ecbe918c5a7f9aa35cb9abfb2b83
p12v4m6-E-risk_only-s2048,E,risk_only,2048,sharpe,0.0,90e40d212b5faaff644e0041eeef92c0b0056ce9a834095a047948a1d5e42529,0ed9091f1ab96d24ef5fbd41d0d080668623e954e4f15e4a277f1c217e825eb9,6f03d3da3ed6ecbe918c5a7f9aa35cb9abfb2b83
p12v4m6-E-risk_only-s2048,E,risk_only,2048,std_return,0.0,90e40d212b5faaff644e0041eeef92c0b0056ce9a834095a047948a1d5e42529,0ed9091f1ab96d24ef5fbd41d0d080668623e954e4f15e4a277f1c217e825eb9,6f03d3da3ed6ecbe918c5a7f9aa35cb9abfb2b83
p12v4m6-E-risk_only-s2048,E,risk_only,2048,total_cost,0.0,90e40d212b5faaff644e0041eeef92c0b0056ce9a834095a047948a1d5e42529,0ed9091f1ab96d24ef5fbd41d0d080668623e954e4f15e4a277f1c217e825eb9,6f03d3da3ed6ecbe918c5a7f9aa35cb9abfb2b83
p12v4m6-E-risk_only-s2048,E,risk_only,2048,trade_count,0.0,90e40d212b5faaff644e0041eeef92c0b0056ce9a834095a047948a1d5e42529,0ed9091f1ab96d24ef5fbd41d0d080668623e954e4f15e4a277f1c217e825eb9,6f03d3da3ed6ecbe918c5a7f9aa35cb9abfb2b83
p12v4m6-E-risk_only-s2048,E,risk_only,2048,task_success_rate,1.0,90e40d212b5faaff644e0041eeef92c0b0056ce9a834095a047948a1d5e42529,0ed9091f1ab96d24ef5fbd41d0d080668623e954e4f15e4a277f1c217e825eb9,6f03d3da3ed6ecbe918c5a7f9aa35cb9abfb2b83
p12v4m6-E-risk_only-s2048,E,risk_only,2048,config_validity_rate,1.0,90e40d212b5faaff644e0041eeef92c0b0056ce9a834095a047948a1d5e42529,0ed9091f1ab96d24ef5fbd41d0d080668623e954e4f15e4a277f1c217e825eb9,6f03d3da3ed6ecbe918c5a7f9aa35cb9abfb2b83
p12v4m6-E-risk_only-s2048,E,risk_only,2048,tool_call_accuracy,1.0,90e40d212b5faaff644e0041eeef92c0b0056ce9a834095a047948a1d5e42529,0ed9091f1ab96d24ef5fbd41d0d080668623e954e4f15e4a277f1c217e825eb9,6f03d3da3ed6ecbe918c5a7f9aa35cb9abfb2b83
p12v4m6-E-risk_only-s2048,E,risk_only,2048,leakage_violation_rate,0.0,90e40d212b5faaff644e0041eeef92c0b0056ce9a834095a047948a1d5e42529,0ed9091f1ab96d24ef5fbd41d0d080668623e954e4f15e4a277f1c217e825eb9,6f03d3da3ed6ecbe918c5a7f9aa35cb9abfb2b83
p12v4m6-E-risk_only-s2048,E,risk_only,2048,risk_directive_validity_rate,1.0,90e40d212b5faaff644e0041eeef92c0b0056ce9a834095a047948a1d5e42529,0ed9091f1ab96d24ef5fbd41d0d080668623e954e4f15e4a277f1c217e825eb9,6f03d3da3ed6ecbe918c5a7f9aa35cb9abfb2b83
p12v4m6-E-risk_only-s2048,E,risk_only,2048,conflict_resolution_rate,1.0,90e40d212b5faaff644e0041eeef92c0b0056ce9a834095a047948a1d5e42529,0ed9091f1ab96d24ef5fbd41d0d080668623e954e4f15e4a277f1c217e825eb9,6f03d3da3ed6ecbe918c5a7f9aa35cb9abfb2b83
p12v4m6-E-risk_only-s2048,E,risk_only,2048,report_completeness_rate,1.0,90e40d212b5faaff644e0041eeef92c0b0056ce9a834095a047948a1d5e42529,0ed9091f1ab96d24ef5fbd41d0d080668623e954e4f15e4a277f1c217e825eb9,6f03d3da3ed6ecbe918c5a7f9aa35cb9abfb2b83
p12v4m6-E-risk_only-s2048,E,risk_only,2048,additional_runtime_seconds,23.017121337004937,90e40d212b5faaff644e0041eeef92c0b0056ce9a834095a047948a1d5e42529,0ed9091f1ab96d24ef5fbd41d0d080668623e954e4f15e4a277f1c217e825eb9,6f03d3da3ed6ecbe918c5a7f9aa35cb9abfb2b83
p12v4m6-E-risk_only-s4096,E,risk_only,4096,invalid_order_count,34315.0,90e40d212b5faaff644e0041eeef92c0b0056ce9a834095a047948a1d5e42529,0ed9091f1ab96d24ef5fbd41d0d080668623e954e4f15e4a277f1c217e825eb9,6f03d3da3ed6ecbe918c5a7f9aa35cb9abfb2b83
p12v4m6-E-risk_only-s4096,E,risk_only,4096,max_drawdown,0.0,90e40d212b5faaff644e0041eeef92c0b0056ce9a834095a047948a1d5e42529,0ed9091f1ab96d24ef5fbd41d0d080668623e954e4f15e4a277f1c217e825eb9,6f03d3da3ed6ecbe918c5a7f9aa35cb9abfb2b83
p12v4m6-E-risk_only-s4096,E,risk_only,4096,mean_return,0.0,90e40d212b5faaff644e0041eeef92c0b0056ce9a834095a047948a1d5e42529,0ed9091f1ab96d24ef5fbd41d0d080668623e954e4f15e4a277f1c217e825eb9,6f03d3da3ed6ecbe918c5a7f9aa35cb9abfb2b83
p12v4m6-E-risk_only-s4096,E,risk_only,4096,mean_reward,0.0,90e40d212b5faaff644e0041eeef92c0b0056ce9a834095a047948a1d5e42529,0ed9091f1ab96d24ef5fbd41d0d080668623e954e4f15e4a277f1c217e825eb9,6f03d3da3ed6ecbe918c5a7f9aa35cb9abfb2b83
p12v4m6-E-risk_only-s4096,E,risk_only,4096,mean_turnover,0.0,90e40d212b5faaff644e0041eeef92c0b0056ce9a834095a047948a1d5e42529,0ed9091f1ab96d24ef5fbd41d0d080668623e954e4f15e4a277f1c217e825eb9,6f03d3da3ed6ecbe918c5a7f9aa35cb9abfb2b83
p12v4m6-E-risk_only-s4096,E,risk_only,4096,sharpe,0.0,90e40d212b5faaff644e0041eeef92c0b0056ce9a834095a047948a1d5e42529,0ed9091f1ab96d24ef5fbd41d0d080668623e954e4f15e4a277f1c217e825eb9,6f03d3da3ed6ecbe918c5a7f9aa35cb9abfb2b83
p12v4m6-E-risk_only-s4096,E,risk_only,4096,std_return,0.0,90e40d212b5faaff644e0041eeef92c0b0056ce9a834095a047948a1d5e42529,0ed9091f1ab96d24ef5fbd41d0d080668623e954e4f15e4a277f1c217e825eb9,6f03d3da3ed6ecbe918c5a7f9aa35cb9abfb2b83
p12v4m6-E-risk_only-s4096,E,risk_only,4096,total_cost,0.0,90e40d212b5faaff644e0041eeef92c0b0056ce9a834095a047948a1d5e42529,0ed9091f1ab96d24ef5fbd41d0d080668623e954e4f15e4a277f1c217e825eb9,6f03d3da3ed6ecbe918c5a7f9aa35cb9abfb2b83
p12v4m6-E-risk_only-s4096,E,risk_only,4096,trade_count,0.0,90e40d212b5faaff644e0041eeef92c0b0056ce9a834095a047948a1d5e42529,0ed9091f1ab96d24ef5fbd41d0d080668623e954e4f15e4a277f1c217e825eb9,6f03d3da3ed6ecbe918c5a7f9aa35cb9abfb2b83
p12v4m6-E-risk_only-s4096,E,risk_only,4096,task_success_rate,1.0,90e40d212b5faaff644e0041eeef92c0b0056ce9a834095a047948a1d5e42529,0ed9091f1ab96d24ef5fbd41d0d080668623e954e4f15e4a277f1c217e825eb9,6f03d3da3ed6ecbe918c5a7f9aa35cb9abfb2b83
p12v4m6-E-risk_only-s4096,E,risk_only,4096,config_validity_rate,1.0,90e40d212b5faaff644e0041eeef92c0b0056ce9a834095a047948a1d5e42529,0ed9091f1ab96d24ef5fbd41d0d080668623e954e4f15e4a277f1c217e825eb9,6f03d3da3ed6ecbe918c5a7f9aa35cb9abfb2b83
p12v4m6-E-risk_only-s4096,E,risk_only,4096,tool_call_accuracy,1.0,90e40d212b5faaff644e0041eeef92c0b0056ce9a834095a047948a1d5e42529,0ed9091f1ab96d24ef5fbd41d0d080668623e954e4f15e4a277f1c217e825eb9,6f03d3da3ed6ecbe918c5a7f9aa35cb9abfb2b83
p12v4m6-E-risk_only-s4096,E,risk_only,4096,leakage_violation_rate,0.0,90e40d212b5faaff644e0041eeef92c0b0056ce9a834095a047948a1d5e42529,0ed9091f1ab96d24ef5fbd41d0d080668623e954e4f15e4a277f1c217e825eb9,6f03d3da3ed6ecbe918c5a7f9aa35cb9abfb2b83
p12v4m6-E-risk_only-s4096,E,risk_only,4096,risk_directive_validity_rate,1.0,90e40d212b5faaff644e0041eeef92c0b0056ce9a834095a047948a1d5e42529,0ed9091f1ab96d24ef5fbd41d0d080668623e954e4f15e4a277f1c217e825eb9,6f03d3da3ed6ecbe918c5a7f9aa35cb9abfb2b83
p12v4m6-E-risk_only-s4096,E,risk_only,4096,conflict_resolution_rate,1.0,90e40d212b5faaff644e0041eeef92c0b0056ce9a834095a047948a1d5e42529,0ed9091f1ab96d24ef5fbd41d0d080668623e954e4f15e4a277f1c217e825eb9,6f03d3da3ed6ecbe918c5a7f9aa35cb9abfb2b83
p12v4m6-E-risk_only-s4096,E,risk_only,4096,report_completeness_rate,1.0,90e40d212b5faaff644e0041eeef92c0b0056ce9a834095a047948a1d5e42529,0ed9091f1ab96d24ef5fbd41d0d080668623e954e4f15e4a277f1c217e825eb9,6f03d3da3ed6ecbe918c5a7f9aa35cb9abfb2b83
p12v4m6-E-risk_only-s4096,E,risk_only,4096,additional_runtime_seconds,23.649251042981632,90e40d212b5faaff644e0041eeef92c0b0056ce9a834095a047948a1d5e42529,0ed9091f1ab96d24ef5fbd41d0d080668623e954e4f15e4a277f1c217e825eb9,6f03d3da3ed6ecbe918c5a7f9aa35cb9abfb2b83
p12v4m6-E-risk_only-s8192,E,risk_only,8192,invalid_order_count,39160.0,90e40d212b5faaff644e0041eeef92c0b0056ce9a834095a047948a1d5e42529,0ed9091f1ab96d24ef5fbd41d0d080668623e954e4f15e4a277f1c217e825eb9,6f03d3da3ed6ecbe918c5a7f9aa35cb9abfb2b83
p12v4m6-E-risk_only-s8192,E,risk_only,8192,max_drawdown,0.016360162587126692,90e40d212b5faaff644e0041eeef92c0b0056ce9a834095a047948a1d5e42529,0ed9091f1ab96d24ef5fbd41d0d080668623e954e4f15e4a277f1c217e825eb9,6f03d3da3ed6ecbe918c5a7f9aa35cb9abfb2b83
p12v4m6-E-risk_only-s8192,E,risk_only,8192,mean_return,0.021706724131668853,90e40d212b5faaff644e0041eeef92c0b0056ce9a834095a047948a1d5e42529,0ed9091f1ab96d24ef5fbd41d0d080668623e954e4f15e4a277f1c217e825eb9,6f03d3da3ed6ecbe918c5a7f9aa35cb9abfb2b83
p12v4m6-E-risk_only-s8192,E,risk_only,8192,mean_reward,0.005770682115390979,90e40d212b5faaff644e0041eeef92c0b0056ce9a834095a047948a1d5e42529,0ed9091f1ab96d24ef5fbd41d0d080668623e954e4f15e4a277f1c217e825eb9,6f03d3da3ed6ecbe918c5a7f9aa35cb9abfb2b83
p12v4m6-E-risk_only-s8192,E,risk_only,8192,mean_turnover,0.001665310988550197,90e40d212b5faaff644e0041eeef92c0b0056ce9a834095a047948a1d5e42529,0ed9091f1ab96d24ef5fbd41d0d080668623e954e4f15e4a277f1c217e825eb9,6f03d3da3ed6ecbe918c5a7f9aa35cb9abfb2b83
p12v4m6-E-risk_only-s8192,E,risk_only,8192,sharpe,1.9541110756061304,90e40d212b5faaff644e0041eeef92c0b0056ce9a834095a047948a1d5e42529,0ed9091f1ab96d24ef5fbd41d0d080668623e954e4f15e4a277f1c217e825eb9,6f03d3da3ed6ecbe918c5a7f9aa35cb9abfb2b83
p12v4m6-E-risk_only-s8192,E,risk_only,8192,std_return,0.0,90e40d212b5faaff644e0041eeef92c0b0056ce9a834095a047948a1d5e42529,0ed9091f1ab96d24ef5fbd41d0d080668623e954e4f15e4a277f1c217e825eb9,6f03d3da3ed6ecbe918c5a7f9aa35cb9abfb2b83
p12v4m6-E-risk_only-s8192,E,risk_only,8192,total_cost,2431.5085207454654,90e40d212b5faaff644e0041eeef92c0b0056ce9a834095a047948a1d5e42529,0ed9091f1ab96d24ef5fbd41d0d080668623e954e4f15e4a277f1c217e825eb9,6f03d3da3ed6ecbe918c5a7f9aa35cb9abfb2b83
p12v4m6-E-risk_only-s8192,E,risk_only,8192,trade_count,970.0,90e40d212b5faaff644e0041eeef92c0b0056ce9a834095a047948a1d5e42529,0ed9091f1ab96d24ef5fbd41d0d080668623e954e4f15e4a277f1c217e825eb9,6f03d3da3ed6ecbe918c5a7f9aa35cb9abfb2b83
p12v4m6-E-risk_only-s8192,E,risk_only,8192,task_success_rate,1.0,90e40d212b5faaff644e0041eeef92c0b0056ce9a834095a047948a1d5e42529,0ed9091f1ab96d24ef5fbd41d0d080668623e954e4f15e4a277f1c217e825eb9,6f03d3da3ed6ecbe918c5a7f9aa35cb9abfb2b83
p12v4m6-E-risk_only-s8192,E,risk_only,8192,config_validity_rate,1.0,90e40d212b5faaff644e0041eeef92c0b0056ce9a834095a047948a1d5e42529,0ed9091f1ab96d24ef5fbd41d0d080668623e954e4f15e4a277f1c217e825eb9,6f03d3da3ed6ecbe918c5a7f9aa35cb9abfb2b83
p12v4m6-E-risk_only-s8192,E,risk_only,8192,tool_call_accuracy,1.0,90e40d212b5faaff644e0041eeef92c0b0056ce9a834095a047948a1d5e42529,0ed9091f1ab96d24ef5fbd41d0d080668623e954e4f15e4a277f1c217e825eb9,6f03d3da3ed6ecbe918c5a7f9aa35cb9abfb2b83
p12v4m6-E-risk_only-s8192,E,risk_only,8192,leakage_violation_rate,0.0,90e40d212b5faaff644e0041eeef92c0b0056ce9a834095a047948a1d5e42529,0ed9091f1ab96d24ef5fbd41d0d080668623e954e4f15e4a277f1c217e825eb9,6f03d3da3ed6ecbe918c5a7f9aa35cb9abfb2b83
p12v4m6-E-risk_only-s8192,E,risk_only,8192,risk_directive_validity_rate,1.0,90e40d212b5faaff644e0041eeef92c0b0056ce9a834095a047948a1d5e42529,0ed9091f1ab96d24ef5fbd41d0d080668623e954e4f15e4a277f1c217e825eb9,6f03d3da3ed6ecbe918c5a7f9aa35cb9abfb2b83
p12v4m6-E-risk_only-s8192,E,risk_only,8192,conflict_resolution_rate,1.0,90e40d212b5faaff644e0041eeef92c0b0056ce9a834095a047948a1d5e42529,0ed9091f1ab96d24ef5fbd41d0d080668623e954e4f15e4a277f1c217e825eb9,6f03d3da3ed6ecbe918c5a7f9aa35cb9abfb2b83
p12v4m6-E-risk_only-s8192,E,risk_only,8192,report_completeness_rate,1.0,90e40d212b5faaff644e0041eeef92c0b0056ce9a834095a047948a1d5e42529,0ed9091f1ab96d24ef5fbd41d0d080668623e954e4f15e4a277f1c217e825eb9,6f03d3da3ed6ecbe918c5a7f9aa35cb9abfb2b83
p12v4m6-E-risk_only-s8192,E,risk_only,8192,additional_runtime_seconds,21.56931483990047,90e40d212b5faaff644e0041eeef92c0b0056ce9a834095a047948a1d5e42529,0ed9091f1ab96d24ef5fbd41d0d080668623e954e4f15e4a277f1c217e825eb9,6f03d3da3ed6ecbe918c5a7f9aa35cb9abfb2b83
p12v4m6-E-risk_only-s16384,E,risk_only,16384,invalid_order_count,34315.0,90e40d212b5faaff644e0041eeef92c0b0056ce9a834095a047948a1d5e42529,0ed9091f1ab96d24ef5fbd41d0d080668623e954e4f15e4a277f1c217e825eb9,6f03d3da3ed6ecbe918c5a7f9aa35cb9abfb2b83
p12v4m6-E-risk_only-s16384,E,risk_only,16384,max_drawdown,0.0,90e40d212b5faaff644e0041eeef92c0b0056ce9a834095a047948a1d5e42529,0ed9091f1ab96d24ef5fbd41d0d080668623e954e4f15e4a277f1c217e825eb9,6f03d3da3ed6ecbe918c5a7f9aa35cb9abfb2b83
p12v4m6-E-risk_only-s16384,E,risk_only,16384,mean_return,0.0,90e40d212b5faaff644e0041eeef92c0b0056ce9a834095a047948a1d5e42529,0ed9091f1ab96d24ef5fbd41d0d080668623e954e4f15e4a277f1c217e825eb9,6f03d3da3ed6ecbe918c5a7f9aa35cb9abfb2b83
p12v4m6-E-risk_only-s16384,E,risk_only,16384,mean_reward,0.0,90e40d212b5faaff644e0041eeef92c0b0056ce9a834095a047948a1d5e42529,0ed9091f1ab96d24ef5fbd41d0d080668623e954e4f15e4a277f1c217e825eb9,6f03d3da3ed6ecbe918c5a7f9aa35cb9abfb2b83
p12v4m6-E-risk_only-s16384,E,risk_only,16384,mean_turnover,0.0,90e40d212b5faaff644e0041eeef92c0b0056ce9a834095a047948a1d5e42529,0ed9091f1ab96d24ef5fbd41d0d080668623e954e4f15e4a277f1c217e825eb9,6f03d3da3ed6ecbe918c5a7f9aa35cb9abfb2b83
p12v4m6-E-risk_only-s16384,E,risk_only,16384,sharpe,0.0,90e40d212b5faaff644e0041eeef92c0b0056ce9a834095a047948a1d5e42529,0ed9091f1ab96d24ef5fbd41d0d080668623e954e4f15e4a277f1c217e825eb9,6f03d3da3ed6ecbe918c5a7f9aa35cb9abfb2b83
p12v4m6-E-risk_only-s16384,E,risk_only,16384,std_return,0.0,90e40d212b5faaff644e0041eeef92c0b0056ce9a834095a047948a1d5e42529,0ed9091f1ab96d24ef5fbd41d0d080668623e954e4f15e4a277f1c217e825eb9,6f03d3da3ed6ecbe918c5a7f9aa35cb9abfb2b83
p12v4m6-E-risk_only-s16384,E,risk_only,16384,total_cost,0.0,90e40d212b5faaff644e0041eeef92c0b0056ce9a834095a047948a1d5e42529,0ed9091f1ab96d24ef5fbd41d0d080668623e954e4f15e4a277f1c217e825eb9,6f03d3da3ed6ecbe918c5a7f9aa35cb9abfb2b83
p12v4m6-E-risk_only-s16384,E,risk_only,16384,trade_count,0.0,90e40d212b5faaff644e0041eeef92c0b0056ce9a834095a047948a1d5e42529,0ed9091f1ab96d24ef5fbd41d0d080668623e954e4f15e4a277f1c217e825eb9,6f03d3da3ed6ecbe918c5a7f9aa35cb9abfb2b83
p12v4m6-E-risk_only-s16384,E,risk_only,16384,task_success_rate,1.0,90e40d212b5faaff644e0041eeef92c0b0056ce9a834095a047948a1d5e42529,0ed9091f1ab96d24ef5fbd41d0d080668623e954e4f15e4a277f1c217e825eb9,6f03d3da3ed6ecbe918c5a7f9aa35cb9abfb2b83
p12v4m6-E-risk_only-s16384,E,risk_only,16384,config_validity_rate,1.0,90e40d212b5faaff644e0041eeef92c0b0056ce9a834095a047948a1d5e42529,0ed9091f1ab96d24ef5fbd41d0d080668623e954e4f15e4a277f1c217e825eb9,6f03d3da3ed6ecbe918c5a7f9aa35cb9abfb2b83
p12v4m6-E-risk_only-s16384,E,risk_only,16384,tool_call_accuracy,1.0,90e40d212b5faaff644e0041eeef92c0b0056ce9a834095a047948a1d5e42529,0ed9091f1ab96d24ef5fbd41d0d080668623e954e4f15e4a277f1c217e825eb9,6f03d3da3ed6ecbe918c5a7f9aa35cb9abfb2b83
p12v4m6-E-risk_only-s16384,E,risk_only,16384,leakage_violation_rate,0.0,90e40d212b5faaff644e0041eeef92c0b0056ce9a834095a047948a1d5e42529,0ed9091f1ab96d24ef5fbd41d0d080668623e954e4f15e4a277f1c217e825eb9,6f03d3da3ed6ecbe918c5a7f9aa35cb9abfb2b83
p12v4m6-E-risk_only-s16384,E,risk_only,16384,risk_directive_validity_rate,1.0,90e40d212b5faaff644e0041eeef92c0b0056ce9a834095a047948a1d5e42529,0ed9091f1ab96d24ef5fbd41d0d080668623e954e4f15e4a277f1c217e825eb9,6f03d3da3ed6ecbe918c5a7f9aa35cb9abfb2b83
p12v4m6-E-risk_only-s16384,E,risk_only,16384,conflict_resolution_rate,1.0,90e40d212b5faaff644e0041eeef92c0b0056ce9a834095a047948a1d5e42529,0ed9091f1ab96d24ef5fbd41d0d080668623e954e4f15e4a277f1c217e825eb9,6f03d3da3ed6ecbe918c5a7f9aa35cb9abfb2b83
p12v4m6-E-risk_only-s16384,E,risk_only,16384,report_completeness_rate,1.0,90e40d212b5faaff644e0041eeef92c0b0056ce9a834095a047948a1d5e42529,0ed9091f1ab96d24ef5fbd41d0d080668623e954e4f15e4a277f1c217e825eb9,6f03d3da3ed6ecbe918c5a7f9aa35cb9abfb2b83
p12v4m6-E-risk_only-s16384,E,risk_only,16384,additional_runtime_seconds,55.44359366898425,90e40d212b5faaff644e0041eeef92c0b0056ce9a834095a047948a1d5e42529,0ed9091f1ab96d24ef5fbd41d0d080668623e954e4f15e4a277f1c217e825eb9,6f03d3da3ed6ecbe918c5a7f9aa35cb9abfb2b83
p12v4m6-E-hierarchical_only-s1024,E,hierarchical_only,1024,invalid_order_count,41470.0,90e40d212b5faaff644e0041eeef92c0b0056ce9a834095a047948a1d5e42529,0ed9091f1ab96d24ef5fbd41d0d080668623e954e4f15e4a277f1c217e825eb9,6f03d3da3ed6ecbe918c5a7f9aa35cb9abfb2b83
p12v4m6-E-hierarchical_only-s1024,E,hierarchical_only,1024,max_drawdown,0.021809060877127306,90e40d212b5faaff644e0041eeef92c0b0056ce9a834095a047948a1d5e42529,0ed9091f1ab96d24ef5fbd41d0d080668623e954e4f15e4a277f1c217e825eb9,6f03d3da3ed6ecbe918c5a7f9aa35cb9abfb2b83
p12v4m6-E-hierarchical_only-s1024,E,hierarchical_only,1024,mean_return,0.029007214170744033,90e40d212b5faaff644e0041eeef92c0b0056ce9a834095a047948a1d5e42529,0ed9091f1ab96d24ef5fbd41d0d080668623e954e4f15e4a277f1c217e825eb9,6f03d3da3ed6ecbe918c5a7f9aa35cb9abfb2b83
p12v4m6-E-hierarchical_only-s1024,E,hierarchical_only,1024,mean_reward,0.007683263736008738,90e40d212b5faaff644e0041eeef92c0b0056ce9a834095a047948a1d5e42529,0ed9091f1ab96d24ef5fbd41d0d080668623e954e4f15e4a277f1c217e825eb9,6f03d3da3ed6ecbe918c5a7f9aa35cb9abfb2b83
p12v4m6-E-hierarchical_only-s1024,E,hierarchical_only,1024,mean_turnover,0.0022577430817245017,90e40d212b5faaff644e0041eeef92c0b0056ce9a834095a047948a1d5e42529,0ed9091f1ab96d24ef5fbd41d0d080668623e954e4f15e4a277f1c217e825eb9,6f03d3da3ed6ecbe918c5a7f9aa35cb9abfb2b83
p12v4m6-E-hierarchical_only-s1024,E,hierarchical_only,1024,sharpe,1.9516065104081344,90e40d212b5faaff644e0041eeef92c0b0056ce9a834095a047948a1d5e42529,0ed9091f1ab96d24ef5fbd41d0d080668623e954e4f15e4a277f1c217e825eb9,6f03d3da3ed6ecbe918c5a7f9aa35cb9abfb2b83
p12v4m6-E-hierarchical_only-s1024,E,hierarchical_only,1024,std_return,0.0,90e40d212b5faaff644e0041eeef92c0b0056ce9a834095a047948a1d5e42529,0ed9091f1ab96d24ef5fbd41d0d080668623e954e4f15e4a277f1c217e825eb9,6f03d3da3ed6ecbe918c5a7f9aa35cb9abfb2b83
p12v4m6-E-hierarchical_only-s1024,E,hierarchical_only,1024,total_cost,3300.9071841185646,90e40d212b5faaff644e0041eeef92c0b0056ce9a834095a047948a1d5e42529,0ed9091f1ab96d24ef5fbd41d0d080668623e954e4f15e4a277f1c217e825eb9,6f03d3da3ed6ecbe918c5a7f9aa35cb9abfb2b83
p12v4m6-E-hierarchical_only-s1024,E,hierarchical_only,1024,trade_count,970.0,90e40d212b5faaff644e0041eeef92c0b0056ce9a834095a047948a1d5e42529,0ed9091f1ab96d24ef5fbd41d0d080668623e954e4f15e4a277f1c217e825eb9,6f03d3da3ed6ecbe918c5a7f9aa35cb9abfb2b83
p12v4m6-E-hierarchical_only-s1024,E,hierarchical_only,1024,task_success_rate,1.0,90e40d212b5faaff644e0041eeef92c0b0056ce9a834095a047948a1d5e42529,0ed9091f1ab96d24ef5fbd41d0d080668623e954e4f15e4a277f1c217e825eb9,6f03d3da3ed6ecbe918c5a7f9aa35cb9abfb2b83
p12v4m6-E-hierarchical_only-s1024,E,hierarchical_only,1024,config_validity_rate,1.0,90e40d212b5faaff644e0041eeef92c0b0056ce9a834095a047948a1d5e42529,0ed9091f1ab96d24ef5fbd41d0d080668623e954e4f15e4a277f1c217e825eb9,6f03d3da3ed6ecbe918c5a7f9aa35cb9abfb2b83
p12v4m6-E-hierarchical_only-s1024,E,hierarchical_only,1024,tool_call_accuracy,1.0,90e40d212b5faaff644e0041eeef92c0b0056ce9a834095a047948a1d5e42529,0ed9091f1ab96d24ef5fbd41d0d080668623e954e4f15e4a277f1c217e825eb9,6f03d3da3ed6ecbe918c5a7f9aa35cb9abfb2b83
p12v4m6-E-hierarchical_only-s1024,E,hierarchical_only,1024,leakage_violation_rate,0.0,90e40d212b5faaff644e0041eeef92c0b0056ce9a834095a047948a1d5e42529,0ed9091f1ab96d24ef5fbd41d0d080668623e954e4f15e4a277f1c217e825eb9,6f03d3da3ed6ecbe918c5a7f9aa35cb9abfb2b83
p12v4m6-E-hierarchical_only-s1024,E,hierarchical_only,1024,risk_directive_validity_rate,1.0,90e40d212b5faaff644e0041eeef92c0b0056ce9a834095a047948a1d5e42529,0ed9091f1ab96d24ef5fbd41d0d080668623e954e4f15e4a277f1c217e825eb9,6f03d3da3ed6ecbe918c5a7f9aa35cb9abfb2b83
p12v4m6-E-hierarchical_only-s1024,E,hierarchical_only,1024,conflict_resolution_rate,1.0,90e40d212b5faaff644e0041eeef92c0b0056ce9a834095a047948a1d5e42529,0ed9091f1ab96d24ef5fbd41d0d080668623e954e4f15e4a277f1c217e825eb9,6f03d3da3ed6ecbe918c5a7f9aa35cb9abfb2b83
p12v4m6-E-hierarchical_only-s1024,E,hierarchical_only,1024,report_completeness_rate,1.0,90e40d212b5faaff644e0041eeef92c0b0056ce9a834095a047948a1d5e42529,0ed9091f1ab96d24ef5fbd41d0d080668623e954e4f15e4a277f1c217e825eb9,6f03d3da3ed6ecbe918c5a7f9aa35cb9abfb2b83
p12v4m6-E-hierarchical_only-s1024,E,hierarchical_only,1024,additional_runtime_seconds,11.230320774018764,90e40d212b5faaff644e0041eeef92c0b0056ce9a834095a047948a1d5e42529,0ed9091f1ab96d24ef5fbd41d0d080668623e954e4f15e4a277f1c217e825eb9,6f03d3da3ed6ecbe918c5a7f9aa35cb9abfb2b83
p12v4m6-E-hierarchical_only-s2048,E,hierarchical_only,2048,invalid_order_count,42275.0,90e40d212b5faaff644e0041eeef92c0b0056ce9a834095a047948a1d5e42529,0ed9091f1ab96d24ef5fbd41d0d080668623e954e4f15e4a277f1c217e825eb9,6f03d3da3ed6ecbe918c5a7f9aa35cb9abfb2b83
p12v4m6-E-hierarchical_only-s2048,E,hierarchical_only,2048,max_drawdown,0.04329153792782303,90e40d212b5faaff644e0041eeef92c0b0056ce9a834095a047948a1d5e42529,0ed9091f1ab96d24ef5fbd41d0d080668623e954e4f15e4a277f1c217e825eb9,6f03d3da3ed6ecbe918c5a7f9aa35cb9abfb2b83
p12v4m6-E-hierarchical_only-s2048,E,hierarchical_only,2048,mean_return,0.058643149291226715,90e40d212b5faaff644e0041eeef92c0b0056ce9a834095a047948a1d5e42529,0ed9091f1ab96d24ef5fbd41d0d080668623e954e4f15e4a277f1c217e825eb9,6f03d3da3ed6ecbe918c5a7f9aa35cb9abfb2b83
p12v4m6-E-hierarchical_only-s2048,E,hierarchical_only,2048,mean_reward,0.015418524254761845,90e40d212b5faaff644e0041eeef92c0b0056ce9a834095a047948a1d5e42529,0ed9091f1ab96d24ef5fbd41d0d080668623e954e4f15e4a277f1c217e825eb9,6f03d3da3ed6ecbe918c5a7f9aa35cb9abfb2b83
p12v4m6-E-hierarchical_only-s2048,E,hierarchical_only,2048,mean_turnover,0.004875610059489042,90e40d212b5faaff644e0041eeef92c0b0056ce9a834095a047948a1d5e42529,0ed9091f1ab96d24ef5fbd41d0d080668623e954e4f15e4a277f1c217e825eb9,6f03d3da3ed6ecbe918c5a7f9aa35cb9abfb2b83
p12v4m6-E-hierarchical_only-s2048,E,hierarchical_only,2048,sharpe,1.9529558766336255,90e40d212b5faaff644e0041eeef92c0b0056ce9a834095a047948a1d5e42529,0ed9091f1ab96d24ef5fbd41d0d080668623e954e4f15e4a277f1c217e825eb9,6f03d3da3ed6ecbe918c5a7f9aa35cb9abfb2b83
p12v4m6-E-hierarchical_only-s2048,E,hierarchical_only,2048,std_return,0.0,90e40d212b5faaff644e0041eeef92c0b0056ce9a834095a047948a1d5e42529,0ed9091f1ab96d24ef5fbd41d0d080668623e954e4f15e4a277f1c217e825eb9,6f03d3da3ed6ecbe918c5a7f9aa35cb9abfb2b83
p12v4m6-E-hierarchical_only-s2048,E,hierarchical_only,2048,total_cost,7168.926232338659,90e40d212b5faaff644e0041eeef92c0b0056ce9a834095a047948a1d5e42529,0ed9091f1ab96d24ef5fbd41d0d080668623e954e4f15e4a277f1c217e825eb9,6f03d3da3ed6ecbe918c5a7f9aa35cb9abfb2b83
p12v4m6-E-hierarchical_only-s2048,E,hierarchical_only,2048,trade_count,970.0,90e40d212b5faaff644e0041eeef92c0b0056ce9a834095a047948a1d5e42529,0ed9091f1ab96d24ef5fbd41d0d080668623e954e4f15e4a277f1c217e825eb9,6f03d3da3ed6ecbe918c5a7f9aa35cb9abfb2b83
p12v4m6-E-hierarchical_only-s2048,E,hierarchical_only,2048,task_success_rate,1.0,90e40d212b5faaff644e0041eeef92c0b0056ce9a834095a047948a1d5e42529,0ed9091f1ab96d24ef5fbd41d0d080668623e954e4f15e4a277f1c217e825eb9,6f03d3da3ed6ecbe918c5a7f9aa35cb9abfb2b83
p12v4m6-E-hierarchical_only-s2048,E,hierarchical_only,2048,config_validity_rate,1.0,90e40d212b5faaff644e0041eeef92c0b0056ce9a834095a047948a1d5e42529,0ed9091f1ab96d24ef5fbd41d0d080668623e954e4f15e4a277f1c217e825eb9,6f03d3da3ed6ecbe918c5a7f9aa35cb9abfb2b83
p12v4m6-E-hierarchical_only-s2048,E,hierarchical_only,2048,tool_call_accuracy,1.0,90e40d212b5faaff644e0041eeef92c0b0056ce9a834095a047948a1d5e42529,0ed9091f1ab96d24ef5fbd41d0d080668623e954e4f15e4a277f1c217e825eb9,6f03d3da3ed6ecbe918c5a7f9aa35cb9abfb2b83
p12v4m6-E-hierarchical_only-s2048,E,hierarchical_only,2048,leakage_violation_rate,0.0,90e40d212b5faaff644e0041eeef92c0b0056ce9a834095a047948a1d5e42529,0ed9091f1ab96d24ef5fbd41d0d080668623e954e4f15e4a277f1c217e825eb9,6f03d3da3ed6ecbe918c5a7f9aa35cb9abfb2b83
p12v4m6-E-hierarchical_only-s2048,E,hierarchical_only,2048,risk_directive_validity_rate,1.0,90e40d212b5faaff644e0041eeef92c0b0056ce9a834095a047948a1d5e42529,0ed9091f1ab96d24ef5fbd41d0d080668623e954e4f15e4a277f1c217e825eb9,6f03d3da3ed6ecbe918c5a7f9aa35cb9abfb2b83
p12v4m6-E-hierarchical_only-s2048,E,hierarchical_only,2048,conflict_resolution_rate,1.0,90e40d212b5faaff644e0041eeef92c0b0056ce9a834095a047948a1d5e42529,0ed9091f1ab96d24ef5fbd41d0d080668623e954e4f15e4a277f1c217e825eb9,6f03d3da3ed6ecbe918c5a7f9aa35cb9abfb2b83
p12v4m6-E-hierarchical_only-s2048,E,hierarchical_only,2048,report_completeness_rate,1.0,90e40d212b5faaff644e0041eeef92c0b0056ce9a834095a047948a1d5e42529,0ed9091f1ab96d24ef5fbd41d0d080668623e954e4f15e4a277f1c217e825eb9,6f03d3da3ed6ecbe918c5a7f9aa35cb9abfb2b83
p12v4m6-E-hierarchical_only-s2048,E,hierarchical_only,2048,additional_runtime_seconds,8.957183602964506,90e40d212b5faaff644e0041eeef92c0b0056ce9a834095a047948a1d5e42529,0ed9091f1ab96d24ef5fbd41d0d080668623e954e4f15e4a277f1c217e825eb9,6f03d3da3ed6ecbe918c5a7f9aa35cb9abfb2b83
p12v4m6-E-hierarchical_only-s4096,E,hierarchical_only,4096,invalid_order_count,41860.0,90e40d212b5faaff644e0041eeef92c0b0056ce9a834095a047948a1d5e42529,0ed9091f1ab96d24ef5fbd41d0d080668623e954e4f15e4a277f1c217e825eb9,6f03d3da3ed6ecbe918c5a7f9aa35cb9abfb2b83
p12v4m6-E-hierarchical_only-s4096,E,hierarchical_only,4096,max_drawdown,0.032590452638345146,90e40d212b5faaff644e0041eeef92c0b0056ce9a834095a047948a1d5e42529,0ed9091f1ab96d24ef5fbd41d0d080668623e954e4f15e4a277f1c217e825eb9,6f03d3da3ed6ecbe918c5a7f9aa35cb9abfb2b83
p12v4m6-E-hierarchical_only-s4096,E,hierarchical_only,4096,mean_return,0.04374070403993269,90e40d212b5faaff644e0041eeef92c0b0056ce9a834095a047948a1d5e42529,0ed9091f1ab96d24ef5fbd41d0d080668623e954e4f15e4a277f1c217e825eb9,6f03d3da3ed6ecbe918c5a7f9aa35cb9abfb2b83
p12v4m6-E-hierarchical_only-s4096,E,hierarchical_only,4096,mean_reward,0.011530604661676795,90e40d212b5faaff644e0041eeef92c0b0056ce9a834095a047948a1d5e42529,0ed9091f1ab96d24ef5fbd41d0d080668623e954e4f15e4a277f1c217e825eb9,6f03d3da3ed6ecbe918c5a7f9aa35cb9abfb2b83
p12v4m6-E-hierarchical_only-s4096,E,hierarchical_only,4096,mean_turnover,0.0035509600605684553,90e40d212b5faaff644e0041eeef92c0b0056ce9a834095a047948a1d5e42529,0ed9091f1ab96d24ef5fbd41d0d080668623e954e4f15e4a277f1c217e825eb9,6f03d3da3ed6ecbe918c5a7f9aa35cb9abfb2b83
p12v4m6-E-hierarchical_only-s4096,E,hierarchical_only,4096,sharpe,1.9521223539469879,90e40d212b5faaff644e0041eeef92c0b0056ce9a834095a047948a1d5e42529,0ed9091f1ab96d24ef5fbd41d0d080668623e954e4f15e4a277f1c217e825eb9,6f03d3da3ed6ecbe918c5a7f9aa35cb9abfb2b83
p12v4m6-E-hierarchical_only-s4096,E,hierarchical_only,4096,std_return,0.0,90e40d212b5faaff644e0041eeef92c0b0056ce9a834095a047948a1d5e42529,0ed9091f1ab96d24ef5fbd41d0d080668623e954e4f15e4a277f1c217e825eb9,6f03d3da3ed6ecbe918c5a7f9aa35cb9abfb2b83
p12v4m6-E-hierarchical_only-s4096,E,hierarchical_only,4096,total_cost,5206.084462486332,90e40d212b5faaff644e0041eeef92c0b0056ce9a834095a047948a1d5e42529,0ed9091f1ab96d24ef5fbd41d0d080668623e954e4f15e4a277f1c217e825eb9,6f03d3da3ed6ecbe918c5a7f9aa35cb9abfb2b83
p12v4m6-E-hierarchical_only-s4096,E,hierarchical_only,4096,trade_count,970.0,90e40d212b5faaff644e0041eeef92c0b0056ce9a834095a047948a1d5e42529,0ed9091f1ab96d24ef5fbd41d0d080668623e954e4f15e4a277f1c217e825eb9,6f03d3da3ed6ecbe918c5a7f9aa35cb9abfb2b83
p12v4m6-E-hierarchical_only-s4096,E,hierarchical_only,4096,task_success_rate,1.0,90e40d212b5faaff644e0041eeef92c0b0056ce9a834095a047948a1d5e42529,0ed9091f1ab96d24ef5fbd41d0d080668623e954e4f15e4a277f1c217e825eb9,6f03d3da3ed6ecbe918c5a7f9aa35cb9abfb2b83
p12v4m6-E-hierarchical_only-s4096,E,hierarchical_only,4096,config_validity_rate,1.0,90e40d212b5faaff644e0041eeef92c0b0056ce9a834095a047948a1d5e42529,0ed9091f1ab96d24ef5fbd41d0d080668623e954e4f15e4a277f1c217e825eb9,6f03d3da3ed6ecbe918c5a7f9aa35cb9abfb2b83
p12v4m6-E-hierarchical_only-s4096,E,hierarchical_only,4096,tool_call_accuracy,1.0,90e40d212b5faaff644e0041eeef92c0b0056ce9a834095a047948a1d5e42529,0ed9091f1ab96d24ef5fbd41d0d080668623e954e4f15e4a277f1c217e825eb9,6f03d3da3ed6ecbe918c5a7f9aa35cb9abfb2b83
p12v4m6-E-hierarchical_only-s4096,E,hierarchical_only,4096,leakage_violation_rate,0.0,90e40d212b5faaff644e0041eeef92c0b0056ce9a834095a047948a1d5e42529,0ed9091f1ab96d24ef5fbd41d0d080668623e954e4f15e4a277f1c217e825eb9,6f03d3da3ed6ecbe918c5a7f9aa35cb9abfb2b83
p12v4m6-E-hierarchical_only-s4096,E,hierarchical_only,4096,risk_directive_validity_rate,1.0,90e40d212b5faaff644e0041eeef92c0b0056ce9a834095a047948a1d5e42529,0ed9091f1ab96d24ef5fbd41d0d080668623e954e4f15e4a277f1c217e825eb9,6f03d3da3ed6ecbe918c5a7f9aa35cb9abfb2b83
p12v4m6-E-hierarchical_only-s4096,E,hierarchical_only,4096,conflict_resolution_rate,1.0,90e40d212b5faaff644e0041eeef92c0b0056ce9a834095a047948a1d5e42529,0ed9091f1ab96d24ef5fbd41d0d080668623e954e4f15e4a277f1c217e825eb9,6f03d3da3ed6ecbe918c5a7f9aa35cb9abfb2b83
p12v4m6-E-hierarchical_only-s4096,E,hierarchical_only,4096,report_completeness_rate,1.0,90e40d212b5faaff644e0041eeef92c0b0056ce9a834095a047948a1d5e42529,0ed9091f1ab96d24ef5fbd41d0d080668623e954e4f15e4a277f1c217e825eb9,6f03d3da3ed6ecbe918c5a7f9aa35cb9abfb2b83
p12v4m6-E-hierarchical_only-s4096,E,hierarchical_only,4096,additional_runtime_seconds,20.834005473996513,90e40d212b5faaff644e0041eeef92c0b0056ce9a834095a047948a1d5e42529,0ed9091f1ab96d24ef5fbd41d0d080668623e954e4f15e4a277f1c217e825eb9,6f03d3da3ed6ecbe918c5a7f9aa35cb9abfb2b83
p12v4m6-E-hierarchical_only-s8192,E,hierarchical_only,8192,invalid_order_count,41860.0,90e40d212b5faaff644e0041eeef92c0b0056ce9a834095a047948a1d5e42529,0ed9091f1ab96d24ef5fbd41d0d080668623e954e4f15e4a277f1c217e825eb9,6f03d3da3ed6ecbe918c5a7f9aa35cb9abfb2b83
p12v4m6-E-hierarchical_only-s8192,E,hierarchical_only,8192,max_drawdown,0.032590452638345146,90e40d212b5faaff644e0041eeef92c0b0056ce9a834095a047948a1d5e42529,0ed9091f1ab96d24ef5fbd41d0d080668623e954e4f15e4a277f1c217e825eb9,6f03d3da3ed6ecbe918c5a7f9aa35cb9abfb2b83
p12v4m6-E-hierarchical_only-s8192,E,hierarchical_only,8192,mean_return,0.04374070403993269,90e40d212b5faaff644e0041eeef92c0b0056ce9a834095a047948a1d5e42529,0ed9091f1ab96d24ef5fbd41d0d080668623e954e4f15e4a277f1c217e825eb9,6f03d3da3ed6ecbe918c5a7f9aa35cb9abfb2b83
p12v4m6-E-hierarchical_only-s8192,E,hierarchical_only,8192,mean_reward,0.011530604661676795,90e40d212b5faaff644e0041eeef92c0b0056ce9a834095a047948a1d5e42529,0ed9091f1ab96d24ef5fbd41d0d080668623e954e4f15e4a277f1c217e825eb9,6f03d3da3ed6ecbe918c5a7f9aa35cb9abfb2b83
p12v4m6-E-hierarchical_only-s8192,E,hierarchical_only,8192,mean_turnover,0.0035509600605684553,90e40d212b5faaff644e0041eeef92c0b0056ce9a834095a047948a1d5e42529,0ed9091f1ab96d24ef5fbd41d0d080668623e954e4f15e4a277f1c217e825eb9,6f03d3da3ed6ecbe918c5a7f9aa35cb9abfb2b83
p12v4m6-E-hierarchical_only-s8192,E,hierarchical_only,8192,sharpe,1.9521223539469879,90e40d212b5faaff644e0041eeef92c0b0056ce9a834095a047948a1d5e42529,0ed9091f1ab96d24ef5fbd41d0d080668623e954e4f15e4a277f1c217e825eb9,6f03d3da3ed6ecbe918c5a7f9aa35cb9abfb2b83
p12v4m6-E-hierarchical_only-s8192,E,hierarchical_only,8192,std_return,0.0,90e40d212b5faaff644e0041eeef92c0b0056ce9a834095a047948a1d5e42529,0ed9091f1ab96d24ef5fbd41d0d080668623e954e4f15e4a277f1c217e825eb9,6f03d3da3ed6ecbe918c5a7f9aa35cb9abfb2b83
p12v4m6-E-hierarchical_only-s8192,E,hierarchical_only,8192,total_cost,5206.084462486332,90e40d212b5faaff644e0041eeef92c0b0056ce9a834095a047948a1d5e42529,0ed9091f1ab96d24ef5fbd41d0d080668623e954e4f15e4a277f1c217e825eb9,6f03d3da3ed6ecbe918c5a7f9aa35cb9abfb2b83
p12v4m6-E-hierarchical_only-s8192,E,hierarchical_only,8192,trade_count,970.0,90e40d212b5faaff644e0041eeef92c0b0056ce9a834095a047948a1d5e42529,0ed9091f1ab96d24ef5fbd41d0d080668623e954e4f15e4a277f1c217e825eb9,6f03d3da3ed6ecbe918c5a7f9aa35cb9abfb2b83
p12v4m6-E-hierarchical_only-s8192,E,hierarchical_only,8192,task_success_rate,1.0,90e40d212b5faaff644e0041eeef92c0b0056ce9a834095a047948a1d5e42529,0ed9091f1ab96d24ef5fbd41d0d080668623e954e4f15e4a277f1c217e825eb9,6f03d3da3ed6ecbe918c5a7f9aa35cb9abfb2b83
p12v4m6-E-hierarchical_only-s8192,E,hierarchical_only,8192,config_validity_rate,1.0,90e40d212b5faaff644e0041eeef92c0b0056ce9a834095a047948a1d5e42529,0ed9091f1ab96d24ef5fbd41d0d080668623e954e4f15e4a277f1c217e825eb9,6f03d3da3ed6ecbe918c5a7f9aa35cb9abfb2b83
p12v4m6-E-hierarchical_only-s8192,E,hierarchical_only,8192,tool_call_accuracy,1.0,90e40d212b5faaff644e0041eeef92c0b0056ce9a834095a047948a1d5e42529,0ed9091f1ab96d24ef5fbd41d0d080668623e954e4f15e4a277f1c217e825eb9,6f03d3da3ed6ecbe918c5a7f9aa35cb9abfb2b83
p12v4m6-E-hierarchical_only-s8192,E,hierarchical_only,8192,leakage_violation_rate,0.0,90e40d212b5faaff644e0041eeef92c0b0056ce9a834095a047948a1d5e42529,0ed9091f1ab96d24ef5fbd41d0d080668623e954e4f15e4a277f1c217e825eb9,6f03d3da3ed6ecbe918c5a7f9aa35cb9abfb2b83
p12v4m6-E-hierarchical_only-s8192,E,hierarchical_only,8192,risk_directive_validity_rate,1.0,90e40d212b5faaff644e0041eeef92c0b0056ce9a834095a047948a1d5e42529,0ed9091f1ab96d24ef5fbd41d0d080668623e954e4f15e4a277f1c217e825eb9,6f03d3da3ed6ecbe918c5a7f9aa35cb9abfb2b83
p12v4m6-E-hierarchical_only-s8192,E,hierarchical_only,8192,conflict_resolution_rate,1.0,90e40d212b5faaff644e0041eeef92c0b0056ce9a834095a047948a1d5e42529,0ed9091f1ab96d24ef5fbd41d0d080668623e954e4f15e4a277f1c217e825eb9,6f03d3da3ed6ecbe918c5a7f9aa35cb9abfb2b83
p12v4m6-E-hierarchical_only-s8192,E,hierarchical_only,8192,report_completeness_rate,1.0,90e40d212b5faaff644e0041eeef92c0b0056ce9a834095a047948a1d5e42529,0ed9091f1ab96d24ef5fbd41d0d080668623e954e4f15e4a277f1c217e825eb9,6f03d3da3ed6ecbe918c5a7f9aa35cb9abfb2b83
p12v4m6-E-hierarchical_only-s8192,E,hierarchical_only,8192,additional_runtime_seconds,22.267872955068015,90e40d212b5faaff644e0041eeef92c0b0056ce9a834095a047948a1d5e42529,0ed9091f1ab96d24ef5fbd41d0d080668623e954e4f15e4a277f1c217e825eb9,6f03d3da3ed6ecbe918c5a7f9aa35cb9abfb2b83
p12v4m6-E-hierarchical_only-s16384,E,hierarchical_only,16384,invalid_order_count,42275.0,90e40d212b5faaff644e0041eeef92c0b0056ce9a834095a047948a1d5e42529,0ed9091f1ab96d24ef5fbd41d0d080668623e954e4f15e4a277f1c217e825eb9,6f03d3da3ed6ecbe918c5a7f9aa35cb9abfb2b83
p12v4m6-E-hierarchical_only-s16384,E,hierarchical_only,16384,max_drawdown,0.04329153792782303,90e40d212b5faaff644e0041eeef92c0b0056ce9a834095a047948a1d5e42529,0ed9091f1ab96d24ef5fbd41d0d080668623e954e4f15e4a277f1c217e825eb9,6f03d3da3ed6ecbe918c5a7f9aa35cb9abfb2b83
p12v4m6-E-hierarchical_only-s16384,E,hierarchical_only,16384,mean_return,0.058643149291226715,90e40d212b5faaff644e0041eeef92c0b0056ce9a834095a047948a1d5e42529,0ed9091f1ab96d24ef5fbd41d0d080668623e954e4f15e4a277f1c217e825eb9,6f03d3da3ed6ecbe918c5a7f9aa35cb9abfb2b83
p12v4m6-E-hierarchical_only-s16384,E,hierarchical_only,16384,mean_reward,0.015418524254761845,90e40d212b5faaff644e0041eeef92c0b0056ce9a834095a047948a1d5e42529,0ed9091f1ab96d24ef5fbd41d0d080668623e954e4f15e4a277f1c217e825eb9,6f03d3da3ed6ecbe918c5a7f9aa35cb9abfb2b83
p12v4m6-E-hierarchical_only-s16384,E,hierarchical_only,16384,mean_turnover,0.004875610059489042,90e40d212b5faaff644e0041eeef92c0b0056ce9a834095a047948a1d5e42529,0ed9091f1ab96d24ef5fbd41d0d080668623e954e4f15e4a277f1c217e825eb9,6f03d3da3ed6ecbe918c5a7f9aa35cb9abfb2b83
p12v4m6-E-hierarchical_only-s16384,E,hierarchical_only,16384,sharpe,1.9529558766336255,90e40d212b5faaff644e0041eeef92c0b0056ce9a834095a047948a1d5e42529,0ed9091f1ab96d24ef5fbd41d0d080668623e954e4f15e4a277f1c217e825eb9,6f03d3da3ed6ecbe918c5a7f9aa35cb9abfb2b83
p12v4m6-E-hierarchical_only-s16384,E,hierarchical_only,16384,std_return,0.0,90e40d212b5faaff644e0041eeef92c0b0056ce9a834095a047948a1d5e42529,0ed9091f1ab96d24ef5fbd41d0d080668623e954e4f15e4a277f1c217e825eb9,6f03d3da3ed6ecbe918c5a7f9aa35cb9abfb2b83
p12v4m6-E-hierarchical_only-s16384,E,hierarchical_only,16384,total_cost,7168.926232338659,90e40d212b5faaff644e0041eeef92c0b0056ce9a834095a047948a1d5e42529,0ed9091f1ab96d24ef5fbd41d0d080668623e954e4f15e4a277f1c217e825eb9,6f03d3da3ed6ecbe918c5a7f9aa35cb9abfb2b83
p12v4m6-E-hierarchical_only-s16384,E,hierarchical_only,16384,trade_count,970.0,90e40d212b5faaff644e0041eeef92c0b0056ce9a834095a047948a1d5e42529,0ed9091f1ab96d24ef5fbd41d0d080668623e954e4f15e4a277f1c217e825eb9,6f03d3da3ed6ecbe918c5a7f9aa35cb9abfb2b83
p12v4m6-E-hierarchical_only-s16384,E,hierarchical_only,16384,task_success_rate,1.0,90e40d212b5faaff644e0041eeef92c0b0056ce9a834095a047948a1d5e42529,0ed9091f1ab96d24ef5fbd41d0d080668623e954e4f15e4a277f1c217e825eb9,6f03d3da3ed6ecbe918c5a7f9aa35cb9abfb2b83
p12v4m6-E-hierarchical_only-s16384,E,hierarchical_only,16384,config_validity_rate,1.0,90e40d212b5faaff644e0041eeef92c0b0056ce9a834095a047948a1d5e42529,0ed9091f1ab96d24ef5fbd41d0d080668623e954e4f15e4a277f1c217e825eb9,6f03d3da3ed6ecbe918c5a7f9aa35cb9abfb2b83
p12v4m6-E-hierarchical_only-s16384,E,hierarchical_only,16384,tool_call_accuracy,1.0,90e40d212b5faaff644e0041eeef92c0b0056ce9a834095a047948a1d5e42529,0ed9091f1ab96d24ef5fbd41d0d080668623e954e4f15e4a277f1c217e825eb9,6f03d3da3ed6ecbe918c5a7f9aa35cb9abfb2b83
p12v4m6-E-hierarchical_only-s16384,E,hierarchical_only,16384,leakage_violation_rate,0.0,90e40d212b5faaff644e0041eeef92c0b0056ce9a834095a047948a1d5e42529,0ed9091f1ab96d24ef5fbd41d0d080668623e954e4f15e4a277f1c217e825eb9,6f03d3da3ed6ecbe918c5a7f9aa35cb9abfb2b83
p12v4m6-E-hierarchical_only-s16384,E,hierarchical_only,16384,risk_directive_validity_rate,1.0,90e40d212b5faaff644e0041eeef92c0b0056ce9a834095a047948a1d5e42529,0ed9091f1ab96d24ef5fbd41d0d080668623e954e4f15e4a277f1c217e825eb9,6f03d3da3ed6ecbe918c5a7f9aa35cb9abfb2b83
p12v4m6-E-hierarchical_only-s16384,E,hierarchical_only,16384,conflict_resolution_rate,1.0,90e40d212b5faaff644e0041eeef92c0b0056ce9a834095a047948a1d5e42529,0ed9091f1ab96d24ef5fbd41d0d080668623e954e4f15e4a277f1c217e825eb9,6f03d3da3ed6ecbe918c5a7f9aa35cb9abfb2b83
p12v4m6-E-hierarchical_only-s16384,E,hierarchical_only,16384,report_completeness_rate,1.0,90e40d212b5faaff644e0041eeef92c0b0056ce9a834095a047948a1d5e42529,0ed9091f1ab96d24ef5fbd41d0d080668623e954e4f15e4a277f1c217e825eb9,6f03d3da3ed6ecbe918c5a7f9aa35cb9abfb2b83
p12v4m6-E-hierarchical_only-s16384,E,hierarchical_only,16384,additional_runtime_seconds,13.385073015931994,90e40d212b5faaff644e0041eeef92c0b0056ce9a834095a047948a1d5e42529,0ed9091f1ab96d24ef5fbd41d0d080668623e954e4f15e4a277f1c217e825eb9,6f03d3da3ed6ecbe918c5a7f9aa35cb9abfb2b83
p12v4m6-E-research_risk-s1024,E,research_risk,1024,invalid_order_count,34315.0,90e40d212b5faaff644e0041eeef92c0b0056ce9a834095a047948a1d5e42529,0ed9091f1ab96d24ef5fbd41d0d080668623e954e4f15e4a277f1c217e825eb9,6f03d3da3ed6ecbe918c5a7f9aa35cb9abfb2b83
p12v4m6-E-research_risk-s1024,E,research_risk,1024,max_drawdown,0.0,90e40d212b5faaff644e0041eeef92c0b0056ce9a834095a047948a1d5e42529,0ed9091f1ab96d24ef5fbd41d0d080668623e954e4f15e4a277f1c217e825eb9,6f03d3da3ed6ecbe918c5a7f9aa35cb9abfb2b83
p12v4m6-E-research_risk-s1024,E,research_risk,1024,mean_return,0.0,90e40d212b5faaff644e0041eeef92c0b0056ce9a834095a047948a1d5e42529,0ed9091f1ab96d24ef5fbd41d0d080668623e954e4f15e4a277f1c217e825eb9,6f03d3da3ed6ecbe918c5a7f9aa35cb9abfb2b83
p12v4m6-E-research_risk-s1024,E,research_risk,1024,mean_reward,0.0,90e40d212b5faaff644e0041eeef92c0b0056ce9a834095a047948a1d5e42529,0ed9091f1ab96d24ef5fbd41d0d080668623e954e4f15e4a277f1c217e825eb9,6f03d3da3ed6ecbe918c5a7f9aa35cb9abfb2b83
p12v4m6-E-research_risk-s1024,E,research_risk,1024,mean_turnover,0.0,90e40d212b5faaff644e0041eeef92c0b0056ce9a834095a047948a1d5e42529,0ed9091f1ab96d24ef5fbd41d0d080668623e954e4f15e4a277f1c217e825eb9,6f03d3da3ed6ecbe918c5a7f9aa35cb9abfb2b83
p12v4m6-E-research_risk-s1024,E,research_risk,1024,sharpe,0.0,90e40d212b5faaff644e0041eeef92c0b0056ce9a834095a047948a1d5e42529,0ed9091f1ab96d24ef5fbd41d0d080668623e954e4f15e4a277f1c217e825eb9,6f03d3da3ed6ecbe918c5a7f9aa35cb9abfb2b83
p12v4m6-E-research_risk-s1024,E,research_risk,1024,std_return,0.0,90e40d212b5faaff644e0041eeef92c0b0056ce9a834095a047948a1d5e42529,0ed9091f1ab96d24ef5fbd41d0d080668623e954e4f15e4a277f1c217e825eb9,6f03d3da3ed6ecbe918c5a7f9aa35cb9abfb2b83
p12v4m6-E-research_risk-s1024,E,research_risk,1024,total_cost,0.0,90e40d212b5faaff644e0041eeef92c0b0056ce9a834095a047948a1d5e42529,0ed9091f1ab96d24ef5fbd41d0d080668623e954e4f15e4a277f1c217e825eb9,6f03d3da3ed6ecbe918c5a7f9aa35cb9abfb2b83
p12v4m6-E-research_risk-s1024,E,research_risk,1024,trade_count,0.0,90e40d212b5faaff644e0041eeef92c0b0056ce9a834095a047948a1d5e42529,0ed9091f1ab96d24ef5fbd41d0d080668623e954e4f15e4a277f1c217e825eb9,6f03d3da3ed6ecbe918c5a7f9aa35cb9abfb2b83
p12v4m6-E-research_risk-s1024,E,research_risk,1024,task_success_rate,1.0,90e40d212b5faaff644e0041eeef92c0b0056ce9a834095a047948a1d5e42529,0ed9091f1ab96d24ef5fbd41d0d080668623e954e4f15e4a277f1c217e825eb9,6f03d3da3ed6ecbe918c5a7f9aa35cb9abfb2b83
p12v4m6-E-research_risk-s1024,E,research_risk,1024,config_validity_rate,1.0,90e40d212b5faaff644e0041eeef92c0b0056ce9a834095a047948a1d5e42529,0ed9091f1ab96d24ef5fbd41d0d080668623e954e4f15e4a277f1c217e825eb9,6f03d3da3ed6ecbe918c5a7f9aa35cb9abfb2b83
p12v4m6-E-research_risk-s1024,E,research_risk,1024,tool_call_accuracy,1.0,90e40d212b5faaff644e0041eeef92c0b0056ce9a834095a047948a1d5e42529,0ed9091f1ab96d24ef5fbd41d0d080668623e954e4f15e4a277f1c217e825eb9,6f03d3da3ed6ecbe918c5a7f9aa35cb9abfb2b83
p12v4m6-E-research_risk-s1024,E,research_risk,1024,leakage_violation_rate,0.0,90e40d212b5faaff644e0041eeef92c0b0056ce9a834095a047948a1d5e42529,0ed9091f1ab96d24ef5fbd41d0d080668623e954e4f15e4a277f1c217e825eb9,6f03d3da3ed6ecbe918c5a7f9aa35cb9abfb2b83
p12v4m6-E-research_risk-s1024,E,research_risk,1024,risk_directive_validity_rate,1.0,90e40d212b5faaff644e0041eeef92c0b0056ce9a834095a047948a1d5e42529,0ed9091f1ab96d24ef5fbd41d0d080668623e954e4f15e4a277f1c217e825eb9,6f03d3da3ed6ecbe918c5a7f9aa35cb9abfb2b83
p12v4m6-E-research_risk-s1024,E,research_risk,1024,conflict_resolution_rate,1.0,90e40d212b5faaff644e0041eeef92c0b0056ce9a834095a047948a1d5e42529,0ed9091f1ab96d24ef5fbd41d0d080668623e954e4f15e4a277f1c217e825eb9,6f03d3da3ed6ecbe918c5a7f9aa35cb9abfb2b83
p12v4m6-E-research_risk-s1024,E,research_risk,1024,report_completeness_rate,1.0,90e40d212b5faaff644e0041eeef92c0b0056ce9a834095a047948a1d5e42529,0ed9091f1ab96d24ef5fbd41d0d080668623e954e4f15e4a277f1c217e825eb9,6f03d3da3ed6ecbe918c5a7f9aa35cb9abfb2b83
p12v4m6-E-research_risk-s1024,E,research_risk,1024,additional_runtime_seconds,41.35383325605653,90e40d212b5faaff644e0041eeef92c0b0056ce9a834095a047948a1d5e42529,0ed9091f1ab96d24ef5fbd41d0d080668623e954e4f15e4a277f1c217e825eb9,6f03d3da3ed6ecbe918c5a7f9aa35cb9abfb2b83
p12v4m6-E-research_risk-s2048,E,research_risk,2048,invalid_order_count,34470.0,90e40d212b5faaff644e0041eeef92c0b0056ce9a834095a047948a1d5e42529,0ed9091f1ab96d24ef5fbd41d0d080668623e954e4f15e4a277f1c217e825eb9,6f03d3da3ed6ecbe918c5a7f9aa35cb9abfb2b83
p12v4m6-E-research_risk-s2048,E,research_risk,2048,max_drawdown,0.0009703256610905653,90e40d212b5faaff644e0041eeef92c0b0056ce9a834095a047948a1d5e42529,0ed9091f1ab96d24ef5fbd41d0d080668623e954e4f15e4a277f1c217e825eb9,6f03d3da3ed6ecbe918c5a7f9aa35cb9abfb2b83
p12v4m6-E-research_risk-s2048,E,research_risk,2048,mean_return,0.0014597208650435345,90e40d212b5faaff644e0041eeef92c0b0056ce9a834095a047948a1d5e42529,0ed9091f1ab96d24ef5fbd41d0d080668623e954e4f15e4a277f1c217e825eb9,6f03d3da3ed6ecbe918c5a7f9aa35cb9abfb2b83
p12v4m6-E-research_risk-s2048,E,research_risk,2048,mean_reward,0.00047024032909555124,90e40d212b5faaff644e0041eeef92c0b0056ce9a834095a047948a1d5e42529,0ed9091f1ab96d24ef5fbd41d0d080668623e954e4f15e4a277f1c217e825eb9,6f03d3da3ed6ecbe918c5a7f9aa35cb9abfb2b83
p12v4m6-E-research_risk-s2048,E,research_risk,2048,mean_turnover,7.048969666095644e-05,90e40d212b5faaff644e0041eeef92c0b0056ce9a834095a047948a1d5e42529,0ed9091f1ab96d24ef5fbd41d0d080668623e954e4f15e4a277f1c217e825eb9,6f03d3da3ed6ecbe918c5a7f9aa35cb9abfb2b83
p12v4m6-E-research_risk-s2048,E,research_risk,2048,sharpe,2.1210103728184375,90e40d212b5faaff644e0041eeef92c0b0056ce9a834095a047948a1d5e42529,0ed9091f1ab96d24ef5fbd41d0d080668623e954e4f15e4a277f1c217e825eb9,6f03d3da3ed6ecbe918c5a7f9aa35cb9abfb2b83
p12v4m6-E-research_risk-s2048,E,research_risk,2048,std_return,0.0,90e40d212b5faaff644e0041eeef92c0b0056ce9a834095a047948a1d5e42529,0ed9091f1ab96d24ef5fbd41d0d080668623e954e4f15e4a277f1c217e825eb9,6f03d3da3ed6ecbe918c5a7f9aa35cb9abfb2b83
p12v4m6-E-research_risk-s2048,E,research_risk,2048,total_cost,102.58195603181271,90e40d212b5faaff644e0041eeef92c0b0056ce9a834095a047948a1d5e42529,0ed9091f1ab96d24ef5fbd41d0d080668623e954e4f15e4a277f1c217e825eb9,6f03d3da3ed6ecbe918c5a7f9aa35cb9abfb2b83
p12v4m6-E-research_risk-s2048,E,research_risk,2048,trade_count,930.0,90e40d212b5faaff644e0041eeef92c0b0056ce9a834095a047948a1d5e42529,0ed9091f1ab96d24ef5fbd41d0d080668623e954e4f15e4a277f1c217e825eb9,6f03d3da3ed6ecbe918c5a7f9aa35cb9abfb2b83
p12v4m6-E-research_risk-s2048,E,research_risk,2048,task_success_rate,1.0,90e40d212b5faaff644e0041eeef92c0b0056ce9a834095a047948a1d5e42529,0ed9091f1ab96d24ef5fbd41d0d080668623e954e4f15e4a277f1c217e825eb9,6f03d3da3ed6ecbe918c5a7f9aa35cb9abfb2b83
p12v4m6-E-research_risk-s2048,E,research_risk,2048,config_validity_rate,1.0,90e40d212b5faaff644e0041eeef92c0b0056ce9a834095a047948a1d5e42529,0ed9091f1ab96d24ef5fbd41d0d080668623e954e4f15e4a277f1c217e825eb9,6f03d3da3ed6ecbe918c5a7f9aa35cb9abfb2b83
p12v4m6-E-research_risk-s2048,E,research_risk,2048,tool_call_accuracy,1.0,90e40d212b5faaff644e0041eeef92c0b0056ce9a834095a047948a1d5e42529,0ed9091f1ab96d24ef5fbd41d0d080668623e954e4f15e4a277f1c217e825eb9,6f03d3da3ed6ecbe918c5a7f9aa35cb9abfb2b83
p12v4m6-E-research_risk-s2048,E,research_risk,2048,leakage_violation_rate,0.0,90e40d212b5faaff644e0041eeef92c0b0056ce9a834095a047948a1d5e42529,0ed9091f1ab96d24ef5fbd41d0d080668623e954e4f15e4a277f1c217e825eb9,6f03d3da3ed6ecbe918c5a7f9aa35cb9abfb2b83
p12v4m6-E-research_risk-s2048,E,research_risk,2048,risk_directive_validity_rate,1.0,90e40d212b5faaff644e0041eeef92c0b0056ce9a834095a047948a1d5e42529,0ed9091f1ab96d24ef5fbd41d0d080668623e954e4f15e4a277f1c217e825eb9,6f03d3da3ed6ecbe918c5a7f9aa35cb9abfb2b83
p12v4m6-E-research_risk-s2048,E,research_risk,2048,conflict_resolution_rate,1.0,90e40d212b5faaff644e0041eeef92c0b0056ce9a834095a047948a1d5e42529,0ed9091f1ab96d24ef5fbd41d0d080668623e954e4f15e4a277f1c217e825eb9,6f03d3da3ed6ecbe918c5a7f9aa35cb9abfb2b83
p12v4m6-E-research_risk-s2048,E,research_risk,2048,report_completeness_rate,1.0,90e40d212b5faaff644e0041eeef92c0b0056ce9a834095a047948a1d5e42529,0ed9091f1ab96d24ef5fbd41d0d080668623e954e4f15e4a277f1c217e825eb9,6f03d3da3ed6ecbe918c5a7f9aa35cb9abfb2b83
p12v4m6-E-research_risk-s2048,E,research_risk,2048,additional_runtime_seconds,27.847907038987614,90e40d212b5faaff644e0041eeef92c0b0056ce9a834095a047948a1d5e42529,0ed9091f1ab96d24ef5fbd41d0d080668623e954e4f15e4a277f1c217e825eb9,6f03d3da3ed6ecbe918c5a7f9aa35cb9abfb2b83
p12v4m6-E-research_risk-s4096,E,research_risk,4096,invalid_order_count,34315.0,90e40d212b5faaff644e0041eeef92c0b0056ce9a834095a047948a1d5e42529,0ed9091f1ab96d24ef5fbd41d0d080668623e954e4f15e4a277f1c217e825eb9,6f03d3da3ed6ecbe918c5a7f9aa35cb9abfb2b83
p12v4m6-E-research_risk-s4096,E,research_risk,4096,max_drawdown,0.0,90e40d212b5faaff644e0041eeef92c0b0056ce9a834095a047948a1d5e42529,0ed9091f1ab96d24ef5fbd41d0d080668623e954e4f15e4a277f1c217e825eb9,6f03d3da3ed6ecbe918c5a7f9aa35cb9abfb2b83
p12v4m6-E-research_risk-s4096,E,research_risk,4096,mean_return,0.0,90e40d212b5faaff644e0041eeef92c0b0056ce9a834095a047948a1d5e42529,0ed9091f1ab96d24ef5fbd41d0d080668623e954e4f15e4a277f1c217e825eb9,6f03d3da3ed6ecbe918c5a7f9aa35cb9abfb2b83
p12v4m6-E-research_risk-s4096,E,research_risk,4096,mean_reward,0.0,90e40d212b5faaff644e0041eeef92c0b0056ce9a834095a047948a1d5e42529,0ed9091f1ab96d24ef5fbd41d0d080668623e954e4f15e4a277f1c217e825eb9,6f03d3da3ed6ecbe918c5a7f9aa35cb9abfb2b83
p12v4m6-E-research_risk-s4096,E,research_risk,4096,mean_turnover,0.0,90e40d212b5faaff644e0041eeef92c0b0056ce9a834095a047948a1d5e42529,0ed9091f1ab96d24ef5fbd41d0d080668623e954e4f15e4a277f1c217e825eb9,6f03d3da3ed6ecbe918c5a7f9aa35cb9abfb2b83
p12v4m6-E-research_risk-s4096,E,research_risk,4096,sharpe,0.0,90e40d212b5faaff644e0041eeef92c0b0056ce9a834095a047948a1d5e42529,0ed9091f1ab96d24ef5fbd41d0d080668623e954e4f15e4a277f1c217e825eb9,6f03d3da3ed6ecbe918c5a7f9aa35cb9abfb2b83
p12v4m6-E-research_risk-s4096,E,research_risk,4096,std_return,0.0,90e40d212b5faaff644e0041eeef92c0b0056ce9a834095a047948a1d5e42529,0ed9091f1ab96d24ef5fbd41d0d080668623e954e4f15e4a277f1c217e825eb9,6f03d3da3ed6ecbe918c5a7f9aa35cb9abfb2b83
p12v4m6-E-research_risk-s4096,E,research_risk,4096,total_cost,0.0,90e40d212b5faaff644e0041eeef92c0b0056ce9a834095a047948a1d5e42529,0ed9091f1ab96d24ef5fbd41d0d080668623e954e4f15e4a277f1c217e825eb9,6f03d3da3ed6ecbe918c5a7f9aa35cb9abfb2b83
p12v4m6-E-research_risk-s4096,E,research_risk,4096,trade_count,0.0,90e40d212b5faaff644e0041eeef92c0b0056ce9a834095a047948a1d5e42529,0ed9091f1ab96d24ef5fbd41d0d080668623e954e4f15e4a277f1c217e825eb9,6f03d3da3ed6ecbe918c5a7f9aa35cb9abfb2b83
p12v4m6-E-research_risk-s4096,E,research_risk,4096,task_success_rate,1.0,90e40d212b5faaff644e0041eeef92c0b0056ce9a834095a047948a1d5e42529,0ed9091f1ab96d24ef5fbd41d0d080668623e954e4f15e4a277f1c217e825eb9,6f03d3da3ed6ecbe918c5a7f9aa35cb9abfb2b83
p12v4m6-E-research_risk-s4096,E,research_risk,4096,config_validity_rate,1.0,90e40d212b5faaff644e0041eeef92c0b0056ce9a834095a047948a1d5e42529,0ed9091f1ab96d24ef5fbd41d0d080668623e954e4f15e4a277f1c217e825eb9,6f03d3da3ed6ecbe918c5a7f9aa35cb9abfb2b83
p12v4m6-E-research_risk-s4096,E,research_risk,4096,tool_call_accuracy,1.0,90e40d212b5faaff644e0041eeef92c0b0056ce9a834095a047948a1d5e42529,0ed9091f1ab96d24ef5fbd41d0d080668623e954e4f15e4a277f1c217e825eb9,6f03d3da3ed6ecbe918c5a7f9aa35cb9abfb2b83
p12v4m6-E-research_risk-s4096,E,research_risk,4096,leakage_violation_rate,0.0,90e40d212b5faaff644e0041eeef92c0b0056ce9a834095a047948a1d5e42529,0ed9091f1ab96d24ef5fbd41d0d080668623e954e4f15e4a277f1c217e825eb9,6f03d3da3ed6ecbe918c5a7f9aa35cb9abfb2b83
p12v4m6-E-research_risk-s4096,E,research_risk,4096,risk_directive_validity_rate,1.0,90e40d212b5faaff644e0041eeef92c0b0056ce9a834095a047948a1d5e42529,0ed9091f1ab96d24ef5fbd41d0d080668623e954e4f15e4a277f1c217e825eb9,6f03d3da3ed6ecbe918c5a7f9aa35cb9abfb2b83
p12v4m6-E-research_risk-s4096,E,research_risk,4096,conflict_resolution_rate,1.0,90e40d212b5faaff644e0041eeef92c0b0056ce9a834095a047948a1d5e42529,0ed9091f1ab96d24ef5fbd41d0d080668623e954e4f15e4a277f1c217e825eb9,6f03d3da3ed6ecbe918c5a7f9aa35cb9abfb2b83
p12v4m6-E-research_risk-s4096,E,research_risk,4096,report_completeness_rate,1.0,90e40d212b5faaff644e0041eeef92c0b0056ce9a834095a047948a1d5e42529,0ed9091f1ab96d24ef5fbd41d0d080668623e954e4f15e4a277f1c217e825eb9,6f03d3da3ed6ecbe918c5a7f9aa35cb9abfb2b83
p12v4m6-E-research_risk-s4096,E,research_risk,4096,additional_runtime_seconds,24.891277545015328,90e40d212b5faaff644e0041eeef92c0b0056ce9a834095a047948a1d5e42529,0ed9091f1ab96d24ef5fbd41d0d080668623e954e4f15e4a277f1c217e825eb9,6f03d3da3ed6ecbe918c5a7f9aa35cb9abfb2b83
p12v4m6-E-research_risk-s8192,E,research_risk,8192,invalid_order_count,34315.0,90e40d212b5faaff644e0041eeef92c0b0056ce9a834095a047948a1d5e42529,0ed9091f1ab96d24ef5fbd41d0d080668623e954e4f15e4a277f1c217e825eb9,6f03d3da3ed6ecbe918c5a7f9aa35cb9abfb2b83
p12v4m6-E-research_risk-s8192,E,research_risk,8192,max_drawdown,0.0,90e40d212b5faaff644e0041eeef92c0b0056ce9a834095a047948a1d5e42529,0ed9091f1ab96d24ef5fbd41d0d080668623e954e4f15e4a277f1c217e825eb9,6f03d3da3ed6ecbe918c5a7f9aa35cb9abfb2b83
p12v4m6-E-research_risk-s8192,E,research_risk,8192,mean_return,0.0,90e40d212b5faaff644e0041eeef92c0b0056ce9a834095a047948a1d5e42529,0ed9091f1ab96d24ef5fbd41d0d080668623e954e4f15e4a277f1c217e825eb9,6f03d3da3ed6ecbe918c5a7f9aa35cb9abfb2b83
p12v4m6-E-research_risk-s8192,E,research_risk,8192,mean_reward,0.0,90e40d212b5faaff644e0041eeef92c0b0056ce9a834095a047948a1d5e42529,0ed9091f1ab96d24ef5fbd41d0d080668623e954e4f15e4a277f1c217e825eb9,6f03d3da3ed6ecbe918c5a7f9aa35cb9abfb2b83
p12v4m6-E-research_risk-s8192,E,research_risk,8192,mean_turnover,0.0,90e40d212b5faaff644e0041eeef92c0b0056ce9a834095a047948a1d5e42529,0ed9091f1ab96d24ef5fbd41d0d080668623e954e4f15e4a277f1c217e825eb9,6f03d3da3ed6ecbe918c5a7f9aa35cb9abfb2b83
p12v4m6-E-research_risk-s8192,E,research_risk,8192,sharpe,0.0,90e40d212b5faaff644e0041eeef92c0b0056ce9a834095a047948a1d5e42529,0ed9091f1ab96d24ef5fbd41d0d080668623e954e4f15e4a277f1c217e825eb9,6f03d3da3ed6ecbe918c5a7f9aa35cb9abfb2b83
p12v4m6-E-research_risk-s8192,E,research_risk,8192,std_return,0.0,90e40d212b5faaff644e0041eeef92c0b0056ce9a834095a047948a1d5e42529,0ed9091f1ab96d24ef5fbd41d0d080668623e954e4f15e4a277f1c217e825eb9,6f03d3da3ed6ecbe918c5a7f9aa35cb9abfb2b83
p12v4m6-E-research_risk-s8192,E,research_risk,8192,total_cost,0.0,90e40d212b5faaff644e0041eeef92c0b0056ce9a834095a047948a1d5e42529,0ed9091f1ab96d24ef5fbd41d0d080668623e954e4f15e4a277f1c217e825eb9,6f03d3da3ed6ecbe918c5a7f9aa35cb9abfb2b83
p12v4m6-E-research_risk-s8192,E,research_risk,8192,trade_count,0.0,90e40d212b5faaff644e0041eeef92c0b0056ce9a834095a047948a1d5e42529,0ed9091f1ab96d24ef5fbd41d0d080668623e954e4f15e4a277f1c217e825eb9,6f03d3da3ed6ecbe918c5a7f9aa35cb9abfb2b83
p12v4m6-E-research_risk-s8192,E,research_risk,8192,task_success_rate,1.0,90e40d212b5faaff644e0041eeef92c0b0056ce9a834095a047948a1d5e42529,0ed9091f1ab96d24ef5fbd41d0d080668623e954e4f15e4a277f1c217e825eb9,6f03d3da3ed6ecbe918c5a7f9aa35cb9abfb2b83
p12v4m6-E-research_risk-s8192,E,research_risk,8192,config_validity_rate,1.0,90e40d212b5faaff644e0041eeef92c0b0056ce9a834095a047948a1d5e42529,0ed9091f1ab96d24ef5fbd41d0d080668623e954e4f15e4a277f1c217e825eb9,6f03d3da3ed6ecbe918c5a7f9aa35cb9abfb2b83
p12v4m6-E-research_risk-s8192,E,research_risk,8192,tool_call_accuracy,1.0,90e40d212b5faaff644e0041eeef92c0b0056ce9a834095a047948a1d5e42529,0ed9091f1ab96d24ef5fbd41d0d080668623e954e4f15e4a277f1c217e825eb9,6f03d3da3ed6ecbe918c5a7f9aa35cb9abfb2b83
p12v4m6-E-research_risk-s8192,E,research_risk,8192,leakage_violation_rate,0.0,90e40d212b5faaff644e0041eeef92c0b0056ce9a834095a047948a1d5e42529,0ed9091f1ab96d24ef5fbd41d0d080668623e954e4f15e4a277f1c217e825eb9,6f03d3da3ed6ecbe918c5a7f9aa35cb9abfb2b83
p12v4m6-E-research_risk-s8192,E,research_risk,8192,risk_directive_validity_rate,1.0,90e40d212b5faaff644e0041eeef92c0b0056ce9a834095a047948a1d5e42529,0ed9091f1ab96d24ef5fbd41d0d080668623e954e4f15e4a277f1c217e825eb9,6f03d3da3ed6ecbe918c5a7f9aa35cb9abfb2b83
p12v4m6-E-research_risk-s8192,E,research_risk,8192,conflict_resolution_rate,1.0,90e40d212b5faaff644e0041eeef92c0b0056ce9a834095a047948a1d5e42529,0ed9091f1ab96d24ef5fbd41d0d080668623e954e4f15e4a277f1c217e825eb9,6f03d3da3ed6ecbe918c5a7f9aa35cb9abfb2b83
p12v4m6-E-research_risk-s8192,E,research_risk,8192,report_completeness_rate,1.0,90e40d212b5faaff644e0041eeef92c0b0056ce9a834095a047948a1d5e42529,0ed9091f1ab96d24ef5fbd41d0d080668623e954e4f15e4a277f1c217e825eb9,6f03d3da3ed6ecbe918c5a7f9aa35cb9abfb2b83
p12v4m6-E-research_risk-s8192,E,research_risk,8192,additional_runtime_seconds,71.7262989099836,90e40d212b5faaff644e0041eeef92c0b0056ce9a834095a047948a1d5e42529,0ed9091f1ab96d24ef5fbd41d0d080668623e954e4f15e4a277f1c217e825eb9,6f03d3da3ed6ecbe918c5a7f9aa35cb9abfb2b83
p12v4m6-E-research_risk-s16384,E,research_risk,16384,invalid_order_count,40295.0,90e40d212b5faaff644e0041eeef92c0b0056ce9a834095a047948a1d5e42529,0ed9091f1ab96d24ef5fbd41d0d080668623e954e4f15e4a277f1c217e825eb9,6f03d3da3ed6ecbe918c5a7f9aa35cb9abfb2b83
p12v4m6-E-research_risk-s16384,E,research_risk,16384,max_drawdown,0.010945036756933924,90e40d212b5faaff644e0041eeef92c0b0056ce9a834095a047948a1d5e42529,0ed9091f1ab96d24ef5fbd41d0d080668623e954e4f15e4a277f1c217e825eb9,6f03d3da3ed6ecbe918c5a7f9aa35cb9abfb2b83
p12v4m6-E-research_risk-s16384,E,research_risk,16384,mean_return,0.014456975809873152,90e40d212b5faaff644e0041eeef92c0b0056ce9a834095a047948a1d5e42529,0ed9091f1ab96d24ef5fbd41d0d080668623e954e4f15e4a277f1c217e825eb9,6f03d3da3ed6ecbe918c5a7f9aa35cb9abfb2b83
p12v4m6-E-research_risk-s16384,E,research_risk,16384,mean_reward,0.003882247695956257,90e40d212b5faaff644e0041eeef92c0b0056ce9a834095a047948a1d5e42529,0ed9091f1ab96d24ef5fbd41d0d080668623e954e4f15e4a277f1c217e825eb9,6f03d3da3ed6ecbe918c5a7f9aa35cb9abfb2b83
p12v4m6-E-research_risk-s16384,E,research_risk,16384,mean_turnover,0.00103935817639013,90e40d212b5faaff644e0041eeef92c0b0056ce9a834095a047948a1d5e42529,0ed9091f1ab96d24ef5fbd41d0d080668623e954e4f15e4a277f1c217e825eb9,6f03d3da3ed6ecbe918c5a7f9aa35cb9abfb2b83
p12v4m6-E-research_risk-s16384,E,research_risk,16384,sharpe,1.9571611549358132,90e40d212b5faaff644e0041eeef92c0b0056ce9a834095a047948a1d5e42529,0ed9091f1ab96d24ef5fbd41d0d080668623e954e4f15e4a277f1c217e825eb9,6f03d3da3ed6ecbe918c5a7f9aa35cb9abfb2b83
p12v4m6-E-research_risk-s16384,E,research_risk,16384,std_return,0.0,90e40d212b5faaff644e0041eeef92c0b0056ce9a834095a047948a1d5e42529,0ed9091f1ab96d24ef5fbd41d0d080668623e954e4f15e4a277f1c217e825eb9,6f03d3da3ed6ecbe918c5a7f9aa35cb9abfb2b83
p12v4m6-E-research_risk-s16384,E,research_risk,16384,total_cost,1515.5197823835174,90e40d212b5faaff644e0041eeef92c0b0056ce9a834095a047948a1d5e42529,0ed9091f1ab96d24ef5fbd41d0d080668623e954e4f15e4a277f1c217e825eb9,6f03d3da3ed6ecbe918c5a7f9aa35cb9abfb2b83
p12v4m6-E-research_risk-s16384,E,research_risk,16384,trade_count,970.0,90e40d212b5faaff644e0041eeef92c0b0056ce9a834095a047948a1d5e42529,0ed9091f1ab96d24ef5fbd41d0d080668623e954e4f15e4a277f1c217e825eb9,6f03d3da3ed6ecbe918c5a7f9aa35cb9abfb2b83
p12v4m6-E-research_risk-s16384,E,research_risk,16384,task_success_rate,0.5,90e40d212b5faaff644e0041eeef92c0b0056ce9a834095a047948a1d5e42529,0ed9091f1ab96d24ef5fbd41d0d080668623e954e4f15e4a277f1c217e825eb9,6f03d3da3ed6ecbe918c5a7f9aa35cb9abfb2b83
p12v4m6-E-research_risk-s16384,E,research_risk,16384,config_validity_rate,1.0,90e40d212b5faaff644e0041eeef92c0b0056ce9a834095a047948a1d5e42529,0ed9091f1ab96d24ef5fbd41d0d080668623e954e4f15e4a277f1c217e825eb9,6f03d3da3ed6ecbe918c5a7f9aa35cb9abfb2b83
p12v4m6-E-research_risk-s16384,E,research_risk,16384,tool_call_accuracy,0.0,90e40d212b5faaff644e0041eeef92c0b0056ce9a834095a047948a1d5e42529,0ed9091f1ab96d24ef5fbd41d0d080668623e954e4f15e4a277f1c217e825eb9,6f03d3da3ed6ecbe918c5a7f9aa35cb9abfb2b83
p12v4m6-E-research_risk-s16384,E,research_risk,16384,leakage_violation_rate,0.0,90e40d212b5faaff644e0041eeef92c0b0056ce9a834095a047948a1d5e42529,0ed9091f1ab96d24ef5fbd41d0d080668623e954e4f15e4a277f1c217e825eb9,6f03d3da3ed6ecbe918c5a7f9aa35cb9abfb2b83
p12v4m6-E-research_risk-s16384,E,research_risk,16384,risk_directive_validity_rate,1.0,90e40d212b5faaff644e0041eeef92c0b0056ce9a834095a047948a1d5e42529,0ed9091f1ab96d24ef5fbd41d0d080668623e954e4f15e4a277f1c217e825eb9,6f03d3da3ed6ecbe918c5a7f9aa35cb9abfb2b83
p12v4m6-E-research_risk-s16384,E,research_risk,16384,conflict_resolution_rate,0.0,90e40d212b5faaff644e0041eeef92c0b0056ce9a834095a047948a1d5e42529,0ed9091f1ab96d24ef5fbd41d0d080668623e954e4f15e4a277f1c217e825eb9,6f03d3da3ed6ecbe918c5a7f9aa35cb9abfb2b83
p12v4m6-E-research_risk-s16384,E,research_risk,16384,report_completeness_rate,1.0,90e40d212b5faaff644e0041eeef92c0b0056ce9a834095a047948a1d5e42529,0ed9091f1ab96d24ef5fbd41d0d080668623e954e4f15e4a277f1c217e825eb9,6f03d3da3ed6ecbe918c5a7f9aa35cb9abfb2b83
p12v4m6-E-research_risk-s16384,E,research_risk,16384,additional_runtime_seconds,79.76368294004351,90e40d212b5faaff644e0041eeef92c0b0056ce9a834095a047948a1d5e42529,0ed9091f1ab96d24ef5fbd41d0d080668623e954e4f15e4a277f1c217e825eb9,6f03d3da3ed6ecbe918c5a7f9aa35cb9abfb2b83
p12v4m6-E-full_stack_single_agent-s1024,E,full_stack_single_agent,1024,invalid_order_count,34315.0,90e40d212b5faaff644e0041eeef92c0b0056ce9a834095a047948a1d5e42529,0ed9091f1ab96d24ef5fbd41d0d080668623e954e4f15e4a277f1c217e825eb9,6f03d3da3ed6ecbe918c5a7f9aa35cb9abfb2b83
p12v4m6-E-full_stack_single_agent-s1024,E,full_stack_single_agent,1024,max_drawdown,0.0,90e40d212b5faaff644e0041eeef92c0b0056ce9a834095a047948a1d5e42529,0ed9091f1ab96d24ef5fbd41d0d080668623e954e4f15e4a277f1c217e825eb9,6f03d3da3ed6ecbe918c5a7f9aa35cb9abfb2b83
p12v4m6-E-full_stack_single_agent-s1024,E,full_stack_single_agent,1024,mean_return,0.0,90e40d212b5faaff644e0041eeef92c0b0056ce9a834095a047948a1d5e42529,0ed9091f1ab96d24ef5fbd41d0d080668623e954e4f15e4a277f1c217e825eb9,6f03d3da3ed6ecbe918c5a7f9aa35cb9abfb2b83
p12v4m6-E-full_stack_single_agent-s1024,E,full_stack_single_agent,1024,mean_reward,0.0,90e40d212b5faaff644e0041eeef92c0b0056ce9a834095a047948a1d5e42529,0ed9091f1ab96d24ef5fbd41d0d080668623e954e4f15e4a277f1c217e825eb9,6f03d3da3ed6ecbe918c5a7f9aa35cb9abfb2b83
p12v4m6-E-full_stack_single_agent-s1024,E,full_stack_single_agent,1024,mean_turnover,0.0,90e40d212b5faaff644e0041eeef92c0b0056ce9a834095a047948a1d5e42529,0ed9091f1ab96d24ef5fbd41d0d080668623e954e4f15e4a277f1c217e825eb9,6f03d3da3ed6ecbe918c5a7f9aa35cb9abfb2b83
p12v4m6-E-full_stack_single_agent-s1024,E,full_stack_single_agent,1024,sharpe,0.0,90e40d212b5faaff644e0041eeef92c0b0056ce9a834095a047948a1d5e42529,0ed9091f1ab96d24ef5fbd41d0d080668623e954e4f15e4a277f1c217e825eb9,6f03d3da3ed6ecbe918c5a7f9aa35cb9abfb2b83
p12v4m6-E-full_stack_single_agent-s1024,E,full_stack_single_agent,1024,std_return,0.0,90e40d212b5faaff644e0041eeef92c0b0056ce9a834095a047948a1d5e42529,0ed9091f1ab96d24ef5fbd41d0d080668623e954e4f15e4a277f1c217e825eb9,6f03d3da3ed6ecbe918c5a7f9aa35cb9abfb2b83
p12v4m6-E-full_stack_single_agent-s1024,E,full_stack_single_agent,1024,total_cost,0.0,90e40d212b5faaff644e0041eeef92c0b0056ce9a834095a047948a1d5e42529,0ed9091f1ab96d24ef5fbd41d0d080668623e954e4f15e4a277f1c217e825eb9,6f03d3da3ed6ecbe918c5a7f9aa35cb9abfb2b83
p12v4m6-E-full_stack_single_agent-s1024,E,full_stack_single_agent,1024,trade_count,0.0,90e40d212b5faaff644e0041eeef92c0b0056ce9a834095a047948a1d5e42529,0ed9091f1ab96d24ef5fbd41d0d080668623e954e4f15e4a277f1c217e825eb9,6f03d3da3ed6ecbe918c5a7f9aa35cb9abfb2b83
p12v4m6-E-full_stack_single_agent-s1024,E,full_stack_single_agent,1024,task_success_rate,1.0,90e40d212b5faaff644e0041eeef92c0b0056ce9a834095a047948a1d5e42529,0ed9091f1ab96d24ef5fbd41d0d080668623e954e4f15e4a277f1c217e825eb9,6f03d3da3ed6ecbe918c5a7f9aa35cb9abfb2b83
p12v4m6-E-full_stack_single_agent-s1024,E,full_stack_single_agent,1024,config_validity_rate,1.0,90e40d212b5faaff644e0041eeef92c0b0056ce9a834095a047948a1d5e42529,0ed9091f1ab96d24ef5fbd41d0d080668623e954e4f15e4a277f1c217e825eb9,6f03d3da3ed6ecbe918c5a7f9aa35cb9abfb2b83
p12v4m6-E-full_stack_single_agent-s1024,E,full_stack_single_agent,1024,tool_call_accuracy,1.0,90e40d212b5faaff644e0041eeef92c0b0056ce9a834095a047948a1d5e42529,0ed9091f1ab96d24ef5fbd41d0d080668623e954e4f15e4a277f1c217e825eb9,6f03d3da3ed6ecbe918c5a7f9aa35cb9abfb2b83
p12v4m6-E-full_stack_single_agent-s1024,E,full_stack_single_agent,1024,leakage_violation_rate,0.0,90e40d212b5faaff644e0041eeef92c0b0056ce9a834095a047948a1d5e42529,0ed9091f1ab96d24ef5fbd41d0d080668623e954e4f15e4a277f1c217e825eb9,6f03d3da3ed6ecbe918c5a7f9aa35cb9abfb2b83
p12v4m6-E-full_stack_single_agent-s1024,E,full_stack_single_agent,1024,risk_directive_validity_rate,1.0,90e40d212b5faaff644e0041eeef92c0b0056ce9a834095a047948a1d5e42529,0ed9091f1ab96d24ef5fbd41d0d080668623e954e4f15e4a277f1c217e825eb9,6f03d3da3ed6ecbe918c5a7f9aa35cb9abfb2b83
p12v4m6-E-full_stack_single_agent-s1024,E,full_stack_single_agent,1024,conflict_resolution_rate,1.0,90e40d212b5faaff644e0041eeef92c0b0056ce9a834095a047948a1d5e42529,0ed9091f1ab96d24ef5fbd41d0d080668623e954e4f15e4a277f1c217e825eb9,6f03d3da3ed6ecbe918c5a7f9aa35cb9abfb2b83
p12v4m6-E-full_stack_single_agent-s1024,E,full_stack_single_agent,1024,report_completeness_rate,1.0,90e40d212b5faaff644e0041eeef92c0b0056ce9a834095a047948a1d5e42529,0ed9091f1ab96d24ef5fbd41d0d080668623e954e4f15e4a277f1c217e825eb9,6f03d3da3ed6ecbe918c5a7f9aa35cb9abfb2b83
p12v4m6-E-full_stack_single_agent-s1024,E,full_stack_single_agent,1024,additional_runtime_seconds,90.91525299695786,90e40d212b5faaff644e0041eeef92c0b0056ce9a834095a047948a1d5e42529,0ed9091f1ab96d24ef5fbd41d0d080668623e954e4f15e4a277f1c217e825eb9,6f03d3da3ed6ecbe918c5a7f9aa35cb9abfb2b83
p12v4m6-E-full_stack_single_agent-s2048,E,full_stack_single_agent,2048,invalid_order_count,34315.0,90e40d212b5faaff644e0041eeef92c0b0056ce9a834095a047948a1d5e42529,0ed9091f1ab96d24ef5fbd41d0d080668623e954e4f15e4a277f1c217e825eb9,6f03d3da3ed6ecbe918c5a7f9aa35cb9abfb2b83
p12v4m6-E-full_stack_single_agent-s2048,E,full_stack_single_agent,2048,max_drawdown,0.0,90e40d212b5faaff644e0041eeef92c0b0056ce9a834095a047948a1d5e42529,0ed9091f1ab96d24ef5fbd41d0d080668623e954e4f15e4a277f1c217e825eb9,6f03d3da3ed6ecbe918c5a7f9aa35cb9abfb2b83
p12v4m6-E-full_stack_single_agent-s2048,E,full_stack_single_agent,2048,mean_return,0.0,90e40d212b5faaff644e0041eeef92c0b0056ce9a834095a047948a1d5e42529,0ed9091f1ab96d24ef5fbd41d0d080668623e954e4f15e4a277f1c217e825eb9,6f03d3da3ed6ecbe918c5a7f9aa35cb9abfb2b83
p12v4m6-E-full_stack_single_agent-s2048,E,full_stack_single_agent,2048,mean_reward,0.0,90e40d212b5faaff644e0041eeef92c0b0056ce9a834095a047948a1d5e42529,0ed9091f1ab96d24ef5fbd41d0d080668623e954e4f15e4a277f1c217e825eb9,6f03d3da3ed6ecbe918c5a7f9aa35cb9abfb2b83
p12v4m6-E-full_stack_single_agent-s2048,E,full_stack_single_agent,2048,mean_turnover,0.0,90e40d212b5faaff644e0041eeef92c0b0056ce9a834095a047948a1d5e42529,0ed9091f1ab96d24ef5fbd41d0d080668623e954e4f15e4a277f1c217e825eb9,6f03d3da3ed6ecbe918c5a7f9aa35cb9abfb2b83
p12v4m6-E-full_stack_single_agent-s2048,E,full_stack_single_agent,2048,sharpe,0.0,90e40d212b5faaff644e0041eeef92c0b0056ce9a834095a047948a1d5e42529,0ed9091f1ab96d24ef5fbd41d0d080668623e954e4f15e4a277f1c217e825eb9,6f03d3da3ed6ecbe918c5a7f9aa35cb9abfb2b83
p12v4m6-E-full_stack_single_agent-s2048,E,full_stack_single_agent,2048,std_return,0.0,90e40d212b5faaff644e0041eeef92c0b0056ce9a834095a047948a1d5e42529,0ed9091f1ab96d24ef5fbd41d0d080668623e954e4f15e4a277f1c217e825eb9,6f03d3da3ed6ecbe918c5a7f9aa35cb9abfb2b83
p12v4m6-E-full_stack_single_agent-s2048,E,full_stack_single_agent,2048,total_cost,0.0,90e40d212b5faaff644e0041eeef92c0b0056ce9a834095a047948a1d5e42529,0ed9091f1ab96d24ef5fbd41d0d080668623e954e4f15e4a277f1c217e825eb9,6f03d3da3ed6ecbe918c5a7f9aa35cb9abfb2b83
p12v4m6-E-full_stack_single_agent-s2048,E,full_stack_single_agent,2048,trade_count,0.0,90e40d212b5faaff644e0041eeef92c0b0056ce9a834095a047948a1d5e42529,0ed9091f1ab96d24ef5fbd41d0d080668623e954e4f15e4a277f1c217e825eb9,6f03d3da3ed6ecbe918c5a7f9aa35cb9abfb2b83
p12v4m6-E-full_stack_single_agent-s2048,E,full_stack_single_agent,2048,task_success_rate,1.0,90e40d212b5faaff644e0041eeef92c0b0056ce9a834095a047948a1d5e42529,0ed9091f1ab96d24ef5fbd41d0d080668623e954e4f15e4a277f1c217e825eb9,6f03d3da3ed6ecbe918c5a7f9aa35cb9abfb2b83
p12v4m6-E-full_stack_single_agent-s2048,E,full_stack_single_agent,2048,config_validity_rate,1.0,90e40d212b5faaff644e0041eeef92c0b0056ce9a834095a047948a1d5e42529,0ed9091f1ab96d24ef5fbd41d0d080668623e954e4f15e4a277f1c217e825eb9,6f03d3da3ed6ecbe918c5a7f9aa35cb9abfb2b83
p12v4m6-E-full_stack_single_agent-s2048,E,full_stack_single_agent,2048,tool_call_accuracy,1.0,90e40d212b5faaff644e0041eeef92c0b0056ce9a834095a047948a1d5e42529,0ed9091f1ab96d24ef5fbd41d0d080668623e954e4f15e4a277f1c217e825eb9,6f03d3da3ed6ecbe918c5a7f9aa35cb9abfb2b83
p12v4m6-E-full_stack_single_agent-s2048,E,full_stack_single_agent,2048,leakage_violation_rate,0.0,90e40d212b5faaff644e0041eeef92c0b0056ce9a834095a047948a1d5e42529,0ed9091f1ab96d24ef5fbd41d0d080668623e954e4f15e4a277f1c217e825eb9,6f03d3da3ed6ecbe918c5a7f9aa35cb9abfb2b83
p12v4m6-E-full_stack_single_agent-s2048,E,full_stack_single_agent,2048,risk_directive_validity_rate,1.0,90e40d212b5faaff644e0041eeef92c0b0056ce9a834095a047948a1d5e42529,0ed9091f1ab96d24ef5fbd41d0d080668623e954e4f15e4a277f1c217e825eb9,6f03d3da3ed6ecbe918c5a7f9aa35cb9abfb2b83
p12v4m6-E-full_stack_single_agent-s2048,E,full_stack_single_agent,2048,conflict_resolution_rate,1.0,90e40d212b5faaff644e0041eeef92c0b0056ce9a834095a047948a1d5e42529,0ed9091f1ab96d24ef5fbd41d0d080668623e954e4f15e4a277f1c217e825eb9,6f03d3da3ed6ecbe918c5a7f9aa35cb9abfb2b83
p12v4m6-E-full_stack_single_agent-s2048,E,full_stack_single_agent,2048,report_completeness_rate,1.0,90e40d212b5faaff644e0041eeef92c0b0056ce9a834095a047948a1d5e42529,0ed9091f1ab96d24ef5fbd41d0d080668623e954e4f15e4a277f1c217e825eb9,6f03d3da3ed6ecbe918c5a7f9aa35cb9abfb2b83
p12v4m6-E-full_stack_single_agent-s2048,E,full_stack_single_agent,2048,additional_runtime_seconds,56.36452284397092,90e40d212b5faaff644e0041eeef92c0b0056ce9a834095a047948a1d5e42529,0ed9091f1ab96d24ef5fbd41d0d080668623e954e4f15e4a277f1c217e825eb9,6f03d3da3ed6ecbe918c5a7f9aa35cb9abfb2b83
p12v4m6-E-full_stack_single_agent-s4096,E,full_stack_single_agent,4096,invalid_order_count,34315.0,90e40d212b5faaff644e0041eeef92c0b0056ce9a834095a047948a1d5e42529,0ed9091f1ab96d24ef5fbd41d0d080668623e954e4f15e4a277f1c217e825eb9,6f03d3da3ed6ecbe918c5a7f9aa35cb9abfb2b83
p12v4m6-E-full_stack_single_agent-s4096,E,full_stack_single_agent,4096,max_drawdown,0.0,90e40d212b5faaff644e0041eeef92c0b0056ce9a834095a047948a1d5e42529,0ed9091f1ab96d24ef5fbd41d0d080668623e954e4f15e4a277f1c217e825eb9,6f03d3da3ed6ecbe918c5a7f9aa35cb9abfb2b83
p12v4m6-E-full_stack_single_agent-s4096,E,full_stack_single_agent,4096,mean_return,0.0,90e40d212b5faaff644e0041eeef92c0b0056ce9a834095a047948a1d5e42529,0ed9091f1ab96d24ef5fbd41d0d080668623e954e4f15e4a277f1c217e825eb9,6f03d3da3ed6ecbe918c5a7f9aa35cb9abfb2b83
p12v4m6-E-full_stack_single_agent-s4096,E,full_stack_single_agent,4096,mean_reward,0.0,90e40d212b5faaff644e0041eeef92c0b0056ce9a834095a047948a1d5e42529,0ed9091f1ab96d24ef5fbd41d0d080668623e954e4f15e4a277f1c217e825eb9,6f03d3da3ed6ecbe918c5a7f9aa35cb9abfb2b83
p12v4m6-E-full_stack_single_agent-s4096,E,full_stack_single_agent,4096,mean_turnover,0.0,90e40d212b5faaff644e0041eeef92c0b0056ce9a834095a047948a1d5e42529,0ed9091f1ab96d24ef5fbd41d0d080668623e954e4f15e4a277f1c217e825eb9,6f03d3da3ed6ecbe918c5a7f9aa35cb9abfb2b83
p12v4m6-E-full_stack_single_agent-s4096,E,full_stack_single_agent,4096,sharpe,0.0,90e40d212b5faaff644e0041eeef92c0b0056ce9a834095a047948a1d5e42529,0ed9091f1ab96d24ef5fbd41d0d080668623e954e4f15e4a277f1c217e825eb9,6f03d3da3ed6ecbe918c5a7f9aa35cb9abfb2b83
p12v4m6-E-full_stack_single_agent-s4096,E,full_stack_single_agent,4096,std_return,0.0,90e40d212b5faaff644e0041eeef92c0b0056ce9a834095a047948a1d5e42529,0ed9091f1ab96d24ef5fbd41d0d080668623e954e4f15e4a277f1c217e825eb9,6f03d3da3ed6ecbe918c5a7f9aa35cb9abfb2b83
p12v4m6-E-full_stack_single_agent-s4096,E,full_stack_single_agent,4096,total_cost,0.0,90e40d212b5faaff644e0041eeef92c0b0056ce9a834095a047948a1d5e42529,0ed9091f1ab96d24ef5fbd41d0d080668623e954e4f15e4a277f1c217e825eb9,6f03d3da3ed6ecbe918c5a7f9aa35cb9abfb2b83
p12v4m6-E-full_stack_single_agent-s4096,E,full_stack_single_agent,4096,trade_count,0.0,90e40d212b5faaff644e0041eeef92c0b0056ce9a834095a047948a1d5e42529,0ed9091f1ab96d24ef5fbd41d0d080668623e954e4f15e4a277f1c217e825eb9,6f03d3da3ed6ecbe918c5a7f9aa35cb9abfb2b83
p12v4m6-E-full_stack_single_agent-s4096,E,full_stack_single_agent,4096,task_success_rate,1.0,90e40d212b5faaff644e0041eeef92c0b0056ce9a834095a047948a1d5e42529,0ed9091f1ab96d24ef5fbd41d0d080668623e954e4f15e4a277f1c217e825eb9,6f03d3da3ed6ecbe918c5a7f9aa35cb9abfb2b83
p12v4m6-E-full_stack_single_agent-s4096,E,full_stack_single_agent,4096,config_validity_rate,1.0,90e40d212b5faaff644e0041eeef92c0b0056ce9a834095a047948a1d5e42529,0ed9091f1ab96d24ef5fbd41d0d080668623e954e4f15e4a277f1c217e825eb9,6f03d3da3ed6ecbe918c5a7f9aa35cb9abfb2b83
p12v4m6-E-full_stack_single_agent-s4096,E,full_stack_single_agent,4096,tool_call_accuracy,1.0,90e40d212b5faaff644e0041eeef92c0b0056ce9a834095a047948a1d5e42529,0ed9091f1ab96d24ef5fbd41d0d080668623e954e4f15e4a277f1c217e825eb9,6f03d3da3ed6ecbe918c5a7f9aa35cb9abfb2b83
p12v4m6-E-full_stack_single_agent-s4096,E,full_stack_single_agent,4096,leakage_violation_rate,0.0,90e40d212b5faaff644e0041eeef92c0b0056ce9a834095a047948a1d5e42529,0ed9091f1ab96d24ef5fbd41d0d080668623e954e4f15e4a277f1c217e825eb9,6f03d3da3ed6ecbe918c5a7f9aa35cb9abfb2b83
p12v4m6-E-full_stack_single_agent-s4096,E,full_stack_single_agent,4096,risk_directive_validity_rate,1.0,90e40d212b5faaff644e0041eeef92c0b0056ce9a834095a047948a1d5e42529,0ed9091f1ab96d24ef5fbd41d0d080668623e954e4f15e4a277f1c217e825eb9,6f03d3da3ed6ecbe918c5a7f9aa35cb9abfb2b83
p12v4m6-E-full_stack_single_agent-s4096,E,full_stack_single_agent,4096,conflict_resolution_rate,1.0,90e40d212b5faaff644e0041eeef92c0b0056ce9a834095a047948a1d5e42529,0ed9091f1ab96d24ef5fbd41d0d080668623e954e4f15e4a277f1c217e825eb9,6f03d3da3ed6ecbe918c5a7f9aa35cb9abfb2b83
p12v4m6-E-full_stack_single_agent-s4096,E,full_stack_single_agent,4096,report_completeness_rate,1.0,90e40d212b5faaff644e0041eeef92c0b0056ce9a834095a047948a1d5e42529,0ed9091f1ab96d24ef5fbd41d0d080668623e954e4f15e4a277f1c217e825eb9,6f03d3da3ed6ecbe918c5a7f9aa35cb9abfb2b83
p12v4m6-E-full_stack_single_agent-s4096,E,full_stack_single_agent,4096,additional_runtime_seconds,46.93205271894112,90e40d212b5faaff644e0041eeef92c0b0056ce9a834095a047948a1d5e42529,0ed9091f1ab96d24ef5fbd41d0d080668623e954e4f15e4a277f1c217e825eb9,6f03d3da3ed6ecbe918c5a7f9aa35cb9abfb2b83
p12v4m6-E-full_stack_single_agent-s8192,E,full_stack_single_agent,8192,invalid_order_count,34315.0,90e40d212b5faaff644e0041eeef92c0b0056ce9a834095a047948a1d5e42529,0ed9091f1ab96d24ef5fbd41d0d080668623e954e4f15e4a277f1c217e825eb9,6f03d3da3ed6ecbe918c5a7f9aa35cb9abfb2b83
p12v4m6-E-full_stack_single_agent-s8192,E,full_stack_single_agent,8192,max_drawdown,0.0,90e40d212b5faaff644e0041eeef92c0b0056ce9a834095a047948a1d5e42529,0ed9091f1ab96d24ef5fbd41d0d080668623e954e4f15e4a277f1c217e825eb9,6f03d3da3ed6ecbe918c5a7f9aa35cb9abfb2b83
p12v4m6-E-full_stack_single_agent-s8192,E,full_stack_single_agent,8192,mean_return,0.0,90e40d212b5faaff644e0041eeef92c0b0056ce9a834095a047948a1d5e42529,0ed9091f1ab96d24ef5fbd41d0d080668623e954e4f15e4a277f1c217e825eb9,6f03d3da3ed6ecbe918c5a7f9aa35cb9abfb2b83
p12v4m6-E-full_stack_single_agent-s8192,E,full_stack_single_agent,8192,mean_reward,0.0,90e40d212b5faaff644e0041eeef92c0b0056ce9a834095a047948a1d5e42529,0ed9091f1ab96d24ef5fbd41d0d080668623e954e4f15e4a277f1c217e825eb9,6f03d3da3ed6ecbe918c5a7f9aa35cb9abfb2b83
p12v4m6-E-full_stack_single_agent-s8192,E,full_stack_single_agent,8192,mean_turnover,0.0,90e40d212b5faaff644e0041eeef92c0b0056ce9a834095a047948a1d5e42529,0ed9091f1ab96d24ef5fbd41d0d080668623e954e4f15e4a277f1c217e825eb9,6f03d3da3ed6ecbe918c5a7f9aa35cb9abfb2b83
p12v4m6-E-full_stack_single_agent-s8192,E,full_stack_single_agent,8192,sharpe,0.0,90e40d212b5faaff644e0041eeef92c0b0056ce9a834095a047948a1d5e42529,0ed9091f1ab96d24ef5fbd41d0d080668623e954e4f15e4a277f1c217e825eb9,6f03d3da3ed6ecbe918c5a7f9aa35cb9abfb2b83
p12v4m6-E-full_stack_single_agent-s8192,E,full_stack_single_agent,8192,std_return,0.0,90e40d212b5faaff644e0041eeef92c0b0056ce9a834095a047948a1d5e42529,0ed9091f1ab96d24ef5fbd41d0d080668623e954e4f15e4a277f1c217e825eb9,6f03d3da3ed6ecbe918c5a7f9aa35cb9abfb2b83
p12v4m6-E-full_stack_single_agent-s8192,E,full_stack_single_agent,8192,total_cost,0.0,90e40d212b5faaff644e0041eeef92c0b0056ce9a834095a047948a1d5e42529,0ed9091f1ab96d24ef5fbd41d0d080668623e954e4f15e4a277f1c217e825eb9,6f03d3da3ed6ecbe918c5a7f9aa35cb9abfb2b83
p12v4m6-E-full_stack_single_agent-s8192,E,full_stack_single_agent,8192,trade_count,0.0,90e40d212b5faaff644e0041eeef92c0b0056ce9a834095a047948a1d5e42529,0ed9091f1ab96d24ef5fbd41d0d080668623e954e4f15e4a277f1c217e825eb9,6f03d3da3ed6ecbe918c5a7f9aa35cb9abfb2b83
p12v4m6-E-full_stack_single_agent-s8192,E,full_stack_single_agent,8192,task_success_rate,1.0,90e40d212b5faaff644e0041eeef92c0b0056ce9a834095a047948a1d5e42529,0ed9091f1ab96d24ef5fbd41d0d080668623e954e4f15e4a277f1c217e825eb9,6f03d3da3ed6ecbe918c5a7f9aa35cb9abfb2b83
p12v4m6-E-full_stack_single_agent-s8192,E,full_stack_single_agent,8192,config_validity_rate,1.0,90e40d212b5faaff644e0041eeef92c0b0056ce9a834095a047948a1d5e42529,0ed9091f1ab96d24ef5fbd41d0d080668623e954e4f15e4a277f1c217e825eb9,6f03d3da3ed6ecbe918c5a7f9aa35cb9abfb2b83
p12v4m6-E-full_stack_single_agent-s8192,E,full_stack_single_agent,8192,tool_call_accuracy,1.0,90e40d212b5faaff644e0041eeef92c0b0056ce9a834095a047948a1d5e42529,0ed9091f1ab96d24ef5fbd41d0d080668623e954e4f15e4a277f1c217e825eb9,6f03d3da3ed6ecbe918c5a7f9aa35cb9abfb2b83
p12v4m6-E-full_stack_single_agent-s8192,E,full_stack_single_agent,8192,leakage_violation_rate,0.0,90e40d212b5faaff644e0041eeef92c0b0056ce9a834095a047948a1d5e42529,0ed9091f1ab96d24ef5fbd41d0d080668623e954e4f15e4a277f1c217e825eb9,6f03d3da3ed6ecbe918c5a7f9aa35cb9abfb2b83
p12v4m6-E-full_stack_single_agent-s8192,E,full_stack_single_agent,8192,risk_directive_validity_rate,1.0,90e40d212b5faaff644e0041eeef92c0b0056ce9a834095a047948a1d5e42529,0ed9091f1ab96d24ef5fbd41d0d080668623e954e4f15e4a277f1c217e825eb9,6f03d3da3ed6ecbe918c5a7f9aa35cb9abfb2b83
p12v4m6-E-full_stack_single_agent-s8192,E,full_stack_single_agent,8192,conflict_resolution_rate,1.0,90e40d212b5faaff644e0041eeef92c0b0056ce9a834095a047948a1d5e42529,0ed9091f1ab96d24ef5fbd41d0d080668623e954e4f15e4a277f1c217e825eb9,6f03d3da3ed6ecbe918c5a7f9aa35cb9abfb2b83
p12v4m6-E-full_stack_single_agent-s8192,E,full_stack_single_agent,8192,report_completeness_rate,1.0,90e40d212b5faaff644e0041eeef92c0b0056ce9a834095a047948a1d5e42529,0ed9091f1ab96d24ef5fbd41d0d080668623e954e4f15e4a277f1c217e825eb9,6f03d3da3ed6ecbe918c5a7f9aa35cb9abfb2b83
p12v4m6-E-full_stack_single_agent-s8192,E,full_stack_single_agent,8192,additional_runtime_seconds,52.531795051065274,90e40d212b5faaff644e0041eeef92c0b0056ce9a834095a047948a1d5e42529,0ed9091f1ab96d24ef5fbd41d0d080668623e954e4f15e4a277f1c217e825eb9,6f03d3da3ed6ecbe918c5a7f9aa35cb9abfb2b83
p12v4m6-E-full_stack_single_agent-s16384,E,full_stack_single_agent,16384,invalid_order_count,34315.0,90e40d212b5faaff644e0041eeef92c0b0056ce9a834095a047948a1d5e42529,0ed9091f1ab96d24ef5fbd41d0d080668623e954e4f15e4a277f1c217e825eb9,6f03d3da3ed6ecbe918c5a7f9aa35cb9abfb2b83
p12v4m6-E-full_stack_single_agent-s16384,E,full_stack_single_agent,16384,max_drawdown,0.0,90e40d212b5faaff644e0041eeef92c0b0056ce9a834095a047948a1d5e42529,0ed9091f1ab96d24ef5fbd41d0d080668623e954e4f15e4a277f1c217e825eb9,6f03d3da3ed6ecbe918c5a7f9aa35cb9abfb2b83
p12v4m6-E-full_stack_single_agent-s16384,E,full_stack_single_agent,16384,mean_return,0.0,90e40d212b5faaff644e0041eeef92c0b0056ce9a834095a047948a1d5e42529,0ed9091f1ab96d24ef5fbd41d0d080668623e954e4f15e4a277f1c217e825eb9,6f03d3da3ed6ecbe918c5a7f9aa35cb9abfb2b83
p12v4m6-E-full_stack_single_agent-s16384,E,full_stack_single_agent,16384,mean_reward,0.0,90e40d212b5faaff644e0041eeef92c0b0056ce9a834095a047948a1d5e42529,0ed9091f1ab96d24ef5fbd41d0d080668623e954e4f15e4a277f1c217e825eb9,6f03d3da3ed6ecbe918c5a7f9aa35cb9abfb2b83
p12v4m6-E-full_stack_single_agent-s16384,E,full_stack_single_agent,16384,mean_turnover,0.0,90e40d212b5faaff644e0041eeef92c0b0056ce9a834095a047948a1d5e42529,0ed9091f1ab96d24ef5fbd41d0d080668623e954e4f15e4a277f1c217e825eb9,6f03d3da3ed6ecbe918c5a7f9aa35cb9abfb2b83
p12v4m6-E-full_stack_single_agent-s16384,E,full_stack_single_agent,16384,sharpe,0.0,90e40d212b5faaff644e0041eeef92c0b0056ce9a834095a047948a1d5e42529,0ed9091f1ab96d24ef5fbd41d0d080668623e954e4f15e4a277f1c217e825eb9,6f03d3da3ed6ecbe918c5a7f9aa35cb9abfb2b83
p12v4m6-E-full_stack_single_agent-s16384,E,full_stack_single_agent,16384,std_return,0.0,90e40d212b5faaff644e0041eeef92c0b0056ce9a834095a047948a1d5e42529,0ed9091f1ab96d24ef5fbd41d0d080668623e954e4f15e4a277f1c217e825eb9,6f03d3da3ed6ecbe918c5a7f9aa35cb9abfb2b83
p12v4m6-E-full_stack_single_agent-s16384,E,full_stack_single_agent,16384,total_cost,0.0,90e40d212b5faaff644e0041eeef92c0b0056ce9a834095a047948a1d5e42529,0ed9091f1ab96d24ef5fbd41d0d080668623e954e4f15e4a277f1c217e825eb9,6f03d3da3ed6ecbe918c5a7f9aa35cb9abfb2b83
p12v4m6-E-full_stack_single_agent-s16384,E,full_stack_single_agent,16384,trade_count,0.0,90e40d212b5faaff644e0041eeef92c0b0056ce9a834095a047948a1d5e42529,0ed9091f1ab96d24ef5fbd41d0d080668623e954e4f15e4a277f1c217e825eb9,6f03d3da3ed6ecbe918c5a7f9aa35cb9abfb2b83
p12v4m6-E-full_stack_single_agent-s16384,E,full_stack_single_agent,16384,task_success_rate,0.6666666666666666,90e40d212b5faaff644e0041eeef92c0b0056ce9a834095a047948a1d5e42529,0ed9091f1ab96d24ef5fbd41d0d080668623e954e4f15e4a277f1c217e825eb9,6f03d3da3ed6ecbe918c5a7f9aa35cb9abfb2b83
p12v4m6-E-full_stack_single_agent-s16384,E,full_stack_single_agent,16384,config_validity_rate,1.0,90e40d212b5faaff644e0041eeef92c0b0056ce9a834095a047948a1d5e42529,0ed9091f1ab96d24ef5fbd41d0d080668623e954e4f15e4a277f1c217e825eb9,6f03d3da3ed6ecbe918c5a7f9aa35cb9abfb2b83
p12v4m6-E-full_stack_single_agent-s16384,E,full_stack_single_agent,16384,tool_call_accuracy,0.0,90e40d212b5faaff644e0041eeef92c0b0056ce9a834095a047948a1d5e42529,0ed9091f1ab96d24ef5fbd41d0d080668623e954e4f15e4a277f1c217e825eb9,6f03d3da3ed6ecbe918c5a7f9aa35cb9abfb2b83
p12v4m6-E-full_stack_single_agent-s16384,E,full_stack_single_agent,16384,leakage_violation_rate,0.0,90e40d212b5faaff644e0041eeef92c0b0056ce9a834095a047948a1d5e42529,0ed9091f1ab96d24ef5fbd41d0d080668623e954e4f15e4a277f1c217e825eb9,6f03d3da3ed6ecbe918c5a7f9aa35cb9abfb2b83
p12v4m6-E-full_stack_single_agent-s16384,E,full_stack_single_agent,16384,risk_directive_validity_rate,1.0,90e40d212b5faaff644e0041eeef92c0b0056ce9a834095a047948a1d5e42529,0ed9091f1ab96d24ef5fbd41d0d080668623e954e4f15e4a277f1c217e825eb9,6f03d3da3ed6ecbe918c5a7f9aa35cb9abfb2b83
p12v4m6-E-full_stack_single_agent-s16384,E,full_stack_single_agent,16384,conflict_resolution_rate,0.0,90e40d212b5faaff644e0041eeef92c0b0056ce9a834095a047948a1d5e42529,0ed9091f1ab96d24ef5fbd41d0d080668623e954e4f15e4a277f1c217e825eb9,6f03d3da3ed6ecbe918c5a7f9aa35cb9abfb2b83
p12v4m6-E-full_stack_single_agent-s16384,E,full_stack_single_agent,16384,report_completeness_rate,1.0,90e40d212b5faaff644e0041eeef92c0b0056ce9a834095a047948a1d5e42529,0ed9091f1ab96d24ef5fbd41d0d080668623e954e4f15e4a277f1c217e825eb9,6f03d3da3ed6ecbe918c5a7f9aa35cb9abfb2b83
p12v4m6-E-full_stack_single_agent-s16384,E,full_stack_single_agent,16384,additional_runtime_seconds,85.85967635305133,90e40d212b5faaff644e0041eeef92c0b0056ce9a834095a047948a1d5e42529,0ed9091f1ab96d24ef5fbd41d0d080668623e954e4f15e4a277f1c217e825eb9,6f03d3da3ed6ecbe918c5a7f9aa35cb9abfb2b83
p12v4m6-E-custom_multi_agent_committee-s1024,E,custom_multi_agent_committee,1024,invalid_order_count,34315.0,90e40d212b5faaff644e0041eeef92c0b0056ce9a834095a047948a1d5e42529,0ed9091f1ab96d24ef5fbd41d0d080668623e954e4f15e4a277f1c217e825eb9,6f03d3da3ed6ecbe918c5a7f9aa35cb9abfb2b83
p12v4m6-E-custom_multi_agent_committee-s1024,E,custom_multi_agent_committee,1024,max_drawdown,0.0,90e40d212b5faaff644e0041eeef92c0b0056ce9a834095a047948a1d5e42529,0ed9091f1ab96d24ef5fbd41d0d080668623e954e4f15e4a277f1c217e825eb9,6f03d3da3ed6ecbe918c5a7f9aa35cb9abfb2b83
p12v4m6-E-custom_multi_agent_committee-s1024,E,custom_multi_agent_committee,1024,mean_return,0.0,90e40d212b5faaff644e0041eeef92c0b0056ce9a834095a047948a1d5e42529,0ed9091f1ab96d24ef5fbd41d0d080668623e954e4f15e4a277f1c217e825eb9,6f03d3da3ed6ecbe918c5a7f9aa35cb9abfb2b83
p12v4m6-E-custom_multi_agent_committee-s1024,E,custom_multi_agent_committee,1024,mean_reward,0.0,90e40d212b5faaff644e0041eeef92c0b0056ce9a834095a047948a1d5e42529,0ed9091f1ab96d24ef5fbd41d0d080668623e954e4f15e4a277f1c217e825eb9,6f03d3da3ed6ecbe918c5a7f9aa35cb9abfb2b83
p12v4m6-E-custom_multi_agent_committee-s1024,E,custom_multi_agent_committee,1024,mean_turnover,0.0,90e40d212b5faaff644e0041eeef92c0b0056ce9a834095a047948a1d5e42529,0ed9091f1ab96d24ef5fbd41d0d080668623e954e4f15e4a277f1c217e825eb9,6f03d3da3ed6ecbe918c5a7f9aa35cb9abfb2b83
p12v4m6-E-custom_multi_agent_committee-s1024,E,custom_multi_agent_committee,1024,sharpe,0.0,90e40d212b5faaff644e0041eeef92c0b0056ce9a834095a047948a1d5e42529,0ed9091f1ab96d24ef5fbd41d0d080668623e954e4f15e4a277f1c217e825eb9,6f03d3da3ed6ecbe918c5a7f9aa35cb9abfb2b83
p12v4m6-E-custom_multi_agent_committee-s1024,E,custom_multi_agent_committee,1024,std_return,0.0,90e40d212b5faaff644e0041eeef92c0b0056ce9a834095a047948a1d5e42529,0ed9091f1ab96d24ef5fbd41d0d080668623e954e4f15e4a277f1c217e825eb9,6f03d3da3ed6ecbe918c5a7f9aa35cb9abfb2b83
p12v4m6-E-custom_multi_agent_committee-s1024,E,custom_multi_agent_committee,1024,total_cost,0.0,90e40d212b5faaff644e0041eeef92c0b0056ce9a834095a047948a1d5e42529,0ed9091f1ab96d24ef5fbd41d0d080668623e954e4f15e4a277f1c217e825eb9,6f03d3da3ed6ecbe918c5a7f9aa35cb9abfb2b83
p12v4m6-E-custom_multi_agent_committee-s1024,E,custom_multi_agent_committee,1024,trade_count,0.0,90e40d212b5faaff644e0041eeef92c0b0056ce9a834095a047948a1d5e42529,0ed9091f1ab96d24ef5fbd41d0d080668623e954e4f15e4a277f1c217e825eb9,6f03d3da3ed6ecbe918c5a7f9aa35cb9abfb2b83
p12v4m6-E-custom_multi_agent_committee-s1024,E,custom_multi_agent_committee,1024,task_success_rate,1.0,90e40d212b5faaff644e0041eeef92c0b0056ce9a834095a047948a1d5e42529,0ed9091f1ab96d24ef5fbd41d0d080668623e954e4f15e4a277f1c217e825eb9,6f03d3da3ed6ecbe918c5a7f9aa35cb9abfb2b83
p12v4m6-E-custom_multi_agent_committee-s1024,E,custom_multi_agent_committee,1024,config_validity_rate,1.0,90e40d212b5faaff644e0041eeef92c0b0056ce9a834095a047948a1d5e42529,0ed9091f1ab96d24ef5fbd41d0d080668623e954e4f15e4a277f1c217e825eb9,6f03d3da3ed6ecbe918c5a7f9aa35cb9abfb2b83
p12v4m6-E-custom_multi_agent_committee-s1024,E,custom_multi_agent_committee,1024,tool_call_accuracy,1.0,90e40d212b5faaff644e0041eeef92c0b0056ce9a834095a047948a1d5e42529,0ed9091f1ab96d24ef5fbd41d0d080668623e954e4f15e4a277f1c217e825eb9,6f03d3da3ed6ecbe918c5a7f9aa35cb9abfb2b83
p12v4m6-E-custom_multi_agent_committee-s1024,E,custom_multi_agent_committee,1024,leakage_violation_rate,0.0,90e40d212b5faaff644e0041eeef92c0b0056ce9a834095a047948a1d5e42529,0ed9091f1ab96d24ef5fbd41d0d080668623e954e4f15e4a277f1c217e825eb9,6f03d3da3ed6ecbe918c5a7f9aa35cb9abfb2b83
p12v4m6-E-custom_multi_agent_committee-s1024,E,custom_multi_agent_committee,1024,risk_directive_validity_rate,1.0,90e40d212b5faaff644e0041eeef92c0b0056ce9a834095a047948a1d5e42529,0ed9091f1ab96d24ef5fbd41d0d080668623e954e4f15e4a277f1c217e825eb9,6f03d3da3ed6ecbe918c5a7f9aa35cb9abfb2b83
p12v4m6-E-custom_multi_agent_committee-s1024,E,custom_multi_agent_committee,1024,conflict_resolution_rate,1.0,90e40d212b5faaff644e0041eeef92c0b0056ce9a834095a047948a1d5e42529,0ed9091f1ab96d24ef5fbd41d0d080668623e954e4f15e4a277f1c217e825eb9,6f03d3da3ed6ecbe918c5a7f9aa35cb9abfb2b83
p12v4m6-E-custom_multi_agent_committee-s1024,E,custom_multi_agent_committee,1024,report_completeness_rate,1.0,90e40d212b5faaff644e0041eeef92c0b0056ce9a834095a047948a1d5e42529,0ed9091f1ab96d24ef5fbd41d0d080668623e954e4f15e4a277f1c217e825eb9,6f03d3da3ed6ecbe918c5a7f9aa35cb9abfb2b83
p12v4m6-E-custom_multi_agent_committee-s1024,E,custom_multi_agent_committee,1024,additional_runtime_seconds,62.411872447934,90e40d212b5faaff644e0041eeef92c0b0056ce9a834095a047948a1d5e42529,0ed9091f1ab96d24ef5fbd41d0d080668623e954e4f15e4a277f1c217e825eb9,6f03d3da3ed6ecbe918c5a7f9aa35cb9abfb2b83
p12v4m6-E-custom_multi_agent_committee-s2048,E,custom_multi_agent_committee,2048,invalid_order_count,34315.0,90e40d212b5faaff644e0041eeef92c0b0056ce9a834095a047948a1d5e42529,0ed9091f1ab96d24ef5fbd41d0d080668623e954e4f15e4a277f1c217e825eb9,6f03d3da3ed6ecbe918c5a7f9aa35cb9abfb2b83
p12v4m6-E-custom_multi_agent_committee-s2048,E,custom_multi_agent_committee,2048,max_drawdown,0.0,90e40d212b5faaff644e0041eeef92c0b0056ce9a834095a047948a1d5e42529,0ed9091f1ab96d24ef5fbd41d0d080668623e954e4f15e4a277f1c217e825eb9,6f03d3da3ed6ecbe918c5a7f9aa35cb9abfb2b83
p12v4m6-E-custom_multi_agent_committee-s2048,E,custom_multi_agent_committee,2048,mean_return,0.0,90e40d212b5faaff644e0041eeef92c0b0056ce9a834095a047948a1d5e42529,0ed9091f1ab96d24ef5fbd41d0d080668623e954e4f15e4a277f1c217e825eb9,6f03d3da3ed6ecbe918c5a7f9aa35cb9abfb2b83
p12v4m6-E-custom_multi_agent_committee-s2048,E,custom_multi_agent_committee,2048,mean_reward,0.0,90e40d212b5faaff644e0041eeef92c0b0056ce9a834095a047948a1d5e42529,0ed9091f1ab96d24ef5fbd41d0d080668623e954e4f15e4a277f1c217e825eb9,6f03d3da3ed6ecbe918c5a7f9aa35cb9abfb2b83
p12v4m6-E-custom_multi_agent_committee-s2048,E,custom_multi_agent_committee,2048,mean_turnover,0.0,90e40d212b5faaff644e0041eeef92c0b0056ce9a834095a047948a1d5e42529,0ed9091f1ab96d24ef5fbd41d0d080668623e954e4f15e4a277f1c217e825eb9,6f03d3da3ed6ecbe918c5a7f9aa35cb9abfb2b83
p12v4m6-E-custom_multi_agent_committee-s2048,E,custom_multi_agent_committee,2048,sharpe,0.0,90e40d212b5faaff644e0041eeef92c0b0056ce9a834095a047948a1d5e42529,0ed9091f1ab96d24ef5fbd41d0d080668623e954e4f15e4a277f1c217e825eb9,6f03d3da3ed6ecbe918c5a7f9aa35cb9abfb2b83
p12v4m6-E-custom_multi_agent_committee-s2048,E,custom_multi_agent_committee,2048,std_return,0.0,90e40d212b5faaff644e0041eeef92c0b0056ce9a834095a047948a1d5e42529,0ed9091f1ab96d24ef5fbd41d0d080668623e954e4f15e4a277f1c217e825eb9,6f03d3da3ed6ecbe918c5a7f9aa35cb9abfb2b83
p12v4m6-E-custom_multi_agent_committee-s2048,E,custom_multi_agent_committee,2048,total_cost,0.0,90e40d212b5faaff644e0041eeef92c0b0056ce9a834095a047948a1d5e42529,0ed9091f1ab96d24ef5fbd41d0d080668623e954e4f15e4a277f1c217e825eb9,6f03d3da3ed6ecbe918c5a7f9aa35cb9abfb2b83
p12v4m6-E-custom_multi_agent_committee-s2048,E,custom_multi_agent_committee,2048,trade_count,0.0,90e40d212b5faaff644e0041eeef92c0b0056ce9a834095a047948a1d5e42529,0ed9091f1ab96d24ef5fbd41d0d080668623e954e4f15e4a277f1c217e825eb9,6f03d3da3ed6ecbe918c5a7f9aa35cb9abfb2b83
p12v4m6-E-custom_multi_agent_committee-s2048,E,custom_multi_agent_committee,2048,task_success_rate,1.0,90e40d212b5faaff644e0041eeef92c0b0056ce9a834095a047948a1d5e42529,0ed9091f1ab96d24ef5fbd41d0d080668623e954e4f15e4a277f1c217e825eb9,6f03d3da3ed6ecbe918c5a7f9aa35cb9abfb2b83
p12v4m6-E-custom_multi_agent_committee-s2048,E,custom_multi_agent_committee,2048,config_validity_rate,1.0,90e40d212b5faaff644e0041eeef92c0b0056ce9a834095a047948a1d5e42529,0ed9091f1ab96d24ef5fbd41d0d080668623e954e4f15e4a277f1c217e825eb9,6f03d3da3ed6ecbe918c5a7f9aa35cb9abfb2b83
p12v4m6-E-custom_multi_agent_committee-s2048,E,custom_multi_agent_committee,2048,tool_call_accuracy,1.0,90e40d212b5faaff644e0041eeef92c0b0056ce9a834095a047948a1d5e42529,0ed9091f1ab96d24ef5fbd41d0d080668623e954e4f15e4a277f1c217e825eb9,6f03d3da3ed6ecbe918c5a7f9aa35cb9abfb2b83
p12v4m6-E-custom_multi_agent_committee-s2048,E,custom_multi_agent_committee,2048,leakage_violation_rate,0.0,90e40d212b5faaff644e0041eeef92c0b0056ce9a834095a047948a1d5e42529,0ed9091f1ab96d24ef5fbd41d0d080668623e954e4f15e4a277f1c217e825eb9,6f03d3da3ed6ecbe918c5a7f9aa35cb9abfb2b83
p12v4m6-E-custom_multi_agent_committee-s2048,E,custom_multi_agent_committee,2048,risk_directive_validity_rate,1.0,90e40d212b5faaff644e0041eeef92c0b0056ce9a834095a047948a1d5e42529,0ed9091f1ab96d24ef5fbd41d0d080668623e954e4f15e4a277f1c217e825eb9,6f03d3da3ed6ecbe918c5a7f9aa35cb9abfb2b83
p12v4m6-E-custom_multi_agent_committee-s2048,E,custom_multi_agent_committee,2048,conflict_resolution_rate,1.0,90e40d212b5faaff644e0041eeef92c0b0056ce9a834095a047948a1d5e42529,0ed9091f1ab96d24ef5fbd41d0d080668623e954e4f15e4a277f1c217e825eb9,6f03d3da3ed6ecbe918c5a7f9aa35cb9abfb2b83
p12v4m6-E-custom_multi_agent_committee-s2048,E,custom_multi_agent_committee,2048,report_completeness_rate,1.0,90e40d212b5faaff644e0041eeef92c0b0056ce9a834095a047948a1d5e42529,0ed9091f1ab96d24ef5fbd41d0d080668623e954e4f15e4a277f1c217e825eb9,6f03d3da3ed6ecbe918c5a7f9aa35cb9abfb2b83
p12v4m6-E-custom_multi_agent_committee-s2048,E,custom_multi_agent_committee,2048,additional_runtime_seconds,82.35086054296698,90e40d212b5faaff644e0041eeef92c0b0056ce9a834095a047948a1d5e42529,0ed9091f1ab96d24ef5fbd41d0d080668623e954e4f15e4a277f1c217e825eb9,6f03d3da3ed6ecbe918c5a7f9aa35cb9abfb2b83
p12v4m6-E-custom_multi_agent_committee-s4096,E,custom_multi_agent_committee,4096,invalid_order_count,34315.0,90e40d212b5faaff644e0041eeef92c0b0056ce9a834095a047948a1d5e42529,0ed9091f1ab96d24ef5fbd41d0d080668623e954e4f15e4a277f1c217e825eb9,6f03d3da3ed6ecbe918c5a7f9aa35cb9abfb2b83
p12v4m6-E-custom_multi_agent_committee-s4096,E,custom_multi_agent_committee,4096,max_drawdown,0.0,90e40d212b5faaff644e0041eeef92c0b0056ce9a834095a047948a1d5e42529,0ed9091f1ab96d24ef5fbd41d0d080668623e954e4f15e4a277f1c217e825eb9,6f03d3da3ed6ecbe918c5a7f9aa35cb9abfb2b83
p12v4m6-E-custom_multi_agent_committee-s4096,E,custom_multi_agent_committee,4096,mean_return,0.0,90e40d212b5faaff644e0041eeef92c0b0056ce9a834095a047948a1d5e42529,0ed9091f1ab96d24ef5fbd41d0d080668623e954e4f15e4a277f1c217e825eb9,6f03d3da3ed6ecbe918c5a7f9aa35cb9abfb2b83
p12v4m6-E-custom_multi_agent_committee-s4096,E,custom_multi_agent_committee,4096,mean_reward,0.0,90e40d212b5faaff644e0041eeef92c0b0056ce9a834095a047948a1d5e42529,0ed9091f1ab96d24ef5fbd41d0d080668623e954e4f15e4a277f1c217e825eb9,6f03d3da3ed6ecbe918c5a7f9aa35cb9abfb2b83
p12v4m6-E-custom_multi_agent_committee-s4096,E,custom_multi_agent_committee,4096,mean_turnover,0.0,90e40d212b5faaff644e0041eeef92c0b0056ce9a834095a047948a1d5e42529,0ed9091f1ab96d24ef5fbd41d0d080668623e954e4f15e4a277f1c217e825eb9,6f03d3da3ed6ecbe918c5a7f9aa35cb9abfb2b83
p12v4m6-E-custom_multi_agent_committee-s4096,E,custom_multi_agent_committee,4096,sharpe,0.0,90e40d212b5faaff644e0041eeef92c0b0056ce9a834095a047948a1d5e42529,0ed9091f1ab96d24ef5fbd41d0d080668623e954e4f15e4a277f1c217e825eb9,6f03d3da3ed6ecbe918c5a7f9aa35cb9abfb2b83
p12v4m6-E-custom_multi_agent_committee-s4096,E,custom_multi_agent_committee,4096,std_return,0.0,90e40d212b5faaff644e0041eeef92c0b0056ce9a834095a047948a1d5e42529,0ed9091f1ab96d24ef5fbd41d0d080668623e954e4f15e4a277f1c217e825eb9,6f03d3da3ed6ecbe918c5a7f9aa35cb9abfb2b83
p12v4m6-E-custom_multi_agent_committee-s4096,E,custom_multi_agent_committee,4096,total_cost,0.0,90e40d212b5faaff644e0041eeef92c0b0056ce9a834095a047948a1d5e42529,0ed9091f1ab96d24ef5fbd41d0d080668623e954e4f15e4a277f1c217e825eb9,6f03d3da3ed6ecbe918c5a7f9aa35cb9abfb2b83
p12v4m6-E-custom_multi_agent_committee-s4096,E,custom_multi_agent_committee,4096,trade_count,0.0,90e40d212b5faaff644e0041eeef92c0b0056ce9a834095a047948a1d5e42529,0ed9091f1ab96d24ef5fbd41d0d080668623e954e4f15e4a277f1c217e825eb9,6f03d3da3ed6ecbe918c5a7f9aa35cb9abfb2b83
p12v4m6-E-custom_multi_agent_committee-s4096,E,custom_multi_agent_committee,4096,task_success_rate,1.0,90e40d212b5faaff644e0041eeef92c0b0056ce9a834095a047948a1d5e42529,0ed9091f1ab96d24ef5fbd41d0d080668623e954e4f15e4a277f1c217e825eb9,6f03d3da3ed6ecbe918c5a7f9aa35cb9abfb2b83
p12v4m6-E-custom_multi_agent_committee-s4096,E,custom_multi_agent_committee,4096,config_validity_rate,1.0,90e40d212b5faaff644e0041eeef92c0b0056ce9a834095a047948a1d5e42529,0ed9091f1ab96d24ef5fbd41d0d080668623e954e4f15e4a277f1c217e825eb9,6f03d3da3ed6ecbe918c5a7f9aa35cb9abfb2b83
p12v4m6-E-custom_multi_agent_committee-s4096,E,custom_multi_agent_committee,4096,tool_call_accuracy,1.0,90e40d212b5faaff644e0041eeef92c0b0056ce9a834095a047948a1d5e42529,0ed9091f1ab96d24ef5fbd41d0d080668623e954e4f15e4a277f1c217e825eb9,6f03d3da3ed6ecbe918c5a7f9aa35cb9abfb2b83
p12v4m6-E-custom_multi_agent_committee-s4096,E,custom_multi_agent_committee,4096,leakage_violation_rate,0.0,90e40d212b5faaff644e0041eeef92c0b0056ce9a834095a047948a1d5e42529,0ed9091f1ab96d24ef5fbd41d0d080668623e954e4f15e4a277f1c217e825eb9,6f03d3da3ed6ecbe918c5a7f9aa35cb9abfb2b83
p12v4m6-E-custom_multi_agent_committee-s4096,E,custom_multi_agent_committee,4096,risk_directive_validity_rate,1.0,90e40d212b5faaff644e0041eeef92c0b0056ce9a834095a047948a1d5e42529,0ed9091f1ab96d24ef5fbd41d0d080668623e954e4f15e4a277f1c217e825eb9,6f03d3da3ed6ecbe918c5a7f9aa35cb9abfb2b83
p12v4m6-E-custom_multi_agent_committee-s4096,E,custom_multi_agent_committee,4096,conflict_resolution_rate,1.0,90e40d212b5faaff644e0041eeef92c0b0056ce9a834095a047948a1d5e42529,0ed9091f1ab96d24ef5fbd41d0d080668623e954e4f15e4a277f1c217e825eb9,6f03d3da3ed6ecbe918c5a7f9aa35cb9abfb2b83
p12v4m6-E-custom_multi_agent_committee-s4096,E,custom_multi_agent_committee,4096,report_completeness_rate,1.0,90e40d212b5faaff644e0041eeef92c0b0056ce9a834095a047948a1d5e42529,0ed9091f1ab96d24ef5fbd41d0d080668623e954e4f15e4a277f1c217e825eb9,6f03d3da3ed6ecbe918c5a7f9aa35cb9abfb2b83
p12v4m6-E-custom_multi_agent_committee-s4096,E,custom_multi_agent_committee,4096,additional_runtime_seconds,82.68213553191163,90e40d212b5faaff644e0041eeef92c0b0056ce9a834095a047948a1d5e42529,0ed9091f1ab96d24ef5fbd41d0d080668623e954e4f15e4a277f1c217e825eb9,6f03d3da3ed6ecbe918c5a7f9aa35cb9abfb2b83
p12v4m6-E-custom_multi_agent_committee-s8192,E,custom_multi_agent_committee,8192,invalid_order_count,34315.0,90e40d212b5faaff644e0041eeef92c0b0056ce9a834095a047948a1d5e42529,0ed9091f1ab96d24ef5fbd41d0d080668623e954e4f15e4a277f1c217e825eb9,6f03d3da3ed6ecbe918c5a7f9aa35cb9abfb2b83
p12v4m6-E-custom_multi_agent_committee-s8192,E,custom_multi_agent_committee,8192,max_drawdown,0.0,90e40d212b5faaff644e0041eeef92c0b0056ce9a834095a047948a1d5e42529,0ed9091f1ab96d24ef5fbd41d0d080668623e954e4f15e4a277f1c217e825eb9,6f03d3da3ed6ecbe918c5a7f9aa35cb9abfb2b83
p12v4m6-E-custom_multi_agent_committee-s8192,E,custom_multi_agent_committee,8192,mean_return,0.0,90e40d212b5faaff644e0041eeef92c0b0056ce9a834095a047948a1d5e42529,0ed9091f1ab96d24ef5fbd41d0d080668623e954e4f15e4a277f1c217e825eb9,6f03d3da3ed6ecbe918c5a7f9aa35cb9abfb2b83
p12v4m6-E-custom_multi_agent_committee-s8192,E,custom_multi_agent_committee,8192,mean_reward,0.0,90e40d212b5faaff644e0041eeef92c0b0056ce9a834095a047948a1d5e42529,0ed9091f1ab96d24ef5fbd41d0d080668623e954e4f15e4a277f1c217e825eb9,6f03d3da3ed6ecbe918c5a7f9aa35cb9abfb2b83
p12v4m6-E-custom_multi_agent_committee-s8192,E,custom_multi_agent_committee,8192,mean_turnover,0.0,90e40d212b5faaff644e0041eeef92c0b0056ce9a834095a047948a1d5e42529,0ed9091f1ab96d24ef5fbd41d0d080668623e954e4f15e4a277f1c217e825eb9,6f03d3da3ed6ecbe918c5a7f9aa35cb9abfb2b83
p12v4m6-E-custom_multi_agent_committee-s8192,E,custom_multi_agent_committee,8192,sharpe,0.0,90e40d212b5faaff644e0041eeef92c0b0056ce9a834095a047948a1d5e42529,0ed9091f1ab96d24ef5fbd41d0d080668623e954e4f15e4a277f1c217e825eb9,6f03d3da3ed6ecbe918c5a7f9aa35cb9abfb2b83
p12v4m6-E-custom_multi_agent_committee-s8192,E,custom_multi_agent_committee,8192,std_return,0.0,90e40d212b5faaff644e0041eeef92c0b0056ce9a834095a047948a1d5e42529,0ed9091f1ab96d24ef5fbd41d0d080668623e954e4f15e4a277f1c217e825eb9,6f03d3da3ed6ecbe918c5a7f9aa35cb9abfb2b83
p12v4m6-E-custom_multi_agent_committee-s8192,E,custom_multi_agent_committee,8192,total_cost,0.0,90e40d212b5faaff644e0041eeef92c0b0056ce9a834095a047948a1d5e42529,0ed9091f1ab96d24ef5fbd41d0d080668623e954e4f15e4a277f1c217e825eb9,6f03d3da3ed6ecbe918c5a7f9aa35cb9abfb2b83
p12v4m6-E-custom_multi_agent_committee-s8192,E,custom_multi_agent_committee,8192,trade_count,0.0,90e40d212b5faaff644e0041eeef92c0b0056ce9a834095a047948a1d5e42529,0ed9091f1ab96d24ef5fbd41d0d080668623e954e4f15e4a277f1c217e825eb9,6f03d3da3ed6ecbe918c5a7f9aa35cb9abfb2b83
p12v4m6-E-custom_multi_agent_committee-s8192,E,custom_multi_agent_committee,8192,task_success_rate,1.0,90e40d212b5faaff644e0041eeef92c0b0056ce9a834095a047948a1d5e42529,0ed9091f1ab96d24ef5fbd41d0d080668623e954e4f15e4a277f1c217e825eb9,6f03d3da3ed6ecbe918c5a7f9aa35cb9abfb2b83
p12v4m6-E-custom_multi_agent_committee-s8192,E,custom_multi_agent_committee,8192,config_validity_rate,1.0,90e40d212b5faaff644e0041eeef92c0b0056ce9a834095a047948a1d5e42529,0ed9091f1ab96d24ef5fbd41d0d080668623e954e4f15e4a277f1c217e825eb9,6f03d3da3ed6ecbe918c5a7f9aa35cb9abfb2b83
p12v4m6-E-custom_multi_agent_committee-s8192,E,custom_multi_agent_committee,8192,tool_call_accuracy,1.0,90e40d212b5faaff644e0041eeef92c0b0056ce9a834095a047948a1d5e42529,0ed9091f1ab96d24ef5fbd41d0d080668623e954e4f15e4a277f1c217e825eb9,6f03d3da3ed6ecbe918c5a7f9aa35cb9abfb2b83
p12v4m6-E-custom_multi_agent_committee-s8192,E,custom_multi_agent_committee,8192,leakage_violation_rate,0.0,90e40d212b5faaff644e0041eeef92c0b0056ce9a834095a047948a1d5e42529,0ed9091f1ab96d24ef5fbd41d0d080668623e954e4f15e4a277f1c217e825eb9,6f03d3da3ed6ecbe918c5a7f9aa35cb9abfb2b83
p12v4m6-E-custom_multi_agent_committee-s8192,E,custom_multi_agent_committee,8192,risk_directive_validity_rate,1.0,90e40d212b5faaff644e0041eeef92c0b0056ce9a834095a047948a1d5e42529,0ed9091f1ab96d24ef5fbd41d0d080668623e954e4f15e4a277f1c217e825eb9,6f03d3da3ed6ecbe918c5a7f9aa35cb9abfb2b83
p12v4m6-E-custom_multi_agent_committee-s8192,E,custom_multi_agent_committee,8192,conflict_resolution_rate,1.0,90e40d212b5faaff644e0041eeef92c0b0056ce9a834095a047948a1d5e42529,0ed9091f1ab96d24ef5fbd41d0d080668623e954e4f15e4a277f1c217e825eb9,6f03d3da3ed6ecbe918c5a7f9aa35cb9abfb2b83
p12v4m6-E-custom_multi_agent_committee-s8192,E,custom_multi_agent_committee,8192,report_completeness_rate,1.0,90e40d212b5faaff644e0041eeef92c0b0056ce9a834095a047948a1d5e42529,0ed9091f1ab96d24ef5fbd41d0d080668623e954e4f15e4a277f1c217e825eb9,6f03d3da3ed6ecbe918c5a7f9aa35cb9abfb2b83
p12v4m6-E-custom_multi_agent_committee-s8192,E,custom_multi_agent_committee,8192,additional_runtime_seconds,106.2981909919763,90e40d212b5faaff644e0041eeef92c0b0056ce9a834095a047948a1d5e42529,0ed9091f1ab96d24ef5fbd41d0d080668623e954e4f15e4a277f1c217e825eb9,6f03d3da3ed6ecbe918c5a7f9aa35cb9abfb2b83
p12v4m6-E-custom_multi_agent_committee-s16384,E,custom_multi_agent_committee,16384,invalid_order_count,34315.0,90e40d212b5faaff644e0041eeef92c0b0056ce9a834095a047948a1d5e42529,0ed9091f1ab96d24ef5fbd41d0d080668623e954e4f15e4a277f1c217e825eb9,6f03d3da3ed6ecbe918c5a7f9aa35cb9abfb2b83
p12v4m6-E-custom_multi_agent_committee-s16384,E,custom_multi_agent_committee,16384,max_drawdown,0.0,90e40d212b5faaff644e0041eeef92c0b0056ce9a834095a047948a1d5e42529,0ed9091f1ab96d24ef5fbd41d0d080668623e954e4f15e4a277f1c217e825eb9,6f03d3da3ed6ecbe918c5a7f9aa35cb9abfb2b83
p12v4m6-E-custom_multi_agent_committee-s16384,E,custom_multi_agent_committee,16384,mean_return,0.0,90e40d212b5faaff644e0041eeef92c0b0056ce9a834095a047948a1d5e42529,0ed9091f1ab96d24ef5fbd41d0d080668623e954e4f15e4a277f1c217e825eb9,6f03d3da3ed6ecbe918c5a7f9aa35cb9abfb2b83
p12v4m6-E-custom_multi_agent_committee-s16384,E,custom_multi_agent_committee,16384,mean_reward,0.0,90e40d212b5faaff644e0041eeef92c0b0056ce9a834095a047948a1d5e42529,0ed9091f1ab96d24ef5fbd41d0d080668623e954e4f15e4a277f1c217e825eb9,6f03d3da3ed6ecbe918c5a7f9aa35cb9abfb2b83
p12v4m6-E-custom_multi_agent_committee-s16384,E,custom_multi_agent_committee,16384,mean_turnover,0.0,90e40d212b5faaff644e0041eeef92c0b0056ce9a834095a047948a1d5e42529,0ed9091f1ab96d24ef5fbd41d0d080668623e954e4f15e4a277f1c217e825eb9,6f03d3da3ed6ecbe918c5a7f9aa35cb9abfb2b83
p12v4m6-E-custom_multi_agent_committee-s16384,E,custom_multi_agent_committee,16384,sharpe,0.0,90e40d212b5faaff644e0041eeef92c0b0056ce9a834095a047948a1d5e42529,0ed9091f1ab96d24ef5fbd41d0d080668623e954e4f15e4a277f1c217e825eb9,6f03d3da3ed6ecbe918c5a7f9aa35cb9abfb2b83
p12v4m6-E-custom_multi_agent_committee-s16384,E,custom_multi_agent_committee,16384,std_return,0.0,90e40d212b5faaff644e0041eeef92c0b0056ce9a834095a047948a1d5e42529,0ed9091f1ab96d24ef5fbd41d0d080668623e954e4f15e4a277f1c217e825eb9,6f03d3da3ed6ecbe918c5a7f9aa35cb9abfb2b83
p12v4m6-E-custom_multi_agent_committee-s16384,E,custom_multi_agent_committee,16384,total_cost,0.0,90e40d212b5faaff644e0041eeef92c0b0056ce9a834095a047948a1d5e42529,0ed9091f1ab96d24ef5fbd41d0d080668623e954e4f15e4a277f1c217e825eb9,6f03d3da3ed6ecbe918c5a7f9aa35cb9abfb2b83
p12v4m6-E-custom_multi_agent_committee-s16384,E,custom_multi_agent_committee,16384,trade_count,0.0,90e40d212b5faaff644e0041eeef92c0b0056ce9a834095a047948a1d5e42529,0ed9091f1ab96d24ef5fbd41d0d080668623e954e4f15e4a277f1c217e825eb9,6f03d3da3ed6ecbe918c5a7f9aa35cb9abfb2b83
p12v4m6-E-custom_multi_agent_committee-s16384,E,custom_multi_agent_committee,16384,task_success_rate,1.0,90e40d212b5faaff644e0041eeef92c0b0056ce9a834095a047948a1d5e42529,0ed9091f1ab96d24ef5fbd41d0d080668623e954e4f15e4a277f1c217e825eb9,6f03d3da3ed6ecbe918c5a7f9aa35cb9abfb2b83
p12v4m6-E-custom_multi_agent_committee-s16384,E,custom_multi_agent_committee,16384,config_validity_rate,1.0,90e40d212b5faaff644e0041eeef92c0b0056ce9a834095a047948a1d5e42529,0ed9091f1ab96d24ef5fbd41d0d080668623e954e4f15e4a277f1c217e825eb9,6f03d3da3ed6ecbe918c5a7f9aa35cb9abfb2b83
p12v4m6-E-custom_multi_agent_committee-s16384,E,custom_multi_agent_committee,16384,tool_call_accuracy,1.0,90e40d212b5faaff644e0041eeef92c0b0056ce9a834095a047948a1d5e42529,0ed9091f1ab96d24ef5fbd41d0d080668623e954e4f15e4a277f1c217e825eb9,6f03d3da3ed6ecbe918c5a7f9aa35cb9abfb2b83
p12v4m6-E-custom_multi_agent_committee-s16384,E,custom_multi_agent_committee,16384,leakage_violation_rate,0.0,90e40d212b5faaff644e0041eeef92c0b0056ce9a834095a047948a1d5e42529,0ed9091f1ab96d24ef5fbd41d0d080668623e954e4f15e4a277f1c217e825eb9,6f03d3da3ed6ecbe918c5a7f9aa35cb9abfb2b83
p12v4m6-E-custom_multi_agent_committee-s16384,E,custom_multi_agent_committee,16384,risk_directive_validity_rate,1.0,90e40d212b5faaff644e0041eeef92c0b0056ce9a834095a047948a1d5e42529,0ed9091f1ab96d24ef5fbd41d0d080668623e954e4f15e4a277f1c217e825eb9,6f03d3da3ed6ecbe918c5a7f9aa35cb9abfb2b83
p12v4m6-E-custom_multi_agent_committee-s16384,E,custom_multi_agent_committee,16384,conflict_resolution_rate,1.0,90e40d212b5faaff644e0041eeef92c0b0056ce9a834095a047948a1d5e42529,0ed9091f1ab96d24ef5fbd41d0d080668623e954e4f15e4a277f1c217e825eb9,6f03d3da3ed6ecbe918c5a7f9aa35cb9abfb2b83
p12v4m6-E-custom_multi_agent_committee-s16384,E,custom_multi_agent_committee,16384,report_completeness_rate,1.0,90e40d212b5faaff644e0041eeef92c0b0056ce9a834095a047948a1d5e42529,0ed9091f1ab96d24ef5fbd41d0d080668623e954e4f15e4a277f1c217e825eb9,6f03d3da3ed6ecbe918c5a7f9aa35cb9abfb2b83
p12v4m6-E-custom_multi_agent_committee-s16384,E,custom_multi_agent_committee,16384,additional_runtime_seconds,102.70421852590516,90e40d212b5faaff644e0041eeef92c0b0056ce9a834095a047948a1d5e42529,0ed9091f1ab96d24ef5fbd41d0d080668623e954e4f15e4a277f1c217e825eb9,6f03d3da3ed6ecbe918c5a7f9aa35cb9abfb2b83
p12v4m6-F-default-s1024,F,default,1024,validation_score,1.2240725273582043,90e40d212b5faaff644e0041eeef92c0b0056ce9a834095a047948a1d5e42529,0ed9091f1ab96d24ef5fbd41d0d080668623e954e4f15e4a277f1c217e825eb9,6f03d3da3ed6ecbe918c5a7f9aa35cb9abfb2b83
p12v4m6-F-default-s1024,F,default,1024,locked_test_score,2.3824711904604436,90e40d212b5faaff644e0041eeef92c0b0056ce9a834095a047948a1d5e42529,0ed9091f1ab96d24ef5fbd41d0d080668623e954e4f15e4a277f1c217e825eb9,6f03d3da3ed6ecbe918c5a7f9aa35cb9abfb2b83
p12v4m6-F-default-s1024,F,default,1024,runtime_seconds,5483.828717372962,90e40d212b5faaff644e0041eeef92c0b0056ce9a834095a047948a1d5e42529,0ed9091f1ab96d24ef5fbd41d0d080668623e954e4f15e4a277f1c217e825eb9,6f03d3da3ed6ecbe918c5a7f9aa35cb9abfb2b83
p12v4m6-F-default-s1024,F,default,1024,stability,0.0,90e40d212b5faaff644e0041eeef92c0b0056ce9a834095a047948a1d5e42529,0ed9091f1ab96d24ef5fbd41d0d080668623e954e4f15e4a277f1c217e825eb9,6f03d3da3ed6ecbe918c5a7f9aa35cb9abfb2b83
p12v4m6-F-default-s1024,F,default,1024,tuning_overfit_gap,-1.1157852914326611,90e40d212b5faaff644e0041eeef92c0b0056ce9a834095a047948a1d5e42529,0ed9091f1ab96d24ef5fbd41d0d080668623e954e4f15e4a277f1c217e825eb9,6f03d3da3ed6ecbe918c5a7f9aa35cb9abfb2b83
p12v4m6-F-default-s2048,F,default,2048,validation_score,1.1511015834976908,90e40d212b5faaff644e0041eeef92c0b0056ce9a834095a047948a1d5e42529,0ed9091f1ab96d24ef5fbd41d0d080668623e954e4f15e4a277f1c217e825eb9,6f03d3da3ed6ecbe918c5a7f9aa35cb9abfb2b83
p12v4m6-F-default-s2048,F,default,2048,locked_test_score,0.9511770975639655,90e40d212b5faaff644e0041eeef92c0b0056ce9a834095a047948a1d5e42529,0ed9091f1ab96d24ef5fbd41d0d080668623e954e4f15e4a277f1c217e825eb9,6f03d3da3ed6ecbe918c5a7f9aa35cb9abfb2b83
p12v4m6-F-default-s2048,F,default,2048,runtime_seconds,6989.240765345981,90e40d212b5faaff644e0041eeef92c0b0056ce9a834095a047948a1d5e42529,0ed9091f1ab96d24ef5fbd41d0d080668623e954e4f15e4a277f1c217e825eb9,6f03d3da3ed6ecbe918c5a7f9aa35cb9abfb2b83
p12v4m6-F-default-s2048,F,default,2048,stability,0.0,90e40d212b5faaff644e0041eeef92c0b0056ce9a834095a047948a1d5e42529,0ed9091f1ab96d24ef5fbd41d0d080668623e954e4f15e4a277f1c217e825eb9,6f03d3da3ed6ecbe918c5a7f9aa35cb9abfb2b83
p12v4m6-F-default-s2048,F,default,2048,tuning_overfit_gap,0.22751038218728858,90e40d212b5faaff644e0041eeef92c0b0056ce9a834095a047948a1d5e42529,0ed9091f1ab96d24ef5fbd41d0d080668623e954e4f15e4a277f1c217e825eb9,6f03d3da3ed6ecbe918c5a7f9aa35cb9abfb2b83
p12v4m6-F-default-s4096,F,default,4096,validation_score,1.5987116726282533,90e40d212b5faaff644e0041eeef92c0b0056ce9a834095a047948a1d5e42529,0ed9091f1ab96d24ef5fbd41d0d080668623e954e4f15e4a277f1c217e825eb9,6f03d3da3ed6ecbe918c5a7f9aa35cb9abfb2b83
p12v4m6-F-default-s4096,F,default,4096,locked_test_score,1.5960705651391636,90e40d212b5faaff644e0041eeef92c0b0056ce9a834095a047948a1d5e42529,0ed9091f1ab96d24ef5fbd41d0d080668623e954e4f15e4a277f1c217e825eb9,6f03d3da3ed6ecbe918c5a7f9aa35cb9abfb2b83
p12v4m6-F-default-s4096,F,default,4096,runtime_seconds,6165.793277916964,90e40d212b5faaff644e0041eeef92c0b0056ce9a834095a047948a1d5e42529,0ed9091f1ab96d24ef5fbd41d0d080668623e954e4f15e4a277f1c217e825eb9,6f03d3da3ed6ecbe918c5a7f9aa35cb9abfb2b83
p12v4m6-F-default-s4096,F,default,4096,stability,0.0,90e40d212b5faaff644e0041eeef92c0b0056ce9a834095a047948a1d5e42529,0ed9091f1ab96d24ef5fbd41d0d080668623e954e4f15e4a277f1c217e825eb9,6f03d3da3ed6ecbe918c5a7f9aa35cb9abfb2b83
p12v4m6-F-default-s4096,F,default,4096,tuning_overfit_gap,0.028733381078395848,90e40d212b5faaff644e0041eeef92c0b0056ce9a834095a047948a1d5e42529,0ed9091f1ab96d24ef5fbd41d0d080668623e954e4f15e4a277f1c217e825eb9,6f03d3da3ed6ecbe918c5a7f9aa35cb9abfb2b83
p12v4m6-F-default-s8192,F,default,8192,validation_score,1.0503103401125005,90e40d212b5faaff644e0041eeef92c0b0056ce9a834095a047948a1d5e42529,0ed9091f1ab96d24ef5fbd41d0d080668623e954e4f15e4a277f1c217e825eb9,6f03d3da3ed6ecbe918c5a7f9aa35cb9abfb2b83
p12v4m6-F-default-s8192,F,default,8192,locked_test_score,0.9316998064514742,90e40d212b5faaff644e0041eeef92c0b0056ce9a834095a047948a1d5e42529,0ed9091f1ab96d24ef5fbd41d0d080668623e954e4f15e4a277f1c217e825eb9,6f03d3da3ed6ecbe918c5a7f9aa35cb9abfb2b83
p12v4m6-F-default-s8192,F,default,8192,runtime_seconds,6305.29569784191,90e40d212b5faaff644e0041eeef92c0b0056ce9a834095a047948a1d5e42529,0ed9091f1ab96d24ef5fbd41d0d080668623e954e4f15e4a277f1c217e825eb9,6f03d3da3ed6ecbe918c5a7f9aa35cb9abfb2b83
p12v4m6-F-default-s8192,F,default,8192,stability,0.0,90e40d212b5faaff644e0041eeef92c0b0056ce9a834095a047948a1d5e42529,0ed9091f1ab96d24ef5fbd41d0d080668623e954e4f15e4a277f1c217e825eb9,6f03d3da3ed6ecbe918c5a7f9aa35cb9abfb2b83
p12v4m6-F-default-s8192,F,default,8192,tuning_overfit_gap,0.1648205714746226,90e40d212b5faaff644e0041eeef92c0b0056ce9a834095a047948a1d5e42529,0ed9091f1ab96d24ef5fbd41d0d080668623e954e4f15e4a277f1c217e825eb9,6f03d3da3ed6ecbe918c5a7f9aa35cb9abfb2b83
p12v4m6-F-default-s16384,F,default,16384,validation_score,0.5588737680106971,90e40d212b5faaff644e0041eeef92c0b0056ce9a834095a047948a1d5e42529,0ed9091f1ab96d24ef5fbd41d0d080668623e954e4f15e4a277f1c217e825eb9,6f03d3da3ed6ecbe918c5a7f9aa35cb9abfb2b83
p12v4m6-F-default-s16384,F,default,16384,locked_test_score,1.9847795356854667,90e40d212b5faaff644e0041eeef92c0b0056ce9a834095a047948a1d5e42529,0ed9091f1ab96d24ef5fbd41d0d080668623e954e4f15e4a277f1c217e825eb9,6f03d3da3ed6ecbe918c5a7f9aa35cb9abfb2b83
p12v4m6-F-default-s16384,F,default,16384,runtime_seconds,6534.062662009965,90e40d212b5faaff644e0041eeef92c0b0056ce9a834095a047948a1d5e42529,0ed9091f1ab96d24ef5fbd41d0d080668623e954e4f15e4a277f1c217e825eb9,6f03d3da3ed6ecbe918c5a7f9aa35cb9abfb2b83
p12v4m6-F-default-s16384,F,default,16384,stability,0.0,90e40d212b5faaff644e0041eeef92c0b0056ce9a834095a047948a1d5e42529,0ed9091f1ab96d24ef5fbd41d0d080668623e954e4f15e4a277f1c217e825eb9,6f03d3da3ed6ecbe918c5a7f9aa35cb9abfb2b83
p12v4m6-F-default-s16384,F,default,16384,tuning_overfit_gap,-1.3837468072114922,90e40d212b5faaff644e0041eeef92c0b0056ce9a834095a047948a1d5e42529,0ed9091f1ab96d24ef5fbd41d0d080668623e954e4f15e4a277f1c217e825eb9,6f03d3da3ed6ecbe918c5a7f9aa35cb9abfb2b83
p12v4m6-F-random-s1024,F,random,1024,validation_score,2.120564707191452,90e40d212b5faaff644e0041eeef92c0b0056ce9a834095a047948a1d5e42529,0ed9091f1ab96d24ef5fbd41d0d080668623e954e4f15e4a277f1c217e825eb9,6f03d3da3ed6ecbe918c5a7f9aa35cb9abfb2b83
p12v4m6-F-random-s1024,F,random,1024,locked_test_score,1.6469759235084478,90e40d212b5faaff644e0041eeef92c0b0056ce9a834095a047948a1d5e42529,0ed9091f1ab96d24ef5fbd41d0d080668623e954e4f15e4a277f1c217e825eb9,6f03d3da3ed6ecbe918c5a7f9aa35cb9abfb2b83
p12v4m6-F-random-s1024,F,random,1024,runtime_seconds,5450.3974610660225,90e40d212b5faaff644e0041eeef92c0b0056ce9a834095a047948a1d5e42529,0ed9091f1ab96d24ef5fbd41d0d080668623e954e4f15e4a277f1c217e825eb9,6f03d3da3ed6ecbe918c5a7f9aa35cb9abfb2b83
p12v4m6-F-random-s1024,F,random,1024,stability,0.0,90e40d212b5faaff644e0041eeef92c0b0056ce9a834095a047948a1d5e42529,0ed9091f1ab96d24ef5fbd41d0d080668623e954e4f15e4a277f1c217e825eb9,6f03d3da3ed6ecbe918c5a7f9aa35cb9abfb2b83
p12v4m6-F-random-s1024,F,random,1024,tuning_overfit_gap,0.5112004829888459,90e40d212b5faaff644e0041eeef92c0b0056ce9a834095a047948a1d5e42529,0ed9091f1ab96d24ef5fbd41d0d080668623e954e4f15e4a277f1c217e825eb9,6f03d3da3ed6ecbe918c5a7f9aa35cb9abfb2b83
p12v4m6-F-random-s2048,F,random,2048,validation_score,1.7634794639110518,90e40d212b5faaff644e0041eeef92c0b0056ce9a834095a047948a1d5e42529,0ed9091f1ab96d24ef5fbd41d0d080668623e954e4f15e4a277f1c217e825eb9,6f03d3da3ed6ecbe918c5a7f9aa35cb9abfb2b83
p12v4m6-F-random-s2048,F,random,2048,locked_test_score,2.3500796519249194,90e40d212b5faaff644e0041eeef92c0b0056ce9a834095a047948a1d5e42529,0ed9091f1ab96d24ef5fbd41d0d080668623e954e4f15e4a277f1c217e825eb9,6f03d3da3ed6ecbe918c5a7f9aa35cb9abfb2b83
p12v4m6-F-random-s2048,F,random,2048,runtime_seconds,6114.950067107915,90e40d212b5faaff644e0041eeef92c0b0056ce9a834095a047948a1d5e42529,0ed9091f1ab96d24ef5fbd41d0d080668623e954e4f15e4a277f1c217e825eb9,6f03d3da3ed6ecbe918c5a7f9aa35cb9abfb2b83
p12v4m6-F-random-s2048,F,random,2048,stability,0.0,90e40d212b5faaff644e0041eeef92c0b0056ce9a834095a047948a1d5e42529,0ed9091f1ab96d24ef5fbd41d0d080668623e954e4f15e4a277f1c217e825eb9,6f03d3da3ed6ecbe918c5a7f9aa35cb9abfb2b83
p12v4m6-F-random-s2048,F,random,2048,tuning_overfit_gap,-0.557026356644791,90e40d212b5faaff644e0041eeef92c0b0056ce9a834095a047948a1d5e42529,0ed9091f1ab96d24ef5fbd41d0d080668623e954e4f15e4a277f1c217e825eb9,6f03d3da3ed6ecbe918c5a7f9aa35cb9abfb2b83
p12v4m6-F-random-s4096,F,random,4096,validation_score,1.6926669350943138,90e40d212b5faaff644e0041eeef92c0b0056ce9a834095a047948a1d5e42529,0ed9091f1ab96d24ef5fbd41d0d080668623e954e4f15e4a277f1c217e825eb9,6f03d3da3ed6ecbe918c5a7f9aa35cb9abfb2b83
p12v4m6-F-random-s4096,F,random,4096,locked_test_score,2.1344812399829602,90e40d212b5faaff644e0041eeef92c0b0056ce9a834095a047948a1d5e42529,0ed9091f1ab96d24ef5fbd41d0d080668623e954e4f15e4a277f1c217e825eb9,6f03d3da3ed6ecbe918c5a7f9aa35cb9abfb2b83
p12v4m6-F-random-s4096,F,random,4096,runtime_seconds,6098.017078098026,90e40d212b5faaff644e0041eeef92c0b0056ce9a834095a047948a1d5e42529,0ed9091f1ab96d24ef5fbd41d0d080668623e954e4f15e4a277f1c217e825eb9,6f03d3da3ed6ecbe918c5a7f9aa35cb9abfb2b83
p12v4m6-F-random-s4096,F,random,4096,stability,0.0,90e40d212b5faaff644e0041eeef92c0b0056ce9a834095a047948a1d5e42529,0ed9091f1ab96d24ef5fbd41d0d080668623e954e4f15e4a277f1c217e825eb9,6f03d3da3ed6ecbe918c5a7f9aa35cb9abfb2b83
p12v4m6-F-random-s4096,F,random,4096,tuning_overfit_gap,-0.4067486566828371,90e40d212b5faaff644e0041eeef92c0b0056ce9a834095a047948a1d5e42529,0ed9091f1ab96d24ef5fbd41d0d080668623e954e4f15e4a277f1c217e825eb9,6f03d3da3ed6ecbe918c5a7f9aa35cb9abfb2b83
p12v4m6-F-random-s8192,F,random,8192,validation_score,1.5686663429021184,90e40d212b5faaff644e0041eeef92c0b0056ce9a834095a047948a1d5e42529,0ed9091f1ab96d24ef5fbd41d0d080668623e954e4f15e4a277f1c217e825eb9,6f03d3da3ed6ecbe918c5a7f9aa35cb9abfb2b83
p12v4m6-F-random-s8192,F,random,8192,locked_test_score,1.7542940663803455,90e40d212b5faaff644e0041eeef92c0b0056ce9a834095a047948a1d5e42529,0ed9091f1ab96d24ef5fbd41d0d080668623e954e4f15e4a277f1c217e825eb9,6f03d3da3ed6ecbe918c5a7f9aa35cb9abfb2b83
p12v4m6-F-random-s8192,F,random,8192,runtime_seconds,6421.6405359200435,90e40d212b5faaff644e0041eeef92c0b0056ce9a834095a047948a1d5e42529,0ed9091f1ab96d24ef5fbd41d0d080668623e954e4f15e4a277f1c217e825eb9,6f03d3da3ed6ecbe918c5a7f9aa35cb9abfb2b83
p12v4m6-F-random-s8192,F,random,8192,stability,0.0,90e40d212b5faaff644e0041eeef92c0b0056ce9a834095a047948a1d5e42529,0ed9091f1ab96d24ef5fbd41d0d080668623e954e4f15e4a277f1c217e825eb9,6f03d3da3ed6ecbe918c5a7f9aa35cb9abfb2b83
p12v4m6-F-random-s8192,F,random,8192,tuning_overfit_gap,-0.14794356196602942,90e40d212b5faaff644e0041eeef92c0b0056ce9a834095a047948a1d5e42529,0ed9091f1ab96d24ef5fbd41d0d080668623e954e4f15e4a277f1c217e825eb9,6f03d3da3ed6ecbe918c5a7f9aa35cb9abfb2b83
p12v4m6-F-random-s16384,F,random,16384,validation_score,2.205059709930797,90e40d212b5faaff644e0041eeef92c0b0056ce9a834095a047948a1d5e42529,0ed9091f1ab96d24ef5fbd41d0d080668623e954e4f15e4a277f1c217e825eb9,6f03d3da3ed6ecbe918c5a7f9aa35cb9abfb2b83
p12v4m6-F-random-s16384,F,random,16384,locked_test_score,1.5114751023809019,90e40d212b5faaff644e0041eeef92c0b0056ce9a834095a047948a1d5e42529,0ed9091f1ab96d24ef5fbd41d0d080668623e954e4f15e4a277f1c217e825eb9,6f03d3da3ed6ecbe918c5a7f9aa35cb9abfb2b83
p12v4m6-F-random-s16384,F,random,16384,runtime_seconds,6491.937908870052,90e40d212b5faaff644e0041eeef92c0b0056ce9a834095a047948a1d5e42529,0ed9091f1ab96d24ef5fbd41d0d080668623e954e4f15e4a277f1c217e825eb9,6f03d3da3ed6ecbe918c5a7f9aa35cb9abfb2b83
p12v4m6-F-random-s16384,F,random,16384,stability,0.0,90e40d212b5faaff644e0041eeef92c0b0056ce9a834095a047948a1d5e42529,0ed9091f1ab96d24ef5fbd41d0d080668623e954e4f15e4a277f1c217e825eb9,6f03d3da3ed6ecbe918c5a7f9aa35cb9abfb2b83
p12v4m6-F-random-s16384,F,random,16384,tuning_overfit_gap,0.729170546231336,90e40d212b5faaff644e0041eeef92c0b0056ce9a834095a047948a1d5e42529,0ed9091f1ab96d24ef5fbd41d0d080668623e954e4f15e4a277f1c217e825eb9,6f03d3da3ed6ecbe918c5a7f9aa35cb9abfb2b83
p12v4m6-F-tpe-s1024,F,tpe,1024,validation_score,2.0943635257952797,90e40d212b5faaff644e0041eeef92c0b0056ce9a834095a047948a1d5e42529,0ed9091f1ab96d24ef5fbd41d0d080668623e954e4f15e4a277f1c217e825eb9,6f03d3da3ed6ecbe918c5a7f9aa35cb9abfb2b83
p12v4m6-F-tpe-s1024,F,tpe,1024,locked_test_score,1.9894576208801327,90e40d212b5faaff644e0041eeef92c0b0056ce9a834095a047948a1d5e42529,0ed9091f1ab96d24ef5fbd41d0d080668623e954e4f15e4a277f1c217e825eb9,6f03d3da3ed6ecbe918c5a7f9aa35cb9abfb2b83
p12v4m6-F-tpe-s1024,F,tpe,1024,runtime_seconds,6180.860557554988,90e40d212b5faaff644e0041eeef92c0b0056ce9a834095a047948a1d5e42529,0ed9091f1ab96d24ef5fbd41d0d080668623e954e4f15e4a277f1c217e825eb9,6f03d3da3ed6ecbe918c5a7f9aa35cb9abfb2b83
p12v4m6-F-tpe-s1024,F,tpe,1024,stability,0.0,90e40d212b5faaff644e0041eeef92c0b0056ce9a834095a047948a1d5e42529,0ed9091f1ab96d24ef5fbd41d0d080668623e954e4f15e4a277f1c217e825eb9,6f03d3da3ed6ecbe918c5a7f9aa35cb9abfb2b83
p12v4m6-F-tpe-s1024,F,tpe,1024,tuning_overfit_gap,0.1411295529549912,90e40d212b5faaff644e0041eeef92c0b0056ce9a834095a047948a1d5e42529,0ed9091f1ab96d24ef5fbd41d0d080668623e954e4f15e4a277f1c217e825eb9,6f03d3da3ed6ecbe918c5a7f9aa35cb9abfb2b83
p12v4m6-F-tpe-s2048,F,tpe,2048,validation_score,1.4556916593863938,90e40d212b5faaff644e0041eeef92c0b0056ce9a834095a047948a1d5e42529,0ed9091f1ab96d24ef5fbd41d0d080668623e954e4f15e4a277f1c217e825eb9,6f03d3da3ed6ecbe918c5a7f9aa35cb9abfb2b83
p12v4m6-F-tpe-s2048,F,tpe,2048,locked_test_score,1.3190663381899395,90e40d212b5faaff644e0041eeef92c0b0056ce9a834095a047948a1d5e42529,0ed9091f1ab96d24ef5fbd41d0d080668623e954e4f15e4a277f1c217e825eb9,6f03d3da3ed6ecbe918c5a7f9aa35cb9abfb2b83
p12v4m6-F-tpe-s2048,F,tpe,2048,runtime_seconds,6113.652537112008,90e40d212b5faaff644e0041eeef92c0b0056ce9a834095a047948a1d5e42529,0ed9091f1ab96d24ef5fbd41d0d080668623e954e4f15e4a277f1c217e825eb9,6f03d3da3ed6ecbe918c5a7f9aa35cb9abfb2b83
p12v4m6-F-tpe-s2048,F,tpe,2048,stability,0.0,90e40d212b5faaff644e0041eeef92c0b0056ce9a834095a047948a1d5e42529,0ed9091f1ab96d24ef5fbd41d0d080668623e954e4f15e4a277f1c217e825eb9,6f03d3da3ed6ecbe918c5a7f9aa35cb9abfb2b83
p12v4m6-F-tpe-s2048,F,tpe,2048,tuning_overfit_gap,0.1783142455465243,90e40d212b5faaff644e0041eeef92c0b0056ce9a834095a047948a1d5e42529,0ed9091f1ab96d24ef5fbd41d0d080668623e954e4f15e4a277f1c217e825eb9,6f03d3da3ed6ecbe918c5a7f9aa35cb9abfb2b83
p12v4m6-F-tpe-s4096,F,tpe,4096,validation_score,1.7364153291860818,90e40d212b5faaff644e0041eeef92c0b0056ce9a834095a047948a1d5e42529,0ed9091f1ab96d24ef5fbd41d0d080668623e954e4f15e4a277f1c217e825eb9,6f03d3da3ed6ecbe918c5a7f9aa35cb9abfb2b83
p12v4m6-F-tpe-s4096,F,tpe,4096,locked_test_score,1.7069869944549314,90e40d212b5faaff644e0041eeef92c0b0056ce9a834095a047948a1d5e42529,0ed9091f1ab96d24ef5fbd41d0d080668623e954e4f15e4a277f1c217e825eb9,6f03d3da3ed6ecbe918c5a7f9aa35cb9abfb2b83
p12v4m6-F-tpe-s4096,F,tpe,4096,runtime_seconds,6026.757285616011,90e40d212b5faaff644e0041eeef92c0b0056ce9a834095a047948a1d5e42529,0ed9091f1ab96d24ef5fbd41d0d080668623e954e4f15e4a277f1c217e825eb9,6f03d3da3ed6ecbe918c5a7f9aa35cb9abfb2b83
p12v4m6-F-tpe-s4096,F,tpe,4096,stability,0.0,90e40d212b5faaff644e0041eeef92c0b0056ce9a834095a047948a1d5e42529,0ed9091f1ab96d24ef5fbd41d0d080668623e954e4f15e4a277f1c217e825eb9,6f03d3da3ed6ecbe918c5a7f9aa35cb9abfb2b83
p12v4m6-F-tpe-s4096,F,tpe,4096,tuning_overfit_gap,0.06011754187964957,90e40d212b5faaff644e0041eeef92c0b0056ce9a834095a047948a1d5e42529,0ed9091f1ab96d24ef5fbd41d0d080668623e954e4f15e4a277f1c217e825eb9,6f03d3da3ed6ecbe918c5a7f9aa35cb9abfb2b83
p12v4m6-F-tpe-s8192,F,tpe,8192,validation_score,1.3308847091122562,90e40d212b5faaff644e0041eeef92c0b0056ce9a834095a047948a1d5e42529,0ed9091f1ab96d24ef5fbd41d0d080668623e954e4f15e4a277f1c217e825eb9,6f03d3da3ed6ecbe918c5a7f9aa35cb9abfb2b83
p12v4m6-F-tpe-s8192,F,tpe,8192,locked_test_score,0.5614646258314409,90e40d212b5faaff644e0041eeef92c0b0056ce9a834095a047948a1d5e42529,0ed9091f1ab96d24ef5fbd41d0d080668623e954e4f15e4a277f1c217e825eb9,6f03d3da3ed6ecbe918c5a7f9aa35cb9abfb2b83
p12v4m6-F-tpe-s8192,F,tpe,8192,runtime_seconds,5879.804415866965,90e40d212b5faaff644e0041eeef92c0b0056ce9a834095a047948a1d5e42529,0ed9091f1ab96d24ef5fbd41d0d080668623e954e4f15e4a277f1c217e825eb9,6f03d3da3ed6ecbe918c5a7f9aa35cb9abfb2b83
p12v4m6-F-tpe-s8192,F,tpe,8192,stability,0.0,90e40d212b5faaff644e0041eeef92c0b0056ce9a834095a047948a1d5e42529,0ed9091f1ab96d24ef5fbd41d0d080668623e954e4f15e4a277f1c217e825eb9,6f03d3da3ed6ecbe918c5a7f9aa35cb9abfb2b83
p12v4m6-F-tpe-s8192,F,tpe,8192,tuning_overfit_gap,0.8065271741626177,90e40d212b5faaff644e0041eeef92c0b0056ce9a834095a047948a1d5e42529,0ed9091f1ab96d24ef5fbd41d0d080668623e954e4f15e4a277f1c217e825eb9,6f03d3da3ed6ecbe918c5a7f9aa35cb9abfb2b83
p12v4m6-F-tpe-s16384,F,tpe,16384,validation_score,2.3892446906963203,90e40d212b5faaff644e0041eeef92c0b0056ce9a834095a047948a1d5e42529,0ed9091f1ab96d24ef5fbd41d0d080668623e954e4f15e4a277f1c217e825eb9,6f03d3da3ed6ecbe918c5a7f9aa35cb9abfb2b83
p12v4m6-F-tpe-s16384,F,tpe,16384,locked_test_score,2.211167355203099,90e40d212b5faaff644e0041eeef92c0b0056ce9a834095a047948a1d5e42529,0ed9091f1ab96d24ef5fbd41d0d080668623e954e4f15e4a277f1c217e825eb9,6f03d3da3ed6ecbe918c5a7f9aa35cb9abfb2b83
p12v4m6-F-tpe-s16384,F,tpe,16384,runtime_seconds,6491.3505861450685,90e40d212b5faaff644e0041eeef92c0b0056ce9a834095a047948a1d5e42529,0ed9091f1ab96d24ef5fbd41d0d080668623e954e4f15e4a277f1c217e825eb9,6f03d3da3ed6ecbe918c5a7f9aa35cb9abfb2b83
p12v4m6-F-tpe-s16384,F,tpe,16384,stability,0.0,90e40d212b5faaff644e0041eeef92c0b0056ce9a834095a047948a1d5e42529,0ed9091f1ab96d24ef5fbd41d0d080668623e954e4f15e4a277f1c217e825eb9,6f03d3da3ed6ecbe918c5a7f9aa35cb9abfb2b83
p12v4m6-F-tpe-s16384,F,tpe,16384,tuning_overfit_gap,0.20562288308924748,90e40d212b5faaff644e0041eeef92c0b0056ce9a834095a047948a1d5e42529,0ed9091f1ab96d24ef5fbd41d0d080668623e954e4f15e4a277f1c217e825eb9,6f03d3da3ed6ecbe918c5a7f9aa35cb9abfb2b83
p12v4m6-F-cma_es-s1024,F,cma_es,1024,validation_score,2.0315343762596183,90e40d212b5faaff644e0041eeef92c0b0056ce9a834095a047948a1d5e42529,0ed9091f1ab96d24ef5fbd41d0d080668623e954e4f15e4a277f1c217e825eb9,6f03d3da3ed6ecbe918c5a7f9aa35cb9abfb2b83
p12v4m6-F-cma_es-s1024,F,cma_es,1024,locked_test_score,1.648802435423874,90e40d212b5faaff644e0041eeef92c0b0056ce9a834095a047948a1d5e42529,0ed9091f1ab96d24ef5fbd41d0d080668623e954e4f15e4a277f1c217e825eb9,6f03d3da3ed6ecbe918c5a7f9aa35cb9abfb2b83
p12v4m6-F-cma_es-s1024,F,cma_es,1024,runtime_seconds,5348.240762640024,90e40d212b5faaff644e0041eeef92c0b0056ce9a834095a047948a1d5e42529,0ed9091f1ab96d24ef5fbd41d0d080668623e954e4f15e4a277f1c217e825eb9,6f03d3da3ed6ecbe918c5a7f9aa35cb9abfb2b83
p12v4m6-F-cma_es-s1024,F,cma_es,1024,stability,0.0,90e40d212b5faaff644e0041eeef92c0b0056ce9a834095a047948a1d5e42529,0ed9091f1ab96d24ef5fbd41d0d080668623e954e4f15e4a277f1c217e825eb9,6f03d3da3ed6ecbe918c5a7f9aa35cb9abfb2b83
p12v4m6-F-cma_es-s1024,F,cma_es,1024,tuning_overfit_gap,0.4195996001663411,90e40d212b5faaff644e0041eeef92c0b0056ce9a834095a047948a1d5e42529,0ed9091f1ab96d24ef5fbd41d0d080668623e954e4f15e4a277f1c217e825eb9,6f03d3da3ed6ecbe918c5a7f9aa35cb9abfb2b83
p12v4m6-F-cma_es-s2048,F,cma_es,2048,validation_score,1.4721617328376837,90e40d212b5faaff644e0041eeef92c0b0056ce9a834095a047948a1d5e42529,0ed9091f1ab96d24ef5fbd41d0d080668623e954e4f15e4a277f1c217e825eb9,6f03d3da3ed6ecbe918c5a7f9aa35cb9abfb2b83
p12v4m6-F-cma_es-s2048,F,cma_es,2048,locked_test_score,2.2961193922519465,90e40d212b5faaff644e0041eeef92c0b0056ce9a834095a047948a1d5e42529,0ed9091f1ab96d24ef5fbd41d0d080668623e954e4f15e4a277f1c217e825eb9,6f03d3da3ed6ecbe918c5a7f9aa35cb9abfb2b83
p12v4m6-F-cma_es-s2048,F,cma_es,2048,runtime_seconds,6512.708083927049,90e40d212b5faaff644e0041eeef92c0b0056ce9a834095a047948a1d5e42529,0ed9091f1ab96d24ef5fbd41d0d080668623e954e4f15e4a277f1c217e825eb9,6f03d3da3ed6ecbe918c5a7f9aa35cb9abfb2b83
p12v4m6-F-cma_es-s2048,F,cma_es,2048,stability,0.0,90e40d212b5faaff644e0041eeef92c0b0056ce9a834095a047948a1d5e42529,0ed9091f1ab96d24ef5fbd41d0d080668623e954e4f15e4a277f1c217e825eb9,6f03d3da3ed6ecbe918c5a7f9aa35cb9abfb2b83
p12v4m6-F-cma_es-s2048,F,cma_es,2048,tuning_overfit_gap,-0.7989629904450224,90e40d212b5faaff644e0041eeef92c0b0056ce9a834095a047948a1d5e42529,0ed9091f1ab96d24ef5fbd41d0d080668623e954e4f15e4a277f1c217e825eb9,6f03d3da3ed6ecbe918c5a7f9aa35cb9abfb2b83
p12v4m6-F-cma_es-s4096,F,cma_es,4096,validation_score,1.819376590202859,90e40d212b5faaff644e0041eeef92c0b0056ce9a834095a047948a1d5e42529,0ed9091f1ab96d24ef5fbd41d0d080668623e954e4f15e4a277f1c217e825eb9,6f03d3da3ed6ecbe918c5a7f9aa35cb9abfb2b83
p12v4m6-F-cma_es-s4096,F,cma_es,4096,locked_test_score,2.125516872781218,90e40d212b5faaff644e0041eeef92c0b0056ce9a834095a047948a1d5e42529,0ed9091f1ab96d24ef5fbd41d0d080668623e954e4f15e4a277f1c217e825eb9,6f03d3da3ed6ecbe918c5a7f9aa35cb9abfb2b83
p12v4m6-F-cma_es-s4096,F,cma_es,4096,runtime_seconds,5853.949458896997,90e40d212b5faaff644e0041eeef92c0b0056ce9a834095a047948a1d5e42529,0ed9091f1ab96d24ef5fbd41d0d080668623e954e4f15e4a277f1c217e825eb9,6f03d3da3ed6ecbe918c5a7f9aa35cb9abfb2b83
p12v4m6-F-cma_es-s4096,F,cma_es,4096,stability,0.0,90e40d212b5faaff644e0041eeef92c0b0056ce9a834095a047948a1d5e42529,0ed9091f1ab96d24ef5fbd41d0d080668623e954e4f15e4a277f1c217e825eb9,6f03d3da3ed6ecbe918c5a7f9aa35cb9abfb2b83
p12v4m6-F-cma_es-s4096,F,cma_es,4096,tuning_overfit_gap,-0.27666646631953506,90e40d212b5faaff644e0041eeef92c0b0056ce9a834095a047948a1d5e42529,0ed9091f1ab96d24ef5fbd41d0d080668623e954e4f15e4a277f1c217e825eb9,6f03d3da3ed6ecbe918c5a7f9aa35cb9abfb2b83
p12v4m6-F-cma_es-s8192,F,cma_es,8192,validation_score,1.3755708047598467,90e40d212b5faaff644e0041eeef92c0b0056ce9a834095a047948a1d5e42529,0ed9091f1ab96d24ef5fbd41d0d080668623e954e4f15e4a277f1c217e825eb9,6f03d3da3ed6ecbe918c5a7f9aa35cb9abfb2b83
p12v4m6-F-cma_es-s8192,F,cma_es,8192,locked_test_score,0.9999260224917301,90e40d212b5faaff644e0041eeef92c0b0056ce9a834095a047948a1d5e42529,0ed9091f1ab96d24ef5fbd41d0d080668623e954e4f15e4a277f1c217e825eb9,6f03d3da3ed6ecbe918c5a7f9aa35cb9abfb2b83
p12v4m6-F-cma_es-s8192,F,cma_es,8192,runtime_seconds,6097.309793037013,90e40d212b5faaff644e0041eeef92c0b0056ce9a834095a047948a1d5e42529,0ed9091f1ab96d24ef5fbd41d0d080668623e954e4f15e4a277f1c217e825eb9,6f03d3da3ed6ecbe918c5a7f9aa35cb9abfb2b83
p12v4m6-F-cma_es-s8192,F,cma_es,8192,stability,0.0,90e40d212b5faaff644e0041eeef92c0b0056ce9a834095a047948a1d5e42529,0ed9091f1ab96d24ef5fbd41d0d080668623e954e4f15e4a277f1c217e825eb9,6f03d3da3ed6ecbe918c5a7f9aa35cb9abfb2b83
p12v4m6-F-cma_es-s8192,F,cma_es,8192,tuning_overfit_gap,0.40929025341219005,90e40d212b5faaff644e0041eeef92c0b0056ce9a834095a047948a1d5e42529,0ed9091f1ab96d24ef5fbd41d0d080668623e954e4f15e4a277f1c217e825eb9,6f03d3da3ed6ecbe918c5a7f9aa35cb9abfb2b83
p12v4m6-F-cma_es-s16384,F,cma_es,16384,validation_score,2.0082172240662572,90e40d212b5faaff644e0041eeef92c0b0056ce9a834095a047948a1d5e42529,0ed9091f1ab96d24ef5fbd41d0d080668623e954e4f15e4a277f1c217e825eb9,6f03d3da3ed6ecbe918c5a7f9aa35cb9abfb2b83
p12v4m6-F-cma_es-s16384,F,cma_es,16384,locked_test_score,1.728446556041565,90e40d212b5faaff644e0041eeef92c0b0056ce9a834095a047948a1d5e42529,0ed9091f1ab96d24ef5fbd41d0d080668623e954e4f15e4a277f1c217e825eb9,6f03d3da3ed6ecbe918c5a7f9aa35cb9abfb2b83
p12v4m6-F-cma_es-s16384,F,cma_es,16384,runtime_seconds,6424.273938914994,90e40d212b5faaff644e0041eeef92c0b0056ce9a834095a047948a1d5e42529,0ed9091f1ab96d24ef5fbd41d0d080668623e954e4f15e4a277f1c217e825eb9,6f03d3da3ed6ecbe918c5a7f9aa35cb9abfb2b83
p12v4m6-F-cma_es-s16384,F,cma_es,16384,stability,0.0,90e40d212b5faaff644e0041eeef92c0b0056ce9a834095a047948a1d5e42529,0ed9091f1ab96d24ef5fbd41d0d080668623e954e4f15e4a277f1c217e825eb9,6f03d3da3ed6ecbe918c5a7f9aa35cb9abfb2b83
p12v4m6-F-cma_es-s16384,F,cma_es,16384,tuning_overfit_gap,0.32295980606387853,90e40d212b5faaff644e0041eeef92c0b0056ce9a834095a047948a1d5e42529,0ed9091f1ab96d24ef5fbd41d0d080668623e954e4f15e4a277f1c217e825eb9,6f03d3da3ed6ecbe918c5a7f9aa35cb9abfb2b83
p12v4m6-F-pso-s1024,F,pso,1024,validation_score,2.3231814997123212,90e40d212b5faaff644e0041eeef92c0b0056ce9a834095a047948a1d5e42529,0ed9091f1ab96d24ef5fbd41d0d080668623e954e4f15e4a277f1c217e825eb9,6f03d3da3ed6ecbe918c5a7f9aa35cb9abfb2b83
p12v4m6-F-pso-s1024,F,pso,1024,locked_test_score,1.2193873109742144,90e40d212b5faaff644e0041eeef92c0b0056ce9a834095a047948a1d5e42529,0ed9091f1ab96d24ef5fbd41d0d080668623e954e4f15e4a277f1c217e825eb9,6f03d3da3ed6ecbe918c5a7f9aa35cb9abfb2b83
p12v4m6-F-pso-s1024,F,pso,1024,runtime_seconds,5521.531377130072,90e40d212b5faaff644e0041eeef92c0b0056ce9a834095a047948a1d5e42529,0ed9091f1ab96d24ef5fbd41d0d080668623e954e4f15e4a277f1c217e825eb9,6f03d3da3ed6ecbe918c5a7f9aa35cb9abfb2b83
p12v4m6-F-pso-s1024,F,pso,1024,stability,0.0,90e40d212b5faaff644e0041eeef92c0b0056ce9a834095a047948a1d5e42529,0ed9091f1ab96d24ef5fbd41d0d080668623e954e4f15e4a277f1c217e825eb9,6f03d3da3ed6ecbe918c5a7f9aa35cb9abfb2b83
p12v4m6-F-pso-s1024,F,pso,1024,tuning_overfit_gap,1.1427120069772256,90e40d212b5faaff644e0041eeef92c0b0056ce9a834095a047948a1d5e42529,0ed9091f1ab96d24ef5fbd41d0d080668623e954e4f15e4a277f1c217e825eb9,6f03d3da3ed6ecbe918c5a7f9aa35cb9abfb2b83
p12v4m6-F-pso-s2048,F,pso,2048,validation_score,1.4469822655603235,90e40d212b5faaff644e0041eeef92c0b0056ce9a834095a047948a1d5e42529,0ed9091f1ab96d24ef5fbd41d0d080668623e954e4f15e4a277f1c217e825eb9,6f03d3da3ed6ecbe918c5a7f9aa35cb9abfb2b83
p12v4m6-F-pso-s2048,F,pso,2048,locked_test_score,0.8233946493288762,90e40d212b5faaff644e0041eeef92c0b0056ce9a834095a047948a1d5e42529,0ed9091f1ab96d24ef5fbd41d0d080668623e954e4f15e4a277f1c217e825eb9,6f03d3da3ed6ecbe918c5a7f9aa35cb9abfb2b83
p12v4m6-F-pso-s2048,F,pso,2048,runtime_seconds,6398.616282087052,90e40d212b5faaff644e0041eeef92c0b0056ce9a834095a047948a1d5e42529,0ed9091f1ab96d24ef5fbd41d0d080668623e954e4f15e4a277f1c217e825eb9,6f03d3da3ed6ecbe918c5a7f9aa35cb9abfb2b83
p12v4m6-F-pso-s2048,F,pso,2048,stability,0.0,90e40d212b5faaff644e0041eeef92c0b0056ce9a834095a047948a1d5e42529,0ed9091f1ab96d24ef5fbd41d0d080668623e954e4f15e4a277f1c217e825eb9,6f03d3da3ed6ecbe918c5a7f9aa35cb9abfb2b83
p12v4m6-F-pso-s2048,F,pso,2048,tuning_overfit_gap,0.6467940203612368,90e40d212b5faaff644e0041eeef92c0b0056ce9a834095a047948a1d5e42529,0ed9091f1ab96d24ef5fbd41d0d080668623e954e4f15e4a277f1c217e825eb9,6f03d3da3ed6ecbe918c5a7f9aa35cb9abfb2b83
p12v4m6-F-pso-s4096,F,pso,4096,validation_score,1.6954749470884063,90e40d212b5faaff644e0041eeef92c0b0056ce9a834095a047948a1d5e42529,0ed9091f1ab96d24ef5fbd41d0d080668623e954e4f15e4a277f1c217e825eb9,6f03d3da3ed6ecbe918c5a7f9aa35cb9abfb2b83
p12v4m6-F-pso-s4096,F,pso,4096,locked_test_score,1.687430348596511,90e40d212b5faaff644e0041eeef92c0b0056ce9a834095a047948a1d5e42529,0ed9091f1ab96d24ef5fbd41d0d080668623e954e4f15e4a277f1c217e825eb9,6f03d3da3ed6ecbe918c5a7f9aa35cb9abfb2b83
p12v4m6-F-pso-s4096,F,pso,4096,runtime_seconds,6607.071174568031,90e40d212b5faaff644e0041eeef92c0b0056ce9a834095a047948a1d5e42529,0ed9091f1ab96d24ef5fbd41d0d080668623e954e4f15e4a277f1c217e825eb9,6f03d3da3ed6ecbe918c5a7f9aa35cb9abfb2b83
p12v4m6-F-pso-s4096,F,pso,4096,stability,0.0,90e40d212b5faaff644e0041eeef92c0b0056ce9a834095a047948a1d5e42529,0ed9091f1ab96d24ef5fbd41d0d080668623e954e4f15e4a277f1c217e825eb9,6f03d3da3ed6ecbe918c5a7f9aa35cb9abfb2b83
p12v4m6-F-pso-s4096,F,pso,4096,tuning_overfit_gap,0.03554341310641007,90e40d212b5faaff644e0041eeef92c0b0056ce9a834095a047948a1d5e42529,0ed9091f1ab96d24ef5fbd41d0d080668623e954e4f15e4a277f1c217e825eb9,6f03d3da3ed6ecbe918c5a7f9aa35cb9abfb2b83
p12v4m6-F-pso-s8192,F,pso,8192,validation_score,1.1339989982040628,90e40d212b5faaff644e0041eeef92c0b0056ce9a834095a047948a1d5e42529,0ed9091f1ab96d24ef5fbd41d0d080668623e954e4f15e4a277f1c217e825eb9,6f03d3da3ed6ecbe918c5a7f9aa35cb9abfb2b83
p12v4m6-F-pso-s8192,F,pso,8192,locked_test_score,0.7801652213485087,90e40d212b5faaff644e0041eeef92c0b0056ce9a834095a047948a1d5e42529,0ed9091f1ab96d24ef5fbd41d0d080668623e954e4f15e4a277f1c217e825eb9,6f03d3da3ed6ecbe918c5a7f9aa35cb9abfb2b83
p12v4m6-F-pso-s8192,F,pso,8192,runtime_seconds,5968.776905303937,90e40d212b5faaff644e0041eeef92c0b0056ce9a834095a047948a1d5e42529,0ed9091f1ab96d24ef5fbd41d0d080668623e954e4f15e4a277f1c217e825eb9,6f03d3da3ed6ecbe918c5a7f9aa35cb9abfb2b83
p12v4m6-F-pso-s8192,F,pso,8192,stability,0.0,90e40d212b5faaff644e0041eeef92c0b0056ce9a834095a047948a1d5e42529,0ed9091f1ab96d24ef5fbd41d0d080668623e954e4f15e4a277f1c217e825eb9,6f03d3da3ed6ecbe918c5a7f9aa35cb9abfb2b83
p12v4m6-F-pso-s8192,F,pso,8192,tuning_overfit_gap,0.3815312549612636,90e40d212b5faaff644e0041eeef92c0b0056ce9a834095a047948a1d5e42529,0ed9091f1ab96d24ef5fbd41d0d080668623e954e4f15e4a277f1c217e825eb9,6f03d3da3ed6ecbe918c5a7f9aa35cb9abfb2b83
p12v4m6-F-pso-s16384,F,pso,16384,validation_score,2.205059709930797,90e40d212b5faaff644e0041eeef92c0b0056ce9a834095a047948a1d5e42529,0ed9091f1ab96d24ef5fbd41d0d080668623e954e4f15e4a277f1c217e825eb9,6f03d3da3ed6ecbe918c5a7f9aa35cb9abfb2b83
p12v4m6-F-pso-s16384,F,pso,16384,locked_test_score,1.5114751023809019,90e40d212b5faaff644e0041eeef92c0b0056ce9a834095a047948a1d5e42529,0ed9091f1ab96d24ef5fbd41d0d080668623e954e4f15e4a277f1c217e825eb9,6f03d3da3ed6ecbe918c5a7f9aa35cb9abfb2b83
p12v4m6-F-pso-s16384,F,pso,16384,runtime_seconds,6381.59613012895,90e40d212b5faaff644e0041eeef92c0b0056ce9a834095a047948a1d5e42529,0ed9091f1ab96d24ef5fbd41d0d080668623e954e4f15e4a277f1c217e825eb9,6f03d3da3ed6ecbe918c5a7f9aa35cb9abfb2b83
p12v4m6-F-pso-s16384,F,pso,16384,stability,0.0,90e40d212b5faaff644e0041eeef92c0b0056ce9a834095a047948a1d5e42529,0ed9091f1ab96d24ef5fbd41d0d080668623e954e4f15e4a277f1c217e825eb9,6f03d3da3ed6ecbe918c5a7f9aa35cb9abfb2b83
p12v4m6-F-pso-s16384,F,pso,16384,tuning_overfit_gap,0.729170546231336,90e40d212b5faaff644e0041eeef92c0b0056ce9a834095a047948a1d5e42529,0ed9091f1ab96d24ef5fbd41d0d080668623e954e4f15e4a277f1c217e825eb9,6f03d3da3ed6ecbe918c5a7f9aa35cb9abfb2b83
p12v4m6-F-genetic-s1024,F,genetic,1024,validation_score,2.08454761033281,90e40d212b5faaff644e0041eeef92c0b0056ce9a834095a047948a1d5e42529,0ed9091f1ab96d24ef5fbd41d0d080668623e954e4f15e4a277f1c217e825eb9,6f03d3da3ed6ecbe918c5a7f9aa35cb9abfb2b83
p12v4m6-F-genetic-s1024,F,genetic,1024,locked_test_score,2.630827116092357,90e40d212b5faaff644e0041eeef92c0b0056ce9a834095a047948a1d5e42529,0ed9091f1ab96d24ef5fbd41d0d080668623e954e4f15e4a277f1c217e825eb9,6f03d3da3ed6ecbe918c5a7f9aa35cb9abfb2b83
p12v4m6-F-genetic-s1024,F,genetic,1024,runtime_seconds,6496.199777393951,90e40d212b5faaff644e0041eeef92c0b0056ce9a834095a047948a1d5e42529,0ed9091f1ab96d24ef5fbd41d0d080668623e954e4f15e4a277f1c217e825eb9,6f03d3da3ed6ecbe918c5a7f9aa35cb9abfb2b83
p12v4m6-F-genetic-s1024,F,genetic,1024,stability,0.0,90e40d212b5faaff644e0041eeef92c0b0056ce9a834095a047948a1d5e42529,0ed9091f1ab96d24ef5fbd41d0d080668623e954e4f15e4a277f1c217e825eb9,6f03d3da3ed6ecbe918c5a7f9aa35cb9abfb2b83
p12v4m6-F-genetic-s1024,F,genetic,1024,tuning_overfit_gap,-0.5136983008744718,90e40d212b5faaff644e0041eeef92c0b0056ce9a834095a047948a1d5e42529,0ed9091f1ab96d24ef5fbd41d0d080668623e954e4f15e4a277f1c217e825eb9,6f03d3da3ed6ecbe918c5a7f9aa35cb9abfb2b83
p12v4m6-F-genetic-s2048,F,genetic,2048,validation_score,1.4371383414350802,90e40d212b5faaff644e0041eeef92c0b0056ce9a834095a047948a1d5e42529,0ed9091f1ab96d24ef5fbd41d0d080668623e954e4f15e4a277f1c217e825eb9,6f03d3da3ed6ecbe918c5a7f9aa35cb9abfb2b83
p12v4m6-F-genetic-s2048,F,genetic,2048,locked_test_score,1.0873415326830012,90e40d212b5faaff644e0041eeef92c0b0056ce9a834095a047948a1d5e42529,0ed9091f1ab96d24ef5fbd41d0d080668623e954e4f15e4a277f1c217e825eb9,6f03d3da3ed6ecbe918c5a7f9aa35cb9abfb2b83
p12v4m6-F-genetic-s2048,F,genetic,2048,runtime_seconds,5846.24438319914,90e40d212b5faaff644e0041eeef92c0b0056ce9a834095a047948a1d5e42529,0ed9091f1ab96d24ef5fbd41d0d080668623e954e4f15e4a277f1c217e825eb9,6f03d3da3ed6ecbe918c5a7f9aa35cb9abfb2b83
p12v4m6-F-genetic-s2048,F,genetic,2048,stability,0.0,90e40d212b5faaff644e0041eeef92c0b0056ce9a834095a047948a1d5e42529,0ed9091f1ab96d24ef5fbd41d0d080668623e954e4f15e4a277f1c217e825eb9,6f03d3da3ed6ecbe918c5a7f9aa35cb9abfb2b83
p12v4m6-F-genetic-s2048,F,genetic,2048,tuning_overfit_gap,0.3814874472072667,90e40d212b5faaff644e0041eeef92c0b0056ce9a834095a047948a1d5e42529,0ed9091f1ab96d24ef5fbd41d0d080668623e954e4f15e4a277f1c217e825eb9,6f03d3da3ed6ecbe918c5a7f9aa35cb9abfb2b83
p12v4m6-F-genetic-s4096,F,genetic,4096,validation_score,1.6338826003040559,90e40d212b5faaff644e0041eeef92c0b0056ce9a834095a047948a1d5e42529,0ed9091f1ab96d24ef5fbd41d0d080668623e954e4f15e4a277f1c217e825eb9,6f03d3da3ed6ecbe918c5a7f9aa35cb9abfb2b83
p12v4m6-F-genetic-s4096,F,genetic,4096,locked_test_score,1.8234715949865752,90e40d212b5faaff644e0041eeef92c0b0056ce9a834095a047948a1d5e42529,0ed9091f1ab96d24ef5fbd41d0d080668623e954e4f15e4a277f1c217e825eb9,6f03d3da3ed6ecbe918c5a7f9aa35cb9abfb2b83
p12v4m6-F-genetic-s4096,F,genetic,4096,runtime_seconds,6403.988384232041,90e40d212b5faaff644e0041eeef92c0b0056ce9a834095a047948a1d5e42529,0ed9091f1ab96d24ef5fbd41d0d080668623e954e4f15e4a277f1c217e825eb9,6f03d3da3ed6ecbe918c5a7f9aa35cb9abfb2b83
p12v4m6-F-genetic-s4096,F,genetic,4096,stability,0.0,90e40d212b5faaff644e0041eeef92c0b0056ce9a834095a047948a1d5e42529,0ed9091f1ab96d24ef5fbd41d0d080668623e954e4f15e4a277f1c217e825eb9,6f03d3da3ed6ecbe918c5a7f9aa35cb9abfb2b83
p12v4m6-F-genetic-s4096,F,genetic,4096,tuning_overfit_gap,-0.16420493903789346,90e40d212b5faaff644e0041eeef92c0b0056ce9a834095a047948a1d5e42529,0ed9091f1ab96d24ef5fbd41d0d080668623e954e4f15e4a277f1c217e825eb9,6f03d3da3ed6ecbe918c5a7f9aa35cb9abfb2b83
p12v4m6-F-genetic-s8192,F,genetic,8192,validation_score,1.3956004310661312,90e40d212b5faaff644e0041eeef92c0b0056ce9a834095a047948a1d5e42529,0ed9091f1ab96d24ef5fbd41d0d080668623e954e4f15e4a277f1c217e825eb9,6f03d3da3ed6ecbe918c5a7f9aa35cb9abfb2b83
p12v4m6-F-genetic-s8192,F,genetic,8192,locked_test_score,1.1666641548419654,90e40d212b5faaff644e0041eeef92c0b0056ce9a834095a047948a1d5e42529,0ed9091f1ab96d24ef5fbd41d0d080668623e954e4f15e4a277f1c217e825eb9,6f03d3da3ed6ecbe918c5a7f9aa35cb9abfb2b83
p12v4m6-F-genetic-s8192,F,genetic,8192,runtime_seconds,6566.772177741863,90e40d212b5faaff644e0041eeef92c0b0056ce9a834095a047948a1d5e42529,0ed9091f1ab96d24ef5fbd41d0d080668623e954e4f15e4a277f1c217e825eb9,6f03d3da3ed6ecbe918c5a7f9aa35cb9abfb2b83
p12v4m6-F-genetic-s8192,F,genetic,8192,stability,0.0,90e40d212b5faaff644e0041eeef92c0b0056ce9a834095a047948a1d5e42529,0ed9091f1ab96d24ef5fbd41d0d080668623e954e4f15e4a277f1c217e825eb9,6f03d3da3ed6ecbe918c5a7f9aa35cb9abfb2b83
p12v4m6-F-genetic-s8192,F,genetic,8192,tuning_overfit_gap,0.26087546725258126,90e40d212b5faaff644e0041eeef92c0b0056ce9a834095a047948a1d5e42529,0ed9091f1ab96d24ef5fbd41d0d080668623e954e4f15e4a277f1c217e825eb9,6f03d3da3ed6ecbe918c5a7f9aa35cb9abfb2b83
p12v4m6-F-genetic-s16384,F,genetic,16384,validation_score,2.205059709930797,90e40d212b5faaff644e0041eeef92c0b0056ce9a834095a047948a1d5e42529,0ed9091f1ab96d24ef5fbd41d0d080668623e954e4f15e4a277f1c217e825eb9,6f03d3da3ed6ecbe918c5a7f9aa35cb9abfb2b83
p12v4m6-F-genetic-s16384,F,genetic,16384,locked_test_score,1.5114751023809019,90e40d212b5faaff644e0041eeef92c0b0056ce9a834095a047948a1d5e42529,0ed9091f1ab96d24ef5fbd41d0d080668623e954e4f15e4a277f1c217e825eb9,6f03d3da3ed6ecbe918c5a7f9aa35cb9abfb2b83
p12v4m6-F-genetic-s16384,F,genetic,16384,runtime_seconds,7102.057603754103,90e40d212b5faaff644e0041eeef92c0b0056ce9a834095a047948a1d5e42529,0ed9091f1ab96d24ef5fbd41d0d080668623e954e4f15e4a277f1c217e825eb9,6f03d3da3ed6ecbe918c5a7f9aa35cb9abfb2b83
p12v4m6-F-genetic-s16384,F,genetic,16384,stability,0.0,90e40d212b5faaff644e0041eeef92c0b0056ce9a834095a047948a1d5e42529,0ed9091f1ab96d24ef5fbd41d0d080668623e954e4f15e4a277f1c217e825eb9,6f03d3da3ed6ecbe918c5a7f9aa35cb9abfb2b83
p12v4m6-F-genetic-s16384,F,genetic,16384,tuning_overfit_gap,0.729170546231336,90e40d212b5faaff644e0041eeef92c0b0056ce9a834095a047948a1d5e42529,0ed9091f1ab96d24ef5fbd41d0d080668623e954e4f15e4a277f1c217e825eb9,6f03d3da3ed6ecbe918c5a7f9aa35cb9abfb2b83
p12v4m6-F-differential_evolution-s1024,F,differential_evolution,1024,validation_score,2.120564707191452,90e40d212b5faaff644e0041eeef92c0b0056ce9a834095a047948a1d5e42529,0ed9091f1ab96d24ef5fbd41d0d080668623e954e4f15e4a277f1c217e825eb9,6f03d3da3ed6ecbe918c5a7f9aa35cb9abfb2b83
p12v4m6-F-differential_evolution-s1024,F,differential_evolution,1024,locked_test_score,1.6469759235084478,90e40d212b5faaff644e0041eeef92c0b0056ce9a834095a047948a1d5e42529,0ed9091f1ab96d24ef5fbd41d0d080668623e954e4f15e4a277f1c217e825eb9,6f03d3da3ed6ecbe918c5a7f9aa35cb9abfb2b83
p12v4m6-F-differential_evolution-s1024,F,differential_evolution,1024,runtime_seconds,5544.976279153023,90e40d212b5faaff644e0041eeef92c0b0056ce9a834095a047948a1d5e42529,0ed9091f1ab96d24ef5fbd41d0d080668623e954e4f15e4a277f1c217e825eb9,6f03d3da3ed6ecbe918c5a7f9aa35cb9abfb2b83
p12v4m6-F-differential_evolution-s1024,F,differential_evolution,1024,stability,0.0,90e40d212b5faaff644e0041eeef92c0b0056ce9a834095a047948a1d5e42529,0ed9091f1ab96d24ef5fbd41d0d080668623e954e4f15e4a277f1c217e825eb9,6f03d3da3ed6ecbe918c5a7f9aa35cb9abfb2b83
p12v4m6-F-differential_evolution-s1024,F,differential_evolution,1024,tuning_overfit_gap,0.5112004829888459,90e40d212b5faaff644e0041eeef92c0b0056ce9a834095a047948a1d5e42529,0ed9091f1ab96d24ef5fbd41d0d080668623e954e4f15e4a277f1c217e825eb9,6f03d3da3ed6ecbe918c5a7f9aa35cb9abfb2b83
p12v4m6-F-differential_evolution-s2048,F,differential_evolution,2048,validation_score,1.5754151713977826,90e40d212b5faaff644e0041eeef92c0b0056ce9a834095a047948a1d5e42529,0ed9091f1ab96d24ef5fbd41d0d080668623e954e4f15e4a277f1c217e825eb9,6f03d3da3ed6ecbe918c5a7f9aa35cb9abfb2b83
p12v4m6-F-differential_evolution-s2048,F,differential_evolution,2048,locked_test_score,1.7767583838580094,90e40d212b5faaff644e0041eeef92c0b0056ce9a834095a047948a1d5e42529,0ed9091f1ab96d24ef5fbd41d0d080668623e954e4f15e4a277f1c217e825eb9,6f03d3da3ed6ecbe918c5a7f9aa35cb9abfb2b83
p12v4m6-F-differential_evolution-s2048,F,differential_evolution,2048,runtime_seconds,7017.406377203064,90e40d212b5faaff644e0041eeef92c0b0056ce9a834095a047948a1d5e42529,0ed9091f1ab96d24ef5fbd41d0d080668623e954e4f15e4a277f1c217e825eb9,6f03d3da3ed6ecbe918c5a7f9aa35cb9abfb2b83
p12v4m6-F-differential_evolution-s2048,F,differential_evolution,2048,stability,0.0,90e40d212b5faaff644e0041eeef92c0b0056ce9a834095a047948a1d5e42529,0ed9091f1ab96d24ef5fbd41d0d080668623e954e4f15e4a277f1c217e825eb9,6f03d3da3ed6ecbe918c5a7f9aa35cb9abfb2b83
p12v4m6-F-differential_evolution-s2048,F,differential_evolution,2048,tuning_overfit_gap,-0.18024596238018442,90e40d212b5faaff644e0041eeef92c0b0056ce9a834095a047948a1d5e42529,0ed9091f1ab96d24ef5fbd41d0d080668623e954e4f15e4a277f1c217e825eb9,6f03d3da3ed6ecbe918c5a7f9aa35cb9abfb2b83
p12v4m6-F-differential_evolution-s4096,F,differential_evolution,4096,validation_score,1.6926669350943138,90e40d212b5faaff644e0041eeef92c0b0056ce9a834095a047948a1d5e42529,0ed9091f1ab96d24ef5fbd41d0d080668623e954e4f15e4a277f1c217e825eb9,6f03d3da3ed6ecbe918c5a7f9aa35cb9abfb2b83
p12v4m6-F-differential_evolution-s4096,F,differential_evolution,4096,locked_test_score,2.1344812399829602,90e40d212b5faaff644e0041eeef92c0b0056ce9a834095a047948a1d5e42529,0ed9091f1ab96d24ef5fbd41d0d080668623e954e4f15e4a277f1c217e825eb9,6f03d3da3ed6ecbe918c5a7f9aa35cb9abfb2b83
p12v4m6-F-differential_evolution-s4096,F,differential_evolution,4096,runtime_seconds,6529.9517185459845,90e40d212b5faaff644e0041eeef92c0b0056ce9a834095a047948a1d5e42529,0ed9091f1ab96d24ef5fbd41d0d080668623e954e4f15e4a277f1c217e825eb9,6f03d3da3ed6ecbe918c5a7f9aa35cb9abfb2b83
p12v4m6-F-differential_evolution-s4096,F,differential_evolution,4096,stability,0.0,90e40d212b5faaff644e0041eeef92c0b0056ce9a834095a047948a1d5e42529,0ed9091f1ab96d24ef5fbd41d0d080668623e954e4f15e4a277f1c217e825eb9,6f03d3da3ed6ecbe918c5a7f9aa35cb9abfb2b83
p12v4m6-F-differential_evolution-s4096,F,differential_evolution,4096,tuning_overfit_gap,-0.4067486566828371,90e40d212b5faaff644e0041eeef92c0b0056ce9a834095a047948a1d5e42529,0ed9091f1ab96d24ef5fbd41d0d080668623e954e4f15e4a277f1c217e825eb9,6f03d3da3ed6ecbe918c5a7f9aa35cb9abfb2b83
p12v4m6-F-differential_evolution-s8192,F,differential_evolution,8192,validation_score,1.414561652724742,90e40d212b5faaff644e0041eeef92c0b0056ce9a834095a047948a1d5e42529,0ed9091f1ab96d24ef5fbd41d0d080668623e954e4f15e4a277f1c217e825eb9,6f03d3da3ed6ecbe918c5a7f9aa35cb9abfb2b83
p12v4m6-F-differential_evolution-s8192,F,differential_evolution,8192,locked_test_score,0.9720163911793344,90e40d212b5faaff644e0041eeef92c0b0056ce9a834095a047948a1d5e42529,0ed9091f1ab96d24ef5fbd41d0d080668623e954e4f15e4a277f1c217e825eb9,6f03d3da3ed6ecbe918c5a7f9aa35cb9abfb2b83
p12v4m6-F-differential_evolution-s8192,F,differential_evolution,8192,runtime_seconds,6569.1680790919345,90e40d212b5faaff644e0041eeef92c0b0056ce9a834095a047948a1d5e42529,0ed9091f1ab96d24ef5fbd41d0d080668623e954e4f15e4a277f1c217e825eb9,6f03d3da3ed6ecbe918c5a7f9aa35cb9abfb2b83
p12v4m6-F-differential_evolution-s8192,F,differential_evolution,8192,stability,0.0,90e40d212b5faaff644e0041eeef92c0b0056ce9a834095a047948a1d5e42529,0ed9091f1ab96d24ef5fbd41d0d080668623e954e4f15e4a277f1c217e825eb9,6f03d3da3ed6ecbe918c5a7f9aa35cb9abfb2b83
p12v4m6-F-differential_evolution-s8192,F,differential_evolution,8192,tuning_overfit_gap,0.4829630631814269,90e40d212b5faaff644e0041eeef92c0b0056ce9a834095a047948a1d5e42529,0ed9091f1ab96d24ef5fbd41d0d080668623e954e4f15e4a277f1c217e825eb9,6f03d3da3ed6ecbe918c5a7f9aa35cb9abfb2b83
p12v4m6-F-differential_evolution-s16384,F,differential_evolution,16384,validation_score,2.205059709930797,90e40d212b5faaff644e0041eeef92c0b0056ce9a834095a047948a1d5e42529,0ed9091f1ab96d24ef5fbd41d0d080668623e954e4f15e4a277f1c217e825eb9,6f03d3da3ed6ecbe918c5a7f9aa35cb9abfb2b83
p12v4m6-F-differential_evolution-s16384,F,differential_evolution,16384,locked_test_score,1.5114751023809019,90e40d212b5faaff644e0041eeef92c0b0056ce9a834095a047948a1d5e42529,0ed9091f1ab96d24ef5fbd41d0d080668623e954e4f15e4a277f1c217e825eb9,6f03d3da3ed6ecbe918c5a7f9aa35cb9abfb2b83
p12v4m6-F-differential_evolution-s16384,F,differential_evolution,16384,runtime_seconds,6416.228453114862,90e40d212b5faaff644e0041eeef92c0b0056ce9a834095a047948a1d5e42529,0ed9091f1ab96d24ef5fbd41d0d080668623e954e4f15e4a277f1c217e825eb9,6f03d3da3ed6ecbe918c5a7f9aa35cb9abfb2b83
p12v4m6-F-differential_evolution-s16384,F,differential_evolution,16384,stability,0.0,90e40d212b5faaff644e0041eeef92c0b0056ce9a834095a047948a1d5e42529,0ed9091f1ab96d24ef5fbd41d0d080668623e954e4f15e4a277f1c217e825eb9,6f03d3da3ed6ecbe918c5a7f9aa35cb9abfb2b83
p12v4m6-F-differential_evolution-s16384,F,differential_evolution,16384,tuning_overfit_gap,0.729170546231336,90e40d212b5faaff644e0041eeef92c0b0056ce9a834095a047948a1d5e42529,0ed9091f1ab96d24ef5fbd41d0d080668623e954e4f15e4a277f1c217e825eb9,6f03d3da3ed6ecbe918c5a7f9aa35cb9abfb2b83
p12v4m6-F-nsga_ii-s1024,F,nsga_ii,1024,validation_score,1.3813383772150674,90e40d212b5faaff644e0041eeef92c0b0056ce9a834095a047948a1d5e42529,0ed9091f1ab96d24ef5fbd41d0d080668623e954e4f15e4a277f1c217e825eb9,6f03d3da3ed6ecbe918c5a7f9aa35cb9abfb2b83
p12v4m6-F-nsga_ii-s1024,F,nsga_ii,1024,locked_test_score,2.4951189012552044,90e40d212b5faaff644e0041eeef92c0b0056ce9a834095a047948a1d5e42529,0ed9091f1ab96d24ef5fbd41d0d080668623e954e4f15e4a277f1c217e825eb9,6f03d3da3ed6ecbe918c5a7f9aa35cb9abfb2b83
p12v4m6-F-nsga_ii-s1024,F,nsga_ii,1024,runtime_seconds,6153.935218208004,90e40d212b5faaff644e0041eeef92c0b0056ce9a834095a047948a1d5e42529,0ed9091f1ab96d24ef5fbd41d0d080668623e954e4f15e4a277f1c217e825eb9,6f03d3da3ed6ecbe918c5a7f9aa35cb9abfb2b83
p12v4m6-F-nsga_ii-s1024,F,nsga_ii,1024,stability,0.0,90e40d212b5faaff644e0041eeef92c0b0056ce9a834095a047948a1d5e42529,0ed9091f1ab96d24ef5fbd41d0d080668623e954e4f15e4a277f1c217e825eb9,6f03d3da3ed6ecbe918c5a7f9aa35cb9abfb2b83
p12v4m6-F-nsga_ii-s1024,F,nsga_ii,1024,tuning_overfit_gap,-1.113780524040137,90e40d212b5faaff644e0041eeef92c0b0056ce9a834095a047948a1d5e42529,0ed9091f1ab96d24ef5fbd41d0d080668623e954e4f15e4a277f1c217e825eb9,6f03d3da3ed6ecbe918c5a7f9aa35cb9abfb2b83
p12v4m6-F-nsga_ii-s2048,F,nsga_ii,2048,validation_score,0.7331120919828042,90e40d212b5faaff644e0041eeef92c0b0056ce9a834095a047948a1d5e42529,0ed9091f1ab96d24ef5fbd41d0d080668623e954e4f15e4a277f1c217e825eb9,6f03d3da3ed6ecbe918c5a7f9aa35cb9abfb2b83
p12v4m6-F-nsga_ii-s2048,F,nsga_ii,2048,locked_test_score,1.4955987803400772,90e40d212b5faaff644e0041eeef92c0b0056ce9a834095a047948a1d5e42529,0ed9091f1ab96d24ef5fbd41d0d080668623e954e4f15e4a277f1c217e825eb9,6f03d3da3ed6ecbe918c5a7f9aa35cb9abfb2b83
p12v4m6-F-nsga_ii-s2048,F,nsga_ii,2048,runtime_seconds,5527.5976072130725,90e40d212b5faaff644e0041eeef92c0b0056ce9a834095a047948a1d5e42529,0ed9091f1ab96d24ef5fbd41d0d080668623e954e4f15e4a277f1c217e825eb9,6f03d3da3ed6ecbe918c5a7f9aa35cb9abfb2b83
p12v4m6-F-nsga_ii-s2048,F,nsga_ii,2048,stability,0.0,90e40d212b5faaff644e0041eeef92c0b0056ce9a834095a047948a1d5e42529,0ed9091f1ab96d24ef5fbd41d0d080668623e954e4f15e4a277f1c217e825eb9,6f03d3da3ed6ecbe918c5a7f9aa35cb9abfb2b83
p12v4m6-F-nsga_ii-s2048,F,nsga_ii,2048,tuning_overfit_gap,-0.762486688357273,90e40d212b5faaff644e0041eeef92c0b0056ce9a834095a047948a1d5e42529,0ed9091f1ab96d24ef5fbd41d0d080668623e954e4f15e4a277f1c217e825eb9,6f03d3da3ed6ecbe918c5a7f9aa35cb9abfb2b83
p12v4m6-F-nsga_ii-s4096,F,nsga_ii,4096,validation_score,0.9838363882915249,90e40d212b5faaff644e0041eeef92c0b0056ce9a834095a047948a1d5e42529,0ed9091f1ab96d24ef5fbd41d0d080668623e954e4f15e4a277f1c217e825eb9,6f03d3da3ed6ecbe918c5a7f9aa35cb9abfb2b83
p12v4m6-F-nsga_ii-s4096,F,nsga_ii,4096,locked_test_score,1.6688051974642633,90e40d212b5faaff644e0041eeef92c0b0056ce9a834095a047948a1d5e42529,0ed9091f1ab96d24ef5fbd41d0d080668623e954e4f15e4a277f1c217e825eb9,6f03d3da3ed6ecbe918c5a7f9aa35cb9abfb2b83
p12v4m6-F-nsga_ii-s4096,F,nsga_ii,4096,runtime_seconds,6194.232601332944,90e40d212b5faaff644e0041eeef92c0b0056ce9a834095a047948a1d5e42529,0ed9091f1ab96d24ef5fbd41d0d080668623e954e4f15e4a277f1c217e825eb9,6f03d3da3ed6ecbe918c5a7f9aa35cb9abfb2b83
p12v4m6-F-nsga_ii-s4096,F,nsga_ii,4096,stability,0.0,90e40d212b5faaff644e0041eeef92c0b0056ce9a834095a047948a1d5e42529,0ed9091f1ab96d24ef5fbd41d0d080668623e954e4f15e4a277f1c217e825eb9,6f03d3da3ed6ecbe918c5a7f9aa35cb9abfb2b83
p12v4m6-F-nsga_ii-s4096,F,nsga_ii,4096,tuning_overfit_gap,-0.6849688091727384,90e40d212b5faaff644e0041eeef92c0b0056ce9a834095a047948a1d5e42529,0ed9091f1ab96d24ef5fbd41d0d080668623e954e4f15e4a277f1c217e825eb9,6f03d3da3ed6ecbe918c5a7f9aa35cb9abfb2b83
p12v4m6-F-nsga_ii-s8192,F,nsga_ii,8192,validation_score,0.9935329548811568,90e40d212b5faaff644e0041eeef92c0b0056ce9a834095a047948a1d5e42529,0ed9091f1ab96d24ef5fbd41d0d080668623e954e4f15e4a277f1c217e825eb9,6f03d3da3ed6ecbe918c5a7f9aa35cb9abfb2b83
p12v4m6-F-nsga_ii-s8192,F,nsga_ii,8192,locked_test_score,0.902449638331403,90e40d212b5faaff644e0041eeef92c0b0056ce9a834095a047948a1d5e42529,0ed9091f1ab96d24ef5fbd41d0d080668623e954e4f15e4a277f1c217e825eb9,6f03d3da3ed6ecbe918c5a7f9aa35cb9abfb2b83
p12v4m6-F-nsga_ii-s8192,F,nsga_ii,8192,runtime_seconds,5700.5128346378915,90e40d212b5faaff644e0041eeef92c0b0056ce9a834095a047948a1d5e42529,0ed9091f1ab96d24ef5fbd41d0d080668623e954e4f15e4a277f1c217e825eb9,6f03d3da3ed6ecbe918c5a7f9aa35cb9abfb2b83
p12v4m6-F-nsga_ii-s8192,F,nsga_ii,8192,stability,0.0,90e40d212b5faaff644e0041eeef92c0b0056ce9a834095a047948a1d5e42529,0ed9091f1ab96d24ef5fbd41d0d080668623e954e4f15e4a277f1c217e825eb9,6f03d3da3ed6ecbe918c5a7f9aa35cb9abfb2b83
p12v4m6-F-nsga_ii-s8192,F,nsga_ii,8192,tuning_overfit_gap,0.09108331654975377,90e40d212b5faaff644e0041eeef92c0b0056ce9a834095a047948a1d5e42529,0ed9091f1ab96d24ef5fbd41d0d080668623e954e4f15e4a277f1c217e825eb9,6f03d3da3ed6ecbe918c5a7f9aa35cb9abfb2b83
p12v4m6-F-nsga_ii-s16384,F,nsga_ii,16384,validation_score,2.240645648612238,90e40d212b5faaff644e0041eeef92c0b0056ce9a834095a047948a1d5e42529,0ed9091f1ab96d24ef5fbd41d0d080668623e954e4f15e4a277f1c217e825eb9,6f03d3da3ed6ecbe918c5a7f9aa35cb9abfb2b83
p12v4m6-F-nsga_ii-s16384,F,nsga_ii,16384,locked_test_score,1.5114751023809019,90e40d212b5faaff644e0041eeef92c0b0056ce9a834095a047948a1d5e42529,0ed9091f1ab96d24ef5fbd41d0d080668623e954e4f15e4a277f1c217e825eb9,6f03d3da3ed6ecbe918c5a7f9aa35cb9abfb2b83
p12v4m6-F-nsga_ii-s16384,F,nsga_ii,16384,runtime_seconds,6473.9388773289975,90e40d212b5faaff644e0041eeef92c0b0056ce9a834095a047948a1d5e42529,0ed9091f1ab96d24ef5fbd41d0d080668623e954e4f15e4a277f1c217e825eb9,6f03d3da3ed6ecbe918c5a7f9aa35cb9abfb2b83
p12v4m6-F-nsga_ii-s16384,F,nsga_ii,16384,stability,0.0,90e40d212b5faaff644e0041eeef92c0b0056ce9a834095a047948a1d5e42529,0ed9091f1ab96d24ef5fbd41d0d080668623e954e4f15e4a277f1c217e825eb9,6f03d3da3ed6ecbe918c5a7f9aa35cb9abfb2b83
p12v4m6-F-nsga_ii-s16384,F,nsga_ii,16384,tuning_overfit_gap,0.729170546231336,90e40d212b5faaff644e0041eeef92c0b0056ce9a834095a047948a1d5e42529,0ed9091f1ab96d24ef5fbd41d0d080668623e954e4f15e4a277f1c217e825eb9,6f03d3da3ed6ecbe918c5a7f9aa35cb9abfb2b83
