KEY,FREQ,CURRENCY,CURRENCY_DENOM,EXR_TYPE,EXR_SUFFIX,TIME_PERIOD,OBS_VALUE
EXR.D.CNY.EUR.SP00.A,D,CNY,EUR,SP00,A,2020-12-01,7.8639
EXR.D.CNY.EUR.SP00.A,D,CNY,EUR,SP00,A,2020-12-02,7.9203
EXR.D.CNY.EUR.SP00.A,D,CNY,EUR,SP00,A,2020-12-03,7.9567
EXR.D.CNY.EUR.SP00.A,D,CNY,EUR,SP00,A,2020-12-04,7.9421
EXR.D.CNY.EUR.SP00.A,D,CNY,EUR,SP00,A,2020-12-07,7.931
EXR.D.CNY.EUR.SP00.A,D,CNY,EUR,SP00,A,2020-12-08,7.9115
EXR.D.CNY.EUR.SP00.A,D,CNY,EUR,SP00,A,2020-12-09,7.9167
EXR.D.CNY.EUR.SP00.A,D,CNY,EUR,SP00,A,2020-12-10,7.9254
EXR.D.CNY.EUR.SP00.A,D,CNY,EUR,SP00,A,2020-12-11,7.9386
EXR.D.CNY.EUR.SP00.A,D,CNY,EUR,SP00,A,2020-12-14,7.9588
EXR.D.CNY.EUR.SP00.A,D,CNY,EUR,SP00,A,2020-12-15,7.9462
EXR.D.CNY.EUR.SP00.A,D,CNY,EUR,SP00,A,2020-12-16,7.9633
EXR.D.CNY.EUR.SP00.A,D,CNY,EUR,SP00,A,2020-12-17,8.0006
EXR.D.CNY.EUR.SP00.A,D,CNY,EUR,SP00,A,2020-12-18,8.0146
EXR.D.CNY.EUR.SP00.A,D,CNY,EUR,SP00,A,2020-12-21,7.9784
EXR.D.CNY.EUR.SP00.A,D,CNY,EUR,SP00,A,2020-12-22,8.0056
EXR.D.CNY.EUR.SP00.A,D,CNY,EUR,SP00,A,2020-12-23,7.9549
EXR.D.CNY.EUR.SP00.A,D,CNY,EUR,SP00,A,2020-12-24,7.9624
EXR.D.CNY.EUR.SP00.A,D,CNY,EUR,SP00,A,2020-12-28,7.9906
EXR.D.CNY.EUR.SP00.A,D,CNY,EUR,SP00,A,2020-12-29,8.007
EXR.D.CNY.EUR.SP00.A,D,CNY,EUR,SP00,A,2020-12-30,8.0134
EXR.D.CNY.EUR.SP00.A,D,CNY,EUR,SP00,A,2020-12-31,8.0225
EXR.D.CNY.EUR.SP00.A,D,CNY,EUR,SP00,A,2021-01-04,7.9484
EXR.D.CNY.EUR.SP00.A,D,CNY,EUR,SP00,A,2021-01-05,7.9315
EXR.D.CNY.EUR.SP00.A,D,CNY,EUR,SP00,A,2021-01-06,7.9653
EXR.D.CNY.EUR.SP00.A,D,CNY,EUR,SP00,A,2021-01-07,7.9392
EXR.D.CNY.EUR.SP00.A,D,CNY,EUR,SP00,A,2021-01-08,7.9184
EXR.D.CNY.EUR.SP00.A,D,CNY,EUR,SP00,A,2021-01-11,7.8806
EXR.D.CNY.EUR.SP00.A,D,CNY,EUR,SP00,A,2021-01-12,7.8576
EXR.D.CNY.EUR.SP00.A,D,CNY,EUR,SP00,A,2021-01-13,7.8716
EXR.D.CNY.EUR.SP00.A,D,CNY,EUR,SP00,A,2021-01-14,7.8409
EXR.D.CNY.EUR.SP00.A,D,CNY,EUR,SP00,A,2021-01-15,7.8499
EXR.D.CNY.EUR.SP00.A,D,CNY,EUR,SP00,A,2021-01-18,7.8359
EXR.D.CNY.EUR.SP00.A,D,CNY,EUR,SP00,A,2021-01-19,7.861
EXR.D.CNY.EUR.SP00.A,D,CNY,EUR,SP00,A,2021-01-20,7.8292
EXR.D.CNY.EUR.SP00.A,D,CNY,EUR,SP00,A,2021-01-21,7.8552
EXR.D.CNY.EUR.SP00.A,D,CNY,EUR,SP00,A,2021-01-22,7.8822
EXR.D.CNY.EUR.SP00.A,D,CNY,EUR,SP00,A,2021-01-25,7.8712
EXR.D.CNY.EUR.SP00.A,D,CNY,EUR,SP00,A,2021-01-26,7.8537
EXR.D.CNY.EUR.SP00.A,D,CNY,EUR,SP00,A,2021-01-27,7.8411
EXR.D.CNY.EUR.SP00.A,D,CNY,EUR,SP00,A,2021-01-28,7.8226
EXR.D.CNY.EUR.SP00.A,D,CNY,EUR,SP00,A,2021-01-29,7.8047
EXR.D.CNY.EUR.SP00.A,D,CNY,EUR,SP00,A,2021-02-01,7.8143
EXR.D.CNY.EUR.SP00.A,D,CNY,EUR,SP00,A,2021-02-02,7.7756
EXR.D.CNY.EUR.SP00.A,D,CNY,EUR,SP00,A,2021-02-03,7.7623
EXR.D.CNY.EUR.SP00.A,D,CNY,EUR,SP00,A,2021-02-04,7.7542
EXR.D.CNY.EUR.SP00.A,D,CNY,EUR,SP00,A,2021-02-05,7.7535
EXR.D.CNY.EUR.SP00.A,D,CNY,EUR,SP00,A,2021-02-08,7.7618
EXR.D.CNY.EUR.SP00.A,D,CNY,EUR,SP00,A,2021-02-09,7.7894
EXR.D.CNY.EUR.SP00.A,D,CNY,EUR,SP00,A,2021-02-10,7.8235
EXR.D.CNY.EUR.SP00.A,D,CNY,EUR,SP00,A,2021-02-11,7.8448
EXR.D.CNY.EUR.SP00.A,D,CNY,EUR,SP00,A,2021-02-12,7.8207
EXR.D.CNY.EUR.SP00.A,D,CNY,EUR,SP00,A,2021-02-15,7.8332
EXR.D.CNY.EUR.SP00.A,D,CNY,EUR,SP00,A,2021-02-16,7.8422
EXR.D.CNY.EUR.SP00.A,D,CNY,EUR,SP00,A,2021-02-17,7.7886
EXR.D.CNY.EUR.SP00.A,D,CNY,EUR,SP00,A,2021-02-18,7.8172
EXR.D.CNY.EUR.SP00.A,D,CNY,EUR,SP00,A,2021-02-19,7.8318
EXR.D.CNY.EUR.SP00.A,D,CNY,EUR,SP00,A,2021-02-22,7.8447
EXR.D.CNY.EUR.SP00.A,D,CNY,EUR,SP00,A,2021-02-23,7.8506
EXR.D.CNY.EUR.SP00.A,D,CNY,EUR,SP00,A,2021-02-24,7.8362
EXR.D.CNY.EUR.SP00.A,D,CNY,EUR,SP00,A,2021-02-25,7.8898
EXR.D.CNY.EUR.SP00.A,D,CNY,EUR,SP00,A,2021-02-26,7.8385
EXR.D.CNY.EUR.SP00.A,D,CNY,EUR,SP00,A,2021-03-01,7.797
EXR.D.CNY.EUR.SP00.A,D,CNY,EUR,SP00,A,2021-03-02,7.784
EXR.D.CNY.EUR.SP00.A,D,CNY,EUR,SP00,A,2021-03-03,7.7897
EXR.D.CNY.EUR.SP00.A,D,CNY,EUR,SP00,A,2021-03-04,7.7846
EXR.D.CNY.EUR.SP00.A,D,CNY,EUR,SP00,A,2021-03-05,7.7489
EXR.D.CNY.EUR.SP00.A,D,CNY,EUR,SP00,A,2021-03-08,7.7446
EXR.D.CNY.EUR.SP00.A,D,CNY,EUR,SP00,A,2021-03-09,7.7478
EXR.D.CNY.EUR.SP00.A,D,CNY,EUR,SP00,A,2021-03-10,7.7433
EXR.D.CNY.EUR.SP00.A,D,CNY,EUR,SP00,A,2021-03-11,7.7614
EXR.D.CNY.EUR.SP00.A,D,CNY,EUR,SP00,A,2021-03-12,7.7636
EXR.D.CNY.EUR.SP00.A,D,CNY,EUR,SP00,A,2021-03-15,7.7508
EXR.D.CNY.EUR.SP00.A,D,CNY,EUR,SP00,A,2021-03-16,7.7519
EXR.D.CNY.EUR.SP00.A,D,CNY,EUR,SP00,A,2021-03-17,7.7435
EXR.D.CNY.EUR.SP00.A,D,CNY,EUR,SP00,A,2021-03-18,7.7507
EXR.D.CNY.EUR.SP00.A,D,CNY,EUR,SP00,A,2021-03-19,7.7413
EXR.D.CNY.EUR.SP00.A,D,CNY,EUR,SP00,A,2021-03-22,7.7582
EXR.D.CNY.EUR.SP00.A,D,CNY,EUR,SP00,A,2021-03-23,7.7367
EXR.D.CNY.EUR.SP00.A,D,CNY,EUR,SP00,A,2021-03-24,7.7133
EXR.D.CNY.EUR.SP00.A,D,CNY,EUR,SP00,A,2021-03-25,7.722
EXR.D.CNY.EUR.SP00.A,D,CNY,EUR,SP00,A,2021-03-26,7.7063
EXR.D.CNY.EUR.SP00.A,D,CNY,EUR,SP00,A,2021-03-29,7.7334
EXR.D.CNY.EUR.SP00.A,D,CNY,EUR,SP00,A,2021-03-30,7.7154
EXR.D.CNY.EUR.SP00.A,D,CNY,EUR,SP00,A,2021-03-31,7.6812
EXR.D.CNY.EUR.SP00.A,D,CNY,EUR,SP00,A,2021-04-01,7.7195
EXR.D.CNY.EUR.SP00.A,D,CNY,EUR,SP00,A,2021-04-06,7.739
EXR.D.CNY.EUR.SP00.A,D,CNY,EUR,SP00,A,2021-04-07,7.7761
EXR.D.CNY.EUR.SP00.A,D,CNY,EUR,SP00,A,2021-04-08,7.7749
EXR.D.CNY.EUR.SP00.A,D,CNY,EUR,SP00,A,2021-04-09,7.7934
EXR.D.CNY.EUR.SP00.A,D,CNY,EUR,SP00,A,2021-04-12,7.7907
EXR.D.CNY.EUR.SP00.A,D,CNY,EUR,SP00,A,2021-04-13,7.7905
EXR.D.CNY.EUR.SP00.A,D,CNY,EUR,SP00,A,2021-04-14,7.8146
EXR.D.CNY.EUR.SP00.A,D,CNY,EUR,SP00,A,2021-04-15,7.8129
EXR.D.CNY.EUR.SP00.A,D,CNY,EUR,SP00,A,2021-04-16,7.8157
EXR.D.CNY.EUR.SP00.A,D,CNY,EUR,SP00,A,2021-04-19,7.8323
EXR.D.CNY.EUR.SP00.A,D,CNY,EUR,SP00,A,2021-04-20,7.8303
EXR.D.CNY.EUR.SP00.A,D,CNY,EUR,SP00,A,2021-04-21,7.8011
EXR.D.CNY.EUR.SP00.A,D,CNY,EUR,SP00,A,2021-04-22,7.8181
EXR.D.CNY.EUR.SP00.A,D,CNY,EUR,SP00,A,2021-04-23,7.832
EXR.D.CNY.EUR.SP00.A,D,CNY,EUR,SP00,A,2021-04-26,7.8379
EXR.D.CNY.EUR.SP00.A,D,CNY,EUR,SP00,A,2021-04-27,7.8373
EXR.D.CNY.EUR.SP00.A,D,CNY,EUR,SP00,A,2021-04-28,7.8268
EXR.D.CNY.EUR.SP00.A,D,CNY,EUR,SP00,A,2021-04-29,7.8463
EXR.D.CNY.EUR.SP00.A,D,CNY,EUR,SP00,A,2021-04-30,7.8134
EXR.D.CNY.EUR.SP00.A,D,CNY,EUR,SP00,A,2021-05-03,7.7967
EXR.D.CNY.EUR.SP00.A,D,CNY,EUR,SP00,A,2021-05-04,7.8136
EXR.D.CNY.EUR.SP00.A,D,CNY,EUR,SP00,A,2021-05-05,7.7636
EXR.D.CNY.EUR.SP00.A,D,CNY,EUR,SP00,A,2021-05-06,7.8054
EXR.D.CNY.EUR.SP00.A,D,CNY,EUR,SP00,A,2021-05-07,7.7809
EXR.D.CNY.EUR.SP00.A,D,CNY,EUR,SP00,A,2021-05-10,7.8045
EXR.D.CNY.EUR.SP00.A,D,CNY,EUR,SP00,A,2021-05-11,7.8177
EXR.D.CNY.EUR.SP00.A,D,CNY,EUR,SP00,A,2021-05-12,7.8051
EXR.D.CNY.EUR.SP00.A,D,CNY,EUR,SP00,A,2021-05-13,7.7969
EXR.D.CNY.EUR.SP00.A,D,CNY,EUR,SP00,A,2021-05-14,7.8024
EXR.D.CNY.EUR.SP00.A,D,CNY,EUR,SP00,A,2021-05-17,7.8226
EXR.D.CNY.EUR.SP00.A,D,CNY,EUR,SP00,A,2021-05-18,7.8501
EXR.D.CNY.EUR.SP00.A,D,CNY,EUR,SP00,A,2021-05-19,7.8594
EXR.D.CNY.EUR.SP00.A,D,CNY,EUR,SP00,A,2021-05-20,7.8563
EXR.D.CNY.EUR.SP00.A,D,CNY,EUR,SP00,A,2021-05-21,7.8393
EXR.D.CNY.EUR.SP00.A,D,CNY,EUR,SP00,A,2021-05-24,7.8487
EXR.D.CNY.EUR.SP00.A,D,CNY,EUR,SP00,A,2021-05-25,7.856
EXR.D.CNY.EUR.SP00.A,D,CNY,EUR,SP00,A,2021-05-26,7.8149
EXR.D.CNY.EUR.SP00.A,D,CNY,EUR,SP00,A,2021-05-27,7.7808
EXR.D.CNY.EUR.SP00.A,D,CNY,EUR,SP00,A,2021-05-28,7.7422
EXR.D.CNY.EUR.SP00.A,D,CNY,EUR,SP00,A,2021-05-31,7.7722
EXR.D.CNY.EUR.SP00.A,D,CNY,EUR,SP00,A,2021-06-01,7.8043
EXR.D.CNY.EUR.SP00.A,D,CNY,EUR,SP00,A,2021-06-02,7.7812
EXR.D.CNY.EUR.SP00.A,D,CNY,EUR,SP00,A,2021-06-03,7.791
EXR.D.CNY.EUR.SP00.A,D,CNY,EUR,SP00,A,2021-06-04,7.7667
EXR.D.CNY.EUR.SP00.A,D,CNY,EUR,SP00,A,2021-06-07,7.7795
EXR.D.CNY.EUR.SP00.A,D,CNY,EUR,SP00,A,2021-06-08,7.7938
EXR.D.CNY.EUR.SP00.A,D,CNY,EUR,SP00,A,2021-06-09,7.7879
EXR.D.CNY.EUR.SP00.A,D,CNY,EUR,SP00,A,2021-06-10,7.7828
EXR.D.CNY.EUR.SP00.A,D,CNY,EUR,SP00,A,2021-06-11,7.7519
EXR.D.CNY.EUR.SP00.A,D,CNY,EUR,SP00,A,2021-06-14,7.7501
EXR.D.CNY.EUR.SP00.A,D,CNY,EUR,SP00,A,2021-06-15,7.7502
EXR.D.CNY.EUR.SP00.A,D,CNY,EUR,SP00,A,2021-06-16,7.7582
EXR.D.CNY.EUR.SP00.A,D,CNY,EUR,SP00,A,2021-06-17,7.6877
EXR.D.CNY.EUR.SP00.A,D,CNY,EUR,SP00,A,2021-06-18,7.6619
EXR.D.CNY.EUR.SP00.A,D,CNY,EUR,SP00,A,2021-06-21,7.6916
EXR.D.CNY.EUR.SP00.A,D,CNY,EUR,SP00,A,2021-06-22,7.7014
EXR.D.CNY.EUR.SP00.A,D,CNY,EUR,SP00,A,2021-06-23,7.7393
EXR.D.CNY.EUR.SP00.A,D,CNY,EUR,SP00,A,2021-06-24,7.7193
EXR.D.CNY.EUR.SP00.A,D,CNY,EUR,SP00,A,2021-06-25,7.7139
EXR.D.CNY.EUR.SP00.A,D,CNY,EUR,SP00,A,2021-06-28,7.6922
EXR.D.CNY.EUR.SP00.A,D,CNY,EUR,SP00,A,2021-06-29,7.6814
EXR.D.CNY.EUR.SP00.A,D,CNY,EUR,SP00,A,2021-06-30,7.6742
EXR.D.CNY.EUR.SP00.A,D,CNY,EUR,SP00,A,2021-07-01,7.6842
EXR.D.CNY.EUR.SP00.A,D,CNY,EUR,SP00,A,2021-07-02,7.6594
EXR.D.CNY.EUR.SP00.A,D,CNY,EUR,SP00,A,2021-07-05,7.6677
EXR.D.CNY.EUR.SP00.A,D,CNY,EUR,SP00,A,2021-07-06,7.6545
EXR.D.CNY.EUR.SP00.A,D,CNY,EUR,SP00,A,2021-07-07,7.6478
EXR.D.CNY.EUR.SP00.A,D,CNY,EUR,SP00,A,2021-07-08,7.6832
EXR.D.CNY.EUR.SP00.A,D,CNY,EUR,SP00,A,2021-07-09,7.6834
EXR.D.CNY.EUR.SP00.A,D,CNY,EUR,SP00,A,2021-07-12,7.6751
EXR.D.CNY.EUR.SP00.A,D,CNY,EUR,SP00,A,2021-07-13,7.6598
EXR.D.CNY.EUR.SP00.A,D,CNY,EUR,SP00,A,2021-07-14,7.6268
EXR.D.CNY.EUR.SP00.A,D,CNY,EUR,SP00,A,2021-07-15,7.6304
EXR.D.CNY.EUR.SP00.A,D,CNY,EUR,SP00,A,2021-07-16,7.6373
EXR.D.CNY.EUR.SP00.A,D,CNY,EUR,SP00,A,2021-07-19,7.6344
EXR.D.CNY.EUR.SP00.A,D,CNY,EUR,SP00,A,2021-07-20,7.6305
EXR.D.CNY.EUR.SP00.A,D,CNY,EUR,SP00,A,2021-07-21,7.6201
EXR.D.CNY.EUR.SP00.A,D,CNY,EUR,SP00,A,2021-07-22,7.6153
EXR.D.CNY.EUR.SP00.A,D,CNY,EUR,SP00,A,2021-07-23,7.6224
EXR.D.CNY.EUR.SP00.A,D,CNY,EUR,SP00,A,2021-07-26,7.6426
EXR.D.CNY.EUR.SP00.A,D,CNY,EUR,SP00,A,2021-07-27,7.6799
EXR.D.CNY.EUR.SP00.A,D,CNY,EUR,SP00,A,2021-07-28,7.6722
EXR.D.CNY.EUR.SP00.A,D,CNY,EUR,SP00,A,2021-07-29,7.6691
EXR.D.CNY.EUR.SP00.A,D,CNY,EUR,SP00,A,2021-07-30,7.6838
EXR.D.CNY.EUR.SP00.A,D,CNY,EUR,SP00,A,2021-08-02,7.6807
EXR.D.CNY.EUR.SP00.A,D,CNY,EUR,SP00,A,2021-08-03,7.6818
EXR.D.CNY.EUR.SP00.A,D,CNY,EUR,SP00,A,2021-08-04,7.6638
EXR.D.CNY.EUR.SP00.A,D,CNY,EUR,SP00,A,2021-08-05,7.6555
EXR.D.CNY.EUR.SP00.A,D,CNY,EUR,SP00,A,2021-08-06,7.6379
EXR.D.CNY.EUR.SP00.A,D,CNY,EUR,SP00,A,2021-08-09,7.619
EXR.D.CNY.EUR.SP00.A,D,CNY,EUR,SP00,A,2021-08-10,7.5975
EXR.D.CNY.EUR.SP00.A,D,CNY,EUR,SP00,A,2021-08-11,7.5996
EXR.D.CNY.EUR.SP00.A,D,CNY,EUR,SP00,A,2021-08-12,7.6036
EXR.D.CNY.EUR.SP00.A,D,CNY,EUR,SP00,A,2021-08-13,7.6237
EXR.D.CNY.EUR.SP00.A,D,CNY,EUR,SP00,A,2021-08-16,7.6243
EXR.D.CNY.EUR.SP00.A,D,CNY,EUR,SP00,A,2021-08-17,7.6244
EXR.D.CNY.EUR.SP00.A,D,CNY,EUR,SP00,A,2021-08-18,7.5976
EXR.D.CNY.EUR.SP00.A,D,CNY,EUR,SP00,A,2021-08-19,7.5901
EXR.D.CNY.EUR.SP00.A,D,CNY,EUR,SP00,A,2021-08-20,7.5854
EXR.D.CNY.EUR.SP00.A,D,CNY,EUR,SP00,A,2021-08-23,7.599
EXR.D.CNY.EUR.SP00.A,D,CNY,EUR,SP00,A,2021-08-24,7.6042
EXR.D.CNY.EUR.SP00.A,D,CNY,EUR,SP00,A,2021-08-25,7.6031
EXR.D.CNY.EUR.SP00.A,D,CNY,EUR,SP00,A,2021-08-26,7.6285
EXR.D.CNY.EUR.SP00.A,D,CNY,EUR,SP00,A,2021-08-27,7.6195
EXR.D.CNY.EUR.SP00.A,D,CNY,EUR,SP00,A,2021-08-30,7.6347
EXR.D.CNY.EUR.SP00.A,D,CNY,EUR,SP00,A,2021-08-31,7.6465
EXR.D.CNY.EUR.SP00.A,D,CNY,EUR,SP00,A,2021-09-01,7.6421
EXR.D.CNY.EUR.SP00.A,D,CNY,EUR,SP00,A,2021-09-02,7.6503
EXR.D.CNY.EUR.SP00.A,D,CNY,EUR,SP00,A,2021-09-03,7.6555
EXR.D.CNY.EUR.SP00.A,D,CNY,EUR,SP00,A,2021-09-06,7.6611
EXR.D.CNY.EUR.SP00.A,D,CNY,EUR,SP00,A,2021-09-07,7.667
EXR.D.CNY.EUR.SP00.A,D,CNY,EUR,SP00,A,2021-09-08,7.6376
EXR.D.CNY.EUR.SP00.A,D,CNY,EUR,SP00,A,2021-09-09,7.6402
EXR.D.CNY.EUR.SP00.A,D,CNY,EUR,SP00,A,2021-09-10,7.6228
EXR.D.CNY.EUR.SP00.A,D,CNY,EUR,SP00,A,2021-09-13,7.6059
EXR.D.CNY.EUR.SP00.A,D,CNY,EUR,SP00,A,2021-09-14,7.6168
EXR.D.CNY.EUR.SP00.A,D,CNY,EUR,SP00,A,2021-09-15,7.6069
EXR.D.CNY.EUR.SP00.A,D,CNY,EUR,SP00,A,2021-09-16,7.5849
EXR.D.CNY.EUR.SP00.A,D,CNY,EUR,SP00,A,2021-09-17,7.6044
EXR.D.CNY.EUR.SP00.A,D,CNY,EUR,SP00,A,2021-09-20,7.5726
EXR.D.CNY.EUR.SP00.A,D,CNY,EUR,SP00,A,2021-09-21,7.5945
EXR.D.CNY.EUR.SP00.A,D,CNY,EUR,SP00,A,2021-09-22,7.585
EXR.D.CNY.EUR.SP00.A,D,CNY,EUR,SP00,A,2021-09-23,7.5643
EXR.D.CNY.EUR.SP00.A,D,CNY,EUR,SP00,A,2021-09-24,7.5803
EXR.D.CNY.EUR.SP00.A,D,CNY,EUR,SP00,A,2021-09-27,7.5609
EXR.D.CNY.EUR.SP00.A,D,CNY,EUR,SP00,A,2021-09-28,7.5433
EXR.D.CNY.EUR.SP00.A,D,CNY,EUR,SP00,A,2021-09-29,7.5347
EXR.D.CNY.EUR.SP00.A,D,CNY,EUR,SP00,A,2021-09-30,7.4847
EXR.D.CNY.EUR.SP00.A,D,CNY,EUR,SP00,A,2021-10-01,7.4781
EXR.D.CNY.EUR.SP00.A,D,CNY,EUR,SP00,A,2021-10-04,7.5013
EXR.D.CNY.EUR.SP00.A,D,CNY,EUR,SP00,A,2021-10-05,7.4805
EXR.D.CNY.EUR.SP00.A,D,CNY,EUR,SP00,A,2021-10-06,7.4407
EXR.D.CNY.EUR.SP00.A,D,CNY,EUR,SP00,A,2021-10-07,7.4536
EXR.D.CNY.EUR.SP00.A,D,CNY,EUR,SP00,A,2021-10-08,7.4591
EXR.D.CNY.EUR.SP00.A,D,CNY,EUR,SP00,A,2021-10-11,7.4644
EXR.D.CNY.EUR.SP00.A,D,CNY,EUR,SP00,A,2021-10-12,7.4522
EXR.D.CNY.EUR.SP00.A,D,CNY,EUR,SP00,A,2021-10-13,7.4482
EXR.D.CNY.EUR.SP00.A,D,CNY,EUR,SP00,A,2021-10-14,7.4683
EXR.D.CNY.EUR.SP00.A,D,CNY,EUR,SP00,A,2021-10-15,7.4663
EXR.D.CNY.EUR.SP00.A,D,CNY,EUR,SP00,A,2021-10-18,7.4617
EXR.D.CNY.EUR.SP00.A,D,CNY,EUR,SP00,A,2021-10-19,7.4464
EXR.D.CNY.EUR.SP00.A,D,CNY,EUR,SP00,A,2021-10-20,7.4302
EXR.D.CNY.EUR.SP00.A,D,CNY,EUR,SP00,A,2021-10-21,7.4463
EXR.D.CNY.EUR.SP00.A,D,CNY,EUR,SP00,A,2021-10-22,7.4337
EXR.D.CNY.EUR.SP00.A,D,CNY,EUR,SP00,A,2021-10-25,7.4142
EXR.D.CNY.EUR.SP00.A,D,CNY,EUR,SP00,A,2021-10-26,7.4124
EXR.D.CNY.EUR.SP00.A,D,CNY,EUR,SP00,A,2021-10-27,7.426
EXR.D.CNY.EUR.SP00.A,D,CNY,EUR,SP00,A,2021-10-28,7.4169
EXR.D.CNY.EUR.SP00.A,D,CNY,EUR,SP00,A,2021-10-29,7.4488
EXR.D.CNY.EUR.SP00.A,D,CNY,EUR,SP00,A,2021-11-01,7.4077
EXR.D.CNY.EUR.SP00.A,D,CNY,EUR,SP00,A,2021-11-02,7.4239
EXR.D.CNY.EUR.SP00.A,D,CNY,EUR,SP00,A,2021-11-03,7.4082
EXR.D.CNY.EUR.SP00.A,D,CNY,EUR,SP00,A,2021-11-04,7.3983
EXR.D.CNY.EUR.SP00.A,D,CNY,EUR,SP00,A,2021-11-05,7.3756
EXR.D.CNY.EUR.SP00.A,D,CNY,EUR,SP00,A,2021-11-08,7.4048
EXR.D.CNY.EUR.SP00.A,D,CNY,EUR,SP00,A,2021-11-09,7.3989
EXR.D.CNY.EUR.SP00.A,D,CNY,EUR,SP00,A,2021-11-10,7.3866
EXR.D.CNY.EUR.SP00.A,D,CNY,EUR,SP00,A,2021-11-11,7.3292
EXR.D.CNY.EUR.SP00.A,D,CNY,EUR,SP00,A,2021-11-12,7.3047
EXR.D.CNY.EUR.SP00.A,D,CNY,EUR,SP00,A,2021-11-15,7.3034
EXR.D.CNY.EUR.SP00.A,D,CNY,EUR,SP00,A,2021-11-16,7.2627
EXR.D.CNY.EUR.SP00.A,D,CNY,EUR,SP00,A,2021-11-17,7.217
EXR.D.CNY.EUR.SP00.A,D,CNY,EUR,SP00,A,2021-11-18,7.2419
EXR.D.CNY.EUR.SP00.A,D,CNY,EUR,SP00,A,2021-11-19,7.2027
EXR.D.CNY.EUR.SP00.A,D,CNY,EUR,SP00,A,2021-11-22,7.1975
EXR.D.CNY.EUR.SP00.A,D,CNY,EUR,SP00,A,2021-11-23,7.1943
EXR.D.CNY.EUR.SP00.A,D,CNY,EUR,SP00,A,2021-11-24,7.16
EXR.D.CNY.EUR.SP00.A,D,CNY,EUR,SP00,A,2021-11-25,7.1676
EXR.D.CNY.EUR.SP00.A,D,CNY,EUR,SP00,A,2021-11-26,7.2149
EXR.D.CNY.EUR.SP00.A,D,CNY,EUR,SP00,A,2021-11-29,7.2002
EXR.D.CNY.EUR.SP00.A,D,CNY,EUR,SP00,A,2021-11-30,7.2395
EXR.D.CNY.EUR.SP00.A,D,CNY,EUR,SP00,A,2021-12-01,7.2065
EXR.D.CNY.EUR.SP00.A,D,CNY,EUR,SP00,A,2021-12-02,7.2297
EXR.D.CNY.EUR.SP00.A,D,CNY,EUR,SP00,A,2021-12-03,7.1935
EXR.D.CNY.EUR.SP00.A,D,CNY,EUR,SP00,A,2021-12-06,7.1986
EXR.D.CNY.EUR.SP00.A,D,CNY,EUR,SP00,A,2021-12-07,7.1671
EXR.D.CNY.EUR.SP00.A,D,CNY,EUR,SP00,A,2021-12-08,7.1726
EXR.D.CNY.EUR.SP00.A,D,CNY,EUR,SP00,A,2021-12-09,7.2114
EXR.D.CNY.EUR.SP00.A,D,CNY,EUR,SP00,A,2021-12-10,7.1814
EXR.D.CNY.EUR.SP00.A,D,CNY,EUR,SP00,A,2021-12-13,7.1777
EXR.D.CNY.EUR.SP00.A,D,CNY,EUR,SP00,A,2021-12-14,7.1956
EXR.D.CNY.EUR.SP00.A,D,CNY,EUR,SP00,A,2021-12-15,7.1691
EXR.D.CNY.EUR.SP00.A,D,CNY,EUR,SP00,A,2021-12-16,7.2183
EXR.D.CNY.EUR.SP00.A,D,CNY,EUR,SP00,A,2021-12-17,7.2234
EXR.D.CNY.EUR.SP00.A,D,CNY,EUR,SP00,A,2021-12-20,7.1882
EXR.D.CNY.EUR.SP00.A,D,CNY,EUR,SP00,A,2021-12-21,7.1965
EXR.D.CNY.EUR.SP00.A,D,CNY,EUR,SP00,A,2021-12-22,7.1999
EXR.D.CNY.EUR.SP00.A,D,CNY,EUR,SP00,A,2021-12-23,7.2056
EXR.D.CNY.EUR.SP00.A,D,CNY,EUR,SP00,A,2021-12-24,7.2064
EXR.D.CNY.EUR.SP00.A,D,CNY,EUR,SP00,A,2021-12-27,7.2087
EXR.D.CNY.EUR.SP00.A,D,CNY,EUR,SP00,A,2021-12-28,7.2159
EXR.D.CNY.EUR.SP00.A,D,CNY,EUR,SP00,A,2021-12-29,7.1994
EXR.D.CNY.EUR.SP00.A,D,CNY,EUR,SP00,A,2021-12-30,7.223
EXR.D.CNY.EUR.SP00.A,D,CNY,EUR,SP00,A,2021-12-31,7.1947
EXR.D.CNY.EUR.SP00.A,D,CNY,EUR,SP00,A,2022-01-03,7.2174
EXR.D.CNY.EUR.SP00.A,D,CNY,EUR,SP00,A,2022-01-04,7.1924
EXR.D.CNY.EUR.SP00.A,D,CNY,EUR,SP00,A,2022-01-05,7.2087
EXR.D.CNY.EUR.SP00.A,D,CNY,EUR,SP00,A,2022-01-06,7.2187
EXR.D.CNY.EUR.SP00.A,D,CNY,EUR,SP00,A,2022-01-07,7.206
EXR.D.CNY.EUR.SP00.A,D,CNY,EUR,SP00,A,2022-01-10,7.2128
EXR.D.CNY.EUR.SP00.A,D,CNY,EUR,SP00,A,2022-01-11,7.2255
EXR.D.CNY.EUR.SP00.A,D,CNY,EUR,SP00,A,2022-01-12,7.2379
EXR.D.CNY.EUR.SP00.A,D,CNY,EUR,SP00,A,2022-01-13,7.2913
EXR.D.CNY.EUR.SP00.A,D,CNY,EUR,SP00,A,2022-01-14,7.2728
EXR.D.CNY.EUR.SP00.A,D,CNY,EUR,SP00,A,2022-01-17,7.2402
EXR.D.CNY.EUR.SP00.A,D,CNY,EUR,SP00,A,2022-01-18,7.2212
EXR.D.CNY.EUR.SP00.A,D,CNY,EUR,SP00,A,2022-01-19,7.2003
EXR.D.CNY.EUR.SP00.A,D,CNY,EUR,SP00,A,2022-01-20,7.1936
EXR.D.CNY.EUR.SP00.A,D,CNY,EUR,SP00,A,2022-01-21,7.1946
EXR.D.CNY.EUR.SP00.A,D,CNY,EUR,SP00,A,2022-01-24,7.1533
EXR.D.CNY.EUR.SP00.A,D,CNY,EUR,SP00,A,2022-01-25,7.1325
EXR.D.CNY.EUR.SP00.A,D,CNY,EUR,SP00,A,2022-01-26,7.1293
EXR.D.CNY.EUR.SP00.A,D,CNY,EUR,SP00,A,2022-01-27,7.1061
EXR.D.CNY.EUR.SP00.A,D,CNY,EUR,SP00,A,2022-01-28,7.0857
EXR.D.CNY.EUR.SP00.A,D,CNY,EUR,SP00,A,2022-01-31,7.0963
EXR.D.CNY.EUR.SP00.A,D,CNY,EUR,SP00,A,2022-02-01,7.1625
EXR.D.CNY.EUR.SP00.A,D,CNY,EUR,SP00,A,2022-02-02,7.2026
EXR.D.CNY.EUR.SP00.A,D,CNY,EUR,SP00,A,2022-02-03,7.1795
EXR.D.CNY.EUR.SP00.A,D,CNY,EUR,SP00,A,2022-02-04,7.2923
EXR.D.CNY.EUR.SP00.A,D,CNY,EUR,SP00,A,2022-02-07,7.2807
EXR.D.CNY.EUR.SP00.A,D,CNY,EUR,SP00,A,2022-02-08,7.2636
EXR.D.CNY.EUR.SP00.A,D,CNY,EUR,SP00,A,2022-02-09,7.2759
EXR.D.CNY.EUR.SP00.A,D,CNY,EUR,SP00,A,2022-02-10,7.2722
EXR.D.CNY.EUR.SP00.A,D,CNY,EUR,SP00,A,2022-02-11,7.2564
EXR.D.CNY.EUR.SP00.A,D,CNY,EUR,SP00,A,2022-02-14,7.1937
EXR.D.CNY.EUR.SP00.A,D,CNY,EUR,SP00,A,2022-02-15,7.1969
EXR.D.CNY.EUR.SP00.A,D,CNY,EUR,SP00,A,2022-02-16,7.2101
EXR.D.CNY.EUR.SP00.A,D,CNY,EUR,SP00,A,2022-02-17,7.206
EXR.D.CNY.EUR.SP00.A,D,CNY,EUR,SP00,A,2022-02-18,7.184
EXR.D.CNY.EUR.SP00.A,D,CNY,EUR,SP00,A,2022-02-21,7.1831
EXR.D.CNY.EUR.SP00.A,D,CNY,EUR,SP00,A,2022-02-22,7.1771
EXR.D.CNY.EUR.SP00.A,D,CNY,EUR,SP00,A,2022-02-23,7.1669
EXR.D.CNY.EUR.SP00.A,D,CNY,EUR,SP00,A,2022-02-24,7.0601
EXR.D.CNY.EUR.SP00.A,D,CNY,EUR,SP00,A,2022-02-25,7.0828
EXR.D.CNY.EUR.SP00.A,D,CNY,EUR,SP00,A,2022-02-28,7.067
EXR.D.CNY.EUR.SP00.A,D,CNY,EUR,SP00,A,2022-03-01,7.0462
EXR.D.CNY.EUR.SP00.A,D,CNY,EUR,SP00,A,2022-03-02,7.0153
EXR.D.CNY.EUR.SP00.A,D,CNY,EUR,SP00,A,2022-03-03,6.9996
EXR.D.CNY.EUR.SP00.A,D,CNY,EUR,SP00,A,2022-03-04,6.9065
EXR.D.CNY.EUR.SP00.A,D,CNY,EUR,SP00,A,2022-03-07,6.8846
EXR.D.CNY.EUR.SP00.A,D,CNY,EUR,SP00,A,2022-03-08,6.8805
EXR.D.CNY.EUR.SP00.A,D,CNY,EUR,SP00,A,2022-03-09,6.9454
EXR.D.CNY.EUR.SP00.A,D,CNY,EUR,SP00,A,2022-03-10,7.0063
EXR.D.CNY.EUR.SP00.A,D,CNY,EUR,SP00,A,2022-03-11,6.9633
EXR.D.CNY.EUR.SP00.A,D,CNY,EUR,SP00,A,2022-03-14,6.9738
EXR.D.CNY.EUR.SP00.A,D,CNY,EUR,SP00,A,2022-03-15,7.0117
EXR.D.CNY.EUR.SP00.A,D,CNY,EUR,SP00,A,2022-03-16,6.9817
EXR.D.CNY.EUR.SP00.A,D,CNY,EUR,SP00,A,2022-03-17,7.0176
EXR.D.CNY.EUR.SP00.A,D,CNY,EUR,SP00,A,2022-03-18,7.0031
EXR.D.CNY.EUR.SP00.A,D,CNY,EUR,SP00,A,2022-03-21,7.0152
EXR.D.CNY.EUR.SP00.A,D,CNY,EUR,SP00,A,2022-03-22,7.0137
EXR.D.CNY.EUR.SP00.A,D,CNY,EUR,SP00,A,2022-03-23,7.0003
EXR.D.CNY.EUR.SP00.A,D,CNY,EUR,SP00,A,2022-03-24,6.9933
EXR.D.CNY.EUR.SP00.A,D,CNY,EUR,SP00,A,2022-03-25,7.0007
EXR.D.CNY.EUR.SP00.A,D,CNY,EUR,SP00,A,2022-03-28,6.9862
EXR.D.CNY.EUR.SP00.A,D,CNY,EUR,SP00,A,2022-03-29,7.055
EXR.D.CNY.EUR.SP00.A,D,CNY,EUR,SP00,A,2022-03-30,7.0666
EXR.D.CNY.EUR.SP00.A,D,CNY,EUR,SP00,A,2022-03-31,7.0403
EXR.D.CNY.EUR.SP00.A,D,CNY,EUR,SP00,A,2022-04-01,7.0311
EXR.D.CNY.EUR.SP00.A,D,CNY,EUR,SP00,A,2022-04-04,7.0026
EXR.D.CNY.EUR.SP00.A,D,CNY,EUR,SP00,A,2022-04-05,6.9783
EXR.D.CNY.EUR.SP00.A,D,CNY,EUR,SP00,A,2022-04-06,6.9498
EXR.D.CNY.EUR.SP00.A,D,CNY,EUR,SP00,A,2022-04-07,6.9448
EXR.D.CNY.EUR.SP00.A,D,CNY,EUR,SP00,A,2022-04-08,6.9115
EXR.D.CNY.EUR.SP00.A,D,CNY,EUR,SP00,A,2022-04-11,6.9405
EXR.D.CNY.EUR.SP00.A,D,CNY,EUR,SP00,A,2022-04-12,6.9199
EXR.D.CNY.EUR.SP00.A,D,CNY,EUR,SP00,A,2022-04-13,6.8939
EXR.D.CNY.EUR.SP00.A,D,CNY,EUR,SP00,A,2022-04-14,6.932
EXR.D.CNY.EUR.SP00.A,D,CNY,EUR,SP00,A,2022-04-19,6.9008
EXR.D.CNY.EUR.SP00.A,D,CNY,EUR,SP00,A,2022-04-20,6.9448
EXR.D.CNY.EUR.SP00.A,D,CNY,EUR,SP00,A,2022-04-21,7.0228
EXR.D.CNY.EUR.SP00.A,D,CNY,EUR,SP00,A,2022-04-22,7.0332
EXR.D.CNY.EUR.SP00.A,D,CNY,EUR,SP00,A,2022-04-25,7.0398
EXR.D.CNY.EUR.SP00.A,D,CNY,EUR,SP00,A,2022-04-26,6.9837
EXR.D.CNY.EUR.SP00.A,D,CNY,EUR,SP00,A,2022-04-27,6.9377
EXR.D.CNY.EUR.SP00.A,D,CNY,EUR,SP00,A,2022-04-28,6.9381
EXR.D.CNY.EUR.SP00.A,D,CNY,EUR,SP00,A,2022-04-29,6.9441
EXR.D.CNY.EUR.SP00.A,D,CNY,EUR,SP00,A,2022-05-02,6.9548
EXR.D.CNY.EUR.SP00.A,D,CNY,EUR,SP00,A,2022-05-03,6.9759
EXR.D.CNY.EUR.SP00.A,D,CNY,EUR,SP00,A,2022-05-04,6.9594
EXR.D.CNY.EUR.SP00.A,D,CNY,EUR,SP00,A,2022-05-05,6.9944
EXR.D.CNY.EUR.SP00.A,D,CNY,EUR,SP00,A,2022-05-06,7.0506
EXR.D.CNY.EUR.SP00.A,D,CNY,EUR,SP00,A,2022-05-09,7.0886
EXR.D.CNY.EUR.SP00.A,D,CNY,EUR,SP00,A,2022-05-10,7.0967
EXR.D.CNY.EUR.SP00.A,D,CNY,EUR,SP00,A,2022-05-11,7.0893
EXR.D.CNY.EUR.SP00.A,D,CNY,EUR,SP00,A,2022-05-12,7.0691
EXR.D.CNY.EUR.SP00.A,D,CNY,EUR,SP00,A,2022-05-13,7.0513
EXR.D.CNY.EUR.SP00.A,D,CNY,EUR,SP00,A,2022-05-16,7.0786
EXR.D.CNY.EUR.SP00.A,D,CNY,EUR,SP00,A,2022-05-17,7.0899
EXR.D.CNY.EUR.SP00.A,D,CNY,EUR,SP00,A,2022-05-18,7.0972
EXR.D.CNY.EUR.SP00.A,D,CNY,EUR,SP00,A,2022-05-19,7.1028
EXR.D.CNY.EUR.SP00.A,D,CNY,EUR,SP00,A,2022-05-20,7.0638
EXR.D.CNY.EUR.SP00.A,D,CNY,EUR,SP00,A,2022-05-23,7.085
EXR.D.CNY.EUR.SP00.A,D,CNY,EUR,SP00,A,2022-05-24,7.1449
EXR.D.CNY.EUR.SP00.A,D,CNY,EUR,SP00,A,2022-05-25,7.1334
EXR.D.CNY.EUR.SP00.A,D,CNY,EUR,SP00,A,2022-05-26,7.2024
EXR.D.CNY.EUR.SP00.A,D,CNY,EUR,SP00,A,2022-05-27,7.1831
EXR.D.CNY.EUR.SP00.A,D,CNY,EUR,SP00,A,2022-05-30,7.1735
EXR.D.CNY.EUR.SP00.A,D,CNY,EUR,SP00,A,2022-05-31,7.1402
EXR.D.CNY.EUR.SP00.A,D,CNY,EUR,SP00,A,2022-06-01,7.1586
EXR.D.CNY.EUR.SP00.A,D,CNY,EUR,SP00,A,2022-06-02,7.135
EXR.D.CNY.EUR.SP00.A,D,CNY,EUR,SP00,A,2022-06-03,7.1465
EXR.D.CNY.EUR.SP00.A,D,CNY,EUR,SP00,A,2022-06-06,7.1223
EXR.D.CNY.EUR.SP00.A,D,CNY,EUR,SP00,A,2022-06-07,7.1146
EXR.D.CNY.EUR.SP00.A,D,CNY,EUR,SP00,A,2022-06-08,7.1785
EXR.D.CNY.EUR.SP00.A,D,CNY,EUR,SP00,A,2022-06-09,7.1722
EXR.D.CNY.EUR.SP00.A,D,CNY,EUR,SP00,A,2022-06-10,7.0868
EXR.D.CNY.EUR.SP00.A,D,CNY,EUR,SP00,A,2022-06-13,7.0434
EXR.D.CNY.EUR.SP00.A,D,CNY,EUR,SP00,A,2022-06-14,7.0417
EXR.D.CNY.EUR.SP00.A,D,CNY,EUR,SP00,A,2022-06-15,7.0013
EXR.D.CNY.EUR.SP00.A,D,CNY,EUR,SP00,A,2022-06-16,6.9844
EXR.D.CNY.EUR.SP00.A,D,CNY,EUR,SP00,A,2022-06-17,7.0308
EXR.D.CNY.EUR.SP00.A,D,CNY,EUR,SP00,A,2022-06-20,7.0346
EXR.D.CNY.EUR.SP00.A,D,CNY,EUR,SP00,A,2022-06-21,7.068
EXR.D.CNY.EUR.SP00.A,D,CNY,EUR,SP00,A,2022-06-22,7.0604
EXR.D.CNY.EUR.SP00.A,D,CNY,EUR,SP00,A,2022-06-23,7.0367
EXR.D.CNY.EUR.SP00.A,D,CNY,EUR,SP00,A,2022-06-24,7.0478
EXR.D.CNY.EUR.SP00.A,D,CNY,EUR,SP00,A,2022-06-27,7.0737
EXR.D.CNY.EUR.SP00.A,D,CNY,EUR,SP00,A,2022-06-28,7.0775
EXR.D.CNY.EUR.SP00.A,D,CNY,EUR,SP00,A,2022-06-29,7.0382
EXR.D.CNY.EUR.SP00.A,D,CNY,EUR,SP00,A,2022-06-30,6.9624
EXR.D.CNY.EUR.SP00.A,D,CNY,EUR,SP00,A,2022-07-01,6.987
EXR.D.CNY.EUR.SP00.A,D,CNY,EUR,SP00,A,2022-07-04,6.9977
EXR.D.CNY.EUR.SP00.A,D,CNY,EUR,SP00,A,2022-07-05,6.9029
EXR.D.CNY.EUR.SP00.A,D,CNY,EUR,SP00,A,2022-07-06,6.8289
EXR.D.CNY.EUR.SP00.A,D,CNY,EUR,SP00,A,2022-07-07,6.823
EXR.D.CNY.EUR.SP00.A,D,CNY,EUR,SP00,A,2022-07-08,6.8095
EXR.D.CNY.EUR.SP00.A,D,CNY,EUR,SP00,A,2022-07-11,6.7793
EXR.D.CNY.EUR.SP00.A,D,CNY,EUR,SP00,A,2022-07-12,6.7518
EXR.D.CNY.EUR.SP00.A,D,CNY,EUR,SP00,A,2022-07-13,6.7722
EXR.D.CNY.EUR.SP00.A,D,CNY,EUR,SP00,A,2022-07-14,6.7618
EXR.D.CNY.EUR.SP00.A,D,CNY,EUR,SP00,A,2022-07-15,6.7943
EXR.D.CNY.EUR.SP00.A,D,CNY,EUR,SP00,A,2022-07-18,6.8266
EXR.D.CNY.EUR.SP00.A,D,CNY,EUR,SP00,A,2022-07-19,6.9064
EXR.D.CNY.EUR.SP00.A,D,CNY,EUR,SP00,A,2022-07-20,6.8892
EXR.D.CNY.EUR.SP00.A,D,CNY,EUR,SP00,A,2022-07-21,6.904
EXR.D.CNY.EUR.SP00.A,D,CNY,EUR,SP00,A,2022-07-22,6.8852
EXR.D.CNY.EUR.SP00.A,D,CNY,EUR,SP00,A,2022-07-25,6.9094
EXR.D.CNY.EUR.SP00.A,D,CNY,EUR,SP00,A,2022-07-26,6.8451
EXR.D.CNY.EUR.SP00.A,D,CNY,EUR,SP00,A,2022-07-27,6.8534
EXR.D.CNY.EUR.SP00.A,D,CNY,EUR,SP00,A,2022-07-28,6.8325
EXR.D.CNY.EUR.SP00.A,D,CNY,EUR,SP00,A,2022-07-29,6.8705
EXR.D.CNY.EUR.SP00.A,D,CNY,EUR,SP00,A,2022-08-01,6.9105
EXR.D.CNY.EUR.SP00.A,D,CNY,EUR,SP00,A,2022-08-02,6.9117
EXR.D.CNY.EUR.SP00.A,D,CNY,EUR,SP00,A,2022-08-03,6.883
EXR.D.CNY.EUR.SP00.A,D,CNY,EUR,SP00,A,2022-08-04,6.8769
EXR.D.CNY.EUR.SP00.A,D,CNY,EUR,SP00,A,2022-08-05,6.9068
EXR.D.CNY.EUR.SP00.A,D,CNY,EUR,SP00,A,2022-08-08,6.8931
EXR.D.CNY.EUR.SP00.A,D,CNY,EUR,SP00,A,2022-08-09,6.9106
EXR.D.CNY.EUR.SP00.A,D,CNY,EUR,SP00,A,2022-08-10,6.9222
EXR.D.CNY.EUR.SP00.A,D,CNY,EUR,SP00,A,2022-08-11,6.9668
EXR.D.CNY.EUR.SP00.A,D,CNY,EUR,SP00,A,2022-08-12,6.9352
EXR.D.CNY.EUR.SP00.A,D,CNY,EUR,SP00,A,2022-08-15,6.905
EXR.D.CNY.EUR.SP00.A,D,CNY,EUR,SP00,A,2022-08-16,6.8767
EXR.D.CNY.EUR.SP00.A,D,CNY,EUR,SP00,A,2022-08-17,6.8917
EXR.D.CNY.EUR.SP00.A,D,CNY,EUR,SP00,A,2022-08-18,6.906
EXR.D.CNY.EUR.SP00.A,D,CNY,EUR,SP00,A,2022-08-19,6.8531
EXR.D.CNY.EUR.SP00.A,D,CNY,EUR,SP00,A,2022-08-22,6.8457
EXR.D.CNY.EUR.SP00.A,D,CNY,EUR,SP00,A,2022-08-23,6.7952
EXR.D.CNY.EUR.SP00.A,D,CNY,EUR,SP00,A,2022-08-24,6.822
EXR.D.CNY.EUR.SP00.A,D,CNY,EUR,SP00,A,2022-08-25,6.8317
EXR.D.CNY.EUR.SP00.A,D,CNY,EUR,SP00,A,2022-08-26,6.8671
EXR.D.CNY.EUR.SP00.A,D,CNY,EUR,SP00,A,2022-08-29,6.9044
EXR.D.CNY.EUR.SP00.A,D,CNY,EUR,SP00,A,2022-08-30,6.9233
EXR.D.CNY.EUR.SP00.A,D,CNY,EUR,SP00,A,2022-08-31,6.8947
EXR.D.CNY.EUR.SP00.A,D,CNY,EUR,SP00,A,2022-09-01,6.9017
EXR.D.CNY.EUR.SP00.A,D,CNY,EUR,SP00,A,2022-09-02,6.9031
EXR.D.CNY.EUR.SP00.A,D,CNY,EUR,SP00,A,2022-09-05,6.8768
EXR.D.CNY.EUR.SP00.A,D,CNY,EUR,SP00,A,2022-09-06,6.9091
EXR.D.CNY.EUR.SP00.A,D,CNY,EUR,SP00,A,2022-09-07,6.8968
EXR.D.CNY.EUR.SP00.A,D,CNY,EUR,SP00,A,2022-09-08,6.9564
EXR.D.CNY.EUR.SP00.A,D,CNY,EUR,SP00,A,2022-09-09,6.9543
EXR.D.CNY.EUR.SP00.A,D,CNY,EUR,SP00,A,2022-09-12,7.0348
EXR.D.CNY.EUR.SP00.A,D,CNY,EUR,SP00,A,2022-09-13,7.0467
EXR.D.CNY.EUR.SP00.A,D,CNY,EUR,SP00,A,2022-09-14,6.955
EXR.D.CNY.EUR.SP00.A,D,CNY,EUR,SP00,A,2022-09-15,6.9852
EXR.D.CNY.EUR.SP00.A,D,CNY,EUR,SP00,A,2022-09-16,6.9787
EXR.D.CNY.EUR.SP00.A,D,CNY,EUR,SP00,A,2022-09-19,7.0066
EXR.D.CNY.EUR.SP00.A,D,CNY,EUR,SP00,A,2022-09-20,7.003
EXR.D.CNY.EUR.SP00.A,D,CNY,EUR,SP00,A,2022-09-21,6.9821
EXR.D.CNY.EUR.SP00.A,D,CNY,EUR,SP00,A,2022-09-22,6.9804
EXR.D.CNY.EUR.SP00.A,D,CNY,EUR,SP00,A,2022-09-23,6.9442
EXR.D.CNY.EUR.SP00.A,D,CNY,EUR,SP00,A,2022-09-26,6.9075
EXR.D.CNY.EUR.SP00.A,D,CNY,EUR,SP00,A,2022-09-27,6.9156
EXR.D.CNY.EUR.SP00.A,D,CNY,EUR,SP00,A,2022-09-28,6.9199
EXR.D.CNY.EUR.SP00.A,D,CNY,EUR,SP00,A,2022-09-29,6.9223
EXR.D.CNY.EUR.SP00.A,D,CNY,EUR,SP00,A,2022-09-30,6.9368
EXR.D.CNY.EUR.SP00.A,D,CNY,EUR,SP00,A,2022-10-03,6.9481
EXR.D.CNY.EUR.SP00.A,D,CNY,EUR,SP00,A,2022-10-04,7.0384
EXR.D.CNY.EUR.SP00.A,D,CNY,EUR,SP00,A,2022-10-05,7.0555
EXR.D.CNY.EUR.SP00.A,D,CNY,EUR,SP00,A,2022-10-06,7.0164
EXR.D.CNY.EUR.SP00.A,D,CNY,EUR,SP00,A,2022-10-07,6.9715
EXR.D.CNY.EUR.SP00.A,D,CNY,EUR,SP00,A,2022-10-10,6.9344
EXR.D.CNY.EUR.SP00.A,D,CNY,EUR,SP00,A,2022-10-11,6.9669
EXR.D.CNY.EUR.SP00.A,D,CNY,EUR,SP00,A,2022-10-12,6.9603
EXR.D.CNY.EUR.SP00.A,D,CNY,EUR,SP00,A,2022-10-13,6.9945
EXR.D.CNY.EUR.SP00.A,D,CNY,EUR,SP00,A,2022-10-14,6.9952
EXR.D.CNY.EUR.SP00.A,D,CNY,EUR,SP00,A,2022-10-17,7.013
EXR.D.CNY.EUR.SP00.A,D,CNY,EUR,SP00,A,2022-10-18,7.0805
EXR.D.CNY.EUR.SP00.A,D,CNY,EUR,SP00,A,2022-10-19,7.0672
EXR.D.CNY.EUR.SP00.A,D,CNY,EUR,SP00,A,2022-10-20,7.0858
EXR.D.CNY.EUR.SP00.A,D,CNY,EUR,SP00,A,2022-10-21,7.0504
EXR.D.CNY.EUR.SP00.A,D,CNY,EUR,SP00,A,2022-10-24,7.1544
EXR.D.CNY.EUR.SP00.A,D,CNY,EUR,SP00,A,2022-10-25,7.2072
EXR.D.CNY.EUR.SP00.A,D,CNY,EUR,SP00,A,2022-10-26,7.1948
EXR.D.CNY.EUR.SP00.A,D,CNY,EUR,SP00,A,2022-10-27,7.2552
EXR.D.CNY.EUR.SP00.A,D,CNY,EUR,SP00,A,2022-10-28,7.2159
EXR.D.CNY.EUR.SP00.A,D,CNY,EUR,SP00,A,2022-10-31,7.238
EXR.D.CNY.EUR.SP00.A,D,CNY,EUR,SP00,A,2022-11-01,7.2165
EXR.D.CNY.EUR.SP00.A,D,CNY,EUR,SP00,A,2022-11-02,7.2156
EXR.D.CNY.EUR.SP00.A,D,CNY,EUR,SP00,A,2022-11-03,7.1367
EXR.D.CNY.EUR.SP00.A,D,CNY,EUR,SP00,A,2022-11-04,7.0894
EXR.D.CNY.EUR.SP00.A,D,CNY,EUR,SP00,A,2022-11-07,7.2189
EXR.D.CNY.EUR.SP00.A,D,CNY,EUR,SP00,A,2022-11-08,7.2495
EXR.D.CNY.EUR.SP00.A,D,CNY,EUR,SP00,A,2022-11-09,7.2813
EXR.D.CNY.EUR.SP00.A,D,CNY,EUR,SP00,A,2022-11-10,7.2184
EXR.D.CNY.EUR.SP00.A,D,CNY,EUR,SP00,A,2022-11-11,7.3267
EXR.D.CNY.EUR.SP00.A,D,CNY,EUR,SP00,A,2022-11-14,7.2906
EXR.D.CNY.EUR.SP00.A,D,CNY,EUR,SP00,A,2022-11-15,7.3299
EXR.D.CNY.EUR.SP00.A,D,CNY,EUR,SP00,A,2022-11-16,7.372
EXR.D.CNY.EUR.SP00.A,D,CNY,EUR,SP00,A,2022-11-17,7.3859
EXR.D.CNY.EUR.SP00.A,D,CNY,EUR,SP00,A,2022-11-18,7.379
EXR.D.CNY.EUR.SP00.A,D,CNY,EUR,SP00,A,2022-11-21,7.3419
EXR.D.CNY.EUR.SP00.A,D,CNY,EUR,SP00,A,2022-11-22,7.3344
EXR.D.CNY.EUR.SP00.A,D,CNY,EUR,SP00,A,2022-11-23,7.3982
EXR.D.CNY.EUR.SP00.A,D,CNY,EUR,SP00,A,2022-11-24,7.4442
EXR.D.CNY.EUR.SP00.A,D,CNY,EUR,SP00,A,2022-11-25,7.4425
EXR.D.CNY.EUR.SP00.A,D,CNY,EUR,SP00,A,2022-11-28,7.5326
EXR.D.CNY.EUR.SP00.A,D,CNY,EUR,SP00,A,2022-11-29,7.4289
EXR.D.CNY.EUR.SP00.A,D,CNY,EUR,SP00,A,2022-11-30,7.3437
EXR.D.CNY.EUR.SP00.A,D,CNY,EUR,SP00,A,2022-12-01,7.3965
EXR.D.CNY.EUR.SP00.A,D,CNY,EUR,SP00,A,2022-12-02,7.3971
EXR.D.CNY.EUR.SP00.A,D,CNY,EUR,SP00,A,2022-12-05,7.3573
EXR.D.CNY.EUR.SP00.A,D,CNY,EUR,SP00,A,2022-12-06,7.3494
EXR.D.CNY.EUR.SP00.A,D,CNY,EUR,SP00,A,2022-12-07,7.3476
EXR.D.CNY.EUR.SP00.A,D,CNY,EUR,SP00,A,2022-12-08,7.3324
EXR.D.CNY.EUR.SP00.A,D,CNY,EUR,SP00,A,2022-12-09,7.3475
EXR.D.CNY.EUR.SP00.A,D,CNY,EUR,SP00,A,2022-12-12,7.367
EXR.D.CNY.EUR.SP00.A,D,CNY,EUR,SP00,A,2022-12-13,7.3637
EXR.D.CNY.EUR.SP00.A,D,CNY,EUR,SP00,A,2022-12-14,7.4009
EXR.D.CNY.EUR.SP00.A,D,CNY,EUR,SP00,A,2022-12-15,7.4007
EXR.D.CNY.EUR.SP00.A,D,CNY,EUR,SP00,A,2022-12-16,7.4037
EXR.D.CNY.EUR.SP00.A,D,CNY,EUR,SP00,A,2022-12-19,7.3901
EXR.D.CNY.EUR.SP00.A,D,CNY,EUR,SP00,A,2022-12-20,7.39
EXR.D.CNY.EUR.SP00.A,D,CNY,EUR,SP00,A,2022-12-21,7.4219
EXR.D.CNY.EUR.SP00.A,D,CNY,EUR,SP00,A,2022-12-22,7.4229
EXR.D.CNY.EUR.SP00.A,D,CNY,EUR,SP00,A,2022-12-23,7.4198
EXR.D.CNY.EUR.SP00.A,D,CNY,EUR,SP00,A,2022-12-27,7.3994
EXR.D.CNY.EUR.SP00.A,D,CNY,EUR,SP00,A,2022-12-28,7.4224
EXR.D.CNY.EUR.SP00.A,D,CNY,EUR,SP00,A,2022-12-29,7.4151
EXR.D.CNY.EUR.SP00.A,D,CNY,EUR,SP00,A,2022-12-30,7.3582
EXR.D.CNY.EUR.SP00.A,D,CNY,EUR,SP00,A,2023-01-02,7.3698
EXR.D.CNY.EUR.SP00.A,D,CNY,EUR,SP00,A,2023-01-03,7.2863
EXR.D.CNY.EUR.SP00.A,D,CNY,EUR,SP00,A,2023-01-04,7.2985
EXR.D.CNY.EUR.SP00.A,D,CNY,EUR,SP00,A,2023-01-05,7.2863
EXR.D.CNY.EUR.SP00.A,D,CNY,EUR,SP00,A,2023-01-06,7.2045
EXR.D.CNY.EUR.SP00.A,D,CNY,EUR,SP00,A,2023-01-09,7.2546
EXR.D.CNY.EUR.SP00.A,D,CNY,EUR,SP00,A,2023-01-10,7.2732
EXR.D.CNY.EUR.SP00.A,D,CNY,EUR,SP00,A,2023-01-11,7.2807
EXR.D.CNY.EUR.SP00.A,D,CNY,EUR,SP00,A,2023-01-12,7.27
EXR.D.CNY.EUR.SP00.A,D,CNY,EUR,SP00,A,2023-01-13,7.2729
EXR.D.CNY.EUR.SP00.A,D,CNY,EUR,SP00,A,2023-01-16,7.2791
EXR.D.CNY.EUR.SP00.A,D,CNY,EUR,SP00,A,2023-01-17,7.3473
EXR.D.CNY.EUR.SP00.A,D,CNY,EUR,SP00,A,2023-01-18,7.3193
EXR.D.CNY.EUR.SP00.A,D,CNY,EUR,SP00,A,2023-01-19,7.3424
EXR.D.CNY.EUR.SP00.A,D,CNY,EUR,SP00,A,2023-01-20,7.3425
EXR.D.CNY.EUR.SP00.A,D,CNY,EUR,SP00,A,2023-01-23,7.373
EXR.D.CNY.EUR.SP00.A,D,CNY,EUR,SP00,A,2023-01-24,7.3642
EXR.D.CNY.EUR.SP00.A,D,CNY,EUR,SP00,A,2023-01-25,7.3778
EXR.D.CNY.EUR.SP00.A,D,CNY,EUR,SP00,A,2023-01-26,7.3893
EXR.D.CNY.EUR.SP00.A,D,CNY,EUR,SP00,A,2023-01-27,7.369
EXR.D.CNY.EUR.SP00.A,D,CNY,EUR,SP00,A,2023-01-30,7.3601
EXR.D.CNY.EUR.SP00.A,D,CNY,EUR,SP00,A,2023-01-31,7.3198
EXR.D.CNY.EUR.SP00.A,D,CNY,EUR,SP00,A,2023-02-01,7.3452
EXR.D.CNY.EUR.SP00.A,D,CNY,EUR,SP00,A,2023-02-02,7.3878
EXR.D.CNY.EUR.SP00.A,D,CNY,EUR,SP00,A,2023-02-03,7.3689
EXR.D.CNY.EUR.SP00.A,D,CNY,EUR,SP00,A,2023-02-06,7.309
EXR.D.CNY.EUR.SP00.A,D,CNY,EUR,SP00,A,2023-02-07,7.2608
EXR.D.CNY.EUR.SP00.A,D,CNY,EUR,SP00,A,2023-02-08,7.2841
EXR.D.CNY.EUR.SP00.A,D,CNY,EUR,SP00,A,2023-02-09,7.2992
EXR.D.CNY.EUR.SP00.A,D,CNY,EUR,SP00,A,2023-02-10,7.2837
EXR.D.CNY.EUR.SP00.A,D,CNY,EUR,SP00,A,2023-02-13,7.293
EXR.D.CNY.EUR.SP00.A,D,CNY,EUR,SP00,A,2023-02-14,7.3314
EXR.D.CNY.EUR.SP00.A,D,CNY,EUR,SP00,A,2023-02-15,7.3229
EXR.D.CNY.EUR.SP00.A,D,CNY,EUR,SP00,A,2023-02-16,7.3351
EXR.D.CNY.EUR.SP00.A,D,CNY,EUR,SP00,A,2023-02-17,7.3081
EXR.D.CNY.EUR.SP00.A,D,CNY,EUR,SP00,A,2023-02-20,7.3191
EXR.D.CNY.EUR.SP00.A,D,CNY,EUR,SP00,A,2023-02-21,7.3372
EXR.D.CNY.EUR.SP00.A,D,CNY,EUR,SP00,A,2023-02-22,7.3367
EXR.D.CNY.EUR.SP00.A,D,CNY,EUR,SP00,A,2023-02-23,7.3227
EXR.D.CNY.EUR.SP00.A,D,CNY,EUR,SP00,A,2023-02-24,7.3398
EXR.D.CNY.EUR.SP00.A,D,CNY,EUR,SP00,A,2023-02-27,7.3378
EXR.D.CNY.EUR.SP00.A,D,CNY,EUR,SP00,A,2023-02-28,7.3663
EXR.D.CNY.EUR.SP00.A,D,CNY,EUR,SP00,A,2023-03-01,7.3349
EXR.D.CNY.EUR.SP00.A,D,CNY,EUR,SP00,A,2023-03-02,7.3285
EXR.D.CNY.EUR.SP00.A,D,CNY,EUR,SP00,A,2023-03-03,7.3326
EXR.D.CNY.EUR.SP00.A,D,CNY,EUR,SP00,A,2023-03-06,7.3802
EXR.D.CNY.EUR.SP00.A,D,CNY,EUR,SP00,A,2023-03-07,7.3975
EXR.D.CNY.EUR.SP00.A,D,CNY,EUR,SP00,A,2023-03-08,7.3315
EXR.D.CNY.EUR.SP00.A,D,CNY,EUR,SP00,A,2023-03-09,7.3515
EXR.D.CNY.EUR.SP00.A,D,CNY,EUR,SP00,A,2023-03-10,7.3594
EXR.D.CNY.EUR.SP00.A,D,CNY,EUR,SP00,A,2023-03-13,7.3413
EXR.D.CNY.EUR.SP00.A,D,CNY,EUR,SP00,A,2023-03-14,7.3758
EXR.D.CNY.EUR.SP00.A,D,CNY,EUR,SP00,A,2023-03-15,7.2865
EXR.D.CNY.EUR.SP00.A,D,CNY,EUR,SP00,A,2023-03-16,7.3045
EXR.D.CNY.EUR.SP00.A,D,CNY,EUR,SP00,A,2023-03-17,7.3117
EXR.D.CNY.EUR.SP00.A,D,CNY,EUR,SP00,A,2023-03-20,7.3739
EXR.D.CNY.EUR.SP00.A,D,CNY,EUR,SP00,A,2023-03-21,7.4058
EXR.D.CNY.EUR.SP00.A,D,CNY,EUR,SP00,A,2023-03-22,7.4238
EXR.D.CNY.EUR.SP00.A,D,CNY,EUR,SP00,A,2023-03-23,7.4312
EXR.D.CNY.EUR.SP00.A,D,CNY,EUR,SP00,A,2023-03-24,7.3826
EXR.D.CNY.EUR.SP00.A,D,CNY,EUR,SP00,A,2023-03-27,7.4131
EXR.D.CNY.EUR.SP00.A,D,CNY,EUR,SP00,A,2023-03-28,7.4554
EXR.D.CNY.EUR.SP00.A,D,CNY,EUR,SP00,A,2023-03-29,7.4679
EXR.D.CNY.EUR.SP00.A,D,CNY,EUR,SP00,A,2023-03-30,7.4898
EXR.D.CNY.EUR.SP00.A,D,CNY,EUR,SP00,A,2023-03-31,7.4763
EXR.D.CNY.EUR.SP00.A,D,CNY,EUR,SP00,A,2023-04-03,7.4832
EXR.D.CNY.EUR.SP00.A,D,CNY,EUR,SP00,A,2023-04-04,7.5034
EXR.D.CNY.EUR.SP00.A,D,CNY,EUR,SP00,A,2023-04-05,7.5265
EXR.D.CNY.EUR.SP00.A,D,CNY,EUR,SP00,A,2023-04-06,7.5014
EXR.D.CNY.EUR.SP00.A,D,CNY,EUR,SP00,A,2023-04-11,7.508
EXR.D.CNY.EUR.SP00.A,D,CNY,EUR,SP00,A,2023-04-12,7.5183
EXR.D.CNY.EUR.SP00.A,D,CNY,EUR,SP00,A,2023-04-13,7.5758
EXR.D.CNY.EUR.SP00.A,D,CNY,EUR,SP00,A,2023-04-14,7.5761
EXR.D.CNY.EUR.SP00.A,D,CNY,EUR,SP00,A,2023-04-17,7.5433
EXR.D.CNY.EUR.SP00.A,D,CNY,EUR,SP00,A,2023-04-18,7.5436
EXR.D.CNY.EUR.SP00.A,D,CNY,EUR,SP00,A,2023-04-19,7.5406
EXR.D.CNY.EUR.SP00.A,D,CNY,EUR,SP00,A,2023-04-20,7.5298
EXR.D.CNY.EUR.SP00.A,D,CNY,EUR,SP00,A,2023-04-21,7.5619
EXR.D.CNY.EUR.SP00.A,D,CNY,EUR,SP00,A,2023-04-24,7.5837
EXR.D.CNY.EUR.SP00.A,D,CNY,EUR,SP00,A,2023-04-25,7.6289
EXR.D.CNY.EUR.SP00.A,D,CNY,EUR,SP00,A,2023-04-26,7.6424
EXR.D.CNY.EUR.SP00.A,D,CNY,EUR,SP00,A,2023-04-27,7.6454
EXR.D.CNY.EUR.SP00.A,D,CNY,EUR,SP00,A,2023-04-28,7.5979
EXR.D.CNY.EUR.SP00.A,D,CNY,EUR,SP00,A,2023-05-02,7.5791
EXR.D.CNY.EUR.SP00.A,D,CNY,EUR,SP00,A,2023-05-03,7.633
EXR.D.CNY.EUR.SP00.A,D,CNY,EUR,SP00,A,2023-05-04,7.6538
EXR.D.CNY.EUR.SP00.A,D,CNY,EUR,SP00,A,2023-05-05,7.6112
EXR.D.CNY.EUR.SP00.A,D,CNY,EUR,SP00,A,2023-05-08,7.6347
EXR.D.CNY.EUR.SP00.A,D,CNY,EUR,SP00,A,2023-05-09,7.5853
EXR.D.CNY.EUR.SP00.A,D,CNY,EUR,SP00,A,2023-05-10,7.5818
EXR.D.CNY.EUR.SP00.A,D,CNY,EUR,SP00,A,2023-05-11,7.5817
EXR.D.CNY.EUR.SP00.A,D,CNY,EUR,SP00,A,2023-05-12,7.5722
EXR.D.CNY.EUR.SP00.A,D,CNY,EUR,SP00,A,2023-05-15,7.5621
EXR.D.CNY.EUR.SP00.A,D,CNY,EUR,SP00,A,2023-05-16,7.5793
EXR.D.CNY.EUR.SP00.A,D,CNY,EUR,SP00,A,2023-05-17,7.5762
EXR.D.CNY.EUR.SP00.A,D,CNY,EUR,SP00,A,2023-05-18,7.5983
EXR.D.CNY.EUR.SP00.A,D,CNY,EUR,SP00,A,2023-05-19,7.5766
EXR.D.CNY.EUR.SP00.A,D,CNY,EUR,SP00,A,2023-05-22,7.6067
EXR.D.CNY.EUR.SP00.A,D,CNY,EUR,SP00,A,2023-05-23,7.6039
EXR.D.CNY.EUR.SP00.A,D,CNY,EUR,SP00,A,2023-05-24,7.6005
EXR.D.CNY.EUR.SP00.A,D,CNY,EUR,SP00,A,2023-05-25,7.5891
EXR.D.CNY.EUR.SP00.A,D,CNY,EUR,SP00,A,2023-05-26,7.5874
EXR.D.CNY.EUR.SP00.A,D,CNY,EUR,SP00,A,2023-05-29,7.582
EXR.D.CNY.EUR.SP00.A,D,CNY,EUR,SP00,A,2023-05-30,7.599
EXR.D.CNY.EUR.SP00.A,D,CNY,EUR,SP00,A,2023-05-31,7.5926
EXR.D.CNY.EUR.SP00.A,D,CNY,EUR,SP00,A,2023-06-01,7.6066
EXR.D.CNY.EUR.SP00.A,D,CNY,EUR,SP00,A,2023-06-02,7.6065
EXR.D.CNY.EUR.SP00.A,D,CNY,EUR,SP00,A,2023-06-05,7.6062
EXR.D.CNY.EUR.SP00.A,D,CNY,EUR,SP00,A,2023-06-06,7.604
EXR.D.CNY.EUR.SP00.A,D,CNY,EUR,SP00,A,2023-06-07,7.6235
EXR.D.CNY.EUR.SP00.A,D,CNY,EUR,SP00,A,2023-06-08,7.6541
EXR.D.CNY.EUR.SP00.A,D,CNY,EUR,SP00,A,2023-06-09,7.6839
EXR.D.CNY.EUR.SP00.A,D,CNY,EUR,SP00,A,2023-06-12,7.6888
EXR.D.CNY.EUR.SP00.A,D,CNY,EUR,SP00,A,2023-06-13,7.7167
EXR.D.CNY.EUR.SP00.A,D,CNY,EUR,SP00,A,2023-06-14,7.7363
EXR.D.CNY.EUR.SP00.A,D,CNY,EUR,SP00,A,2023-06-15,7.7491
EXR.D.CNY.EUR.SP00.A,D,CNY,EUR,SP00,A,2023-06-16,7.81
EXR.D.CNY.EUR.SP00.A,D,CNY,EUR,SP00,A,2023-06-19,7.8182
EXR.D.CNY.EUR.SP00.A,D,CNY,EUR,SP00,A,2023-06-20,7.8462
EXR.D.CNY.EUR.SP00.A,D,CNY,EUR,SP00,A,2023-06-21,7.8519
EXR.D.CNY.EUR.SP00.A,D,CNY,EUR,SP00,A,2023-06-22,7.8866
EXR.D.CNY.EUR.SP00.A,D,CNY,EUR,SP00,A,2023-06-23,7.8141
EXR.D.CNY.EUR.SP00.A,D,CNY,EUR,SP00,A,2023-06-26,7.8972
EXR.D.CNY.EUR.SP00.A,D,CNY,EUR,SP00,A,2023-06-27,7.8976
EXR.D.CNY.EUR.SP00.A,D,CNY,EUR,SP00,A,2023-06-28,7.9262
EXR.D.CNY.EUR.SP00.A,D,CNY,EUR,SP00,A,2023-06-29,7.914
EXR.D.CNY.EUR.SP00.A,D,CNY,EUR,SP00,A,2023-06-30,7.8983
EXR.D.CNY.EUR.SP00.A,D,CNY,EUR,SP00,A,2023-07-03,7.9007
EXR.D.CNY.EUR.SP00.A,D,CNY,EUR,SP00,A,2023-07-04,7.8646
EXR.D.CNY.EUR.SP00.A,D,CNY,EUR,SP00,A,2023-07-05,7.8798
EXR.D.CNY.EUR.SP00.A,D,CNY,EUR,SP00,A,2023-07-06,7.882
EXR.D.CNY.EUR.SP00.A,D,CNY,EUR,SP00,A,2023-07-07,7.8773
EXR.D.CNY.EUR.SP00.A,D,CNY,EUR,SP00,A,2023-07-10,7.9291
EXR.D.CNY.EUR.SP00.A,D,CNY,EUR,SP00,A,2023-07-11,7.9143
EXR.D.CNY.EUR.SP00.A,D,CNY,EUR,SP00,A,2023-07-12,7.9274
EXR.D.CNY.EUR.SP00.A,D,CNY,EUR,SP00,A,2023-07-13,8.0098
EXR.D.CNY.EUR.SP00.A,D,CNY,EUR,SP00,A,2023-07-14,8.0076
EXR.D.CNY.EUR.SP00.A,D,CNY,EUR,SP00,A,2023-07-17,8.0457
EXR.D.CNY.EUR.SP00.A,D,CNY,EUR,SP00,A,2023-07-18,8.0745
EXR.D.CNY.EUR.SP00.A,D,CNY,EUR,SP00,A,2023-07-19,8.1014
EXR.D.CNY.EUR.SP00.A,D,CNY,EUR,SP00,A,2023-07-20,8.024
EXR.D.CNY.EUR.SP00.A,D,CNY,EUR,SP00,A,2023-07-21,7.986
EXR.D.CNY.EUR.SP00.A,D,CNY,EUR,SP00,A,2023-07-24,7.9749
EXR.D.CNY.EUR.SP00.A,D,CNY,EUR,SP00,A,2023-07-25,7.8915
EXR.D.CNY.EUR.SP00.A,D,CNY,EUR,SP00,A,2023-07-26,7.9109
EXR.D.CNY.EUR.SP00.A,D,CNY,EUR,SP00,A,2023-07-27,7.951
EXR.D.CNY.EUR.SP00.A,D,CNY,EUR,SP00,A,2023-07-28,7.8799
EXR.D.CNY.EUR.SP00.A,D,CNY,EUR,SP00,A,2023-07-31,7.8808
EXR.D.CNY.EUR.SP00.A,D,CNY,EUR,SP00,A,2023-08-01,7.862
EXR.D.CNY.EUR.SP00.A,D,CNY,EUR,SP00,A,2023-08-02,7.8829
EXR.D.CNY.EUR.SP00.A,D,CNY,EUR,SP00,A,2023-08-03,7.8397
EXR.D.CNY.EUR.SP00.A,D,CNY,EUR,SP00,A,2023-08-04,7.8661
EXR.D.CNY.EUR.SP00.A,D,CNY,EUR,SP00,A,2023-08-07,7.8976
EXR.D.CNY.EUR.SP00.A,D,CNY,EUR,SP00,A,2023-08-08,7.895
EXR.D.CNY.EUR.SP00.A,D,CNY,EUR,SP00,A,2023-08-09,7.903
EXR.D.CNY.EUR.SP00.A,D,CNY,EUR,SP00,A,2023-08-10,7.9434
EXR.D.CNY.EUR.SP00.A,D,CNY,EUR,SP00,A,2023-08-11,7.9584
EXR.D.CNY.EUR.SP00.A,D,CNY,EUR,SP00,A,2023-08-14,7.9356
EXR.D.CNY.EUR.SP00.A,D,CNY,EUR,SP00,A,2023-08-15,7.9605
EXR.D.CNY.EUR.SP00.A,D,CNY,EUR,SP00,A,2023-08-16,7.9657
EXR.D.CNY.EUR.SP00.A,D,CNY,EUR,SP00,A,2023-08-17,7.9387
EXR.D.CNY.EUR.SP00.A,D,CNY,EUR,SP00,A,2023-08-18,7.9197
EXR.D.CNY.EUR.SP00.A,D,CNY,EUR,SP00,A,2023-08-21,7.9456
EXR.D.CNY.EUR.SP00.A,D,CNY,EUR,SP00,A,2023-08-22,7.9387
EXR.D.CNY.EUR.SP00.A,D,CNY,EUR,SP00,A,2023-08-23,7.8796
EXR.D.CNY.EUR.SP00.A,D,CNY,EUR,SP00,A,2023-08-24,7.8934
EXR.D.CNY.EUR.SP00.A,D,CNY,EUR,SP00,A,2023-08-25,7.8783
EXR.D.CNY.EUR.SP00.A,D,CNY,EUR,SP00,A,2023-08-28,7.8822
EXR.D.CNY.EUR.SP00.A,D,CNY,EUR,SP00,A,2023-08-29,7.88
EXR.D.CNY.EUR.SP00.A,D,CNY,EUR,SP00,A,2023-08-30,7.9347
EXR.D.CNY.EUR.SP00.A,D,CNY,EUR,SP00,A,2023-08-31,7.9196
EXR.D.CNY.EUR.SP00.A,D,CNY,EUR,SP00,A,2023-09-01,7.8679
EXR.D.CNY.EUR.SP00.A,D,CNY,EUR,SP00,A,2023-09-04,7.8528
EXR.D.CNY.EUR.SP00.A,D,CNY,EUR,SP00,A,2023-09-05,7.838
EXR.D.CNY.EUR.SP00.A,D,CNY,EUR,SP00,A,2023-09-06,7.8476
EXR.D.CNY.EUR.SP00.A,D,CNY,EUR,SP00,A,2023-09-07,7.8488
EXR.D.CNY.EUR.SP00.A,D,CNY,EUR,SP00,A,2023-09-08,7.8565
EXR.D.CNY.EUR.SP00.A,D,CNY,EUR,SP00,A,2023-09-11,7.823
EXR.D.CNY.EUR.SP00.A,D,CNY,EUR,SP00,A,2023-09-12,7.8115
EXR.D.CNY.EUR.SP00.A,D,CNY,EUR,SP00,A,2023-09-13,7.8144
EXR.D.CNY.EUR.SP00.A,D,CNY,EUR,SP00,A,2023-09-14,7.8093
EXR.D.CNY.EUR.SP00.A,D,CNY,EUR,SP00,A,2023-09-15,7.7561
EXR.D.CNY.EUR.SP00.A,D,CNY,EUR,SP00,A,2023-09-18,7.7796
EXR.D.CNY.EUR.SP00.A,D,CNY,EUR,SP00,A,2023-09-19,7.8111
EXR.D.CNY.EUR.SP00.A,D,CNY,EUR,SP00,A,2023-09-20,7.8059
EXR.D.CNY.EUR.SP00.A,D,CNY,EUR,SP00,A,2023-09-21,7.7695
EXR.D.CNY.EUR.SP00.A,D,CNY,EUR,SP00,A,2023-09-22,7.7766
EXR.D.CNY.EUR.SP00.A,D,CNY,EUR,SP00,A,2023-09-25,7.7728
EXR.D.CNY.EUR.SP00.A,D,CNY,EUR,SP00,A,2023-09-26,7.7517
EXR.D.CNY.EUR.SP00.A,D,CNY,EUR,SP00,A,2023-09-27,7.7031
EXR.D.CNY.EUR.SP00.A,D,CNY,EUR,SP00,A,2023-09-28,7.6986
EXR.D.CNY.EUR.SP00.A,D,CNY,EUR,SP00,A,2023-09-29,7.7352
EXR.D.CNY.EUR.SP00.A,D,CNY,EUR,SP00,A,2023-10-02,7.6885
EXR.D.CNY.EUR.SP00.A,D,CNY,EUR,SP00,A,2023-10-03,7.6439
EXR.D.CNY.EUR.SP00.A,D,CNY,EUR,SP00,A,2023-10-04,7.6644
EXR.D.CNY.EUR.SP00.A,D,CNY,EUR,SP00,A,2023-10-05,7.6856
EXR.D.CNY.EUR.SP00.A,D,CNY,EUR,SP00,A,2023-10-06,7.7162
EXR.D.CNY.EUR.SP00.A,D,CNY,EUR,SP00,A,2023-10-09,7.6784
EXR.D.CNY.EUR.SP00.A,D,CNY,EUR,SP00,A,2023-10-10,7.7238
EXR.D.CNY.EUR.SP00.A,D,CNY,EUR,SP00,A,2023-10-11,7.7433
EXR.D.CNY.EUR.SP00.A,D,CNY,EUR,SP00,A,2023-10-12,7.7514
EXR.D.CNY.EUR.SP00.A,D,CNY,EUR,SP00,A,2023-10-13,7.6902
EXR.D.CNY.EUR.SP00.A,D,CNY,EUR,SP00,A,2023-10-16,7.7058
EXR.D.CNY.EUR.SP00.A,D,CNY,EUR,SP00,A,2023-10-17,7.7288
EXR.D.CNY.EUR.SP00.A,D,CNY,EUR,SP00,A,2023-10-18,7.7278
EXR.D.CNY.EUR.SP00.A,D,CNY,EUR,SP00,A,2023-10-19,7.7233
EXR.D.CNY.EUR.SP00.A,D,CNY,EUR,SP00,A,2023-10-20,7.7489
EXR.D.CNY.EUR.SP00.A,D,CNY,EUR,SP00,A,2023-10-23,7.7529
EXR.D.CNY.EUR.SP00.A,D,CNY,EUR,SP00,A,2023-10-24,7.772
EXR.D.CNY.EUR.SP00.A,D,CNY,EUR,SP00,A,2023-10-25,7.7381
EXR.D.CNY.EUR.SP00.A,D,CNY,EUR,SP00,A,2023-10-26,7.7142
EXR.D.CNY.EUR.SP00.A,D,CNY,EUR,SP00,A,2023-10-27,7.7143
EXR.D.CNY.EUR.SP00.A,D,CNY,EUR,SP00,A,2023-10-30,7.7595
EXR.D.CNY.EUR.SP00.A,D,CNY,EUR,SP00,A,2023-10-31,7.7686
EXR.D.CNY.EUR.SP00.A,D,CNY,EUR,SP00,A,2023-11-01,7.712
EXR.D.CNY.EUR.SP00.A,D,CNY,EUR,SP00,A,2023-11-02,7.8009
EXR.D.CNY.EUR.SP00.A,D,CNY,EUR,SP00,A,2023-11-03,7.8193
EXR.D.CNY.EUR.SP00.A,D,CNY,EUR,SP00,A,2023-11-06,7.8094
EXR.D.CNY.EUR.SP00.A,D,CNY,EUR,SP00,A,2023-11-07,7.7839
EXR.D.CNY.EUR.SP00.A,D,CNY,EUR,SP00,A,2023-11-08,7.7699
EXR.D.CNY.EUR.SP00.A,D,CNY,EUR,SP00,A,2023-11-09,7.7886
EXR.D.CNY.EUR.SP00.A,D,CNY,EUR,SP00,A,2023-11-10,7.7874
EXR.D.CNY.EUR.SP00.A,D,CNY,EUR,SP00,A,2023-11-13,7.7794
EXR.D.CNY.EUR.SP00.A,D,CNY,EUR,SP00,A,2023-11-14,7.8171
EXR.D.CNY.EUR.SP00.A,D,CNY,EUR,SP00,A,2023-11-15,7.8702
EXR.D.CNY.EUR.SP00.A,D,CNY,EUR,SP00,A,2023-11-16,7.8655
EXR.D.CNY.EUR.SP00.A,D,CNY,EUR,SP00,A,2023-11-17,7.8414
EXR.D.CNY.EUR.SP00.A,D,CNY,EUR,SP00,A,2023-11-20,7.8378
EXR.D.CNY.EUR.SP00.A,D,CNY,EUR,SP00,A,2023-11-21,7.8178
EXR.D.CNY.EUR.SP00.A,D,CNY,EUR,SP00,A,2023-11-22,7.8015
EXR.D.CNY.EUR.SP00.A,D,CNY,EUR,SP00,A,2023-11-23,7.7852
EXR.D.CNY.EUR.SP00.A,D,CNY,EUR,SP00,A,2023-11-24,7.809
EXR.D.CNY.EUR.SP00.A,D,CNY,EUR,SP00,A,2023-11-27,7.8331
EXR.D.CNY.EUR.SP00.A,D,CNY,EUR,SP00,A,2023-11-28,7.8323
EXR.D.CNY.EUR.SP00.A,D,CNY,EUR,SP00,A,2023-11-29,7.8296
EXR.D.CNY.EUR.SP00.A,D,CNY,EUR,SP00,A,2023-11-30,7.8008
EXR.D.CNY.EUR.SP00.A,D,CNY,EUR,SP00,A,2023-12-01,7.7685
EXR.D.CNY.EUR.SP00.A,D,CNY,EUR,SP00,A,2023-12-04,7.758
EXR.D.CNY.EUR.SP00.A,D,CNY,EUR,SP00,A,2023-12-05,7.7269
EXR.D.CNY.EUR.SP00.A,D,CNY,EUR,SP00,A,2023-12-06,7.7148
EXR.D.CNY.EUR.SP00.A,D,CNY,EUR,SP00,A,2023-12-07,7.7058
EXR.D.CNY.EUR.SP00.A,D,CNY,EUR,SP00,A,2023-12-08,7.7179
EXR.D.CNY.EUR.SP00.A,D,CNY,EUR,SP00,A,2023-12-11,7.7206
EXR.D.CNY.EUR.SP00.A,D,CNY,EUR,SP00,A,2023-12-12,7.7447
EXR.D.CNY.EUR.SP00.A,D,CNY,EUR,SP00,A,2023-12-13,7.7426
EXR.D.CNY.EUR.SP00.A,D,CNY,EUR,SP00,A,2023-12-14,7.7866
EXR.D.CNY.EUR.SP00.A,D,CNY,EUR,SP00,A,2023-12-15,7.7812
EXR.D.CNY.EUR.SP00.A,D,CNY,EUR,SP00,A,2023-12-18,7.7893
EXR.D.CNY.EUR.SP00.A,D,CNY,EUR,SP00,A,2023-12-19,7.8231
EXR.D.CNY.EUR.SP00.A,D,CNY,EUR,SP00,A,2023-12-20,7.8121
EXR.D.CNY.EUR.SP00.A,D,CNY,EUR,SP00,A,2023-12-21,7.8426
EXR.D.CNY.EUR.SP00.A,D,CNY,EUR,SP00,A,2023-12-22,7.864
EXR.D.CNY.EUR.SP00.A,D,CNY,EUR,SP00,A,2023-12-27,7.9086
EXR.D.CNY.EUR.SP00.A,D,CNY,EUR,SP00,A,2023-12-28,7.8941
EXR.D.CNY.EUR.SP00.A,D,CNY,EUR,SP00,A,2023-12-29,7.8509
EXR.D.CNY.EUR.SP00.A,D,CNY,EUR,SP00,A,2024-01-02,7.8264
EXR.D.CNY.EUR.SP00.A,D,CNY,EUR,SP00,A,2024-01-03,7.8057
EXR.D.CNY.EUR.SP00.A,D,CNY,EUR,SP00,A,2024-01-04,7.833
EXR.D.CNY.EUR.SP00.A,D,CNY,EUR,SP00,A,2024-01-05,7.813
EXR.D.CNY.EUR.SP00.A,D,CNY,EUR,SP00,A,2024-01-08,7.8397
EXR.D.CNY.EUR.SP00.A,D,CNY,EUR,SP00,A,2024-01-09,7.8381
EXR.D.CNY.EUR.SP00.A,D,CNY,EUR,SP00,A,2024-01-10,7.8476
EXR.D.CNY.EUR.SP00.A,D,CNY,EUR,SP00,A,2024-01-11,7.8649
EXR.D.CNY.EUR.SP00.A,D,CNY,EUR,SP00,A,2024-01-12,7.8451
EXR.D.CNY.EUR.SP00.A,D,CNY,EUR,SP00,A,2024-01-15,7.8529
EXR.D.CNY.EUR.SP00.A,D,CNY,EUR,SP00,A,2024-01-16,7.8237
EXR.D.CNY.EUR.SP00.A,D,CNY,EUR,SP00,A,2024-01-17,7.8262
EXR.D.CNY.EUR.SP00.A,D,CNY,EUR,SP00,A,2024-01-18,7.8231
EXR.D.CNY.EUR.SP00.A,D,CNY,EUR,SP00,A,2024-01-19,7.8291
EXR.D.CNY.EUR.SP00.A,D,CNY,EUR,SP00,A,2024-01-22,7.8349
EXR.D.CNY.EUR.SP00.A,D,CNY,EUR,SP00,A,2024-01-23,7.7953
EXR.D.CNY.EUR.SP00.A,D,CNY,EUR,SP00,A,2024-01-24,7.7996
EXR.D.CNY.EUR.SP00.A,D,CNY,EUR,SP00,A,2024-01-25,7.8093
EXR.D.CNY.EUR.SP00.A,D,CNY,EUR,SP00,A,2024-01-26,7.7994
EXR.D.CNY.EUR.SP00.A,D,CNY,EUR,SP00,A,2024-01-29,7.7702
EXR.D.CNY.EUR.SP00.A,D,CNY,EUR,SP00,A,2024-01-30,7.7866
EXR.D.CNY.EUR.SP00.A,D,CNY,EUR,SP00,A,2024-01-31,7.7789
EXR.D.CNY.EUR.SP00.A,D,CNY,EUR,SP00,A,2024-02-01,7.7668
EXR.D.CNY.EUR.SP00.A,D,CNY,EUR,SP00,A,2024-02-02,7.8111
EXR.D.CNY.EUR.SP00.A,D,CNY,EUR,SP00,A,2024-02-05,7.735
EXR.D.CNY.EUR.SP00.A,D,CNY,EUR,SP00,A,2024-02-06,7.7231
EXR.D.CNY.EUR.SP00.A,D,CNY,EUR,SP00,A,2024-02-07,7.7529
EXR.D.CNY.EUR.SP00.A,D,CNY,EUR,SP00,A,2024-02-08,7.742
EXR.D.CNY.EUR.SP00.A,D,CNY,EUR,SP00,A,2024-02-09,7.7489
EXR.D.CNY.EUR.SP00.A,D,CNY,EUR,SP00,A,2024-02-12,7.7497
EXR.D.CNY.EUR.SP00.A,D,CNY,EUR,SP00,A,2024-02-13,7.7641
EXR.D.CNY.EUR.SP00.A,D,CNY,EUR,SP00,A,2024-02-14,7.7065
EXR.D.CNY.EUR.SP00.A,D,CNY,EUR,SP00,A,2024-02-15,7.7288
EXR.D.CNY.EUR.SP00.A,D,CNY,EUR,SP00,A,2024-02-16,7.7461
EXR.D.CNY.EUR.SP00.A,D,CNY,EUR,SP00,A,2024-02-19,7.757
EXR.D.CNY.EUR.SP00.A,D,CNY,EUR,SP00,A,2024-02-20,7.7718
EXR.D.CNY.EUR.SP00.A,D,CNY,EUR,SP00,A,2024-02-21,7.773
EXR.D.CNY.EUR.SP00.A,D,CNY,EUR,SP00,A,2024-02-22,7.7988
EXR.D.CNY.EUR.SP00.A,D,CNY,EUR,SP00,A,2024-02-23,7.7972
EXR.D.CNY.EUR.SP00.A,D,CNY,EUR,SP00,A,2024-02-26,7.81
EXR.D.CNY.EUR.SP00.A,D,CNY,EUR,SP00,A,2024-02-27,7.814
EXR.D.CNY.EUR.SP00.A,D,CNY,EUR,SP00,A,2024-02-28,7.7807
EXR.D.CNY.EUR.SP00.A,D,CNY,EUR,SP00,A,2024-02-29,7.7888
EXR.D.CNY.EUR.SP00.A,D,CNY,EUR,SP00,A,2024-03-01,7.7837
EXR.D.CNY.EUR.SP00.A,D,CNY,EUR,SP00,A,2024-03-04,7.8084
EXR.D.CNY.EUR.SP00.A,D,CNY,EUR,SP00,A,2024-03-05,7.8104
EXR.D.CNY.EUR.SP00.A,D,CNY,EUR,SP00,A,2024-03-06,7.8281
EXR.D.CNY.EUR.SP00.A,D,CNY,EUR,SP00,A,2024-03-07,7.8412
EXR.D.CNY.EUR.SP00.A,D,CNY,EUR,SP00,A,2024-03-08,7.8594
EXR.D.CNY.EUR.SP00.A,D,CNY,EUR,SP00,A,2024-03-11,7.8471
EXR.D.CNY.EUR.SP00.A,D,CNY,EUR,SP00,A,2024-03-12,7.835
EXR.D.CNY.EUR.SP00.A,D,CNY,EUR,SP00,A,2024-03-13,7.8678
EXR.D.CNY.EUR.SP00.A,D,CNY,EUR,SP00,A,2024-03-14,7.8564
EXR.D.CNY.EUR.SP00.A,D,CNY,EUR,SP00,A,2024-03-15,7.838
EXR.D.CNY.EUR.SP00.A,D,CNY,EUR,SP00,A,2024-03-18,7.8402
EXR.D.CNY.EUR.SP00.A,D,CNY,EUR,SP00,A,2024-03-19,7.814
EXR.D.CNY.EUR.SP00.A,D,CNY,EUR,SP00,A,2024-03-20,7.8058
EXR.D.CNY.EUR.SP00.A,D,CNY,EUR,SP00,A,2024-03-21,7.852
EXR.D.CNY.EUR.SP00.A,D,CNY,EUR,SP00,A,2024-03-22,7.8245
EXR.D.CNY.EUR.SP00.A,D,CNY,EUR,SP00,A,2024-03-25,7.8134
EXR.D.CNY.EUR.SP00.A,D,CNY,EUR,SP00,A,2024-03-26,7.8358
EXR.D.CNY.EUR.SP00.A,D,CNY,EUR,SP00,A,2024-03-27,7.8182
EXR.D.CNY.EUR.SP00.A,D,CNY,EUR,SP00,A,2024-03-28,7.8144
EXR.D.CNY.EUR.SP00.A,D,CNY,EUR,SP00,A,2024-04-02,7.7779
EXR.D.CNY.EUR.SP00.A,D,CNY,EUR,SP00,A,2024-04-03,7.8023
EXR.D.CNY.EUR.SP00.A,D,CNY,EUR,SP00,A,2024-04-04,7.8501
EXR.D.CNY.EUR.SP00.A,D,CNY,EUR,SP00,A,2024-04-05,7.8421
EXR.D.CNY.EUR.SP00.A,D,CNY,EUR,SP00,A,2024-04-08,7.8282
EXR.D.CNY.EUR.SP00.A,D,CNY,EUR,SP00,A,2024-04-09,7.8603
EXR.D.CNY.EUR.SP00.A,D,CNY,EUR,SP00,A,2024-04-10,7.8548
EXR.D.CNY.EUR.SP00.A,D,CNY,EUR,SP00,A,2024-04-11,7.7646
EXR.D.CNY.EUR.SP00.A,D,CNY,EUR,SP00,A,2024-04-12,7.7094
EXR.D.CNY.EUR.SP00.A,D,CNY,EUR,SP00,A,2024-04-15,7.7134
EXR.D.CNY.EUR.SP00.A,D,CNY,EUR,SP00,A,2024-04-16,7.6995
EXR.D.CNY.EUR.SP00.A,D,CNY,EUR,SP00,A,2024-04-17,7.7006
EXR.D.CNY.EUR.SP00.A,D,CNY,EUR,SP00,A,2024-04-18,7.7294
EXR.D.CNY.EUR.SP00.A,D,CNY,EUR,SP00,A,2024-04-19,7.7139
EXR.D.CNY.EUR.SP00.A,D,CNY,EUR,SP00,A,2024-04-22,7.7012
EXR.D.CNY.EUR.SP00.A,D,CNY,EUR,SP00,A,2024-04-23,7.7353
EXR.D.CNY.EUR.SP00.A,D,CNY,EUR,SP00,A,2024-04-24,7.7431
EXR.D.CNY.EUR.SP00.A,D,CNY,EUR,SP00,A,2024-04-25,7.7682
EXR.D.CNY.EUR.SP00.A,D,CNY,EUR,SP00,A,2024-04-26,7.7638
EXR.D.CNY.EUR.SP00.A,D,CNY,EUR,SP00,A,2024-04-29,7.7627
EXR.D.CNY.EUR.SP00.A,D,CNY,EUR,SP00,A,2024-04-30,7.7609
EXR.D.CNY.EUR.SP00.A,D,CNY,EUR,SP00,A,2024-05-02,7.7465
EXR.D.CNY.EUR.SP00.A,D,CNY,EUR,SP00,A,2024-05-03,7.7798
EXR.D.CNY.EUR.SP00.A,D,CNY,EUR,SP00,A,2024-05-06,7.7662
EXR.D.CNY.EUR.SP00.A,D,CNY,EUR,SP00,A,2024-05-07,7.7707
EXR.D.CNY.EUR.SP00.A,D,CNY,EUR,SP00,A,2024-05-08,7.7651
EXR.D.CNY.EUR.SP00.A,D,CNY,EUR,SP00,A,2024-05-09,7.7554
EXR.D.CNY.EUR.SP00.A,D,CNY,EUR,SP00,A,2024-05-10,7.7877
EXR.D.CNY.EUR.SP00.A,D,CNY,EUR,SP00,A,2024-05-13,7.8095
EXR.D.CNY.EUR.SP00.A,D,CNY,EUR,SP00,A,2024-05-14,7.8103
EXR.D.CNY.EUR.SP00.A,D,CNY,EUR,SP00,A,2024-05-15,7.8212
EXR.D.CNY.EUR.SP00.A,D,CNY,EUR,SP00,A,2024-05-16,7.843
EXR.D.CNY.EUR.SP00.A,D,CNY,EUR,SP00,A,2024-05-17,7.837
EXR.D.CNY.EUR.SP00.A,D,CNY,EUR,SP00,A,2024-05-20,7.856
EXR.D.CNY.EUR.SP00.A,D,CNY,EUR,SP00,A,2024-05-21,7.861
EXR.D.CNY.EUR.SP00.A,D,CNY,EUR,SP00,A,2024-05-22,7.8414
EXR.D.CNY.EUR.SP00.A,D,CNY,EUR,SP00,A,2024-05-23,7.8578
EXR.D.CNY.EUR.SP00.A,D,CNY,EUR,SP00,A,2024-05-24,7.8522
EXR.D.CNY.EUR.SP00.A,D,CNY,EUR,SP00,A,2024-05-27,7.8545
EXR.D.CNY.EUR.SP00.A,D,CNY,EUR,SP00,A,2024-05-28,7.8842
EXR.D.CNY.EUR.SP00.A,D,CNY,EUR,SP00,A,2024-05-29,7.8706
EXR.D.CNY.EUR.SP00.A,D,CNY,EUR,SP00,A,2024-05-30,7.8261
EXR.D.CNY.EUR.SP00.A,D,CNY,EUR,SP00,A,2024-05-31,7.8577
EXR.D.CNY.EUR.SP00.A,D,CNY,EUR,SP00,A,2024-06-03,7.8562
EXR.D.CNY.EUR.SP00.A,D,CNY,EUR,SP00,A,2024-06-04,7.863
EXR.D.CNY.EUR.SP00.A,D,CNY,EUR,SP00,A,2024-06-05,7.8795
EXR.D.CNY.EUR.SP00.A,D,CNY,EUR,SP00,A,2024-06-06,7.8715
EXR.D.CNY.EUR.SP00.A,D,CNY,EUR,SP00,A,2024-06-07,7.8916
EXR.D.CNY.EUR.SP00.A,D,CNY,EUR,SP00,A,2024-06-10,7.7957
EXR.D.CNY.EUR.SP00.A,D,CNY,EUR,SP00,A,2024-06-11,7.7839
EXR.D.CNY.EUR.SP00.A,D,CNY,EUR,SP00,A,2024-06-12,7.8086
EXR.D.CNY.EUR.SP00.A,D,CNY,EUR,SP00,A,2024-06-13,7.8211
EXR.D.CNY.EUR.SP00.A,D,CNY,EUR,SP00,A,2024-06-14,7.7529
EXR.D.CNY.EUR.SP00.A,D,CNY,EUR,SP00,A,2024-06-17,7.7728
EXR.D.CNY.EUR.SP00.A,D,CNY,EUR,SP00,A,2024-06-18,7.7748
EXR.D.CNY.EUR.SP00.A,D,CNY,EUR,SP00,A,2024-06-19,7.8005
EXR.D.CNY.EUR.SP00.A,D,CNY,EUR,SP00,A,2024-06-20,7.7825
EXR.D.CNY.EUR.SP00.A,D,CNY,EUR,SP00,A,2024-06-21,7.7602
EXR.D.CNY.EUR.SP00.A,D,CNY,EUR,SP00,A,2024-06-24,7.7891
EXR.D.CNY.EUR.SP00.A,D,CNY,EUR,SP00,A,2024-06-25,7.7811
EXR.D.CNY.EUR.SP00.A,D,CNY,EUR,SP00,A,2024-06-26,7.7673
EXR.D.CNY.EUR.SP00.A,D,CNY,EUR,SP00,A,2024-06-27,7.7745
EXR.D.CNY.EUR.SP00.A,D,CNY,EUR,SP00,A,2024-06-28,7.7748
EXR.D.CNY.EUR.SP00.A,D,CNY,EUR,SP00,A,2024-07-01,7.8097
EXR.D.CNY.EUR.SP00.A,D,CNY,EUR,SP00,A,2024-07-02,7.8014
EXR.D.CNY.EUR.SP00.A,D,CNY,EUR,SP00,A,2024-07-03,7.8247
EXR.D.CNY.EUR.SP00.A,D,CNY,EUR,SP00,A,2024-07-04,7.8515
EXR.D.CNY.EUR.SP00.A,D,CNY,EUR,SP00,A,2024-07-05,7.8655
EXR.D.CNY.EUR.SP00.A,D,CNY,EUR,SP00,A,2024-07-08,7.8766
EXR.D.CNY.EUR.SP00.A,D,CNY,EUR,SP00,A,2024-07-09,7.8639
EXR.D.CNY.EUR.SP00.A,D,CNY,EUR,SP00,A,2024-07-10,7.8763
EXR.D.CNY.EUR.SP00.A,D,CNY,EUR,SP00,A,2024-07-11,7.8862
EXR.D.CNY.EUR.SP00.A,D,CNY,EUR,SP00,A,2024-07-12,7.8984
EXR.D.CNY.EUR.SP00.A,D,CNY,EUR,SP00,A,2024-07-15,7.9206
EXR.D.CNY.EUR.SP00.A,D,CNY,EUR,SP00,A,2024-07-16,7.9223
EXR.D.CNY.EUR.SP00.A,D,CNY,EUR,SP00,A,2024-07-17,7.9372
EXR.D.CNY.EUR.SP00.A,D,CNY,EUR,SP00,A,2024-07-18,7.9327
EXR.D.CNY.EUR.SP00.A,D,CNY,EUR,SP00,A,2024-07-19,7.9165
EXR.D.CNY.EUR.SP00.A,D,CNY,EUR,SP00,A,2024-07-22,7.9191
EXR.D.CNY.EUR.SP00.A,D,CNY,EUR,SP00,A,2024-07-23,7.9003
EXR.D.CNY.EUR.SP00.A,D,CNY,EUR,SP00,A,2024-07-24,7.8934
EXR.D.CNY.EUR.SP00.A,D,CNY,EUR,SP00,A,2024-07-25,7.8331
EXR.D.CNY.EUR.SP00.A,D,CNY,EUR,SP00,A,2024-07-26,7.875
EXR.D.CNY.EUR.SP00.A,D,CNY,EUR,SP00,A,2024-07-29,7.8518
EXR.D.CNY.EUR.SP00.A,D,CNY,EUR,SP00,A,2024-07-30,7.8489
EXR.D.CNY.EUR.SP00.A,D,CNY,EUR,SP00,A,2024-07-31,7.8194
EXR.D.CNY.EUR.SP00.A,D,CNY,EUR,SP00,A,2024-08-01,7.8203
EXR.D.CNY.EUR.SP00.A,D,CNY,EUR,SP00,A,2024-08-02,7.8075
EXR.D.CNY.EUR.SP00.A,D,CNY,EUR,SP00,A,2024-08-05,7.8046
EXR.D.CNY.EUR.SP00.A,D,CNY,EUR,SP00,A,2024-08-06,7.8071
EXR.D.CNY.EUR.SP00.A,D,CNY,EUR,SP00,A,2024-08-07,7.8425
EXR.D.CNY.EUR.SP00.A,D,CNY,EUR,SP00,A,2024-08-08,7.8393
EXR.D.CNY.EUR.SP00.A,D,CNY,EUR,SP00,A,2024-08-09,7.828
EXR.D.CNY.EUR.SP00.A,D,CNY,EUR,SP00,A,2024-08-12,7.8439
EXR.D.CNY.EUR.SP00.A,D,CNY,EUR,SP00,A,2024-08-13,7.8301
EXR.D.CNY.EUR.SP00.A,D,CNY,EUR,SP00,A,2024-08-14,7.8627
EXR.D.CNY.EUR.SP00.A,D,CNY,EUR,SP00,A,2024-08-15,7.8816
EXR.D.CNY.EUR.SP00.A,D,CNY,EUR,SP00,A,2024-08-16,7.8758
EXR.D.CNY.EUR.SP00.A,D,CNY,EUR,SP00,A,2024-08-19,7.8848
EXR.D.CNY.EUR.SP00.A,D,CNY,EUR,SP00,A,2024-08-20,7.9192
EXR.D.CNY.EUR.SP00.A,D,CNY,EUR,SP00,A,2024-08-21,7.9306
EXR.D.CNY.EUR.SP00.A,D,CNY,EUR,SP00,A,2024-08-22,7.9491
EXR.D.CNY.EUR.SP00.A,D,CNY,EUR,SP00,A,2024-08-23,7.9364
EXR.D.CNY.EUR.SP00.A,D,CNY,EUR,SP00,A,2024-08-26,7.9512
EXR.D.CNY.EUR.SP00.A,D,CNY,EUR,SP00,A,2024-08-27,7.9547
EXR.D.CNY.EUR.SP00.A,D,CNY,EUR,SP00,A,2024-08-28,7.9253
EXR.D.CNY.EUR.SP00.A,D,CNY,EUR,SP00,A,2024-08-29,7.8653
EXR.D.CNY.EUR.SP00.A,D,CNY,EUR,SP00,A,2024-08-30,7.8585
EXR.D.CNY.EUR.SP00.A,D,CNY,EUR,SP00,A,2024-09-02,7.8677
EXR.D.CNY.EUR.SP00.A,D,CNY,EUR,SP00,A,2024-09-03,7.8614
EXR.D.CNY.EUR.SP00.A,D,CNY,EUR,SP00,A,2024-09-04,7.8648
EXR.D.CNY.EUR.SP00.A,D,CNY,EUR,SP00,A,2024-09-05,7.8739
EXR.D.CNY.EUR.SP00.A,D,CNY,EUR,SP00,A,2024-09-06,7.865
EXR.D.CNY.EUR.SP00.A,D,CNY,EUR,SP00,A,2024-09-09,7.8589
EXR.D.CNY.EUR.SP00.A,D,CNY,EUR,SP00,A,2024-09-10,7.853
EXR.D.CNY.EUR.SP00.A,D,CNY,EUR,SP00,A,2024-09-11,7.8534
EXR.D.CNY.EUR.SP00.A,D,CNY,EUR,SP00,A,2024-09-12,7.8441
EXR.D.CNY.EUR.SP00.A,D,CNY,EUR,SP00,A,2024-09-13,7.8634
EXR.D.CNY.EUR.SP00.A,D,CNY,EUR,SP00,A,2024-09-16,7.8953
EXR.D.CNY.EUR.SP00.A,D,CNY,EUR,SP00,A,2024-09-17,7.9046
EXR.D.CNY.EUR.SP00.A,D,CNY,EUR,SP00,A,2024-09-18,7.8797
EXR.D.CNY.EUR.SP00.A,D,CNY,EUR,SP00,A,2024-09-19,7.8827
EXR.D.CNY.EUR.SP00.A,D,CNY,EUR,SP00,A,2024-09-20,7.8776
EXR.D.CNY.EUR.SP00.A,D,CNY,EUR,SP00,A,2024-09-23,7.8438
EXR.D.CNY.EUR.SP00.A,D,CNY,EUR,SP00,A,2024-09-24,7.829
EXR.D.CNY.EUR.SP00.A,D,CNY,EUR,SP00,A,2024-09-25,7.8692
EXR.D.CNY.EUR.SP00.A,D,CNY,EUR,SP00,A,2024-09-26,7.8213
EXR.D.CNY.EUR.SP00.A,D,CNY,EUR,SP00,A,2024-09-27,7.823
EXR.D.CNY.EUR.SP00.A,D,CNY,EUR,SP00,A,2024-09-30,7.8511
EXR.D.CNY.EUR.SP00.A,D,CNY,EUR,SP00,A,2024-10-01,7.7807
EXR.D.CNY.EUR.SP00.A,D,CNY,EUR,SP00,A,2024-10-02,7.7702
EXR.D.CNY.EUR.SP00.A,D,CNY,EUR,SP00,A,2024-10-03,7.7477
EXR.D.CNY.EUR.SP00.A,D,CNY,EUR,SP00,A,2024-10-04,7.7407
EXR.D.CNY.EUR.SP00.A,D,CNY,EUR,SP00,A,2024-10-07,7.7077
EXR.D.CNY.EUR.SP00.A,D,CNY,EUR,SP00,A,2024-10-08,7.7449
EXR.D.CNY.EUR.SP00.A,D,CNY,EUR,SP00,A,2024-10-09,7.7435
EXR.D.CNY.EUR.SP00.A,D,CNY,EUR,SP00,A,2024-10-10,7.7376
EXR.D.CNY.EUR.SP00.A,D,CNY,EUR,SP00,A,2024-10-11,7.7282
EXR.D.CNY.EUR.SP00.A,D,CNY,EUR,SP00,A,2024-10-14,7.7332
EXR.D.CNY.EUR.SP00.A,D,CNY,EUR,SP00,A,2024-10-15,7.7574
EXR.D.CNY.EUR.SP00.A,D,CNY,EUR,SP00,A,2024-10-16,7.7511
EXR.D.CNY.EUR.SP00.A,D,CNY,EUR,SP00,A,2024-10-17,7.7385
EXR.D.CNY.EUR.SP00.A,D,CNY,EUR,SP00,A,2024-10-18,7.7065
EXR.D.CNY.EUR.SP00.A,D,CNY,EUR,SP00,A,2024-10-21,7.7198
EXR.D.CNY.EUR.SP00.A,D,CNY,EUR,SP00,A,2024-10-22,7.7052
EXR.D.CNY.EUR.SP00.A,D,CNY,EUR,SP00,A,2024-10-23,7.6759
EXR.D.CNY.EUR.SP00.A,D,CNY,EUR,SP00,A,2024-10-24,7.6848
EXR.D.CNY.EUR.SP00.A,D,CNY,EUR,SP00,A,2024-10-25,7.7123
EXR.D.CNY.EUR.SP00.A,D,CNY,EUR,SP00,A,2024-10-28,7.7099
EXR.D.CNY.EUR.SP00.A,D,CNY,EUR,SP00,A,2024-10-29,7.6895
EXR.D.CNY.EUR.SP00.A,D,CNY,EUR,SP00,A,2024-10-30,7.7054
EXR.D.CNY.EUR.SP00.A,D,CNY,EUR,SP00,A,2024-10-31,7.7436
EXR.D.CNY.EUR.SP00.A,D,CNY,EUR,SP00,A,2024-11-01,7.7403
EXR.D.CNY.EUR.SP00.A,D,CNY,EUR,SP00,A,2024-11-04,7.7363
EXR.D.CNY.EUR.SP00.A,D,CNY,EUR,SP00,A,2024-11-05,7.7405
EXR.D.CNY.EUR.SP00.A,D,CNY,EUR,SP00,A,2024-11-06,7.6779
EXR.D.CNY.EUR.SP00.A,D,CNY,EUR,SP00,A,2024-11-07,7.7159
EXR.D.CNY.EUR.SP00.A,D,CNY,EUR,SP00,A,2024-11-08,7.7233
EXR.D.CNY.EUR.SP00.A,D,CNY,EUR,SP00,A,2024-11-11,7.6719
EXR.D.CNY.EUR.SP00.A,D,CNY,EUR,SP00,A,2024-11-12,7.6781
EXR.D.CNY.EUR.SP00.A,D,CNY,EUR,SP00,A,2024-11-13,7.6626
EXR.D.CNY.EUR.SP00.A,D,CNY,EUR,SP00,A,2024-11-14,7.6267
EXR.D.CNY.EUR.SP00.A,D,CNY,EUR,SP00,A,2024-11-15,7.6492
EXR.D.CNY.EUR.SP00.A,D,CNY,EUR,SP00,A,2024-11-18,7.6442
EXR.D.CNY.EUR.SP00.A,D,CNY,EUR,SP00,A,2024-11-19,7.6578
EXR.D.CNY.EUR.SP00.A,D,CNY,EUR,SP00,A,2024-11-20,7.6528
EXR.D.CNY.EUR.SP00.A,D,CNY,EUR,SP00,A,2024-11-21,7.6204
EXR.D.CNY.EUR.SP00.A,D,CNY,EUR,SP00,A,2024-11-22,7.5458
EXR.D.CNY.EUR.SP00.A,D,CNY,EUR,SP00,A,2024-11-25,7.6018
EXR.D.CNY.EUR.SP00.A,D,CNY,EUR,SP00,A,2024-11-26,7.6265
EXR.D.CNY.EUR.SP00.A,D,CNY,EUR,SP00,A,2024-11-27,7.6347
EXR.D.CNY.EUR.SP00.A,D,CNY,EUR,SP00,A,2024-11-28,7.6403
EXR.D.CNY.EUR.SP00.A,D,CNY,EUR,SP00,A,2024-11-29,7.6484
EXR.D.CNY.EUR.SP00.A,D,CNY,EUR,SP00,A,2024-12-02,7.6421
EXR.D.CNY.EUR.SP00.A,D,CNY,EUR,SP00,A,2024-12-03,7.6589
EXR.D.CNY.EUR.SP00.A,D,CNY,EUR,SP00,A,2024-12-04,7.6285
EXR.D.CNY.EUR.SP00.A,D,CNY,EUR,SP00,A,2024-12-05,7.6577
EXR.D.CNY.EUR.SP00.A,D,CNY,EUR,SP00,A,2024-12-06,7.6852
EXR.D.CNY.EUR.SP00.A,D,CNY,EUR,SP00,A,2024-12-09,7.677
EXR.D.CNY.EUR.SP00.A,D,CNY,EUR,SP00,A,2024-12-10,7.6354
EXR.D.CNY.EUR.SP00.A,D,CNY,EUR,SP00,A,2024-12-11,7.6318
EXR.D.CNY.EUR.SP00.A,D,CNY,EUR,SP00,A,2024-12-12,7.6272
EXR.D.CNY.EUR.SP00.A,D,CNY,EUR,SP00,A,2024-12-13,7.651
EXR.D.CNY.EUR.SP00.A,D,CNY,EUR,SP00,A,2024-12-16,7.6463
EXR.D.CNY.EUR.SP00.A,D,CNY,EUR,SP00,A,2024-12-17,7.6464
EXR.D.CNY.EUR.SP00.A,D,CNY,EUR,SP00,A,2024-12-18,7.6463
EXR.D.CNY.EUR.SP00.A,D,CNY,EUR,SP00,A,2024-12-19,7.5858
EXR.D.CNY.EUR.SP00.A,D,CNY,EUR,SP00,A,2024-12-20,7.5831
EXR.D.CNY.EUR.SP00.A,D,CNY,EUR,SP00,A,2024-12-23,7.5861
EXR.D.CNY.EUR.SP00.A,D,CNY,EUR,SP00,A,2024-12-24,7.5843
EXR.D.CNY.EUR.SP00.A,D,CNY,EUR,SP00,A,2024-12-27,7.6169
EXR.D.CNY.EUR.SP00.A,D,CNY,EUR,SP00,A,2024-12-30,7.6234
EXR.D.CNY.EUR.SP00.A,D,CNY,EUR,SP00,A,2024-12-31,7.5833
EXR.D.CNY.EUR.SP00.A,D,CNY,EUR,SP00,A,2025-01-02,7.5338
EXR.D.CNY.EUR.SP00.A,D,CNY,EUR,SP00,A,2025-01-03,7.5371
EXR.D.CNY.EUR.SP00.A,D,CNY,EUR,SP00,A,2025-01-06,7.6284
EXR.D.CNY.EUR.SP00.A,D,CNY,EUR,SP00,A,2025-01-07,7.6142
EXR.D.CNY.EUR.SP00.A,D,CNY,EUR,SP00,A,2025-01-08,7.5413
EXR.D.CNY.EUR.SP00.A,D,CNY,EUR,SP00,A,2025-01-09,7.5558
EXR.D.CNY.EUR.SP00.A,D,CNY,EUR,SP00,A,2025-01-10,7.5542
EXR.D.CNY.EUR.SP00.A,D,CNY,EUR,SP00,A,2025-01-13,7.4771
EXR.D.CNY.EUR.SP00.A,D,CNY,EUR,SP00,A,2025-01-14,7.5108
EXR.D.CNY.EUR.SP00.A,D,CNY,EUR,SP00,A,2025-01-15,7.5515
EXR.D.CNY.EUR.SP00.A,D,CNY,EUR,SP00,A,2025-01-16,7.5311
EXR.D.CNY.EUR.SP00.A,D,CNY,EUR,SP00,A,2025-01-17,7.5474
EXR.D.CNY.EUR.SP00.A,D,CNY,EUR,SP00,A,2025-01-20,7.5431
EXR.D.CNY.EUR.SP00.A,D,CNY,EUR,SP00,A,2025-01-21,7.5443
EXR.D.CNY.EUR.SP00.A,D,CNY,EUR,SP00,A,2025-01-22,7.5892
EXR.D.CNY.EUR.SP00.A,D,CNY,EUR,SP00,A,2025-01-23,7.5829
EXR.D.CNY.EUR.SP00.A,D,CNY,EUR,SP00,A,2025-01-24,7.5891
EXR.D.CNY.EUR.SP00.A,D,CNY,EUR,SP00,A,2025-01-27,7.6306
EXR.D.CNY.EUR.SP00.A,D,CNY,EUR,SP00,A,2025-01-28,7.5517
EXR.D.CNY.EUR.SP00.A,D,CNY,EUR,SP00,A,2025-01-29,7.5385
EXR.D.CNY.EUR.SP00.A,D,CNY,EUR,SP00,A,2025-01-30,7.5436
EXR.D.CNY.EUR.SP00.A,D,CNY,EUR,SP00,A,2025-01-31,7.5363
EXR.D.CNY.EUR.SP00.A,D,CNY,EUR,SP00,A,2025-02-03,7.45
EXR.D.CNY.EUR.SP00.A,D,CNY,EUR,SP00,A,2025-02-04,7.4943
EXR.D.CNY.EUR.SP00.A,D,CNY,EUR,SP00,A,2025-02-05,7.5797
EXR.D.CNY.EUR.SP00.A,D,CNY,EUR,SP00,A,2025-02-06,7.5511
EXR.D.CNY.EUR.SP00.A,D,CNY,EUR,SP00,A,2025-02-07,7.5634
EXR.D.CNY.EUR.SP00.A,D,CNY,EUR,SP00,A,2025-02-10,7.5395
EXR.D.CNY.EUR.SP00.A,D,CNY,EUR,SP00,A,2025-02-11,7.544
EXR.D.CNY.EUR.SP00.A,D,CNY,EUR,SP00,A,2025-02-12,7.5794
EXR.D.CNY.EUR.SP00.A,D,CNY,EUR,SP00,A,2025-02-13,7.5817
EXR.D.CNY.EUR.SP00.A,D,CNY,EUR,SP00,A,2025-02-14,7.6141
EXR.D.CNY.EUR.SP00.A,D,CNY,EUR,SP00,A,2025-02-17,7.6066
EXR.D.CNY.EUR.SP00.A,D,CNY,EUR,SP00,A,2025-02-18,7.6056
EXR.D.CNY.EUR.SP00.A,D,CNY,EUR,SP00,A,2025-02-19,7.6017
EXR.D.CNY.EUR.SP00.A,D,CNY,EUR,SP00,A,2025-02-20,7.5807
EXR.D.CNY.EUR.SP00.A,D,CNY,EUR,SP00,A,2025-02-21,7.5933
EXR.D.CNY.EUR.SP00.A,D,CNY,EUR,SP00,A,2025-02-24,7.5879
EXR.D.CNY.EUR.SP00.A,D,CNY,EUR,SP00,A,2025-02-25,7.6219
EXR.D.CNY.EUR.SP00.A,D,CNY,EUR,SP00,A,2025-02-26,7.6125
EXR.D.CNY.EUR.SP00.A,D,CNY,EUR,SP00,A,2025-02-27,7.6127
EXR.D.CNY.EUR.SP00.A,D,CNY,EUR,SP00,A,2025-02-28,7.5782
EXR.D.CNY.EUR.SP00.A,D,CNY,EUR,SP00,A,2025-03-03,7.6282
EXR.D.CNY.EUR.SP00.A,D,CNY,EUR,SP00,A,2025-03-04,7.6614
EXR.D.CNY.EUR.SP00.A,D,CNY,EUR,SP00,A,2025-03-05,7.7675
EXR.D.CNY.EUR.SP00.A,D,CNY,EUR,SP00,A,2025-03-06,7.8247
EXR.D.CNY.EUR.SP00.A,D,CNY,EUR,SP00,A,2025-03-07,7.8561
EXR.D.CNY.EUR.SP00.A,D,CNY,EUR,SP00,A,2025-03-10,7.8718
EXR.D.CNY.EUR.SP00.A,D,CNY,EUR,SP00,A,2025-03-11,7.8929
EXR.D.CNY.EUR.SP00.A,D,CNY,EUR,SP00,A,2025-03-12,7.8848
EXR.D.CNY.EUR.SP00.A,D,CNY,EUR,SP00,A,2025-03-13,7.8493
EXR.D.CNY.EUR.SP00.A,D,CNY,EUR,SP00,A,2025-03-14,7.8822
EXR.D.CNY.EUR.SP00.A,D,CNY,EUR,SP00,A,2025-03-17,7.8869
EXR.D.CNY.EUR.SP00.A,D,CNY,EUR,SP00,A,2025-03-18,7.8907
EXR.D.CNY.EUR.SP00.A,D,CNY,EUR,SP00,A,2025-03-19,7.8786
EXR.D.CNY.EUR.SP00.A,D,CNY,EUR,SP00,A,2025-03-20,7.8481
EXR.D.CNY.EUR.SP00.A,D,CNY,EUR,SP00,A,2025-03-21,7.8477
EXR.D.CNY.EUR.SP00.A,D,CNY,EUR,SP00,A,2025-03-24,7.8513
EXR.D.CNY.EUR.SP00.A,D,CNY,EUR,SP00,A,2025-03-25,7.8571
EXR.D.CNY.EUR.SP00.A,D,CNY,EUR,SP00,A,2025-03-26,7.8381
EXR.D.CNY.EUR.SP00.A,D,CNY,EUR,SP00,A,2025-03-27,7.8361
EXR.D.CNY.EUR.SP00.A,D,CNY,EUR,SP00,A,2025-03-28,7.8445
EXR.D.CNY.EUR.SP00.A,D,CNY,EUR,SP00,A,2025-03-31,7.8442
EXR.D.CNY.EUR.SP00.A,D,CNY,EUR,SP00,A,2025-04-01,7.8431
EXR.D.CNY.EUR.SP00.A,D,CNY,EUR,SP00,A,2025-04-02,7.8529
EXR.D.CNY.EUR.SP00.A,D,CNY,EUR,SP00,A,2025-04-03,8.0919
EXR.D.CNY.EUR.SP00.A,D,CNY,EUR,SP00,A,2025-04-04,8.0518
EXR.D.CNY.EUR.SP00.A,D,CNY,EUR,SP00,A,2025-04-07,8.0155
EXR.D.CNY.EUR.SP00.A,D,CNY,EUR,SP00,A,2025-04-08,8.0359
EXR.D.CNY.EUR.SP00.A,D,CNY,EUR,SP00,A,2025-04-09,8.1179
EXR.D.CNY.EUR.SP00.A,D,CNY,EUR,SP00,A,2025-04-10,8.1137
EXR.D.CNY.EUR.SP00.A,D,CNY,EUR,SP00,A,2025-04-11,8.2819
EXR.D.CNY.EUR.SP00.A,D,CNY,EUR,SP00,A,2025-04-14,8.3196
EXR.D.CNY.EUR.SP00.A,D,CNY,EUR,SP00,A,2025-04-15,8.2835
EXR.D.CNY.EUR.SP00.A,D,CNY,EUR,SP00,A,2025-04-16,8.2961
EXR.D.CNY.EUR.SP00.A,D,CNY,EUR,SP00,A,2025-04-17,8.29
EXR.D.CNY.EUR.SP00.A,D,CNY,EUR,SP00,A,2025-04-22,8.3929
EXR.D.CNY.EUR.SP00.A,D,CNY,EUR,SP00,A,2025-04-23,8.3199
EXR.D.CNY.EUR.SP00.A,D,CNY,EUR,SP00,A,2025-04-24,8.2925
EXR.D.CNY.EUR.SP00.A,D,CNY,EUR,SP00,A,2025-04-25,8.2773
EXR.D.CNY.EUR.SP00.A,D,CNY,EUR,SP00,A,2025-04-28,8.2891
EXR.D.CNY.EUR.SP00.A,D,CNY,EUR,SP00,A,2025-04-29,8.2715
EXR.D.CNY.EUR.SP00.A,D,CNY,EUR,SP00,A,2025-04-30,8.2635
EXR.D.CNY.EUR.SP00.A,D,CNY,EUR,SP00,A,2025-05-02,8.2479
EXR.D.CNY.EUR.SP00.A,D,CNY,EUR,SP00,A,2025-05-05,8.2479
EXR.D.CNY.EUR.SP00.A,D,CNY,EUR,SP00,A,2025-05-06,8.1735
EXR.D.CNY.EUR.SP00.A,D,CNY,EUR,SP00,A,2025-05-07,8.2079
EXR.D.CNY.EUR.SP00.A,D,CNY,EUR,SP00,A,2025-05-08,8.1764
EXR.D.CNY.EUR.SP00.A,D,CNY,EUR,SP00,A,2025-05-09,8.147
EXR.D.CNY.EUR.SP00.A,D,CNY,EUR,SP00,A,2025-05-12,7.9999
EXR.D.CNY.EUR.SP00.A,D,CNY,EUR,SP00,A,2025-05-13,8.0021
EXR.D.CNY.EUR.SP00.A,D,CNY,EUR,SP00,A,2025-05-14,8.0794
EXR.D.CNY.EUR.SP00.A,D,CNY,EUR,SP00,A,2025-05-15,8.0661
EXR.D.CNY.EUR.SP00.A,D,CNY,EUR,SP00,A,2025-05-16,8.0659
EXR.D.CNY.EUR.SP00.A,D,CNY,EUR,SP00,A,2025-05-19,8.1225
EXR.D.CNY.EUR.SP00.A,D,CNY,EUR,SP00,A,2025-05-20,8.1154
EXR.D.CNY.EUR.SP00.A,D,CNY,EUR,SP00,A,2025-05-21,8.155
EXR.D.CNY.EUR.SP00.A,D,CNY,EUR,SP00,A,2025-05-22,8.1477
EXR.D.CNY.EUR.SP00.A,D,CNY,EUR,SP00,A,2025-05-23,8.1197
EXR.D.CNY.EUR.SP00.A,D,CNY,EUR,SP00,A,2025-05-26,8.1795
EXR.D.CNY.EUR.SP00.A,D,CNY,EUR,SP00,A,2025-05-27,8.1709
EXR.D.CNY.EUR.SP00.A,D,CNY,EUR,SP00,A,2025-05-28,8.1402
EXR.D.CNY.EUR.SP00.A,D,CNY,EUR,SP00,A,2025-05-29,8.1093
EXR.D.CNY.EUR.SP00.A,D,CNY,EUR,SP00,A,2025-05-30,8.1576
EXR.D.CNY.EUR.SP00.A,D,CNY,EUR,SP00,A,2025-06-02,8.2214
EXR.D.CNY.EUR.SP00.A,D,CNY,EUR,SP00,A,2025-06-03,8.1841
EXR.D.CNY.EUR.SP00.A,D,CNY,EUR,SP00,A,2025-06-04,8.1835
EXR.D.CNY.EUR.SP00.A,D,CNY,EUR,SP00,A,2025-06-05,8.2008
EXR.D.CNY.EUR.SP00.A,D,CNY,EUR,SP00,A,2025-06-06,8.1955
EXR.D.CNY.EUR.SP00.A,D,CNY,EUR,SP00,A,2025-06-09,8.1943
EXR.D.CNY.EUR.SP00.A,D,CNY,EUR,SP00,A,2025-06-10,8.2115
EXR.D.CNY.EUR.SP00.A,D,CNY,EUR,SP00,A,2025-06-11,8.2172
EXR.D.CNY.EUR.SP00.A,D,CNY,EUR,SP00,A,2025-06-12,8.3201
EXR.D.CNY.EUR.SP00.A,D,CNY,EUR,SP00,A,2025-06-13,8.2682
EXR.D.CNY.EUR.SP00.A,D,CNY,EUR,SP00,A,2025-06-16,8.3102
EXR.D.CNY.EUR.SP00.A,D,CNY,EUR,SP00,A,2025-06-17,8.3091
EXR.D.CNY.EUR.SP00.A,D,CNY,EUR,SP00,A,2025-06-18,8.2723
EXR.D.CNY.EUR.SP00.A,D,CNY,EUR,SP00,A,2025-06-19,8.2496
EXR.D.CNY.EUR.SP00.A,D,CNY,EUR,SP00,A,2025-06-20,8.2643
EXR.D.CNY.EUR.SP00.A,D,CNY,EUR,SP00,A,2025-06-23,8.2442
EXR.D.CNY.EUR.SP00.A,D,CNY,EUR,SP00,A,2025-06-24,8.3262
EXR.D.CNY.EUR.SP00.A,D,CNY,EUR,SP00,A,2025-06-25,8.321
EXR.D.CNY.EUR.SP00.A,D,CNY,EUR,SP00,A,2025-06-26,8.3862
EXR.D.CNY.EUR.SP00.A,D,CNY,EUR,SP00,A,2025-06-27,8.3939
EXR.D.CNY.EUR.SP00.A,D,CNY,EUR,SP00,A,2025-06-30,8.397
EXR.D.CNY.EUR.SP00.A,D,CNY,EUR,SP00,A,2025-07-01,8.4584
EXR.D.CNY.EUR.SP00.A,D,CNY,EUR,SP00,A,2025-07-02,8.4275
EXR.D.CNY.EUR.SP00.A,D,CNY,EUR,SP00,A,2025-07-03,8.4377
EXR.D.CNY.EUR.SP00.A,D,CNY,EUR,SP00,A,2025-07-04,8.4285
EXR.D.CNY.EUR.SP00.A,D,CNY,EUR,SP00,A,2025-07-07,8.4128
EXR.D.CNY.EUR.SP00.A,D,CNY,EUR,SP00,A,2025-07-08,8.4066
EXR.D.CNY.EUR.SP00.A,D,CNY,EUR,SP00,A,2025-07-09,8.3993
EXR.D.CNY.EUR.SP00.A,D,CNY,EUR,SP00,A,2025-07-10,8.401
EXR.D.CNY.EUR.SP00.A,D,CNY,EUR,SP00,A,2025-07-11,8.3741
EXR.D.CNY.EUR.SP00.A,D,CNY,EUR,SP00,A,2025-07-14,8.3785
EXR.D.CNY.EUR.SP00.A,D,CNY,EUR,SP00,A,2025-07-15,8.3673
EXR.D.CNY.EUR.SP00.A,D,CNY,EUR,SP00,A,2025-07-16,8.3309
EXR.D.CNY.EUR.SP00.A,D,CNY,EUR,SP00,A,2025-07-17,8.3157
EXR.D.CNY.EUR.SP00.A,D,CNY,EUR,SP00,A,2025-07-18,8.3623
EXR.D.CNY.EUR.SP00.A,D,CNY,EUR,SP00,A,2025-07-21,8.3726
EXR.D.CNY.EUR.SP00.A,D,CNY,EUR,SP00,A,2025-07-22,8.394
EXR.D.CNY.EUR.SP00.A,D,CNY,EUR,SP00,A,2025-07-23,8.3961
EXR.D.CNY.EUR.SP00.A,D,CNY,EUR,SP00,A,2025-07-24,8.4142
EXR.D.CNY.EUR.SP00.A,D,CNY,EUR,SP00,A,2025-07-25,8.4046
EXR.D.CNY.EUR.SP00.A,D,CNY,EUR,SP00,A,2025-07-28,8.3605
EXR.D.CNY.EUR.SP00.A,D,CNY,EUR,SP00,A,2025-07-29,8.2778
EXR.D.CNY.EUR.SP00.A,D,CNY,EUR,SP00,A,2025-07-30,8.2783
EXR.D.CNY.EUR.SP00.A,D,CNY,EUR,SP00,A,2025-07-31,8.235
EXR.D.CNY.EUR.SP00.A,D,CNY,EUR,SP00,A,2025-08-01,8.2243
EXR.D.CNY.EUR.SP00.A,D,CNY,EUR,SP00,A,2025-08-04,8.2993
EXR.D.CNY.EUR.SP00.A,D,CNY,EUR,SP00,A,2025-08-05,8.2986
EXR.D.CNY.EUR.SP00.A,D,CNY,EUR,SP00,A,2025-08-06,8.3383
EXR.D.CNY.EUR.SP00.A,D,CNY,EUR,SP00,A,2025-08-07,8.3587
EXR.D.CNY.EUR.SP00.A,D,CNY,EUR,SP00,A,2025-08-08,8.3677
EXR.D.CNY.EUR.SP00.A,D,CNY,EUR,SP00,A,2025-08-11,8.35
EXR.D.CNY.EUR.SP00.A,D,CNY,EUR,SP00,A,2025-08-12,8.3416
EXR.D.CNY.EUR.SP00.A,D,CNY,EUR,SP00,A,2025-08-13,8.402
EXR.D.CNY.EUR.SP00.A,D,CNY,EUR,SP00,A,2025-08-14,8.3824
EXR.D.CNY.EUR.SP00.A,D,CNY,EUR,SP00,A,2025-08-15,8.3909
EXR.D.CNY.EUR.SP00.A,D,CNY,EUR,SP00,A,2025-08-18,8.3798
EXR.D.CNY.EUR.SP00.A,D,CNY,EUR,SP00,A,2025-08-19,8.3866
EXR.D.CNY.EUR.SP00.A,D,CNY,EUR,SP00,A,2025-08-20,8.3609
EXR.D.CNY.EUR.SP00.A,D,CNY,EUR,SP00,A,2025-08-21,8.3547
EXR.D.CNY.EUR.SP00.A,D,CNY,EUR,SP00,A,2025-08-22,8.3333
EXR.D.CNY.EUR.SP00.A,D,CNY,EUR,SP00,A,2025-08-25,8.3709
EXR.D.CNY.EUR.SP00.A,D,CNY,EUR,SP00,A,2025-08-26,8.3427
EXR.D.CNY.EUR.SP00.A,D,CNY,EUR,SP00,A,2025-08-27,8.3027
EXR.D.CNY.EUR.SP00.A,D,CNY,EUR,SP00,A,2025-08-28,8.3266
EXR.D.CNY.EUR.SP00.A,D,CNY,EUR,SP00,A,2025-08-29,8.3155
EXR.D.CNY.EUR.SP00.A,D,CNY,EUR,SP00,A,2025-09-01,8.3581
EXR.D.CNY.EUR.SP00.A,D,CNY,EUR,SP00,A,2025-09-02,8.3202
EXR.D.CNY.EUR.SP00.A,D,CNY,EUR,SP00,A,2025-09-03,8.3268
EXR.D.CNY.EUR.SP00.A,D,CNY,EUR,SP00,A,2025-09-04,8.3168
EXR.D.CNY.EUR.SP00.A,D,CNY,EUR,SP00,A,2025-09-05,8.3489
EXR.D.CNY.EUR.SP00.A,D,CNY,EUR,SP00,A,2025-09-08,8.3619
EXR.D.CNY.EUR.SP00.A,D,CNY,EUR,SP00,A,2025-09-09,8.3635
EXR.D.CNY.EUR.SP00.A,D,CNY,EUR,SP00,A,2025-09-10,8.3387
EXR.D.CNY.EUR.SP00.A,D,CNY,EUR,SP00,A,2025-09-11,8.3252
EXR.D.CNY.EUR.SP00.A,D,CNY,EUR,SP00,A,2025-09-12,8.3461
EXR.D.CNY.EUR.SP00.A,D,CNY,EUR,SP00,A,2025-09-15,8.3795
EXR.D.CNY.EUR.SP00.A,D,CNY,EUR,SP00,A,2025-09-16,8.401
EXR.D.CNY.EUR.SP00.A,D,CNY,EUR,SP00,A,2025-09-17,8.4092
EXR.D.CNY.EUR.SP00.A,D,CNY,EUR,SP00,A,2025-09-18,8.3973
EXR.D.CNY.EUR.SP00.A,D,CNY,EUR,SP00,A,2025-09-19,8.351
EXR.D.CNY.EUR.SP00.A,D,CNY,EUR,SP00,A,2025-09-22,8.3788
EXR.D.CNY.EUR.SP00.A,D,CNY,EUR,SP00,A,2025-09-23,8.3869
EXR.D.CNY.EUR.SP00.A,D,CNY,EUR,SP00,A,2025-09-24,8.3786
EXR.D.CNY.EUR.SP00.A,D,CNY,EUR,SP00,A,2025-09-25,8.363
EXR.D.CNY.EUR.SP00.A,D,CNY,EUR,SP00,A,2025-09-26,8.3308
EXR.D.CNY.EUR.SP00.A,D,CNY,EUR,SP00,A,2025-09-29,8.3482
EXR.D.CNY.EUR.SP00.A,D,CNY,EUR,SP00,A,2025-09-30,8.3591
EXR.D.HKD.EUR.SP00.A,D,HKD,EUR,SP00,A,2020-12-01,9.2774
EXR.D.HKD.EUR.SP00.A,D,HKD,EUR,SP00,A,2020-12-02,9.3535
EXR.D.HKD.EUR.SP00.A,D,HKD,EUR,SP00,A,2020-12-03,9.4188
EXR.D.HKD.EUR.SP00.A,D,HKD,EUR,SP00,A,2020-12-04,9.424
EXR.D.HKD.EUR.SP00.A,D,HKD,EUR,SP00,A,2020-12-07,9.3999
EXR.D.HKD.EUR.SP00.A,D,HKD,EUR,SP00,A,2020-12-08,9.3895
EXR.D.HKD.EUR.SP00.A,D,HKD,EUR,SP00,A,2020-12-09,9.3866
EXR.D.HKD.EUR.SP00.A,D,HKD,EUR,SP00,A,2020-12-10,9.3908
EXR.D.HKD.EUR.SP00.A,D,HKD,EUR,SP00,A,2020-12-11,9.3999
EXR.D.HKD.EUR.SP00.A,D,HKD,EUR,SP00,A,2020-12-14,9.4274
EXR.D.HKD.EUR.SP00.A,D,HKD,EUR,SP00,A,2020-12-15,9.411
EXR.D.HKD.EUR.SP00.A,D,HKD,EUR,SP00,A,2020-12-16,9.4489
EXR.D.HKD.EUR.SP00.A,D,HKD,EUR,SP00,A,2020-12-17,9.4939
EXR.D.HKD.EUR.SP00.A,D,HKD,EUR,SP00,A,2020-12-18,9.5039
EXR.D.HKD.EUR.SP00.A,D,HKD,EUR,SP00,A,2020-12-21,9.4378
EXR.D.HKD.EUR.SP00.A,D,HKD,EUR,SP00,A,2020-12-22,9.4885
EXR.D.HKD.EUR.SP00.A,D,HKD,EUR,SP00,A,2020-12-23,9.4321
EXR.D.HKD.EUR.SP00.A,D,HKD,EUR,SP00,A,2020-12-24,9.4532
EXR.D.HKD.EUR.SP00.A,D,HKD,EUR,SP00,A,2020-12-28,9.4731
EXR.D.HKD.EUR.SP00.A,D,HKD,EUR,SP00,A,2020-12-29,9.5043
EXR.D.HKD.EUR.SP00.A,D,HKD,EUR,SP00,A,2020-12-30,9.521
EXR.D.HKD.EUR.SP00.A,D,HKD,EUR,SP00,A,2020-12-31,9.5142
EXR.D.HKD.EUR.SP00.A,D,HKD,EUR,SP00,A,2021-01-04,9.533
EXR.D.HKD.EUR.SP00.A,D,HKD,EUR,SP00,A,2021-01-05,9.5136
EXR.D.HKD.EUR.SP00.A,D,HKD,EUR,SP00,A,2021-01-06,9.5659
EXR.D.HKD.EUR.SP00.A,D,HKD,EUR,SP00,A,2021-01-07,9.5176
EXR.D.HKD.EUR.SP00.A,D,HKD,EUR,SP00,A,2021-01-08,9.4982
EXR.D.HKD.EUR.SP00.A,D,HKD,EUR,SP00,A,2021-01-11,9.433
EXR.D.HKD.EUR.SP00.A,D,HKD,EUR,SP00,A,2021-01-12,9.4314
EXR.D.HKD.EUR.SP00.A,D,HKD,EUR,SP00,A,2021-01-13,9.4336
EXR.D.HKD.EUR.SP00.A,D,HKD,EUR,SP00,A,2021-01-14,9.4005
EXR.D.HKD.EUR.SP00.A,D,HKD,EUR,SP00,A,2021-01-15,9.4005
EXR.D.HKD.EUR.SP00.A,D,HKD,EUR,SP00,A,2021-01-18,9.3538
EXR.D.HKD.EUR.SP00.A,D,HKD,EUR,SP00,A,2021-01-19,9.4052
EXR.D.HKD.EUR.SP00.A,D,HKD,EUR,SP00,A,2021-01-20,9.3804
EXR.D.HKD.EUR.SP00.A,D,HKD,EUR,SP00,A,2021-01-21,9.4245
EXR.D.HKD.EUR.SP00.A,D,HKD,EUR,SP00,A,2021-01-22,9.4255
EXR.D.HKD.EUR.SP00.A,D,HKD,EUR,SP00,A,2021-01-25,9.4199
EXR.D.HKD.EUR.SP00.A,D,HKD,EUR,SP00,A,2021-01-26,9.4132
EXR.D.HKD.EUR.SP00.A,D,HKD,EUR,SP00,A,2021-01-27,9.3911
EXR.D.HKD.EUR.SP00.A,D,HKD,EUR,SP00,A,2021-01-28,9.3742
EXR.D.HKD.EUR.SP00.A,D,HKD,EUR,SP00,A,2021-01-29,9.4093
EXR.D.HKD.EUR.SP00.A,D,HKD,EUR,SP00,A,2021-02-01,9.3687
EXR.D.HKD.EUR.SP00.A,D,HKD,EUR,SP00,A,2021-02-02,9.3361
EXR.D.HKD.EUR.SP00.A,D,HKD,EUR,SP00,A,2021-02-03,9.315
EXR.D.HKD.EUR.SP00.A,D,HKD,EUR,SP00,A,2021-02-04,9.3003
EXR.D.HKD.EUR.SP00.A,D,HKD,EUR,SP00,A,2021-02-05,9.29
EXR.D.HKD.EUR.SP00.A,D,HKD,EUR,SP00,A,2021-02-08,9.3219
EXR.D.HKD.EUR.SP00.A,D,HKD,EUR,SP00,A,2021-02-09,9.3827
EXR.D.HKD.EUR.SP00.A,D,HKD,EUR,SP00,A,2021-02-10,9.4014
EXR.D.HKD.EUR.SP00.A,D,HKD,EUR,SP00,A,2021-02-11,9.4171
EXR.D.HKD.EUR.SP00.A,D,HKD,EUR,SP00,A,2021-02-12,9.3868
EXR.D.HKD.EUR.SP00.A,D,HKD,EUR,SP00,A,2021-02-15,9.4033
EXR.D.HKD.EUR.SP00.A,D,HKD,EUR,SP00,A,2021-02-16,9.4139
EXR.D.HKD.EUR.SP00.A,D,HKD,EUR,SP00,A,2021-02-17,9.3493
EXR.D.HKD.EUR.SP00.A,D,HKD,EUR,SP00,A,2021-02-18,9.3684
EXR.D.HKD.EUR.SP00.A,D,HKD,EUR,SP00,A,2021-02-19,9.4121
EXR.D.HKD.EUR.SP00.A,D,HKD,EUR,SP00,A,2021-02-22,9.407
EXR.D.HKD.EUR.SP00.A,D,HKD,EUR,SP00,A,2021-02-23,9.4153
EXR.D.HKD.EUR.SP00.A,D,HKD,EUR,SP00,A,2021-02-24,9.4189
EXR.D.HKD.EUR.SP00.A,D,HKD,EUR,SP00,A,2021-02-25,9.4793
EXR.D.HKD.EUR.SP00.A,D,HKD,EUR,SP00,A,2021-02-26,9.401
EXR.D.HKD.EUR.SP00.A,D,HKD,EUR,SP00,A,2021-03-01,9.3498
EXR.D.HKD.EUR.SP00.A,D,HKD,EUR,SP00,A,2021-03-02,9.3297
EXR.D.HKD.EUR.SP00.A,D,HKD,EUR,SP00,A,2021-03-03,9.3452
EXR.D.HKD.EUR.SP00.A,D,HKD,EUR,SP00,A,2021-03-04,9.3363
EXR.D.HKD.EUR.SP00.A,D,HKD,EUR,SP00,A,2021-03-05,9.2695
EXR.D.HKD.EUR.SP00.A,D,HKD,EUR,SP00,A,2021-03-08,9.2183
EXR.D.HKD.EUR.SP00.A,D,HKD,EUR,SP00,A,2021-03-09,9.2325
EXR.D.HKD.EUR.SP00.A,D,HKD,EUR,SP00,A,2021-03-10,9.2307
EXR.D.HKD.EUR.SP00.A,D,HKD,EUR,SP00,A,2021-03-11,9.287
EXR.D.HKD.EUR.SP00.A,D,HKD,EUR,SP00,A,2021-03-12,9.2642
EXR.D.HKD.EUR.SP00.A,D,HKD,EUR,SP00,A,2021-03-15,9.2553
EXR.D.HKD.EUR.SP00.A,D,HKD,EUR,SP00,A,2021-03-16,9.2626
EXR.D.HKD.EUR.SP00.A,D,HKD,EUR,SP00,A,2021-03-17,9.2476
EXR.D.HKD.EUR.SP00.A,D,HKD,EUR,SP00,A,2021-03-18,9.2493
EXR.D.HKD.EUR.SP00.A,D,HKD,EUR,SP00,A,2021-03-19,9.2352
EXR.D.HKD.EUR.SP00.A,D,HKD,EUR,SP00,A,2021-03-22,9.2614
EXR.D.HKD.EUR.SP00.A,D,HKD,EUR,SP00,A,2021-03-23,9.229
EXR.D.HKD.EUR.SP00.A,D,HKD,EUR,SP00,A,2021-03-24,9.1863
EXR.D.HKD.EUR.SP00.A,D,HKD,EUR,SP00,A,2021-03-25,9.17
EXR.D.HKD.EUR.SP00.A,D,HKD,EUR,SP00,A,2021-03-26,9.154
EXR.D.HKD.EUR.SP00.A,D,HKD,EUR,SP00,A,2021-03-29,9.1618
EXR.D.HKD.EUR.SP00.A,D,HKD,EUR,SP00,A,2021-03-30,9.1283
EXR.D.HKD.EUR.SP00.A,D,HKD,EUR,SP00,A,2021-03-31,9.1153
EXR.D.HKD.EUR.SP00.A,D,HKD,EUR,SP00,A,2021-04-01,9.1346
EXR.D.HKD.EUR.SP00.A,D,HKD,EUR,SP00,A,2021-04-06,9.186
EXR.D.HKD.EUR.SP00.A,D,HKD,EUR,SP00,A,2021-04-07,9.2527
EXR.D.HKD.EUR.SP00.A,D,HKD,EUR,SP00,A,2021-04-08,9.2356
EXR.D.HKD.EUR.SP00.A,D,HKD,EUR,SP00,A,2021-04-09,9.247
EXR.D.HKD.EUR.SP00.A,D,HKD,EUR,SP00,A,2021-04-12,9.2564
EXR.D.HKD.EUR.SP00.A,D,HKD,EUR,SP00,A,2021-04-13,9.2477
EXR.D.HKD.EUR.SP00.A,D,HKD,EUR,SP00,A,2021-04-14,9.2915
EXR.D.HKD.EUR.SP00.A,D,HKD,EUR,SP00,A,2021-04-15,9.2984
EXR.D.HKD.EUR.SP00.A,D,HKD,EUR,SP00,A,2021-04-16,9.3152
EXR.D.HKD.EUR.SP00.A,D,HKD,EUR,SP00,A,2021-04-19,9.3475
EXR.D.HKD.EUR.SP00.A,D,HKD,EUR,SP00,A,2021-04-20,9.355
EXR.D.HKD.EUR.SP00.A,D,HKD,EUR,SP00,A,2021-04-21,9.3209
EXR.D.HKD.EUR.SP00.A,D,HKD,EUR,SP00,A,2021-04-22,9.3474
EXR.D.HKD.EUR.SP00.A,D,HKD,EUR,SP00,A,2021-04-23,9.3653
EXR.D.HKD.EUR.SP00.A,D,HKD,EUR,SP00,A,2021-04-26,9.3777
EXR.D.HKD.EUR.SP00.A,D,HKD,EUR,SP00,A,2021-04-27,9.3825
EXR.D.HKD.EUR.SP00.A,D,HKD,EUR,SP00,A,2021-04-28,9.3696
EXR.D.HKD.EUR.SP00.A,D,HKD,EUR,SP00,A,2021-04-29,9.4156
EXR.D.HKD.EUR.SP00.A,D,HKD,EUR,SP00,A,2021-04-30,9.3816
EXR.D.HKD.EUR.SP00.A,D,HKD,EUR,SP00,A,2021-05-03,9.3554
EXR.D.HKD.EUR.SP00.A,D,HKD,EUR,SP00,A,2021-05-04,9.3374
EXR.D.HKD.EUR.SP00.A,D,HKD,EUR,SP00,A,2021-05-05,9.3267
EXR.D.HKD.EUR.SP00.A,D,HKD,EUR,SP00,A,2021-05-06,9.3685
EXR.D.HKD.EUR.SP00.A,D,HKD,EUR,SP00,A,2021-05-07,9.3661
EXR.D.HKD.EUR.SP00.A,D,HKD,EUR,SP00,A,2021-05-10,9.4504
EXR.D.HKD.EUR.SP00.A,D,HKD,EUR,SP00,A,2021-05-11,9.4527
EXR.D.HKD.EUR.SP00.A,D,HKD,EUR,SP00,A,2021-05-12,9.4115
EXR.D.HKD.EUR.SP00.A,D,HKD,EUR,SP00,A,2021-05-13,9.3841
EXR.D.HKD.EUR.SP00.A,D,HKD,EUR,SP00,A,2021-05-14,9.4151
EXR.D.HKD.EUR.SP00.A,D,HKD,EUR,SP00,A,2021-05-17,9.4318
EXR.D.HKD.EUR.SP00.A,D,HKD,EUR,SP00,A,2021-05-18,9.4912
EXR.D.HKD.EUR.SP00.A,D,HKD,EUR,SP00,A,2021-05-19,9.4819
EXR.D.HKD.EUR.SP00.A,D,HKD,EUR,SP00,A,2021-05-20,9.4726
EXR.D.HKD.EUR.SP00.A,D,HKD,EUR,SP00,A,2021-05-21,9.4639
EXR.D.HKD.EUR.SP00.A,D,HKD,EUR,SP00,A,2021-05-24,9.4833
EXR.D.HKD.EUR.SP00.A,D,HKD,EUR,SP00,A,2021-05-25,9.5197
EXR.D.HKD.EUR.SP00.A,D,HKD,EUR,SP00,A,2021-05-26,9.4922
EXR.D.HKD.EUR.SP00.A,D,HKD,EUR,SP00,A,2021-05-27,9.468
EXR.D.HKD.EUR.SP00.A,D,HKD,EUR,SP00,A,2021-05-28,9.4246
EXR.D.HKD.EUR.SP00.A,D,HKD,EUR,SP00,A,2021-05-31,9.469
EXR.D.HKD.EUR.SP00.A,D,HKD,EUR,SP00,A,2021-06-01,9.4853
EXR.D.HKD.EUR.SP00.A,D,HKD,EUR,SP00,A,2021-06-02,9.4555
EXR.D.HKD.EUR.SP00.A,D,HKD,EUR,SP00,A,2021-06-03,9.4551
EXR.D.HKD.EUR.SP00.A,D,HKD,EUR,SP00,A,2021-06-04,9.4
EXR.D.HKD.EUR.SP00.A,D,HKD,EUR,SP00,A,2021-06-07,9.4355
EXR.D.HKD.EUR.SP00.A,D,HKD,EUR,SP00,A,2021-06-08,9.4526
EXR.D.HKD.EUR.SP00.A,D,HKD,EUR,SP00,A,2021-06-09,9.4615
EXR.D.HKD.EUR.SP00.A,D,HKD,EUR,SP00,A,2021-06-10,9.4467
EXR.D.HKD.EUR.SP00.A,D,HKD,EUR,SP00,A,2021-06-11,9.4089
EXR.D.HKD.EUR.SP00.A,D,HKD,EUR,SP00,A,2021-06-14,9.4008
EXR.D.HKD.EUR.SP00.A,D,HKD,EUR,SP00,A,2021-06-15,9.3991
EXR.D.HKD.EUR.SP00.A,D,HKD,EUR,SP00,A,2021-06-16,9.4107
EXR.D.HKD.EUR.SP00.A,D,HKD,EUR,SP00,A,2021-06-17,9.2694
EXR.D.HKD.EUR.SP00.A,D,HKD,EUR,SP00,A,2021-06-18,9.2379
EXR.D.HKD.EUR.SP00.A,D,HKD,EUR,SP00,A,2021-06-21,9.2326
EXR.D.HKD.EUR.SP00.A,D,HKD,EUR,SP00,A,2021-06-22,9.2365
EXR.D.HKD.EUR.SP00.A,D,HKD,EUR,SP00,A,2021-06-23,9.2807
EXR.D.HKD.EUR.SP00.A,D,HKD,EUR,SP00,A,2021-06-24,9.2675
EXR.D.HKD.EUR.SP00.A,D,HKD,EUR,SP00,A,2021-06-25,9.2751
EXR.D.HKD.EUR.SP00.A,D,HKD,EUR,SP00,A,2021-06-28,9.2459
EXR.D.HKD.EUR.SP00.A,D,HKD,EUR,SP00,A,2021-06-29,9.2297
EXR.D.HKD.EUR.SP00.A,D,HKD,EUR,SP00,A,2021-06-30,9.2293
EXR.D.HKD.EUR.SP00.A,D,HKD,EUR,SP00,A,2021-07-01,9.2273
EXR.D.HKD.EUR.SP00.A,D,HKD,EUR,SP00,A,2021-07-02,9.1838
EXR.D.HKD.EUR.SP00.A,D,HKD,EUR,SP00,A,2021-07-05,9.2182
EXR.D.HKD.EUR.SP00.A,D,HKD,EUR,SP00,A,2021-07-06,9.1942
EXR.D.HKD.EUR.SP00.A,D,HKD,EUR,SP00,A,2021-07-07,9.19
EXR.D.HKD.EUR.SP00.A,D,HKD,EUR,SP00,A,2021-07-08,9.1967
EXR.D.HKD.EUR.SP00.A,D,HKD,EUR,SP00,A,2021-07-09,9.2117
EXR.D.HKD.EUR.SP00.A,D,HKD,EUR,SP00,A,2021-07-12,9.2052
EXR.D.HKD.EUR.SP00.A,D,HKD,EUR,SP00,A,2021-07-13,9.197
EXR.D.HKD.EUR.SP00.A,D,HKD,EUR,SP00,A,2021-07-14,9.1742
EXR.D.HKD.EUR.SP00.A,D,HKD,EUR,SP00,A,2021-07-15,9.1726
EXR.D.HKD.EUR.SP00.A,D,HKD,EUR,SP00,A,2021-07-16,9.1684
EXR.D.HKD.EUR.SP00.A,D,HKD,EUR,SP00,A,2021-07-19,9.1419
EXR.D.HKD.EUR.SP00.A,D,HKD,EUR,SP00,A,2021-07-20,9.1529
EXR.D.HKD.EUR.SP00.A,D,HKD,EUR,SP00,A,2021-07-21,9.1518
EXR.D.HKD.EUR.SP00.A,D,HKD,EUR,SP00,A,2021-07-22,9.1506
EXR.D.HKD.EUR.SP00.A,D,HKD,EUR,SP00,A,2021-07-23,9.142
EXR.D.HKD.EUR.SP00.A,D,HKD,EUR,SP00,A,2021-07-26,9.1656
EXR.D.HKD.EUR.SP00.A,D,HKD,EUR,SP00,A,2021-07-27,9.1915
EXR.D.HKD.EUR.SP00.A,D,HKD,EUR,SP00,A,2021-07-28,9.188
EXR.D.HKD.EUR.SP00.A,D,HKD,EUR,SP00,A,2021-07-29,9.2272
EXR.D.HKD.EUR.SP00.A,D,HKD,EUR,SP00,A,2021-07-30,9.2451
EXR.D.HKD.EUR.SP00.A,D,HKD,EUR,SP00,A,2021-08-02,9.2398
EXR.D.HKD.EUR.SP00.A,D,HKD,EUR,SP00,A,2021-08-03,9.2428
EXR.D.HKD.EUR.SP00.A,D,HKD,EUR,SP00,A,2021-08-04,9.2236
EXR.D.HKD.EUR.SP00.A,D,HKD,EUR,SP00,A,2021-08-05,9.216
EXR.D.HKD.EUR.SP00.A,D,HKD,EUR,SP00,A,2021-08-06,9.1827
EXR.D.HKD.EUR.SP00.A,D,HKD,EUR,SP00,A,2021-08-09,9.1521
EXR.D.HKD.EUR.SP00.A,D,HKD,EUR,SP00,A,2021-08-10,9.1228
EXR.D.HKD.EUR.SP00.A,D,HKD,EUR,SP00,A,2021-08-11,9.1187
EXR.D.HKD.EUR.SP00.A,D,HKD,EUR,SP00,A,2021-08-12,9.1336
EXR.D.HKD.EUR.SP00.A,D,HKD,EUR,SP00,A,2021-08-13,9.1573
EXR.D.HKD.EUR.SP00.A,D,HKD,EUR,SP00,A,2021-08-16,9.1641
EXR.D.HKD.EUR.SP00.A,D,HKD,EUR,SP00,A,2021-08-17,9.1704
EXR.D.HKD.EUR.SP00.A,D,HKD,EUR,SP00,A,2021-08-18,9.1299
EXR.D.HKD.EUR.SP00.A,D,HKD,EUR,SP00,A,2021-08-19,9.1121
EXR.D.HKD.EUR.SP00.A,D,HKD,EUR,SP00,A,2021-08-20,9.0924
EXR.D.HKD.EUR.SP00.A,D,HKD,EUR,SP00,A,2021-08-23,9.1313
EXR.D.HKD.EUR.SP00.A,D,HKD,EUR,SP00,A,2021-08-24,9.1448
EXR.D.HKD.EUR.SP00.A,D,HKD,EUR,SP00,A,2021-08-25,9.1357
EXR.D.HKD.EUR.SP00.A,D,HKD,EUR,SP00,A,2021-08-26,9.1625
EXR.D.HKD.EUR.SP00.A,D,HKD,EUR,SP00,A,2021-08-27,9.1619
EXR.D.HKD.EUR.SP00.A,D,HKD,EUR,SP00,A,2021-08-30,9.1891
EXR.D.HKD.EUR.SP00.A,D,HKD,EUR,SP00,A,2021-08-31,9.2086
EXR.D.HKD.EUR.SP00.A,D,HKD,EUR,SP00,A,2021-09-01,9.1907
EXR.D.HKD.EUR.SP00.A,D,HKD,EUR,SP00,A,2021-09-02,9.2075
EXR.D.HKD.EUR.SP00.A,D,HKD,EUR,SP00,A,2021-09-03,9.2285
EXR.D.HKD.EUR.SP00.A,D,HKD,EUR,SP00,A,2021-09-06,9.2226
EXR.D.HKD.EUR.SP00.A,D,HKD,EUR,SP00,A,2021-09-07,9.2197
EXR.D.HKD.EUR.SP00.A,D,HKD,EUR,SP00,A,2021-09-08,9.1971
EXR.D.HKD.EUR.SP00.A,D,HKD,EUR,SP00,A,2021-09-09,9.2072
EXR.D.HKD.EUR.SP00.A,D,HKD,EUR,SP00,A,2021-09-10,9.2086
EXR.D.HKD.EUR.SP00.A,D,HKD,EUR,SP00,A,2021-09-13,9.1641
EXR.D.HKD.EUR.SP00.A,D,HKD,EUR,SP00,A,2021-09-14,9.1899
EXR.D.HKD.EUR.SP00.A,D,HKD,EUR,SP00,A,2021-09-15,9.2021
EXR.D.HKD.EUR.SP00.A,D,HKD,EUR,SP00,A,2021-09-16,9.1575
EXR.D.HKD.EUR.SP00.A,D,HKD,EUR,SP00,A,2021-09-17,9.1691
EXR.D.HKD.EUR.SP00.A,D,HKD,EUR,SP00,A,2021-09-20,9.1188
EXR.D.HKD.EUR.SP00.A,D,HKD,EUR,SP00,A,2021-09-21,9.1389
EXR.D.HKD.EUR.SP00.A,D,HKD,EUR,SP00,A,2021-09-22,9.1333
EXR.D.HKD.EUR.SP00.A,D,HKD,EUR,SP00,A,2021-09-23,9.1205
EXR.D.HKD.EUR.SP00.A,D,HKD,EUR,SP00,A,2021-09-24,9.124
EXR.D.HKD.EUR.SP00.A,D,HKD,EUR,SP00,A,2021-09-27,9.1054
EXR.D.HKD.EUR.SP00.A,D,HKD,EUR,SP00,A,2021-09-28,9.0882
EXR.D.HKD.EUR.SP00.A,D,HKD,EUR,SP00,A,2021-09-29,9.0714
EXR.D.HKD.EUR.SP00.A,D,HKD,EUR,SP00,A,2021-09-30,9.0184
EXR.D.HKD.EUR.SP00.A,D,HKD,EUR,SP00,A,2021-10-01,9.0304
EXR.D.HKD.EUR.SP00.A,D,HKD,EUR,SP00,A,2021-10-04,9.0597
EXR.D.HKD.EUR.SP00.A,D,HKD,EUR,SP00,A,2021-10-05,9.0324
EXR.D.HKD.EUR.SP00.A,D,HKD,EUR,SP00,A,2021-10-06,8.9876
EXR.D.HKD.EUR.SP00.A,D,HKD,EUR,SP00,A,2021-10-07,9.0008
EXR.D.HKD.EUR.SP00.A,D,HKD,EUR,SP00,A,2021-10-08,9.0066
EXR.D.HKD.EUR.SP00.A,D,HKD,EUR,SP00,A,2021-10-11,9.0049
EXR.D.HKD.EUR.SP00.A,D,HKD,EUR,SP00,A,2021-10-12,8.9915
EXR.D.HKD.EUR.SP00.A,D,HKD,EUR,SP00,A,2021-10-13,8.9952
EXR.D.HKD.EUR.SP00.A,D,HKD,EUR,SP00,A,2021-10-14,9.0244
EXR.D.HKD.EUR.SP00.A,D,HKD,EUR,SP00,A,2021-10-15,9.0258
EXR.D.HKD.EUR.SP00.A,D,HKD,EUR,SP00,A,2021-10-18,9.0268
EXR.D.HKD.EUR.SP00.A,D,HKD,EUR,SP00,A,2021-10-19,9.0635
EXR.D.HKD.EUR.SP00.A,D,HKD,EUR,SP00,A,2021-10-20,9.0375
EXR.D.HKD.EUR.SP00.A,D,HKD,EUR,SP00,A,2021-10-21,9.0487
EXR.D.HKD.EUR.SP00.A,D,HKD,EUR,SP00,A,2021-10-22,9.0412
EXR.D.HKD.EUR.SP00.A,D,HKD,EUR,SP00,A,2021-10-25,9.0191
EXR.D.HKD.EUR.SP00.A,D,HKD,EUR,SP00,A,2021-10-26,9.0335
EXR.D.HKD.EUR.SP00.A,D,HKD,EUR,SP00,A,2021-10-27,9.0363
EXR.D.HKD.EUR.SP00.A,D,HKD,EUR,SP00,A,2021-10-28,9.0167
EXR.D.HKD.EUR.SP00.A,D,HKD,EUR,SP00,A,2021-10-29,9.0563
EXR.D.HKD.EUR.SP00.A,D,HKD,EUR,SP00,A,2021-11-01,9.0108
EXR.D.HKD.EUR.SP00.A,D,HKD,EUR,SP00,A,2021-11-02,9.0297
EXR.D.HKD.EUR.SP00.A,D,HKD,EUR,SP00,A,2021-11-03,9.0114
EXR.D.HKD.EUR.SP00.A,D,HKD,EUR,SP00,A,2021-11-04,9.0059
EXR.D.HKD.EUR.SP00.A,D,HKD,EUR,SP00,A,2021-11-05,8.967
EXR.D.HKD.EUR.SP00.A,D,HKD,EUR,SP00,A,2021-11-08,9.0175
EXR.D.HKD.EUR.SP00.A,D,HKD,EUR,SP00,A,2021-11-09,9.0186
EXR.D.HKD.EUR.SP00.A,D,HKD,EUR,SP00,A,2021-11-10,9.0035
EXR.D.HKD.EUR.SP00.A,D,HKD,EUR,SP00,A,2021-11-11,8.9299
EXR.D.HKD.EUR.SP00.A,D,HKD,EUR,SP00,A,2021-11-12,8.9206
EXR.D.HKD.EUR.SP00.A,D,HKD,EUR,SP00,A,2021-11-15,8.9156
EXR.D.HKD.EUR.SP00.A,D,HKD,EUR,SP00,A,2021-11-16,8.8544
EXR.D.HKD.EUR.SP00.A,D,HKD,EUR,SP00,A,2021-11-17,8.814
EXR.D.HKD.EUR.SP00.A,D,HKD,EUR,SP00,A,2021-11-18,8.8366
EXR.D.HKD.EUR.SP00.A,D,HKD,EUR,SP00,A,2021-11-19,8.7832
EXR.D.HKD.EUR.SP00.A,D,HKD,EUR,SP00,A,2021-11-22,8.7875
EXR.D.HKD.EUR.SP00.A,D,HKD,EUR,SP00,A,2021-11-23,8.7744
EXR.D.HKD.EUR.SP00.A,D,HKD,EUR,SP00,A,2021-11-24,8.7372
EXR.D.HKD.EUR.SP00.A,D,HKD,EUR,SP00,A,2021-11-25,8.7514
EXR.D.HKD.EUR.SP00.A,D,HKD,EUR,SP00,A,2021-11-26,8.8045
EXR.D.HKD.EUR.SP00.A,D,HKD,EUR,SP00,A,2021-11-29,8.795
EXR.D.HKD.EUR.SP00.A,D,HKD,EUR,SP00,A,2021-11-30,8.8601
EXR.D.HKD.EUR.SP00.A,D,HKD,EUR,SP00,A,2021-12-01,8.8154
EXR.D.HKD.EUR.SP00.A,D,HKD,EUR,SP00,A,2021-12-02,8.8375
EXR.D.HKD.EUR.SP00.A,D,HKD,EUR,SP00,A,2021-12-03,8.8006
EXR.D.HKD.EUR.SP00.A,D,HKD,EUR,SP00,A,2021-12-06,8.8053
EXR.D.HKD.EUR.SP00.A,D,HKD,EUR,SP00,A,2021-12-07,8.7753
EXR.D.HKD.EUR.SP00.A,D,HKD,EUR,SP00,A,2021-12-08,8.8088
EXR.D.HKD.EUR.SP00.A,D,HKD,EUR,SP00,A,2021-12-09,8.8186
EXR.D.HKD.EUR.SP00.A,D,HKD,EUR,SP00,A,2021-12-10,8.7918
EXR.D.HKD.EUR.SP00.A,D,HKD,EUR,SP00,A,2021-12-13,8.7967
EXR.D.HKD.EUR.SP00.A,D,HKD,EUR,SP00,A,2021-12-14,8.8227
EXR.D.HKD.EUR.SP00.A,D,HKD,EUR,SP00,A,2021-12-15,8.7861
EXR.D.HKD.EUR.SP00.A,D,HKD,EUR,SP00,A,2021-12-16,8.8432
EXR.D.HKD.EUR.SP00.A,D,HKD,EUR,SP00,A,2021-12-17,8.8388
EXR.D.HKD.EUR.SP00.A,D,HKD,EUR,SP00,A,2021-12-20,8.7943
EXR.D.HKD.EUR.SP00.A,D,HKD,EUR,SP00,A,2021-12-21,8.8111
EXR.D.HKD.EUR.SP00.A,D,HKD,EUR,SP00,A,2021-12-22,8.8155
EXR.D.HKD.EUR.SP00.A,D,HKD,EUR,SP00,A,2021-12-23,8.8215
EXR.D.HKD.EUR.SP00.A,D,HKD,EUR,SP00,A,2021-12-24,8.8255
EXR.D.HKD.EUR.SP00.A,D,HKD,EUR,SP00,A,2021-12-27,8.8246
EXR.D.HKD.EUR.SP00.A,D,HKD,EUR,SP00,A,2021-12-28,8.838
EXR.D.HKD.EUR.SP00.A,D,HKD,EUR,SP00,A,2021-12-29,8.8127
EXR.D.HKD.EUR.SP00.A,D,HKD,EUR,SP00,A,2021-12-30,8.8399
EXR.D.HKD.EUR.SP00.A,D,HKD,EUR,SP00,A,2021-12-31,8.8333
EXR.D.HKD.EUR.SP00.A,D,HKD,EUR,SP00,A,2022-01-03,8.8541
EXR.D.HKD.EUR.SP00.A,D,HKD,EUR,SP00,A,2022-01-04,8.7919
EXR.D.HKD.EUR.SP00.A,D,HKD,EUR,SP00,A,2022-01-05,8.8227
EXR.D.HKD.EUR.SP00.A,D,HKD,EUR,SP00,A,2022-01-06,8.8272
EXR.D.HKD.EUR.SP00.A,D,HKD,EUR,SP00,A,2022-01-07,8.8133
EXR.D.HKD.EUR.SP00.A,D,HKD,EUR,SP00,A,2022-01-10,8.8233
EXR.D.HKD.EUR.SP00.A,D,HKD,EUR,SP00,A,2022-01-11,8.8384
EXR.D.HKD.EUR.SP00.A,D,HKD,EUR,SP00,A,2022-01-12,8.863
EXR.D.HKD.EUR.SP00.A,D,HKD,EUR,SP00,A,2022-01-13,8.9289
EXR.D.HKD.EUR.SP00.A,D,HKD,EUR,SP00,A,2022-01-14,8.9119
EXR.D.HKD.EUR.SP00.A,D,HKD,EUR,SP00,A,2022-01-17,8.8844
EXR.D.HKD.EUR.SP00.A,D,HKD,EUR,SP00,A,2022-01-18,8.8576
EXR.D.HKD.EUR.SP00.A,D,HKD,EUR,SP00,A,2022-01-19,8.8392
EXR.D.HKD.EUR.SP00.A,D,HKD,EUR,SP00,A,2022-01-20,8.8274
EXR.D.HKD.EUR.SP00.A,D,HKD,EUR,SP00,A,2022-01-21,8.837
EXR.D.HKD.EUR.SP00.A,D,HKD,EUR,SP00,A,2022-01-24,8.8003
EXR.D.HKD.EUR.SP00.A,D,HKD,EUR,SP00,A,2022-01-25,8.7725
EXR.D.HKD.EUR.SP00.A,D,HKD,EUR,SP00,A,2022-01-26,8.7791
EXR.D.HKD.EUR.SP00.A,D,HKD,EUR,SP00,A,2022-01-27,8.6951
EXR.D.HKD.EUR.SP00.A,D,HKD,EUR,SP00,A,2022-01-28,8.681
EXR.D.HKD.EUR.SP00.A,D,HKD,EUR,SP00,A,2022-01-31,8.6994
EXR.D.HKD.EUR.SP00.A,D,HKD,EUR,SP00,A,2022-02-01,8.7779
EXR.D.HKD.EUR.SP00.A,D,HKD,EUR,SP00,A,2022-02-02,8.8245
EXR.D.HKD.EUR.SP00.A,D,HKD,EUR,SP00,A,2022-02-03,8.7966
EXR.D.HKD.EUR.SP00.A,D,HKD,EUR,SP00,A,2022-02-04,8.9286
EXR.D.HKD.EUR.SP00.A,D,HKD,EUR,SP00,A,2022-02-07,8.9202
EXR.D.HKD.EUR.SP00.A,D,HKD,EUR,SP00,A,2022-02-08,8.8923
EXR.D.HKD.EUR.SP00.A,D,HKD,EUR,SP00,A,2022-02-09,8.9106
EXR.D.HKD.EUR.SP00.A,D,HKD,EUR,SP00,A,2022-02-10,8.9142
EXR.D.HKD.EUR.SP00.A,D,HKD,EUR,SP00,A,2022-02-11,8.9054
EXR.D.HKD.EUR.SP00.A,D,HKD,EUR,SP00,A,2022-02-14,8.8283
EXR.D.HKD.EUR.SP00.A,D,HKD,EUR,SP00,A,2022-02-15,8.8527
EXR.D.HKD.EUR.SP00.A,D,HKD,EUR,SP00,A,2022-02-16,8.8712
EXR.D.HKD.EUR.SP00.A,D,HKD,EUR,SP00,A,2022-02-17,8.8692
EXR.D.HKD.EUR.SP00.A,D,HKD,EUR,SP00,A,2022-02-18,8.8566
EXR.D.HKD.EUR.SP00.A,D,HKD,EUR,SP00,A,2022-02-21,8.8443
EXR.D.HKD.EUR.SP00.A,D,HKD,EUR,SP00,A,2022-02-22,8.8495
EXR.D.HKD.EUR.SP00.A,D,HKD,EUR,SP00,A,2022-02-23,8.8529
EXR.D.HKD.EUR.SP00.A,D,HKD,EUR,SP00,A,2022-02-24,8.7178
EXR.D.HKD.EUR.SP00.A,D,HKD,EUR,SP00,A,2022-02-25,8.7578
EXR.D.HKD.EUR.SP00.A,D,HKD,EUR,SP00,A,2022-02-28,8.7514
EXR.D.HKD.EUR.SP00.A,D,HKD,EUR,SP00,A,2022-03-01,8.7234
EXR.D.HKD.EUR.SP00.A,D,HKD,EUR,SP00,A,2022-03-02,8.6785
EXR.D.HKD.EUR.SP00.A,D,HKD,EUR,SP00,A,2022-03-03,8.6547
EXR.D.HKD.EUR.SP00.A,D,HKD,EUR,SP00,A,2022-03-04,8.5411
EXR.D.HKD.EUR.SP00.A,D,HKD,EUR,SP00,A,2022-03-07,8.5154
EXR.D.HKD.EUR.SP00.A,D,HKD,EUR,SP00,A,2022-03-08,8.5183
EXR.D.HKD.EUR.SP00.A,D,HKD,EUR,SP00,A,2022-03-09,8.5974
EXR.D.HKD.EUR.SP00.A,D,HKD,EUR,SP00,A,2022-03-10,8.6688
EXR.D.HKD.EUR.SP00.A,D,HKD,EUR,SP00,A,2022-03-11,8.6007
EXR.D.HKD.EUR.SP00.A,D,HKD,EUR,SP00,A,2022-03-14,8.5815
EXR.D.HKD.EUR.SP00.A,D,HKD,EUR,SP00,A,2022-03-15,8.6026
EXR.D.HKD.EUR.SP00.A,D,HKD,EUR,SP00,A,2022-03-16,8.5996
EXR.D.HKD.EUR.SP00.A,D,HKD,EUR,SP00,A,2022-03-17,8.6391
EXR.D.HKD.EUR.SP00.A,D,HKD,EUR,SP00,A,2022-03-18,8.6101
EXR.D.HKD.EUR.SP00.A,D,HKD,EUR,SP00,A,2022-03-21,8.6387
EXR.D.HKD.EUR.SP00.A,D,HKD,EUR,SP00,A,2022-03-22,8.6285
EXR.D.HKD.EUR.SP00.A,D,HKD,EUR,SP00,A,2022-03-23,8.5948
EXR.D.HKD.EUR.SP00.A,D,HKD,EUR,SP00,A,2022-03-24,8.5897
EXR.D.HKD.EUR.SP00.A,D,HKD,EUR,SP00,A,2022-03-25,8.6117
EXR.D.HKD.EUR.SP00.A,D,HKD,EUR,SP00,A,2022-03-28,8.5861
EXR.D.HKD.EUR.SP00.A,D,HKD,EUR,SP00,A,2022-03-29,8.6767
EXR.D.HKD.EUR.SP00.A,D,HKD,EUR,SP00,A,2022-03-30,8.7081
EXR.D.HKD.EUR.SP00.A,D,HKD,EUR,SP00,A,2022-03-31,8.6918
EXR.D.HKD.EUR.SP00.A,D,HKD,EUR,SP00,A,2022-04-01,8.6596
EXR.D.HKD.EUR.SP00.A,D,HKD,EUR,SP00,A,2022-04-04,8.6226
EXR.D.HKD.EUR.SP00.A,D,HKD,EUR,SP00,A,2022-04-05,8.5917
EXR.D.HKD.EUR.SP00.A,D,HKD,EUR,SP00,A,2022-04-06,8.5617
EXR.D.HKD.EUR.SP00.A,D,HKD,EUR,SP00,A,2022-04-07,8.5554
EXR.D.HKD.EUR.SP00.A,D,HKD,EUR,SP00,A,2022-04-08,8.5134
EXR.D.HKD.EUR.SP00.A,D,HKD,EUR,SP00,A,2022-04-11,8.544
EXR.D.HKD.EUR.SP00.A,D,HKD,EUR,SP00,A,2022-04-12,8.5112
EXR.D.HKD.EUR.SP00.A,D,HKD,EUR,SP00,A,2022-04-13,8.4867
EXR.D.HKD.EUR.SP00.A,D,HKD,EUR,SP00,A,2022-04-14,8.5298
EXR.D.HKD.EUR.SP00.A,D,HKD,EUR,SP00,A,2022-04-19,8.4698
EXR.D.HKD.EUR.SP00.A,D,HKD,EUR,SP00,A,2022-04-20,8.494
EXR.D.HKD.EUR.SP00.A,D,HKD,EUR,SP00,A,2022-04-21,8.5406
EXR.D.HKD.EUR.SP00.A,D,HKD,EUR,SP00,A,2022-04-22,8.4859
EXR.D.HKD.EUR.SP00.A,D,HKD,EUR,SP00,A,2022-04-25,8.4325
EXR.D.HKD.EUR.SP00.A,D,HKD,EUR,SP00,A,2022-04-26,8.3735
EXR.D.HKD.EUR.SP00.A,D,HKD,EUR,SP00,A,2022-04-27,8.3045
EXR.D.HKD.EUR.SP00.A,D,HKD,EUR,SP00,A,2022-04-28,8.2267
EXR.D.HKD.EUR.SP00.A,D,HKD,EUR,SP00,A,2022-04-29,8.2703
EXR.D.HKD.EUR.SP00.A,D,HKD,EUR,SP00,A,2022-05-02,8.2581
EXR.D.HKD.EUR.SP00.A,D,HKD,EUR,SP00,A,2022-05-03,8.2838
EXR.D.HKD.EUR.SP00.A,D,HKD,EUR,SP00,A,2022-05-04,8.2655
EXR.D.HKD.EUR.SP00.A,D,HKD,EUR,SP00,A,2022-05-05,8.2948
EXR.D.HKD.EUR.SP00.A,D,HKD,EUR,SP00,A,2022-05-06,8.2969
EXR.D.HKD.EUR.SP00.A,D,HKD,EUR,SP00,A,2022-05-09,8.2887
EXR.D.HKD.EUR.SP00.A,D,HKD,EUR,SP00,A,2022-05-10,8.2847
EXR.D.HKD.EUR.SP00.A,D,HKD,EUR,SP00,A,2022-05-11,8.2839
EXR.D.HKD.EUR.SP00.A,D,HKD,EUR,SP00,A,2022-05-12,8.1702
EXR.D.HKD.EUR.SP00.A,D,HKD,EUR,SP00,A,2022-05-13,8.1522
EXR.D.HKD.EUR.SP00.A,D,HKD,EUR,SP00,A,2022-05-16,8.1812
EXR.D.HKD.EUR.SP00.A,D,HKD,EUR,SP00,A,2022-05-17,8.2744
EXR.D.HKD.EUR.SP00.A,D,HKD,EUR,SP00,A,2022-05-18,8.2591
EXR.D.HKD.EUR.SP00.A,D,HKD,EUR,SP00,A,2022-05-19,8.2594
EXR.D.HKD.EUR.SP00.A,D,HKD,EUR,SP00,A,2022-05-20,8.2999
EXR.D.HKD.EUR.SP00.A,D,HKD,EUR,SP00,A,2022-05-23,8.3664
EXR.D.HKD.EUR.SP00.A,D,HKD,EUR,SP00,A,2022-05-24,8.4143
EXR.D.HKD.EUR.SP00.A,D,HKD,EUR,SP00,A,2022-05-25,8.3647
EXR.D.HKD.EUR.SP00.A,D,HKD,EUR,SP00,A,2022-05-26,8.397
EXR.D.HKD.EUR.SP00.A,D,HKD,EUR,SP00,A,2022-05-27,8.4165
EXR.D.HKD.EUR.SP00.A,D,HKD,EUR,SP00,A,2022-05-30,8.449
EXR.D.HKD.EUR.SP00.A,D,HKD,EUR,SP00,A,2022-05-31,8.4063
EXR.D.HKD.EUR.SP00.A,D,HKD,EUR,SP00,A,2022-06-01,8.4057
EXR.D.HKD.EUR.SP00.A,D,HKD,EUR,SP00,A,2022-06-02,8.3896
EXR.D.HKD.EUR.SP00.A,D,HKD,EUR,SP00,A,2022-06-03,8.4167
EXR.D.HKD.EUR.SP00.A,D,HKD,EUR,SP00,A,2022-06-06,8.4154
EXR.D.HKD.EUR.SP00.A,D,HKD,EUR,SP00,A,2022-06-07,8.3656
EXR.D.HKD.EUR.SP00.A,D,HKD,EUR,SP00,A,2022-06-08,8.4275
EXR.D.HKD.EUR.SP00.A,D,HKD,EUR,SP00,A,2022-06-09,8.4317
EXR.D.HKD.EUR.SP00.A,D,HKD,EUR,SP00,A,2022-06-10,8.3031
EXR.D.HKD.EUR.SP00.A,D,HKD,EUR,SP00,A,2022-06-13,8.2071
EXR.D.HKD.EUR.SP00.A,D,HKD,EUR,SP00,A,2022-06-14,8.2048
EXR.D.HKD.EUR.SP00.A,D,HKD,EUR,SP00,A,2022-06-15,8.1883
EXR.D.HKD.EUR.SP00.A,D,HKD,EUR,SP00,A,2022-06-16,8.1638
EXR.D.HKD.EUR.SP00.A,D,HKD,EUR,SP00,A,2022-06-17,8.2314
EXR.D.HKD.EUR.SP00.A,D,HKD,EUR,SP00,A,2022-06-20,8.2558
EXR.D.HKD.EUR.SP00.A,D,HKD,EUR,SP00,A,2022-06-21,8.2817
EXR.D.HKD.EUR.SP00.A,D,HKD,EUR,SP00,A,2022-06-22,8.2589
EXR.D.HKD.EUR.SP00.A,D,HKD,EUR,SP00,A,2022-06-23,8.236
EXR.D.HKD.EUR.SP00.A,D,HKD,EUR,SP00,A,2022-06-24,8.2609
EXR.D.HKD.EUR.SP00.A,D,HKD,EUR,SP00,A,2022-06-27,8.2946
EXR.D.HKD.EUR.SP00.A,D,HKD,EUR,SP00,A,2022-06-28,8.288
EXR.D.HKD.EUR.SP00.A,D,HKD,EUR,SP00,A,2022-06-29,8.2532
EXR.D.HKD.EUR.SP00.A,D,HKD,EUR,SP00,A,2022-06-30,8.1493
EXR.D.HKD.EUR.SP00.A,D,HKD,EUR,SP00,A,2022-07-01,8.1801
EXR.D.HKD.EUR.SP00.A,D,HKD,EUR,SP00,A,2022-07-04,8.2033
EXR.D.HKD.EUR.SP00.A,D,HKD,EUR,SP00,A,2022-07-05,8.0748
EXR.D.HKD.EUR.SP00.A,D,HKD,EUR,SP00,A,2022-07-06,7.9864
EXR.D.HKD.EUR.SP00.A,D,HKD,EUR,SP00,A,2022-07-07,7.9893
EXR.D.HKD.EUR.SP00.A,D,HKD,EUR,SP00,A,2022-07-08,7.9769
EXR.D.HKD.EUR.SP00.A,D,HKD,EUR,SP00,A,2022-07-11,7.9265
EXR.D.HKD.EUR.SP00.A,D,HKD,EUR,SP00,A,2022-07-12,7.8828
EXR.D.HKD.EUR.SP00.A,D,HKD,EUR,SP00,A,2022-07-13,7.9025
EXR.D.HKD.EUR.SP00.A,D,HKD,EUR,SP00,A,2022-07-14,7.8539
EXR.D.HKD.EUR.SP00.A,D,HKD,EUR,SP00,A,2022-07-15,7.8963
EXR.D.HKD.EUR.SP00.A,D,HKD,EUR,SP00,A,2022-07-18,7.9528
EXR.D.HKD.EUR.SP00.A,D,HKD,EUR,SP00,A,2022-07-19,8.0423
EXR.D.HKD.EUR.SP00.A,D,HKD,EUR,SP00,A,2022-07-20,8.0062
EXR.D.HKD.EUR.SP00.A,D,HKD,EUR,SP00,A,2022-07-21,8.0056
EXR.D.HKD.EUR.SP00.A,D,HKD,EUR,SP00,A,2022-07-22,7.9985
EXR.D.HKD.EUR.SP00.A,D,HKD,EUR,SP00,A,2022-07-25,8.0345
EXR.D.HKD.EUR.SP00.A,D,HKD,EUR,SP00,A,2022-07-26,7.9466
EXR.D.HKD.EUR.SP00.A,D,HKD,EUR,SP00,A,2022-07-27,7.9692
EXR.D.HKD.EUR.SP00.A,D,HKD,EUR,SP00,A,2022-07-28,7.9456
EXR.D.HKD.EUR.SP00.A,D,HKD,EUR,SP00,A,2022-07-29,8.0054
EXR.D.HKD.EUR.SP00.A,D,HKD,EUR,SP00,A,2022-08-01,8.0329
EXR.D.HKD.EUR.SP00.A,D,HKD,EUR,SP00,A,2022-08-02,8.0257
EXR.D.HKD.EUR.SP00.A,D,HKD,EUR,SP00,A,2022-08-03,8.0022
EXR.D.HKD.EUR.SP00.A,D,HKD,EUR,SP00,A,2022-08-04,7.9919
EXR.D.HKD.EUR.SP00.A,D,HKD,EUR,SP00,A,2022-08-05,8.0328
EXR.D.HKD.EUR.SP00.A,D,HKD,EUR,SP00,A,2022-08-08,8.0061
EXR.D.HKD.EUR.SP00.A,D,HKD,EUR,SP00,A,2022-08-09,8.0334
EXR.D.HKD.EUR.SP00.A,D,HKD,EUR,SP00,A,2022-08-10,8.046
EXR.D.HKD.EUR.SP00.A,D,HKD,EUR,SP00,A,2022-08-11,8.1118
EXR.D.HKD.EUR.SP00.A,D,HKD,EUR,SP00,A,2022-08-12,8.06
EXR.D.HKD.EUR.SP00.A,D,HKD,EUR,SP00,A,2022-08-15,7.9899
EXR.D.HKD.EUR.SP00.A,D,HKD,EUR,SP00,A,2022-08-16,7.9449
EXR.D.HKD.EUR.SP00.A,D,HKD,EUR,SP00,A,2022-08-17,7.9705
EXR.D.HKD.EUR.SP00.A,D,HKD,EUR,SP00,A,2022-08-18,7.9844
EXR.D.HKD.EUR.SP00.A,D,HKD,EUR,SP00,A,2022-08-19,7.8877
EXR.D.HKD.EUR.SP00.A,D,HKD,EUR,SP00,A,2022-08-22,7.8468
EXR.D.HKD.EUR.SP00.A,D,HKD,EUR,SP00,A,2022-08-23,7.79
EXR.D.HKD.EUR.SP00.A,D,HKD,EUR,SP00,A,2022-08-24,7.795
EXR.D.HKD.EUR.SP00.A,D,HKD,EUR,SP00,A,2022-08-25,7.8234
EXR.D.HKD.EUR.SP00.A,D,HKD,EUR,SP00,A,2022-08-26,7.8521
EXR.D.HKD.EUR.SP00.A,D,HKD,EUR,SP00,A,2022-08-29,7.8368
EXR.D.HKD.EUR.SP00.A,D,HKD,EUR,SP00,A,2022-08-30,7.8751
EXR.D.HKD.EUR.SP00.A,D,HKD,EUR,SP00,A,2022-08-31,7.8488
EXR.D.HKD.EUR.SP00.A,D,HKD,EUR,SP00,A,2022-09-01,7.8511
EXR.D.HKD.EUR.SP00.A,D,HKD,EUR,SP00,A,2022-09-02,7.8439
EXR.D.HKD.EUR.SP00.A,D,HKD,EUR,SP00,A,2022-09-05,7.7867
EXR.D.HKD.EUR.SP00.A,D,HKD,EUR,SP00,A,2022-09-06,7.7932
EXR.D.HKD.EUR.SP00.A,D,HKD,EUR,SP00,A,2022-09-07,7.7596
EXR.D.HKD.EUR.SP00.A,D,HKD,EUR,SP00,A,2022-09-08,7.8568
EXR.D.HKD.EUR.SP00.A,D,HKD,EUR,SP00,A,2022-09-09,7.8871
EXR.D.HKD.EUR.SP00.A,D,HKD,EUR,SP00,A,2022-09-12,7.9709
EXR.D.HKD.EUR.SP00.A,D,HKD,EUR,SP00,A,2022-09-13,7.9855
EXR.D.HKD.EUR.SP00.A,D,HKD,EUR,SP00,A,2022-09-14,7.8405
EXR.D.HKD.EUR.SP00.A,D,HKD,EUR,SP00,A,2022-09-15,7.8423
EXR.D.HKD.EUR.SP00.A,D,HKD,EUR,SP00,A,2022-09-16,7.8133
EXR.D.HKD.EUR.SP00.A,D,HKD,EUR,SP00,A,2022-09-19,7.8416
EXR.D.HKD.EUR.SP00.A,D,HKD,EUR,SP00,A,2022-09-20,7.8382
EXR.D.HKD.EUR.SP00.A,D,HKD,EUR,SP00,A,2022-09-21,7.7761
EXR.D.HKD.EUR.SP00.A,D,HKD,EUR,SP00,A,2022-09-22,7.7583
EXR.D.HKD.EUR.SP00.A,D,HKD,EUR,SP00,A,2022-09-23,7.6567
EXR.D.HKD.EUR.SP00.A,D,HKD,EUR,SP00,A,2022-09-26,7.572
EXR.D.HKD.EUR.SP00.A,D,HKD,EUR,SP00,A,2022-09-27,7.5704
EXR.D.HKD.EUR.SP00.A,D,HKD,EUR,SP00,A,2022-09-28,7.5084
EXR.D.HKD.EUR.SP00.A,D,HKD,EUR,SP00,A,2022-09-29,7.6192
EXR.D.HKD.EUR.SP00.A,D,HKD,EUR,SP00,A,2022-09-30,7.6521
EXR.D.HKD.EUR.SP00.A,D,HKD,EUR,SP00,A,2022-10-03,7.6647
EXR.D.HKD.EUR.SP00.A,D,HKD,EUR,SP00,A,2022-10-04,7.7644
EXR.D.HKD.EUR.SP00.A,D,HKD,EUR,SP00,A,2022-10-05,7.7831
EXR.D.HKD.EUR.SP00.A,D,HKD,EUR,SP00,A,2022-10-06,7.74
EXR.D.HKD.EUR.SP00.A,D,HKD,EUR,SP00,A,2022-10-07,7.6906
EXR.D.HKD.EUR.SP00.A,D,HKD,EUR,SP00,A,2022-10-10,7.612
EXR.D.HKD.EUR.SP00.A,D,HKD,EUR,SP00,A,2022-10-11,7.6325
EXR.D.HKD.EUR.SP00.A,D,HKD,EUR,SP00,A,2022-10-12,7.6192
EXR.D.HKD.EUR.SP00.A,D,HKD,EUR,SP00,A,2022-10-13,7.644
EXR.D.HKD.EUR.SP00.A,D,HKD,EUR,SP00,A,2022-10-14,7.6278
EXR.D.HKD.EUR.SP00.A,D,HKD,EUR,SP00,A,2022-10-17,7.6448
EXR.D.HKD.EUR.SP00.A,D,HKD,EUR,SP00,A,2022-10-18,7.72
EXR.D.HKD.EUR.SP00.A,D,HKD,EUR,SP00,A,2022-10-19,7.6757
EXR.D.HKD.EUR.SP00.A,D,HKD,EUR,SP00,A,2022-10-20,7.7008
EXR.D.HKD.EUR.SP00.A,D,HKD,EUR,SP00,A,2022-10-21,7.6376
EXR.D.HKD.EUR.SP00.A,D,HKD,EUR,SP00,A,2022-10-24,7.7329
EXR.D.HKD.EUR.SP00.A,D,HKD,EUR,SP00,A,2022-10-25,7.7407
EXR.D.HKD.EUR.SP00.A,D,HKD,EUR,SP00,A,2022-10-26,7.8678
EXR.D.HKD.EUR.SP00.A,D,HKD,EUR,SP00,A,2022-10-27,7.8782
EXR.D.HKD.EUR.SP00.A,D,HKD,EUR,SP00,A,2022-10-28,7.8107
EXR.D.HKD.EUR.SP00.A,D,HKD,EUR,SP00,A,2022-10-31,7.7822
EXR.D.HKD.EUR.SP00.A,D,HKD,EUR,SP00,A,2022-11-01,7.8079
EXR.D.HKD.EUR.SP00.A,D,HKD,EUR,SP00,A,2022-11-02,7.7774
EXR.D.HKD.EUR.SP00.A,D,HKD,EUR,SP00,A,2022-11-03,7.656
EXR.D.HKD.EUR.SP00.A,D,HKD,EUR,SP00,A,2022-11-04,7.7493
EXR.D.HKD.EUR.SP00.A,D,HKD,EUR,SP00,A,2022-11-07,7.8444
EXR.D.HKD.EUR.SP00.A,D,HKD,EUR,SP00,A,2022-11-08,7.8468
EXR.D.HKD.EUR.SP00.A,D,HKD,EUR,SP00,A,2022-11-09,7.8801
EXR.D.HKD.EUR.SP00.A,D,HKD,EUR,SP00,A,2022-11-10,7.8128
EXR.D.HKD.EUR.SP00.A,D,HKD,EUR,SP00,A,2022-11-11,8.0758
EXR.D.HKD.EUR.SP00.A,D,HKD,EUR,SP00,A,2022-11-14,8.0852
EXR.D.HKD.EUR.SP00.A,D,HKD,EUR,SP00,A,2022-11-15,8.143
EXR.D.HKD.EUR.SP00.A,D,HKD,EUR,SP00,A,2022-11-16,8.1444
EXR.D.HKD.EUR.SP00.A,D,HKD,EUR,SP00,A,2022-11-17,8.077
EXR.D.HKD.EUR.SP00.A,D,HKD,EUR,SP00,A,2022-11-18,8.1092
EXR.D.HKD.EUR.SP00.A,D,HKD,EUR,SP00,A,2022-11-21,7.9989
EXR.D.HKD.EUR.SP00.A,D,HKD,EUR,SP00,A,2022-11-22,8.0313
EXR.D.HKD.EUR.SP00.A,D,HKD,EUR,SP00,A,2022-11-23,8.0708
EXR.D.HKD.EUR.SP00.A,D,HKD,EUR,SP00,A,2022-11-24,8.1324
EXR.D.HKD.EUR.SP00.A,D,HKD,EUR,SP00,A,2022-11-25,8.1084
EXR.D.HKD.EUR.SP00.A,D,HKD,EUR,SP00,A,2022-11-28,8.1782
EXR.D.HKD.EUR.SP00.A,D,HKD,EUR,SP00,A,2022-11-29,8.0965
EXR.D.HKD.EUR.SP00.A,D,HKD,EUR,SP00,A,2022-11-30,8.0944
EXR.D.HKD.EUR.SP00.A,D,HKD,EUR,SP00,A,2022-12-01,8.1371
EXR.D.HKD.EUR.SP00.A,D,HKD,EUR,SP00,A,2022-12-02,8.2035
EXR.D.HKD.EUR.SP00.A,D,HKD,EUR,SP00,A,2022-12-05,8.2236
EXR.D.HKD.EUR.SP00.A,D,HKD,EUR,SP00,A,2022-12-06,8.1813
EXR.D.HKD.EUR.SP00.A,D,HKD,EUR,SP00,A,2022-12-07,8.1997
EXR.D.HKD.EUR.SP00.A,D,HKD,EUR,SP00,A,2022-12-08,8.1889
EXR.D.HKD.EUR.SP00.A,D,HKD,EUR,SP00,A,2022-12-09,8.2169
EXR.D.HKD.EUR.SP00.A,D,HKD,EUR,SP00,A,2022-12-12,8.2103
EXR.D.HKD.EUR.SP00.A,D,HKD,EUR,SP00,A,2022-12-13,8.2033
EXR.D.HKD.EUR.SP00.A,D,HKD,EUR,SP00,A,2022-12-14,8.2751
EXR.D.HKD.EUR.SP00.A,D,HKD,EUR,SP00,A,2022-12-15,8.2551
EXR.D.HKD.EUR.SP00.A,D,HKD,EUR,SP00,A,2022-12-16,8.2632
EXR.D.HKD.EUR.SP00.A,D,HKD,EUR,SP00,A,2022-12-19,8.2428
EXR.D.HKD.EUR.SP00.A,D,HKD,EUR,SP00,A,2022-12-20,8.2488
EXR.D.HKD.EUR.SP00.A,D,HKD,EUR,SP00,A,2022-12-21,8.2902
EXR.D.HKD.EUR.SP00.A,D,HKD,EUR,SP00,A,2022-12-22,8.2883
EXR.D.HKD.EUR.SP00.A,D,HKD,EUR,SP00,A,2022-12-23,8.2878
EXR.D.HKD.EUR.SP00.A,D,HKD,EUR,SP00,A,2022-12-27,8.2874
EXR.D.HKD.EUR.SP00.A,D,HKD,EUR,SP00,A,2022-12-28,8.2931
EXR.D.HKD.EUR.SP00.A,D,HKD,EUR,SP00,A,2022-12-29,8.2994
EXR.D.HKD.EUR.SP00.A,D,HKD,EUR,SP00,A,2022-12-30,8.3163
EXR.D.HKD.EUR.SP00.A,D,HKD,EUR,SP00,A,2023-01-02,8.3389
EXR.D.HKD.EUR.SP00.A,D,HKD,EUR,SP00,A,2023-01-03,8.2392
EXR.D.HKD.EUR.SP00.A,D,HKD,EUR,SP00,A,2023-01-04,8.2864
EXR.D.HKD.EUR.SP00.A,D,HKD,EUR,SP00,A,2023-01-05,8.2788
EXR.D.HKD.EUR.SP00.A,D,HKD,EUR,SP00,A,2023-01-06,8.2006
EXR.D.HKD.EUR.SP00.A,D,HKD,EUR,SP00,A,2023-01-09,8.3508
EXR.D.HKD.EUR.SP00.A,D,HKD,EUR,SP00,A,2023-01-10,8.374
EXR.D.HKD.EUR.SP00.A,D,HKD,EUR,SP00,A,2023-01-11,8.3974
EXR.D.HKD.EUR.SP00.A,D,HKD,EUR,SP00,A,2023-01-12,8.4121
EXR.D.HKD.EUR.SP00.A,D,HKD,EUR,SP00,A,2023-01-13,8.4471
EXR.D.HKD.EUR.SP00.A,D,HKD,EUR,SP00,A,2023-01-16,8.4449
EXR.D.HKD.EUR.SP00.A,D,HKD,EUR,SP00,A,2023-01-17,8.4807
EXR.D.HKD.EUR.SP00.A,D,HKD,EUR,SP00,A,2023-01-18,8.4814
EXR.D.HKD.EUR.SP00.A,D,HKD,EUR,SP00,A,2023-01-19,8.4696
EXR.D.HKD.EUR.SP00.A,D,HKD,EUR,SP00,A,2023-01-20,8.4775
EXR.D.HKD.EUR.SP00.A,D,HKD,EUR,SP00,A,2023-01-23,8.5105
EXR.D.HKD.EUR.SP00.A,D,HKD,EUR,SP00,A,2023-01-24,8.5014
EXR.D.HKD.EUR.SP00.A,D,HKD,EUR,SP00,A,2023-01-25,8.5202
EXR.D.HKD.EUR.SP00.A,D,HKD,EUR,SP00,A,2023-01-26,8.5295
EXR.D.HKD.EUR.SP00.A,D,HKD,EUR,SP00,A,2023-01-27,8.5061
EXR.D.HKD.EUR.SP00.A,D,HKD,EUR,SP00,A,2023-01-30,8.5415
EXR.D.HKD.EUR.SP00.A,D,HKD,EUR,SP00,A,2023-01-31,8.4898
EXR.D.HKD.EUR.SP00.A,D,HKD,EUR,SP00,A,2023-02-01,8.5444
EXR.D.HKD.EUR.SP00.A,D,HKD,EUR,SP00,A,2023-02-02,8.6183
EXR.D.HKD.EUR.SP00.A,D,HKD,EUR,SP00,A,2023-02-03,8.5802
EXR.D.HKD.EUR.SP00.A,D,HKD,EUR,SP00,A,2023-02-06,8.4539
EXR.D.HKD.EUR.SP00.A,D,HKD,EUR,SP00,A,2023-02-07,8.3974
EXR.D.HKD.EUR.SP00.A,D,HKD,EUR,SP00,A,2023-02-08,8.4265
EXR.D.HKD.EUR.SP00.A,D,HKD,EUR,SP00,A,2023-02-09,8.4551
EXR.D.HKD.EUR.SP00.A,D,HKD,EUR,SP00,A,2023-02-10,8.3916
EXR.D.HKD.EUR.SP00.A,D,HKD,EUR,SP00,A,2023-02-13,8.3885
EXR.D.HKD.EUR.SP00.A,D,HKD,EUR,SP00,A,2023-02-14,8.4457
EXR.D.HKD.EUR.SP00.A,D,HKD,EUR,SP00,A,2023-02-15,8.3983
EXR.D.HKD.EUR.SP00.A,D,HKD,EUR,SP00,A,2023-02-16,8.3985
EXR.D.HKD.EUR.SP00.A,D,HKD,EUR,SP00,A,2023-02-17,8.3349
EXR.D.HKD.EUR.SP00.A,D,HKD,EUR,SP00,A,2023-02-20,8.3623
EXR.D.HKD.EUR.SP00.A,D,HKD,EUR,SP00,A,2023-02-21,8.3645
EXR.D.HKD.EUR.SP00.A,D,HKD,EUR,SP00,A,2023-02-22,8.3512
EXR.D.HKD.EUR.SP00.A,D,HKD,EUR,SP00,A,2023-02-23,8.3291
EXR.D.HKD.EUR.SP00.A,D,HKD,EUR,SP00,A,2023-02-24,8.2959
EXR.D.HKD.EUR.SP00.A,D,HKD,EUR,SP00,A,2023-02-27,8.2818
EXR.D.HKD.EUR.SP00.A,D,HKD,EUR,SP00,A,2023-02-28,8.3351
EXR.D.HKD.EUR.SP00.A,D,HKD,EUR,SP00,A,2023-03-01,8.3866
EXR.D.HKD.EUR.SP00.A,D,HKD,EUR,SP00,A,2023-03-02,8.3244
EXR.D.HKD.EUR.SP00.A,D,HKD,EUR,SP00,A,2023-03-03,8.3325
EXR.D.HKD.EUR.SP00.A,D,HKD,EUR,SP00,A,2023-03-06,8.357
EXR.D.HKD.EUR.SP00.A,D,HKD,EUR,SP00,A,2023-03-07,8.3719
EXR.D.HKD.EUR.SP00.A,D,HKD,EUR,SP00,A,2023-03-08,8.2777
EXR.D.HKD.EUR.SP00.A,D,HKD,EUR,SP00,A,2023-03-09,8.2848
EXR.D.HKD.EUR.SP00.A,D,HKD,EUR,SP00,A,2023-03-10,8.3095
EXR.D.HKD.EUR.SP00.A,D,HKD,EUR,SP00,A,2023-03-13,8.3963
EXR.D.HKD.EUR.SP00.A,D,HKD,EUR,SP00,A,2023-03-14,8.4248
EXR.D.HKD.EUR.SP00.A,D,HKD,EUR,SP00,A,2023-03-15,8.2796
EXR.D.HKD.EUR.SP00.A,D,HKD,EUR,SP00,A,2023-03-16,8.3165
EXR.D.HKD.EUR.SP00.A,D,HKD,EUR,SP00,A,2023-03-17,8.3387
EXR.D.HKD.EUR.SP00.A,D,HKD,EUR,SP00,A,2023-03-20,8.4038
EXR.D.HKD.EUR.SP00.A,D,HKD,EUR,SP00,A,2023-03-21,8.4547
EXR.D.HKD.EUR.SP00.A,D,HKD,EUR,SP00,A,2023-03-22,8.4636
EXR.D.HKD.EUR.SP00.A,D,HKD,EUR,SP00,A,2023-03-23,8.5396
EXR.D.HKD.EUR.SP00.A,D,HKD,EUR,SP00,A,2023-03-24,8.4344
EXR.D.HKD.EUR.SP00.A,D,HKD,EUR,SP00,A,2023-03-27,8.4566
EXR.D.HKD.EUR.SP00.A,D,HKD,EUR,SP00,A,2023-03-28,8.51
EXR.D.HKD.EUR.SP00.A,D,HKD,EUR,SP00,A,2023-03-29,8.5147
EXR.D.HKD.EUR.SP00.A,D,HKD,EUR,SP00,A,2023-03-30,8.5455
EXR.D.HKD.EUR.SP00.A,D,HKD,EUR,SP00,A,2023-03-31,8.5367
EXR.D.HKD.EUR.SP00.A,D,HKD,EUR,SP00,A,2023-04-03,8.5328
EXR.D.HKD.EUR.SP00.A,D,HKD,EUR,SP00,A,2023-04-04,8.5569
EXR.D.HKD.EUR.SP00.A,D,HKD,EUR,SP00,A,2023-04-05,8.5877
EXR.D.HKD.EUR.SP00.A,D,HKD,EUR,SP00,A,2023-04-06,8.5682
EXR.D.HKD.EUR.SP00.A,D,HKD,EUR,SP00,A,2023-04-11,8.5603
EXR.D.HKD.EUR.SP00.A,D,HKD,EUR,SP00,A,2023-04-12,8.5737
EXR.D.HKD.EUR.SP00.A,D,HKD,EUR,SP00,A,2023-04-13,8.6468
EXR.D.HKD.EUR.SP00.A,D,HKD,EUR,SP00,A,2023-04-14,8.6797
EXR.D.HKD.EUR.SP00.A,D,HKD,EUR,SP00,A,2023-04-17,8.62
EXR.D.HKD.EUR.SP00.A,D,HKD,EUR,SP00,A,2023-04-18,8.6129
EXR.D.HKD.EUR.SP00.A,D,HKD,EUR,SP00,A,2023-04-19,8.5816
EXR.D.HKD.EUR.SP00.A,D,HKD,EUR,SP00,A,2023-04-20,8.5907
EXR.D.HKD.EUR.SP00.A,D,HKD,EUR,SP00,A,2023-04-21,8.6157
EXR.D.HKD.EUR.SP00.A,D,HKD,EUR,SP00,A,2023-04-24,8.6346
EXR.D.HKD.EUR.SP00.A,D,HKD,EUR,SP00,A,2023-04-25,8.652
EXR.D.HKD.EUR.SP00.A,D,HKD,EUR,SP00,A,2023-04-26,8.6655
EXR.D.HKD.EUR.SP00.A,D,HKD,EUR,SP00,A,2023-04-27,8.6679
EXR.D.HKD.EUR.SP00.A,D,HKD,EUR,SP00,A,2023-04-28,8.6199
EXR.D.HKD.EUR.SP00.A,D,HKD,EUR,SP00,A,2023-05-02,8.6075
EXR.D.HKD.EUR.SP00.A,D,HKD,EUR,SP00,A,2023-05-03,8.6687
EXR.D.HKD.EUR.SP00.A,D,HKD,EUR,SP00,A,2023-05-04,8.6909
EXR.D.HKD.EUR.SP00.A,D,HKD,EUR,SP00,A,2023-05-05,8.6434
EXR.D.HKD.EUR.SP00.A,D,HKD,EUR,SP00,A,2023-05-08,8.6618
EXR.D.HKD.EUR.SP00.A,D,HKD,EUR,SP00,A,2023-05-09,8.5934
EXR.D.HKD.EUR.SP00.A,D,HKD,EUR,SP00,A,2023-05-10,8.5739
EXR.D.HKD.EUR.SP00.A,D,HKD,EUR,SP00,A,2023-05-11,8.5671
EXR.D.HKD.EUR.SP00.A,D,HKD,EUR,SP00,A,2023-05-12,8.5425
EXR.D.HKD.EUR.SP00.A,D,HKD,EUR,SP00,A,2023-05-15,8.525
EXR.D.HKD.EUR.SP00.A,D,HKD,EUR,SP00,A,2023-05-16,8.5293
EXR.D.HKD.EUR.SP00.A,D,HKD,EUR,SP00,A,2023-05-17,8.4788
EXR.D.HKD.EUR.SP00.A,D,HKD,EUR,SP00,A,2023-05-18,8.464
EXR.D.HKD.EUR.SP00.A,D,HKD,EUR,SP00,A,2023-05-19,8.4494
EXR.D.HKD.EUR.SP00.A,D,HKD,EUR,SP00,A,2023-05-22,8.4696
EXR.D.HKD.EUR.SP00.A,D,HKD,EUR,SP00,A,2023-05-23,8.448
EXR.D.HKD.EUR.SP00.A,D,HKD,EUR,SP00,A,2023-05-24,8.4462
EXR.D.HKD.EUR.SP00.A,D,HKD,EUR,SP00,A,2023-05-25,8.4092
EXR.D.HKD.EUR.SP00.A,D,HKD,EUR,SP00,A,2023-05-26,8.423
EXR.D.HKD.EUR.SP00.A,D,HKD,EUR,SP00,A,2023-05-29,8.39
EXR.D.HKD.EUR.SP00.A,D,HKD,EUR,SP00,A,2023-05-30,8.4158
EXR.D.HKD.EUR.SP00.A,D,HKD,EUR,SP00,A,2023-05-31,8.3696
EXR.D.HKD.EUR.SP00.A,D,HKD,EUR,SP00,A,2023-06-01,8.3786
EXR.D.HKD.EUR.SP00.A,D,HKD,EUR,SP00,A,2023-06-02,8.4346
EXR.D.HKD.EUR.SP00.A,D,HKD,EUR,SP00,A,2023-06-05,8.3787
EXR.D.HKD.EUR.SP00.A,D,HKD,EUR,SP00,A,2023-06-06,8.3777
EXR.D.HKD.EUR.SP00.A,D,HKD,EUR,SP00,A,2023-06-07,8.4029
EXR.D.HKD.EUR.SP00.A,D,HKD,EUR,SP00,A,2023-06-08,8.4126
EXR.D.HKD.EUR.SP00.A,D,HKD,EUR,SP00,A,2023-06-09,8.4493
EXR.D.HKD.EUR.SP00.A,D,HKD,EUR,SP00,A,2023-06-12,8.4326
EXR.D.HKD.EUR.SP00.A,D,HKD,EUR,SP00,A,2023-06-13,8.455
EXR.D.HKD.EUR.SP00.A,D,HKD,EUR,SP00,A,2023-06-14,8.4645
EXR.D.HKD.EUR.SP00.A,D,HKD,EUR,SP00,A,2023-06-15,8.4661
EXR.D.HKD.EUR.SP00.A,D,HKD,EUR,SP00,A,2023-06-16,8.5799
EXR.D.HKD.EUR.SP00.A,D,HKD,EUR,SP00,A,2023-06-19,8.5379
EXR.D.HKD.EUR.SP00.A,D,HKD,EUR,SP00,A,2023-06-20,8.556
EXR.D.HKD.EUR.SP00.A,D,HKD,EUR,SP00,A,2023-06-21,8.551
EXR.D.HKD.EUR.SP00.A,D,HKD,EUR,SP00,A,2023-06-22,8.5987
EXR.D.HKD.EUR.SP00.A,D,HKD,EUR,SP00,A,2023-06-23,8.5216
EXR.D.HKD.EUR.SP00.A,D,HKD,EUR,SP00,A,2023-06-26,8.5481
EXR.D.HKD.EUR.SP00.A,D,HKD,EUR,SP00,A,2023-06-27,8.5782
EXR.D.HKD.EUR.SP00.A,D,HKD,EUR,SP00,A,2023-06-28,8.5667
EXR.D.HKD.EUR.SP00.A,D,HKD,EUR,SP00,A,2023-06-29,8.5713
EXR.D.HKD.EUR.SP00.A,D,HKD,EUR,SP00,A,2023-06-30,8.5157
EXR.D.HKD.EUR.SP00.A,D,HKD,EUR,SP00,A,2023-07-03,8.5402
EXR.D.HKD.EUR.SP00.A,D,HKD,EUR,SP00,A,2023-07-04,8.5314
EXR.D.HKD.EUR.SP00.A,D,HKD,EUR,SP00,A,2023-07-05,8.5108
EXR.D.HKD.EUR.SP00.A,D,HKD,EUR,SP00,A,2023-07-06,8.5239
EXR.D.HKD.EUR.SP00.A,D,HKD,EUR,SP00,A,2023-07-07,8.5232
EXR.D.HKD.EUR.SP00.A,D,HKD,EUR,SP00,A,2023-07-10,8.5783
EXR.D.HKD.EUR.SP00.A,D,HKD,EUR,SP00,A,2023-07-11,8.6023
EXR.D.HKD.EUR.SP00.A,D,HKD,EUR,SP00,A,2023-07-12,8.6268
EXR.D.HKD.EUR.SP00.A,D,HKD,EUR,SP00,A,2023-07-13,8.7481
EXR.D.HKD.EUR.SP00.A,D,HKD,EUR,SP00,A,2023-07-14,8.7694
EXR.D.HKD.EUR.SP00.A,D,HKD,EUR,SP00,A,2023-07-17,8.775
EXR.D.HKD.EUR.SP00.A,D,HKD,EUR,SP00,A,2023-07-18,8.7918
EXR.D.HKD.EUR.SP00.A,D,HKD,EUR,SP00,A,2023-07-19,8.7612
EXR.D.HKD.EUR.SP00.A,D,HKD,EUR,SP00,A,2023-07-20,8.7465
EXR.D.HKD.EUR.SP00.A,D,HKD,EUR,SP00,A,2023-07-21,8.6946
EXR.D.HKD.EUR.SP00.A,D,HKD,EUR,SP00,A,2023-07-24,8.6688
EXR.D.HKD.EUR.SP00.A,D,HKD,EUR,SP00,A,2023-07-25,8.6336
EXR.D.HKD.EUR.SP00.A,D,HKD,EUR,SP00,A,2023-07-26,8.6308
EXR.D.HKD.EUR.SP00.A,D,HKD,EUR,SP00,A,2023-07-27,8.6787
EXR.D.HKD.EUR.SP00.A,D,HKD,EUR,SP00,A,2023-07-28,8.5865
EXR.D.HKD.EUR.SP00.A,D,HKD,EUR,SP00,A,2023-07-31,8.5966
EXR.D.HKD.EUR.SP00.A,D,HKD,EUR,SP00,A,2023-08-01,8.5508
EXR.D.HKD.EUR.SP00.A,D,HKD,EUR,SP00,A,2023-08-02,8.5679
EXR.D.HKD.EUR.SP00.A,D,HKD,EUR,SP00,A,2023-08-03,8.5331
EXR.D.HKD.EUR.SP00.A,D,HKD,EUR,SP00,A,2023-08-04,8.5485
EXR.D.HKD.EUR.SP00.A,D,HKD,EUR,SP00,A,2023-08-07,8.5744
EXR.D.HKD.EUR.SP00.A,D,HKD,EUR,SP00,A,2023-08-08,8.5491
EXR.D.HKD.EUR.SP00.A,D,HKD,EUR,SP00,A,2023-08-09,8.5766
EXR.D.HKD.EUR.SP00.A,D,HKD,EUR,SP00,A,2023-08-10,8.6127
EXR.D.HKD.EUR.SP00.A,D,HKD,EUR,SP00,A,2023-08-11,8.6007
EXR.D.HKD.EUR.SP00.A,D,HKD,EUR,SP00,A,2023-08-14,8.5458
EXR.D.HKD.EUR.SP00.A,D,HKD,EUR,SP00,A,2023-08-15,8.5482
EXR.D.HKD.EUR.SP00.A,D,HKD,EUR,SP00,A,2023-08-16,8.5466
EXR.D.HKD.EUR.SP00.A,D,HKD,EUR,SP00,A,2023-08-17,8.5318
EXR.D.HKD.EUR.SP00.A,D,HKD,EUR,SP00,A,2023-08-18,8.5105
EXR.D.HKD.EUR.SP00.A,D,HKD,EUR,SP00,A,2023-08-21,8.5488
EXR.D.HKD.EUR.SP00.A,D,HKD,EUR,SP00,A,2023-08-22,8.5328
EXR.D.HKD.EUR.SP00.A,D,HKD,EUR,SP00,A,2023-08-23,8.4716
EXR.D.HKD.EUR.SP00.A,D,HKD,EUR,SP00,A,2023-08-24,8.5009
EXR.D.HKD.EUR.SP00.A,D,HKD,EUR,SP00,A,2023-08-25,8.477
EXR.D.HKD.EUR.SP00.A,D,HKD,EUR,SP00,A,2023-08-28,8.4789
EXR.D.HKD.EUR.SP00.A,D,HKD,EUR,SP00,A,2023-08-29,8.477
EXR.D.HKD.EUR.SP00.A,D,HKD,EUR,SP00,A,2023-08-30,8.5427
EXR.D.HKD.EUR.SP00.A,D,HKD,EUR,SP00,A,2023-08-31,8.525
EXR.D.HKD.EUR.SP00.A,D,HKD,EUR,SP00,A,2023-09-01,8.5068
EXR.D.HKD.EUR.SP00.A,D,HKD,EUR,SP00,A,2023-09-04,8.462
EXR.D.HKD.EUR.SP00.A,D,HKD,EUR,SP00,A,2023-09-05,8.4134
EXR.D.HKD.EUR.SP00.A,D,HKD,EUR,SP00,A,2023-09-06,8.4261
EXR.D.HKD.EUR.SP00.A,D,HKD,EUR,SP00,A,2023-09-07,8.3961
EXR.D.HKD.EUR.SP00.A,D,HKD,EUR,SP00,A,2023-09-08,8.3915
EXR.D.HKD.EUR.SP00.A,D,HKD,EUR,SP00,A,2023-09-11,8.3995
EXR.D.HKD.EUR.SP00.A,D,HKD,EUR,SP00,A,2023-09-12,8.3879
EXR.D.HKD.EUR.SP00.A,D,HKD,EUR,SP00,A,2023-09-13,8.3984
EXR.D.HKD.EUR.SP00.A,D,HKD,EUR,SP00,A,2023-09-14,8.3998
EXR.D.HKD.EUR.SP00.A,D,HKD,EUR,SP00,A,2023-09-15,8.3416
EXR.D.HKD.EUR.SP00.A,D,HKD,EUR,SP00,A,2023-09-18,8.3386
EXR.D.HKD.EUR.SP00.A,D,HKD,EUR,SP00,A,2023-09-19,8.3756
EXR.D.HKD.EUR.SP00.A,D,HKD,EUR,SP00,A,2023-09-20,8.3719
EXR.D.HKD.EUR.SP00.A,D,HKD,EUR,SP00,A,2023-09-21,8.3181
EXR.D.HKD.EUR.SP00.A,D,HKD,EUR,SP00,A,2023-09-22,8.3262
EXR.D.HKD.EUR.SP00.A,D,HKD,EUR,SP00,A,2023-09-25,8.3126
EXR.D.HKD.EUR.SP00.A,D,HKD,EUR,SP00,A,2023-09-26,8.2942
EXR.D.HKD.EUR.SP00.A,D,HKD,EUR,SP00,A,2023-09-27,8.2397
EXR.D.HKD.EUR.SP00.A,D,HKD,EUR,SP00,A,2023-09-28,8.2491
EXR.D.HKD.EUR.SP00.A,D,HKD,EUR,SP00,A,2023-09-29,8.2959
EXR.D.HKD.EUR.SP00.A,D,HKD,EUR,SP00,A,2023-10-02,8.2476
EXR.D.HKD.EUR.SP00.A,D,HKD,EUR,SP00,A,2023-10-03,8.1992
EXR.D.HKD.EUR.SP00.A,D,HKD,EUR,SP00,A,2023-10-04,8.2191
EXR.D.HKD.EUR.SP00.A,D,HKD,EUR,SP00,A,2023-10-05,8.2412
EXR.D.HKD.EUR.SP00.A,D,HKD,EUR,SP00,A,2023-10-06,8.2728
EXR.D.HKD.EUR.SP00.A,D,HKD,EUR,SP00,A,2023-10-09,8.2458
EXR.D.HKD.EUR.SP00.A,D,HKD,EUR,SP00,A,2023-10-10,8.2744
EXR.D.HKD.EUR.SP00.A,D,HKD,EUR,SP00,A,2023-10-11,8.2917
EXR.D.HKD.EUR.SP00.A,D,HKD,EUR,SP00,A,2023-10-12,8.3056
EXR.D.HKD.EUR.SP00.A,D,HKD,EUR,SP00,A,2023-10-13,8.2353
EXR.D.HKD.EUR.SP00.A,D,HKD,EUR,SP00,A,2023-10-16,8.2382
EXR.D.HKD.EUR.SP00.A,D,HKD,EUR,SP00,A,2023-10-17,8.2681
EXR.D.HKD.EUR.SP00.A,D,HKD,EUR,SP00,A,2023-10-18,8.2687
EXR.D.HKD.EUR.SP00.A,D,HKD,EUR,SP00,A,2023-10-19,8.2624
EXR.D.HKD.EUR.SP00.A,D,HKD,EUR,SP00,A,2023-10-20,8.2851
EXR.D.HKD.EUR.SP00.A,D,HKD,EUR,SP00,A,2023-10-23,8.293
EXR.D.HKD.EUR.SP00.A,D,HKD,EUR,SP00,A,2023-10-24,8.3169
EXR.D.HKD.EUR.SP00.A,D,HKD,EUR,SP00,A,2023-10-25,8.2728
EXR.D.HKD.EUR.SP00.A,D,HKD,EUR,SP00,A,2023-10-26,8.2432
EXR.D.HKD.EUR.SP00.A,D,HKD,EUR,SP00,A,2023-10-27,8.2426
EXR.D.HKD.EUR.SP00.A,D,HKD,EUR,SP00,A,2023-10-30,8.2939
EXR.D.HKD.EUR.SP00.A,D,HKD,EUR,SP00,A,2023-10-31,8.3079
EXR.D.HKD.EUR.SP00.A,D,HKD,EUR,SP00,A,2023-11-01,8.2436
EXR.D.HKD.EUR.SP00.A,D,HKD,EUR,SP00,A,2023-11-02,8.3424
EXR.D.HKD.EUR.SP00.A,D,HKD,EUR,SP00,A,2023-11-03,8.3745
EXR.D.HKD.EUR.SP00.A,D,HKD,EUR,SP00,A,2023-11-06,8.402
EXR.D.HKD.EUR.SP00.A,D,HKD,EUR,SP00,A,2023-11-07,8.3558
EXR.D.HKD.EUR.SP00.A,D,HKD,EUR,SP00,A,2023-11-08,8.3408
EXR.D.HKD.EUR.SP00.A,D,HKD,EUR,SP00,A,2023-11-09,8.3505
EXR.D.HKD.EUR.SP00.A,D,HKD,EUR,SP00,A,2023-11-10,8.3433
EXR.D.HKD.EUR.SP00.A,D,HKD,EUR,SP00,A,2023-11-13,8.3309
EXR.D.HKD.EUR.SP00.A,D,HKD,EUR,SP00,A,2023-11-14,8.3754
EXR.D.HKD.EUR.SP00.A,D,HKD,EUR,SP00,A,2023-11-15,8.4852
EXR.D.HKD.EUR.SP00.A,D,HKD,EUR,SP00,A,2023-11-16,8.464
EXR.D.HKD.EUR.SP00.A,D,HKD,EUR,SP00,A,2023-11-17,8.4785
EXR.D.HKD.EUR.SP00.A,D,HKD,EUR,SP00,A,2023-11-20,8.5165
EXR.D.HKD.EUR.SP00.A,D,HKD,EUR,SP00,A,2023-11-21,8.5409
EXR.D.HKD.EUR.SP00.A,D,HKD,EUR,SP00,A,2023-11-22,8.5061
EXR.D.HKD.EUR.SP00.A,D,HKD,EUR,SP00,A,2023-11-23,8.5
EXR.D.HKD.EUR.SP00.A,D,HKD,EUR,SP00,A,2023-11-24,8.5086
EXR.D.HKD.EUR.SP00.A,D,HKD,EUR,SP00,A,2023-11-27,8.531
EXR.D.HKD.EUR.SP00.A,D,HKD,EUR,SP00,A,2023-11-28,8.5368
EXR.D.HKD.EUR.SP00.A,D,HKD,EUR,SP00,A,2023-11-29,8.5711
EXR.D.HKD.EUR.SP00.A,D,HKD,EUR,SP00,A,2023-11-30,8.5384
EXR.D.HKD.EUR.SP00.A,D,HKD,EUR,SP00,A,2023-12-01,8.497
EXR.D.HKD.EUR.SP00.A,D,HKD,EUR,SP00,A,2023-12-04,8.4929
EXR.D.HKD.EUR.SP00.A,D,HKD,EUR,SP00,A,2023-12-05,8.4562
EXR.D.HKD.EUR.SP00.A,D,HKD,EUR,SP00,A,2023-12-06,8.4173
EXR.D.HKD.EUR.SP00.A,D,HKD,EUR,SP00,A,2023-12-07,8.4174
EXR.D.HKD.EUR.SP00.A,D,HKD,EUR,SP00,A,2023-12-08,8.419
EXR.D.HKD.EUR.SP00.A,D,HKD,EUR,SP00,A,2023-12-11,8.3971
EXR.D.HKD.EUR.SP00.A,D,HKD,EUR,SP00,A,2023-12-12,8.4377
EXR.D.HKD.EUR.SP00.A,D,HKD,EUR,SP00,A,2023-12-13,8.4288
EXR.D.HKD.EUR.SP00.A,D,HKD,EUR,SP00,A,2023-12-14,8.5251
EXR.D.HKD.EUR.SP00.A,D,HKD,EUR,SP00,A,2023-12-15,8.5438
EXR.D.HKD.EUR.SP00.A,D,HKD,EUR,SP00,A,2023-12-18,8.5135
EXR.D.HKD.EUR.SP00.A,D,HKD,EUR,SP00,A,2023-12-19,8.5498
EXR.D.HKD.EUR.SP00.A,D,HKD,EUR,SP00,A,2023-12-20,8.5439
EXR.D.HKD.EUR.SP00.A,D,HKD,EUR,SP00,A,2023-12-21,8.5781
EXR.D.HKD.EUR.SP00.A,D,HKD,EUR,SP00,A,2023-12-22,8.6105
EXR.D.HKD.EUR.SP00.A,D,HKD,EUR,SP00,A,2023-12-27,8.6409
EXR.D.HKD.EUR.SP00.A,D,HKD,EUR,SP00,A,2023-12-28,8.6876
EXR.D.HKD.EUR.SP00.A,D,HKD,EUR,SP00,A,2023-12-29,8.6314
EXR.D.HKD.EUR.SP00.A,D,HKD,EUR,SP00,A,2024-01-02,8.5609
EXR.D.HKD.EUR.SP00.A,D,HKD,EUR,SP00,A,2024-01-03,8.5257
EXR.D.HKD.EUR.SP00.A,D,HKD,EUR,SP00,A,2024-01-04,8.5523
EXR.D.HKD.EUR.SP00.A,D,HKD,EUR,SP00,A,2024-01-05,8.5297
EXR.D.HKD.EUR.SP00.A,D,HKD,EUR,SP00,A,2024-01-08,8.5459
EXR.D.HKD.EUR.SP00.A,D,HKD,EUR,SP00,A,2024-01-09,8.5499
EXR.D.HKD.EUR.SP00.A,D,HKD,EUR,SP00,A,2024-01-10,8.5602
EXR.D.HKD.EUR.SP00.A,D,HKD,EUR,SP00,A,2024-01-11,8.5899
EXR.D.HKD.EUR.SP00.A,D,HKD,EUR,SP00,A,2024-01-12,8.5599
EXR.D.HKD.EUR.SP00.A,D,HKD,EUR,SP00,A,2024-01-15,8.5599
EXR.D.HKD.EUR.SP00.A,D,HKD,EUR,SP00,A,2024-01-16,8.516
EXR.D.HKD.EUR.SP00.A,D,HKD,EUR,SP00,A,2024-01-17,8.511
EXR.D.HKD.EUR.SP00.A,D,HKD,EUR,SP00,A,2024-01-18,8.5062
EXR.D.HKD.EUR.SP00.A,D,HKD,EUR,SP00,A,2024-01-19,8.5128
EXR.D.HKD.EUR.SP00.A,D,HKD,EUR,SP00,A,2024-01-22,8.513
EXR.D.HKD.EUR.SP00.A,D,HKD,EUR,SP00,A,2024-01-23,8.5046
EXR.D.HKD.EUR.SP00.A,D,HKD,EUR,SP00,A,2024-01-24,8.5265
EXR.D.HKD.EUR.SP00.A,D,HKD,EUR,SP00,A,2024-01-25,8.5136
EXR.D.HKD.EUR.SP00.A,D,HKD,EUR,SP00,A,2024-01-26,8.4933
EXR.D.HKD.EUR.SP00.A,D,HKD,EUR,SP00,A,2024-01-29,8.4549
EXR.D.HKD.EUR.SP00.A,D,HKD,EUR,SP00,A,2024-01-30,8.4775
EXR.D.HKD.EUR.SP00.A,D,HKD,EUR,SP00,A,2024-01-31,8.4734
EXR.D.HKD.EUR.SP00.A,D,HKD,EUR,SP00,A,2024-02-01,8.4563
EXR.D.HKD.EUR.SP00.A,D,HKD,EUR,SP00,A,2024-02-02,8.509
EXR.D.HKD.EUR.SP00.A,D,HKD,EUR,SP00,A,2024-02-05,8.4053
EXR.D.HKD.EUR.SP00.A,D,HKD,EUR,SP00,A,2024-02-06,8.4042
EXR.D.HKD.EUR.SP00.A,D,HKD,EUR,SP00,A,2024-02-07,8.4273
EXR.D.HKD.EUR.SP00.A,D,HKD,EUR,SP00,A,2024-02-08,8.4139
EXR.D.HKD.EUR.SP00.A,D,HKD,EUR,SP00,A,2024-02-09,8.4237
EXR.D.HKD.EUR.SP00.A,D,HKD,EUR,SP00,A,2024-02-12,8.4245
EXR.D.HKD.EUR.SP00.A,D,HKD,EUR,SP00,A,2024-02-13,8.4372
EXR.D.HKD.EUR.SP00.A,D,HKD,EUR,SP00,A,2024-02-14,8.3754
EXR.D.HKD.EUR.SP00.A,D,HKD,EUR,SP00,A,2024-02-15,8.4009
EXR.D.HKD.EUR.SP00.A,D,HKD,EUR,SP00,A,2024-02-16,8.4236
EXR.D.HKD.EUR.SP00.A,D,HKD,EUR,SP00,A,2024-02-19,8.4273
EXR.D.HKD.EUR.SP00.A,D,HKD,EUR,SP00,A,2024-02-20,8.4487
EXR.D.HKD.EUR.SP00.A,D,HKD,EUR,SP00,A,2024-02-21,8.4544
EXR.D.HKD.EUR.SP00.A,D,HKD,EUR,SP00,A,2024-02-22,8.4817
EXR.D.HKD.EUR.SP00.A,D,HKD,EUR,SP00,A,2024-02-23,8.476
EXR.D.HKD.EUR.SP00.A,D,HKD,EUR,SP00,A,2024-02-26,8.4898
EXR.D.HKD.EUR.SP00.A,D,HKD,EUR,SP00,A,2024-02-27,8.4947
EXR.D.HKD.EUR.SP00.A,D,HKD,EUR,SP00,A,2024-02-28,8.4599
EXR.D.HKD.EUR.SP00.A,D,HKD,EUR,SP00,A,2024-02-29,8.4735
EXR.D.HKD.EUR.SP00.A,D,HKD,EUR,SP00,A,2024-03-01,8.465
EXR.D.HKD.EUR.SP00.A,D,HKD,EUR,SP00,A,2024-03-04,8.4861
EXR.D.HKD.EUR.SP00.A,D,HKD,EUR,SP00,A,2024-03-05,8.4873
EXR.D.HKD.EUR.SP00.A,D,HKD,EUR,SP00,A,2024-03-06,8.5088
EXR.D.HKD.EUR.SP00.A,D,HKD,EUR,SP00,A,2024-03-07,8.5215
EXR.D.HKD.EUR.SP00.A,D,HKD,EUR,SP00,A,2024-03-08,8.5492
EXR.D.HKD.EUR.SP00.A,D,HKD,EUR,SP00,A,2024-03-11,8.544
EXR.D.HKD.EUR.SP00.A,D,HKD,EUR,SP00,A,2024-03-12,8.5405
EXR.D.HKD.EUR.SP00.A,D,HKD,EUR,SP00,A,2024-03-13,8.5574
EXR.D.HKD.EUR.SP00.A,D,HKD,EUR,SP00,A,2024-03-14,8.5455
EXR.D.HKD.EUR.SP00.A,D,HKD,EUR,SP00,A,2024-03-15,8.5199
EXR.D.HKD.EUR.SP00.A,D,HKD,EUR,SP00,A,2024-03-18,8.5168
EXR.D.HKD.EUR.SP00.A,D,HKD,EUR,SP00,A,2024-03-19,8.4902
EXR.D.HKD.EUR.SP00.A,D,HKD,EUR,SP00,A,2024-03-20,8.4837
EXR.D.HKD.EUR.SP00.A,D,HKD,EUR,SP00,A,2024-03-21,8.53
EXR.D.HKD.EUR.SP00.A,D,HKD,EUR,SP00,A,2024-03-22,8.4645
EXR.D.HKD.EUR.SP00.A,D,HKD,EUR,SP00,A,2024-03-25,8.4748
EXR.D.HKD.EUR.SP00.A,D,HKD,EUR,SP00,A,2024-03-26,8.492
EXR.D.HKD.EUR.SP00.A,D,HKD,EUR,SP00,A,2024-03-27,8.4615
EXR.D.HKD.EUR.SP00.A,D,HKD,EUR,SP00,A,2024-03-28,8.4594
EXR.D.HKD.EUR.SP00.A,D,HKD,EUR,SP00,A,2024-04-02,8.4148
EXR.D.HKD.EUR.SP00.A,D,HKD,EUR,SP00,A,2024-04-03,8.4421
EXR.D.HKD.EUR.SP00.A,D,HKD,EUR,SP00,A,2024-04-04,8.4957
EXR.D.HKD.EUR.SP00.A,D,HKD,EUR,SP00,A,2024-04-05,8.4868
EXR.D.HKD.EUR.SP00.A,D,HKD,EUR,SP00,A,2024-04-08,8.4761
EXR.D.HKD.EUR.SP00.A,D,HKD,EUR,SP00,A,2024-04-09,8.5096
EXR.D.HKD.EUR.SP00.A,D,HKD,EUR,SP00,A,2024-04-10,8.506
EXR.D.HKD.EUR.SP00.A,D,HKD,EUR,SP00,A,2024-04-11,8.4058
EXR.D.HKD.EUR.SP00.A,D,HKD,EUR,SP00,A,2024-04-12,8.3478
EXR.D.HKD.EUR.SP00.A,D,HKD,EUR,SP00,A,2024-04-15,8.3419
EXR.D.HKD.EUR.SP00.A,D,HKD,EUR,SP00,A,2024-04-16,8.3304
EXR.D.HKD.EUR.SP00.A,D,HKD,EUR,SP00,A,2024-04-17,8.3307
EXR.D.HKD.EUR.SP00.A,D,HKD,EUR,SP00,A,2024-04-18,8.3635
EXR.D.HKD.EUR.SP00.A,D,HKD,EUR,SP00,A,2024-04-19,8.3443
EXR.D.HKD.EUR.SP00.A,D,HKD,EUR,SP00,A,2024-04-22,8.3316
EXR.D.HKD.EUR.SP00.A,D,HKD,EUR,SP00,A,2024-04-23,8.364
EXR.D.HKD.EUR.SP00.A,D,HKD,EUR,SP00,A,2024-04-24,8.37
EXR.D.HKD.EUR.SP00.A,D,HKD,EUR,SP00,A,2024-04-25,8.392
EXR.D.HKD.EUR.SP00.A,D,HKD,EUR,SP00,A,2024-04-26,8.3873
EXR.D.HKD.EUR.SP00.A,D,HKD,EUR,SP00,A,2024-04-29,8.3904
EXR.D.HKD.EUR.SP00.A,D,HKD,EUR,SP00,A,2024-04-30,8.3817
EXR.D.HKD.EUR.SP00.A,D,HKD,EUR,SP00,A,2024-05-02,8.3633
EXR.D.HKD.EUR.SP00.A,D,HKD,EUR,SP00,A,2024-05-03,8.3961
EXR.D.HKD.EUR.SP00.A,D,HKD,EUR,SP00,A,2024-05-06,8.4223
EXR.D.HKD.EUR.SP00.A,D,HKD,EUR,SP00,A,2024-05-07,8.4197
EXR.D.HKD.EUR.SP00.A,D,HKD,EUR,SP00,A,2024-05-08,8.3989
EXR.D.HKD.EUR.SP00.A,D,HKD,EUR,SP00,A,2024-05-09,8.3881
EXR.D.HKD.EUR.SP00.A,D,HKD,EUR,SP00,A,2024-05-10,8.4228
EXR.D.HKD.EUR.SP00.A,D,HKD,EUR,SP00,A,2024-05-13,8.4329
EXR.D.HKD.EUR.SP00.A,D,HKD,EUR,SP00,A,2024-05-14,8.4341
EXR.D.HKD.EUR.SP00.A,D,HKD,EUR,SP00,A,2024-05-15,8.4578
EXR.D.HKD.EUR.SP00.A,D,HKD,EUR,SP00,A,2024-05-16,8.4798
EXR.D.HKD.EUR.SP00.A,D,HKD,EUR,SP00,A,2024-05-17,8.46
EXR.D.HKD.EUR.SP00.A,D,HKD,EUR,SP00,A,2024-05-20,8.4712
EXR.D.HKD.EUR.SP00.A,D,HKD,EUR,SP00,A,2024-05-21,8.4778
EXR.D.HKD.EUR.SP00.A,D,HKD,EUR,SP00,A,2024-05-22,8.4538
EXR.D.HKD.EUR.SP00.A,D,HKD,EUR,SP00,A,2024-05-23,8.4749
EXR.D.HKD.EUR.SP00.A,D,HKD,EUR,SP00,A,2024-05-24,8.468
EXR.D.HKD.EUR.SP00.A,D,HKD,EUR,SP00,A,2024-05-27,8.4663
EXR.D.HKD.EUR.SP00.A,D,HKD,EUR,SP00,A,2024-05-28,8.4994
EXR.D.HKD.EUR.SP00.A,D,HKD,EUR,SP00,A,2024-05-29,8.4811
EXR.D.HKD.EUR.SP00.A,D,HKD,EUR,SP00,A,2024-05-30,8.4556
EXR.D.HKD.EUR.SP00.A,D,HKD,EUR,SP00,A,2024-05-31,8.4838
EXR.D.HKD.EUR.SP00.A,D,HKD,EUR,SP00,A,2024-06-03,8.4797
EXR.D.HKD.EUR.SP00.A,D,HKD,EUR,SP00,A,2024-06-04,8.4901
EXR.D.HKD.EUR.SP00.A,D,HKD,EUR,SP00,A,2024-06-05,8.4904
EXR.D.HKD.EUR.SP00.A,D,HKD,EUR,SP00,A,2024-06-06,8.4853
EXR.D.HKD.EUR.SP00.A,D,HKD,EUR,SP00,A,2024-06-07,8.5095
EXR.D.HKD.EUR.SP00.A,D,HKD,EUR,SP00,A,2024-06-10,8.4043
EXR.D.HKD.EUR.SP00.A,D,HKD,EUR,SP00,A,2024-06-11,8.3802
EXR.D.HKD.EUR.SP00.A,D,HKD,EUR,SP00,A,2024-06-12,8.4082
EXR.D.HKD.EUR.SP00.A,D,HKD,EUR,SP00,A,2024-06-13,8.4224
EXR.D.HKD.EUR.SP00.A,D,HKD,EUR,SP00,A,2024-06-14,8.347
EXR.D.HKD.EUR.SP00.A,D,HKD,EUR,SP00,A,2024-06-17,8.3667
EXR.D.HKD.EUR.SP00.A,D,HKD,EUR,SP00,A,2024-06-18,8.3664
EXR.D.HKD.EUR.SP00.A,D,HKD,EUR,SP00,A,2024-06-19,8.3905
EXR.D.HKD.EUR.SP00.A,D,HKD,EUR,SP00,A,2024-06-20,8.3654
EXR.D.HKD.EUR.SP00.A,D,HKD,EUR,SP00,A,2024-06-21,8.3401
EXR.D.HKD.EUR.SP00.A,D,HKD,EUR,SP00,A,2024-06-24,8.3772
EXR.D.HKD.EUR.SP00.A,D,HKD,EUR,SP00,A,2024-06-25,8.3652
EXR.D.HKD.EUR.SP00.A,D,HKD,EUR,SP00,A,2024-06-26,8.3459
EXR.D.HKD.EUR.SP00.A,D,HKD,EUR,SP00,A,2024-06-27,8.3521
EXR.D.HKD.EUR.SP00.A,D,HKD,EUR,SP00,A,2024-06-28,8.3594
EXR.D.HKD.EUR.SP00.A,D,HKD,EUR,SP00,A,2024-07-01,8.3945
EXR.D.HKD.EUR.SP00.A,D,HKD,EUR,SP00,A,2024-07-02,8.3829
EXR.D.HKD.EUR.SP00.A,D,HKD,EUR,SP00,A,2024-07-03,8.4033
EXR.D.HKD.EUR.SP00.A,D,HKD,EUR,SP00,A,2024-07-04,8.434
EXR.D.HKD.EUR.SP00.A,D,HKD,EUR,SP00,A,2024-07-05,8.4544
EXR.D.HKD.EUR.SP00.A,D,HKD,EUR,SP00,A,2024-07-08,8.4631
EXR.D.HKD.EUR.SP00.A,D,HKD,EUR,SP00,A,2024-07-09,8.4477
EXR.D.HKD.EUR.SP00.A,D,HKD,EUR,SP00,A,2024-07-10,8.4554
EXR.D.HKD.EUR.SP00.A,D,HKD,EUR,SP00,A,2024-07-11,8.4767
EXR.D.HKD.EUR.SP00.A,D,HKD,EUR,SP00,A,2024-07-12,8.5019
EXR.D.HKD.EUR.SP00.A,D,HKD,EUR,SP00,A,2024-07-15,8.5133
EXR.D.HKD.EUR.SP00.A,D,HKD,EUR,SP00,A,2024-07-16,8.5082
EXR.D.HKD.EUR.SP00.A,D,HKD,EUR,SP00,A,2024-07-17,8.5368
EXR.D.HKD.EUR.SP00.A,D,HKD,EUR,SP00,A,2024-07-18,8.535
EXR.D.HKD.EUR.SP00.A,D,HKD,EUR,SP00,A,2024-07-19,8.5049
EXR.D.HKD.EUR.SP00.A,D,HKD,EUR,SP00,A,2024-07-22,8.5006
EXR.D.HKD.EUR.SP00.A,D,HKD,EUR,SP00,A,2024-07-23,8.4788
EXR.D.HKD.EUR.SP00.A,D,HKD,EUR,SP00,A,2024-07-24,8.4716
EXR.D.HKD.EUR.SP00.A,D,HKD,EUR,SP00,A,2024-07-25,8.4682
EXR.D.HKD.EUR.SP00.A,D,HKD,EUR,SP00,A,2024-07-26,8.4782
EXR.D.HKD.EUR.SP00.A,D,HKD,EUR,SP00,A,2024-07-29,8.449
EXR.D.HKD.EUR.SP00.A,D,HKD,EUR,SP00,A,2024-07-30,8.4558
EXR.D.HKD.EUR.SP00.A,D,HKD,EUR,SP00,A,2024-07-31,8.4589
EXR.D.HKD.EUR.SP00.A,D,HKD,EUR,SP00,A,2024-08-01,8.432
EXR.D.HKD.EUR.SP00.A,D,HKD,EUR,SP00,A,2024-08-02,8.4625
EXR.D.HKD.EUR.SP00.A,D,HKD,EUR,SP00,A,2024-08-05,8.5335
EXR.D.HKD.EUR.SP00.A,D,HKD,EUR,SP00,A,2024-08-06,8.5055
EXR.D.HKD.EUR.SP00.A,D,HKD,EUR,SP00,A,2024-08-07,8.5162
EXR.D.HKD.EUR.SP00.A,D,HKD,EUR,SP00,A,2024-08-08,8.5168
EXR.D.HKD.EUR.SP00.A,D,HKD,EUR,SP00,A,2024-08-09,8.514
EXR.D.HKD.EUR.SP00.A,D,HKD,EUR,SP00,A,2024-08-12,8.5157
EXR.D.HKD.EUR.SP00.A,D,HKD,EUR,SP00,A,2024-08-13,8.5143
EXR.D.HKD.EUR.SP00.A,D,HKD,EUR,SP00,A,2024-08-14,8.5824
EXR.D.HKD.EUR.SP00.A,D,HKD,EUR,SP00,A,2024-08-15,8.58
EXR.D.HKD.EUR.SP00.A,D,HKD,EUR,SP00,A,2024-08-16,8.5705
EXR.D.HKD.EUR.SP00.A,D,HKD,EUR,SP00,A,2024-08-19,8.604
EXR.D.HKD.EUR.SP00.A,D,HKD,EUR,SP00,A,2024-08-20,8.6345
EXR.D.HKD.EUR.SP00.A,D,HKD,EUR,SP00,A,2024-08-21,8.6634
EXR.D.HKD.EUR.SP00.A,D,HKD,EUR,SP00,A,2024-08-22,8.6814
EXR.D.HKD.EUR.SP00.A,D,HKD,EUR,SP00,A,2024-08-23,8.6728
EXR.D.HKD.EUR.SP00.A,D,HKD,EUR,SP00,A,2024-08-26,8.7023
EXR.D.HKD.EUR.SP00.A,D,HKD,EUR,SP00,A,2024-08-27,8.7073
EXR.D.HKD.EUR.SP00.A,D,HKD,EUR,SP00,A,2024-08-28,8.6711
EXR.D.HKD.EUR.SP00.A,D,HKD,EUR,SP00,A,2024-08-29,8.6422
EXR.D.HKD.EUR.SP00.A,D,HKD,EUR,SP00,A,2024-08-30,8.6455
EXR.D.HKD.EUR.SP00.A,D,HKD,EUR,SP00,A,2024-09-02,8.6239
EXR.D.HKD.EUR.SP00.A,D,HKD,EUR,SP00,A,2024-09-03,8.605
EXR.D.HKD.EUR.SP00.A,D,HKD,EUR,SP00,A,2024-09-04,8.6174
EXR.D.HKD.EUR.SP00.A,D,HKD,EUR,SP00,A,2024-09-05,8.6493
EXR.D.HKD.EUR.SP00.A,D,HKD,EUR,SP00,A,2024-09-06,8.6526
EXR.D.HKD.EUR.SP00.A,D,HKD,EUR,SP00,A,2024-09-09,8.6101
EXR.D.HKD.EUR.SP00.A,D,HKD,EUR,SP00,A,2024-09-10,8.6004
EXR.D.HKD.EUR.SP00.A,D,HKD,EUR,SP00,A,2024-09-11,8.6106
EXR.D.HKD.EUR.SP00.A,D,HKD,EUR,SP00,A,2024-09-12,8.5945
EXR.D.HKD.EUR.SP00.A,D,HKD,EUR,SP00,A,2024-09-13,8.6411
EXR.D.HKD.EUR.SP00.A,D,HKD,EUR,SP00,A,2024-09-16,8.6723
EXR.D.HKD.EUR.SP00.A,D,HKD,EUR,SP00,A,2024-09-17,8.6796
EXR.D.HKD.EUR.SP00.A,D,HKD,EUR,SP00,A,2024-09-18,8.6692
EXR.D.HKD.EUR.SP00.A,D,HKD,EUR,SP00,A,2024-09-19,8.6952
EXR.D.HKD.EUR.SP00.A,D,HKD,EUR,SP00,A,2024-09-20,8.7022
EXR.D.HKD.EUR.SP00.A,D,HKD,EUR,SP00,A,2024-09-23,8.6576
EXR.D.HKD.EUR.SP00.A,D,HKD,EUR,SP00,A,2024-09-24,8.6668
EXR.D.HKD.EUR.SP00.A,D,HKD,EUR,SP00,A,2024-09-25,8.716
EXR.D.HKD.EUR.SP00.A,D,HKD,EUR,SP00,A,2024-09-26,8.6773
EXR.D.HKD.EUR.SP00.A,D,HKD,EUR,SP00,A,2024-09-27,8.6737
EXR.D.HKD.EUR.SP00.A,D,HKD,EUR,SP00,A,2024-09-30,8.6933
EXR.D.HKD.EUR.SP00.A,D,HKD,EUR,SP00,A,2024-10-01,8.6181
EXR.D.HKD.EUR.SP00.A,D,HKD,EUR,SP00,A,2024-10-02,8.5947
EXR.D.HKD.EUR.SP00.A,D,HKD,EUR,SP00,A,2024-10-03,8.5734
EXR.D.HKD.EUR.SP00.A,D,HKD,EUR,SP00,A,2024-10-04,8.5629
EXR.D.HKD.EUR.SP00.A,D,HKD,EUR,SP00,A,2024-10-07,8.5291
EXR.D.HKD.EUR.SP00.A,D,HKD,EUR,SP00,A,2024-10-08,8.537
EXR.D.HKD.EUR.SP00.A,D,HKD,EUR,SP00,A,2024-10-09,8.5176
EXR.D.HKD.EUR.SP00.A,D,HKD,EUR,SP00,A,2024-10-10,8.496
EXR.D.HKD.EUR.SP00.A,D,HKD,EUR,SP00,A,2024-10-11,8.5001
EXR.D.HKD.EUR.SP00.A,D,HKD,EUR,SP00,A,2024-10-14,8.4718
EXR.D.HKD.EUR.SP00.A,D,HKD,EUR,SP00,A,2024-10-15,8.469
EXR.D.HKD.EUR.SP00.A,D,HKD,EUR,SP00,A,2024-10-16,8.4676
EXR.D.HKD.EUR.SP00.A,D,HKD,EUR,SP00,A,2024-10-17,8.4477
EXR.D.HKD.EUR.SP00.A,D,HKD,EUR,SP00,A,2024-10-18,8.427
EXR.D.HKD.EUR.SP00.A,D,HKD,EUR,SP00,A,2024-10-21,8.4351
EXR.D.HKD.EUR.SP00.A,D,HKD,EUR,SP00,A,2024-10-22,8.411
EXR.D.HKD.EUR.SP00.A,D,HKD,EUR,SP00,A,2024-10-23,8.3656
EXR.D.HKD.EUR.SP00.A,D,HKD,EUR,SP00,A,2024-10-24,8.3926
EXR.D.HKD.EUR.SP00.A,D,HKD,EUR,SP00,A,2024-10-25,8.411
EXR.D.HKD.EUR.SP00.A,D,HKD,EUR,SP00,A,2024-10-28,8.4072
EXR.D.HKD.EUR.SP00.A,D,HKD,EUR,SP00,A,2024-10-29,8.3716
EXR.D.HKD.EUR.SP00.A,D,HKD,EUR,SP00,A,2024-10-30,8.405
EXR.D.HKD.EUR.SP00.A,D,HKD,EUR,SP00,A,2024-10-31,8.4598
EXR.D.HKD.EUR.SP00.A,D,HKD,EUR,SP00,A,2024-11-01,8.466
EXR.D.HKD.EUR.SP00.A,D,HKD,EUR,SP00,A,2024-11-04,8.4761
EXR.D.HKD.EUR.SP00.A,D,HKD,EUR,SP00,A,2024-11-05,8.4687
EXR.D.HKD.EUR.SP00.A,D,HKD,EUR,SP00,A,2024-11-06,8.3167
EXR.D.HKD.EUR.SP00.A,D,HKD,EUR,SP00,A,2024-11-07,8.3818
EXR.D.HKD.EUR.SP00.A,D,HKD,EUR,SP00,A,2024-11-08,8.3745
EXR.D.HKD.EUR.SP00.A,D,HKD,EUR,SP00,A,2024-11-11,8.2812
EXR.D.HKD.EUR.SP00.A,D,HKD,EUR,SP00,A,2024-11-12,8.2586
EXR.D.HKD.EUR.SP00.A,D,HKD,EUR,SP00,A,2024-11-13,8.2682
EXR.D.HKD.EUR.SP00.A,D,HKD,EUR,SP00,A,2024-11-14,8.1975
EXR.D.HKD.EUR.SP00.A,D,HKD,EUR,SP00,A,2024-11-15,8.2385
EXR.D.HKD.EUR.SP00.A,D,HKD,EUR,SP00,A,2024-11-18,8.214
EXR.D.HKD.EUR.SP00.A,D,HKD,EUR,SP00,A,2024-11-19,8.2335
EXR.D.HKD.EUR.SP00.A,D,HKD,EUR,SP00,A,2024-11-20,8.2208
EXR.D.HKD.EUR.SP00.A,D,HKD,EUR,SP00,A,2024-11-21,8.1921
EXR.D.HKD.EUR.SP00.A,D,HKD,EUR,SP00,A,2024-11-22,8.1052
EXR.D.HKD.EUR.SP00.A,D,HKD,EUR,SP00,A,2024-11-25,8.1659
EXR.D.HKD.EUR.SP00.A,D,HKD,EUR,SP00,A,2024-11-26,8.187
EXR.D.HKD.EUR.SP00.A,D,HKD,EUR,SP00,A,2024-11-27,8.1949
EXR.D.HKD.EUR.SP00.A,D,HKD,EUR,SP00,A,2024-11-28,8.2046
EXR.D.HKD.EUR.SP00.A,D,HKD,EUR,SP00,A,2024-11-29,8.2211
EXR.D.HKD.EUR.SP00.A,D,HKD,EUR,SP00,A,2024-12-02,8.1753
EXR.D.HKD.EUR.SP00.A,D,HKD,EUR,SP00,A,2024-12-03,8.1818
EXR.D.HKD.EUR.SP00.A,D,HKD,EUR,SP00,A,2024-12-04,8.167
EXR.D.HKD.EUR.SP00.A,D,HKD,EUR,SP00,A,2024-12-05,8.2027
EXR.D.HKD.EUR.SP00.A,D,HKD,EUR,SP00,A,2024-12-06,8.2314
EXR.D.HKD.EUR.SP00.A,D,HKD,EUR,SP00,A,2024-12-09,8.2164
EXR.D.HKD.EUR.SP00.A,D,HKD,EUR,SP00,A,2024-12-10,8.1858
EXR.D.HKD.EUR.SP00.A,D,HKD,EUR,SP00,A,2024-12-11,8.1677
EXR.D.HKD.EUR.SP00.A,D,HKD,EUR,SP00,A,2024-12-12,8.1575
EXR.D.HKD.EUR.SP00.A,D,HKD,EUR,SP00,A,2024-12-13,8.1777
EXR.D.HKD.EUR.SP00.A,D,HKD,EUR,SP00,A,2024-12-16,8.1625
EXR.D.HKD.EUR.SP00.A,D,HKD,EUR,SP00,A,2024-12-17,8.1571
EXR.D.HKD.EUR.SP00.A,D,HKD,EUR,SP00,A,2024-12-18,8.1563
EXR.D.HKD.EUR.SP00.A,D,HKD,EUR,SP00,A,2024-12-19,8.0785
EXR.D.HKD.EUR.SP00.A,D,HKD,EUR,SP00,A,2024-12-20,8.0755
EXR.D.HKD.EUR.SP00.A,D,HKD,EUR,SP00,A,2024-12-23,8.0757
EXR.D.HKD.EUR.SP00.A,D,HKD,EUR,SP00,A,2024-12-24,8.0743
EXR.D.HKD.EUR.SP00.A,D,HKD,EUR,SP00,A,2024-12-27,8.099
EXR.D.HKD.EUR.SP00.A,D,HKD,EUR,SP00,A,2024-12-30,8.1065
EXR.D.HKD.EUR.SP00.A,D,HKD,EUR,SP00,A,2024-12-31,8.0686
EXR.D.HKD.EUR.SP00.A,D,HKD,EUR,SP00,A,2025-01-02,8.0261
EXR.D.HKD.EUR.SP00.A,D,HKD,EUR,SP00,A,2025-01-03,8.0122
EXR.D.HKD.EUR.SP00.A,D,HKD,EUR,SP00,A,2025-01-06,8.1035
EXR.D.HKD.EUR.SP00.A,D,HKD,EUR,SP00,A,2025-01-07,8.0824
EXR.D.HKD.EUR.SP00.A,D,HKD,EUR,SP00,A,2025-01-08,8.0018
EXR.D.HKD.EUR.SP00.A,D,HKD,EUR,SP00,A,2025-01-09,8.0189
EXR.D.HKD.EUR.SP00.A,D,HKD,EUR,SP00,A,2025-01-10,8.0224
EXR.D.HKD.EUR.SP00.A,D,HKD,EUR,SP00,A,2025-01-13,7.9412
EXR.D.HKD.EUR.SP00.A,D,HKD,EUR,SP00,A,2025-01-14,7.9761
EXR.D.HKD.EUR.SP00.A,D,HKD,EUR,SP00,A,2025-01-15,8.0201
EXR.D.HKD.EUR.SP00.A,D,HKD,EUR,SP00,A,2025-01-16,8.0007
EXR.D.HKD.EUR.SP00.A,D,HKD,EUR,SP00,A,2025-01-17,8.0194
EXR.D.HKD.EUR.SP00.A,D,HKD,EUR,SP00,A,2025-01-20,8.0301
EXR.D.HKD.EUR.SP00.A,D,HKD,EUR,SP00,A,2025-01-21,8.0636
EXR.D.HKD.EUR.SP00.A,D,HKD,EUR,SP00,A,2025-01-22,8.1322
EXR.D.HKD.EUR.SP00.A,D,HKD,EUR,SP00,A,2025-01-23,8.1045
EXR.D.HKD.EUR.SP00.A,D,HKD,EUR,SP00,A,2025-01-24,8.1559
EXR.D.HKD.EUR.SP00.A,D,HKD,EUR,SP00,A,2025-01-27,8.1987
EXR.D.HKD.EUR.SP00.A,D,HKD,EUR,SP00,A,2025-01-28,8.1189
EXR.D.HKD.EUR.SP00.A,D,HKD,EUR,SP00,A,2025-01-29,8.0992
EXR.D.HKD.EUR.SP00.A,D,HKD,EUR,SP00,A,2025-01-30,8.105
EXR.D.HKD.EUR.SP00.A,D,HKD,EUR,SP00,A,2025-01-31,8.099
EXR.D.HKD.EUR.SP00.A,D,HKD,EUR,SP00,A,2025-02-03,8.0072
EXR.D.HKD.EUR.SP00.A,D,HKD,EUR,SP00,A,2025-02-04,8.0489
EXR.D.HKD.EUR.SP00.A,D,HKD,EUR,SP00,A,2025-02-05,8.1162
EXR.D.HKD.EUR.SP00.A,D,HKD,EUR,SP00,A,2025-02-06,8.0668
EXR.D.HKD.EUR.SP00.A,D,HKD,EUR,SP00,A,2025-02-07,8.0828
EXR.D.HKD.EUR.SP00.A,D,HKD,EUR,SP00,A,2025-02-10,8.04
EXR.D.HKD.EUR.SP00.A,D,HKD,EUR,SP00,A,2025-02-11,8.0452
EXR.D.HKD.EUR.SP00.A,D,HKD,EUR,SP00,A,2025-02-12,8.0769
EXR.D.HKD.EUR.SP00.A,D,HKD,EUR,SP00,A,2025-02-13,8.0926
EXR.D.HKD.EUR.SP00.A,D,HKD,EUR,SP00,A,2025-02-14,8.1554
EXR.D.HKD.EUR.SP00.A,D,HKD,EUR,SP00,A,2025-02-17,8.1481
EXR.D.HKD.EUR.SP00.A,D,HKD,EUR,SP00,A,2025-02-18,8.1235
EXR.D.HKD.EUR.SP00.A,D,HKD,EUR,SP00,A,2025-02-19,8.1148
EXR.D.HKD.EUR.SP00.A,D,HKD,EUR,SP00,A,2025-02-20,8.1211
EXR.D.HKD.EUR.SP00.A,D,HKD,EUR,SP00,A,2025-02-21,8.1327
EXR.D.HKD.EUR.SP00.A,D,HKD,EUR,SP00,A,2025-02-24,8.1356
EXR.D.HKD.EUR.SP00.A,D,HKD,EUR,SP00,A,2025-02-25,8.1609
EXR.D.HKD.EUR.SP00.A,D,HKD,EUR,SP00,A,2025-02-26,8.1516
EXR.D.HKD.EUR.SP00.A,D,HKD,EUR,SP00,A,2025-02-27,8.1446
EXR.D.HKD.EUR.SP00.A,D,HKD,EUR,SP00,A,2025-02-28,8.098
EXR.D.HKD.EUR.SP00.A,D,HKD,EUR,SP00,A,2025-03-03,8.1386
EXR.D.HKD.EUR.SP00.A,D,HKD,EUR,SP00,A,2025-03-04,8.2056
EXR.D.HKD.EUR.SP00.A,D,HKD,EUR,SP00,A,2025-03-05,8.3106
EXR.D.HKD.EUR.SP00.A,D,HKD,EUR,SP00,A,2025-03-06,8.3922
EXR.D.HKD.EUR.SP00.A,D,HKD,EUR,SP00,A,2025-03-07,8.4357
EXR.D.HKD.EUR.SP00.A,D,HKD,EUR,SP00,A,2025-03-10,8.4241
EXR.D.HKD.EUR.SP00.A,D,HKD,EUR,SP00,A,2025-03-11,8.4784
EXR.D.HKD.EUR.SP00.A,D,HKD,EUR,SP00,A,2025-03-12,8.4579
EXR.D.HKD.EUR.SP00.A,D,HKD,EUR,SP00,A,2025-03-13,8.4175
EXR.D.HKD.EUR.SP00.A,D,HKD,EUR,SP00,A,2025-03-14,8.4635
EXR.D.HKD.EUR.SP00.A,D,HKD,EUR,SP00,A,2025-03-17,8.4719
EXR.D.HKD.EUR.SP00.A,D,HKD,EUR,SP00,A,2025-03-18,8.4833
EXR.D.HKD.EUR.SP00.A,D,HKD,EUR,SP00,A,2025-03-19,8.4674
EXR.D.HKD.EUR.SP00.A,D,HKD,EUR,SP00,A,2025-03-20,8.4189
EXR.D.HKD.EUR.SP00.A,D,HKD,EUR,SP00,A,2025-03-21,8.4166
EXR.D.HKD.EUR.SP00.A,D,HKD,EUR,SP00,A,2025-03-24,8.4141
EXR.D.HKD.EUR.SP00.A,D,HKD,EUR,SP00,A,2025-03-25,8.416
EXR.D.HKD.EUR.SP00.A,D,HKD,EUR,SP00,A,2025-03-26,8.3886
EXR.D.HKD.EUR.SP00.A,D,HKD,EUR,SP00,A,2025-03-27,8.3867
EXR.D.HKD.EUR.SP00.A,D,HKD,EUR,SP00,A,2025-03-28,8.3988
EXR.D.HKD.EUR.SP00.A,D,HKD,EUR,SP00,A,2025-03-31,8.413
EXR.D.HKD.EUR.SP00.A,D,HKD,EUR,SP00,A,2025-04-01,8.3943
EXR.D.HKD.EUR.SP00.A,D,HKD,EUR,SP00,A,2025-04-02,8.4067
EXR.D.HKD.EUR.SP00.A,D,HKD,EUR,SP00,A,2025-04-03,8.6311
EXR.D.HKD.EUR.SP00.A,D,HKD,EUR,SP00,A,2025-04-04,8.5933
EXR.D.HKD.EUR.SP00.A,D,HKD,EUR,SP00,A,2025-04-07,8.5198
EXR.D.HKD.EUR.SP00.A,D,HKD,EUR,SP00,A,2025-04-08,8.5059
EXR.D.HKD.EUR.SP00.A,D,HKD,EUR,SP00,A,2025-04-09,8.5645
EXR.D.HKD.EUR.SP00.A,D,HKD,EUR,SP00,A,2025-04-10,8.6004
EXR.D.HKD.EUR.SP00.A,D,HKD,EUR,SP00,A,2025-04-11,8.799
EXR.D.HKD.EUR.SP00.A,D,HKD,EUR,SP00,A,2025-04-14,8.8221
EXR.D.HKD.EUR.SP00.A,D,HKD,EUR,SP00,A,2025-04-15,8.8238
EXR.D.HKD.EUR.SP00.A,D,HKD,EUR,SP00,A,2025-04-16,8.8124
EXR.D.HKD.EUR.SP00.A,D,HKD,EUR,SP00,A,2025-04-17,8.8195
EXR.D.HKD.EUR.SP00.A,D,HKD,EUR,SP00,A,2025-04-22,8.9027
EXR.D.HKD.EUR.SP00.A,D,HKD,EUR,SP00,A,2025-04-23,8.8567
EXR.D.HKD.EUR.SP00.A,D,HKD,EUR,SP00,A,2025-04-24,8.826
EXR.D.HKD.EUR.SP00.A,D,HKD,EUR,SP00,A,2025-04-25,8.8089
EXR.D.HKD.EUR.SP00.A,D,HKD,EUR,SP00,A,2025-04-28,8.8105
EXR.D.HKD.EUR.SP00.A,D,HKD,EUR,SP00,A,2025-04-29,8.8237
EXR.D.HKD.EUR.SP00.A,D,HKD,EUR,SP00,A,2025-04-30,8.8214
EXR.D.HKD.EUR.SP00.A,D,HKD,EUR,SP00,A,2025-05-02,8.7908
EXR.D.HKD.EUR.SP00.A,D,HKD,EUR,SP00,A,2025-05-05,8.7909
EXR.D.HKD.EUR.SP00.A,D,HKD,EUR,SP00,A,2025-05-06,8.7769
EXR.D.HKD.EUR.SP00.A,D,HKD,EUR,SP00,A,2025-05-07,8.8139
EXR.D.HKD.EUR.SP00.A,D,HKD,EUR,SP00,A,2025-05-08,8.7796
EXR.D.HKD.EUR.SP00.A,D,HKD,EUR,SP00,A,2025-05-09,8.7519
EXR.D.HKD.EUR.SP00.A,D,HKD,EUR,SP00,A,2025-05-12,8.6534
EXR.D.HKD.EUR.SP00.A,D,HKD,EUR,SP00,A,2025-05-13,8.6621
EXR.D.HKD.EUR.SP00.A,D,HKD,EUR,SP00,A,2025-05-14,8.7519
EXR.D.HKD.EUR.SP00.A,D,HKD,EUR,SP00,A,2025-05-15,8.7325
EXR.D.HKD.EUR.SP00.A,D,HKD,EUR,SP00,A,2025-05-16,8.7478
EXR.D.HKD.EUR.SP00.A,D,HKD,EUR,SP00,A,2025-05-19,8.8062
EXR.D.HKD.EUR.SP00.A,D,HKD,EUR,SP00,A,2025-05-20,8.7968
EXR.D.HKD.EUR.SP00.A,D,HKD,EUR,SP00,A,2025-05-21,8.8655
EXR.D.HKD.EUR.SP00.A,D,HKD,EUR,SP00,A,2025-05-22,8.8496
EXR.D.HKD.EUR.SP00.A,D,HKD,EUR,SP00,A,2025-05-23,8.8508
EXR.D.HKD.EUR.SP00.A,D,HKD,EUR,SP00,A,2025-05-26,8.9184
EXR.D.HKD.EUR.SP00.A,D,HKD,EUR,SP00,A,2025-05-27,8.9009
EXR.D.HKD.EUR.SP00.A,D,HKD,EUR,SP00,A,2025-05-28,8.8704
EXR.D.HKD.EUR.SP00.A,D,HKD,EUR,SP00,A,2025-05-29,8.8426
EXR.D.HKD.EUR.SP00.A,D,HKD,EUR,SP00,A,2025-05-30,8.8926
EXR.D.HKD.EUR.SP00.A,D,HKD,EUR,SP00,A,2025-06-02,8.9576
EXR.D.HKD.EUR.SP00.A,D,HKD,EUR,SP00,A,2025-06-03,8.9315
EXR.D.HKD.EUR.SP00.A,D,HKD,EUR,SP00,A,2025-06-04,8.9327
EXR.D.HKD.EUR.SP00.A,D,HKD,EUR,SP00,A,2025-06-05,8.9635
EXR.D.HKD.EUR.SP00.A,D,HKD,EUR,SP00,A,2025-06-06,8.954
EXR.D.HKD.EUR.SP00.A,D,HKD,EUR,SP00,A,2025-06-09,8.9547
EXR.D.HKD.EUR.SP00.A,D,HKD,EUR,SP00,A,2025-06-10,8.97
EXR.D.HKD.EUR.SP00.A,D,HKD,EUR,SP00,A,2025-06-11,8.974
EXR.D.HKD.EUR.SP00.A,D,HKD,EUR,SP00,A,2025-06-12,9.1004
EXR.D.HKD.EUR.SP00.A,D,HKD,EUR,SP00,A,2025-06-13,9.0362
EXR.D.HKD.EUR.SP00.A,D,HKD,EUR,SP00,A,2025-06-16,9.0853
EXR.D.HKD.EUR.SP00.A,D,HKD,EUR,SP00,A,2025-06-17,9.0805
EXR.D.HKD.EUR.SP00.A,D,HKD,EUR,SP00,A,2025-06-18,9.0337
EXR.D.HKD.EUR.SP00.A,D,HKD,EUR,SP00,A,2025-06-19,9.0101
EXR.D.HKD.EUR.SP00.A,D,HKD,EUR,SP00,A,2025-06-20,9.0391
EXR.D.HKD.EUR.SP00.A,D,HKD,EUR,SP00,A,2025-06-23,9.0055
EXR.D.HKD.EUR.SP00.A,D,HKD,EUR,SP00,A,2025-06-24,9.1114
EXR.D.HKD.EUR.SP00.A,D,HKD,EUR,SP00,A,2025-06-25,9.1044
EXR.D.HKD.EUR.SP00.A,D,HKD,EUR,SP00,A,2025-06-26,9.1803
EXR.D.HKD.EUR.SP00.A,D,HKD,EUR,SP00,A,2025-06-27,9.1876
EXR.D.HKD.EUR.SP00.A,D,HKD,EUR,SP00,A,2025-06-30,9.2001
EXR.D.HKD.EUR.SP00.A,D,HKD,EUR,SP00,A,2025-07-01,9.2709
EXR.D.HKD.EUR.SP00.A,D,HKD,EUR,SP00,A,2025-07-02,9.2274
EXR.D.HKD.EUR.SP00.A,D,HKD,EUR,SP00,A,2025-07-03,9.2488
EXR.D.HKD.EUR.SP00.A,D,HKD,EUR,SP00,A,2025-07-04,9.2367
EXR.D.HKD.EUR.SP00.A,D,HKD,EUR,SP00,A,2025-07-07,9.2062
EXR.D.HKD.EUR.SP00.A,D,HKD,EUR,SP00,A,2025-07-08,9.1986
EXR.D.HKD.EUR.SP00.A,D,HKD,EUR,SP00,A,2025-07-09,9.1829
EXR.D.HKD.EUR.SP00.A,D,HKD,EUR,SP00,A,2025-07-10,9.1915
EXR.D.HKD.EUR.SP00.A,D,HKD,EUR,SP00,A,2025-07-11,9.1711
EXR.D.HKD.EUR.SP00.A,D,HKD,EUR,SP00,A,2025-07-14,9.1766
EXR.D.HKD.EUR.SP00.A,D,HKD,EUR,SP00,A,2025-07-15,9.157
EXR.D.HKD.EUR.SP00.A,D,HKD,EUR,SP00,A,2025-07-16,9.1075
EXR.D.HKD.EUR.SP00.A,D,HKD,EUR,SP00,A,2025-07-17,9.0883
EXR.D.HKD.EUR.SP00.A,D,HKD,EUR,SP00,A,2025-07-18,9.1439
EXR.D.HKD.EUR.SP00.A,D,HKD,EUR,SP00,A,2025-07-21,9.1582
EXR.D.HKD.EUR.SP00.A,D,HKD,EUR,SP00,A,2025-07-22,9.1837
EXR.D.HKD.EUR.SP00.A,D,HKD,EUR,SP00,A,2025-07-23,9.2049
EXR.D.HKD.EUR.SP00.A,D,HKD,EUR,SP00,A,2025-07-24,9.2283
EXR.D.HKD.EUR.SP00.A,D,HKD,EUR,SP00,A,2025-07-25,9.2027
EXR.D.HKD.EUR.SP00.A,D,HKD,EUR,SP00,A,2025-07-28,9.1483
EXR.D.HKD.EUR.SP00.A,D,HKD,EUR,SP00,A,2025-07-29,9.0533
EXR.D.HKD.EUR.SP00.A,D,HKD,EUR,SP00,A,2025-07-30,9.0486
EXR.D.HKD.EUR.SP00.A,D,HKD,EUR,SP00,A,2025-07-31,8.9851
EXR.D.HKD.EUR.SP00.A,D,HKD,EUR,SP00,A,2025-08-01,8.9521
EXR.D.HKD.EUR.SP00.A,D,HKD,EUR,SP00,A,2025-08-04,9.0785
EXR.D.HKD.EUR.SP00.A,D,HKD,EUR,SP00,A,2025-08-05,9.0633
EXR.D.HKD.EUR.SP00.A,D,HKD,EUR,SP00,A,2025-08-06,9.109
EXR.D.HKD.EUR.SP00.A,D,HKD,EUR,SP00,A,2025-08-07,9.1393
EXR.D.HKD.EUR.SP00.A,D,HKD,EUR,SP00,A,2025-08-08,9.1436
EXR.D.HKD.EUR.SP00.A,D,HKD,EUR,SP00,A,2025-08-11,9.1232
EXR.D.HKD.EUR.SP00.A,D,HKD,EUR,SP00,A,2025-08-12,9.1107
EXR.D.HKD.EUR.SP00.A,D,HKD,EUR,SP00,A,2025-08-13,9.1931
EXR.D.HKD.EUR.SP00.A,D,HKD,EUR,SP00,A,2025-08-14,9.1677
EXR.D.HKD.EUR.SP00.A,D,HKD,EUR,SP00,A,2025-08-15,9.1401
EXR.D.HKD.EUR.SP00.A,D,HKD,EUR,SP00,A,2025-08-18,9.1256
EXR.D.HKD.EUR.SP00.A,D,HKD,EUR,SP00,A,2025-08-19,9.1137
EXR.D.HKD.EUR.SP00.A,D,HKD,EUR,SP00,A,2025-08-20,9.1038
EXR.D.HKD.EUR.SP00.A,D,HKD,EUR,SP00,A,2025-08-21,9.0943
EXR.D.HKD.EUR.SP00.A,D,HKD,EUR,SP00,A,2025-08-22,9.075
EXR.D.HKD.EUR.SP00.A,D,HKD,EUR,SP00,A,2025-08-25,9.1369
EXR.D.HKD.EUR.SP00.A,D,HKD,EUR,SP00,A,2025-08-26,9.0921
EXR.D.HKD.EUR.SP00.A,D,HKD,EUR,SP00,A,2025-08-27,9.0229
EXR.D.HKD.EUR.SP00.A,D,HKD,EUR,SP00,A,2025-08-28,9.1008
EXR.D.HKD.EUR.SP00.A,D,HKD,EUR,SP00,A,2025-08-29,9.0877
EXR.D.HKD.EUR.SP00.A,D,HKD,EUR,SP00,A,2025-09-01,9.1339
EXR.D.HKD.EUR.SP00.A,D,HKD,EUR,SP00,A,2025-09-02,9.0915
EXR.D.HKD.EUR.SP00.A,D,HKD,EUR,SP00,A,2025-09-03,9.0909
EXR.D.HKD.EUR.SP00.A,D,HKD,EUR,SP00,A,2025-09-04,9.0828
EXR.D.HKD.EUR.SP00.A,D,HKD,EUR,SP00,A,2025-09-05,9.1263
EXR.D.HKD.EUR.SP00.A,D,HKD,EUR,SP00,A,2025-09-08,9.1402
EXR.D.HKD.EUR.SP00.A,D,HKD,EUR,SP00,A,2025-09-09,9.1458
EXR.D.HKD.EUR.SP00.A,D,HKD,EUR,SP00,A,2025-09-10,9.1189
EXR.D.HKD.EUR.SP00.A,D,HKD,EUR,SP00,A,2025-09-11,9.1031
EXR.D.HKD.EUR.SP00.A,D,HKD,EUR,SP00,A,2025-09-12,9.1198
EXR.D.HKD.EUR.SP00.A,D,HKD,EUR,SP00,A,2025-09-15,9.1524
EXR.D.HKD.EUR.SP00.A,D,HKD,EUR,SP00,A,2025-09-16,9.189
EXR.D.HKD.EUR.SP00.A,D,HKD,EUR,SP00,A,2025-09-17,9.2045
EXR.D.HKD.EUR.SP00.A,D,HKD,EUR,SP00,A,2025-09-18,9.191
EXR.D.HKD.EUR.SP00.A,D,HKD,EUR,SP00,A,2025-09-19,9.1256
EXR.D.HKD.EUR.SP00.A,D,HKD,EUR,SP00,A,2025-09-22,9.1548
EXR.D.HKD.EUR.SP00.A,D,HKD,EUR,SP00,A,2025-09-23,9.1696
EXR.D.HKD.EUR.SP00.A,D,HKD,EUR,SP00,A,2025-09-24,9.1422
EXR.D.HKD.EUR.SP00.A,D,HKD,EUR,SP00,A,2025-09-25,9.1306
EXR.D.HKD.EUR.SP00.A,D,HKD,EUR,SP00,A,2025-09-26,9.0819
EXR.D.HKD.EUR.SP00.A,D,HKD,EUR,SP00,A,2025-09-29,9.1208
EXR.D.HKD.EUR.SP00.A,D,HKD,EUR,SP00,A,2025-09-30,9.1359
EXR.D.JPY.EUR.SP00.A,D,JPY,EUR,SP00,A,2020-12-01,124.92
EXR.D.JPY.EUR.SP00.A,D,JPY,EUR,SP00,A,2020-12-02,126.13
EXR.D.JPY.EUR.SP00.A,D,JPY,EUR,SP00,A,2020-12-03,126.49
EXR.D.JPY.EUR.SP00.A,D,JPY,EUR,SP00,A,2020-12-04,126.44
EXR.D.JPY.EUR.SP00.A,D,JPY,EUR,SP00,A,2020-12-07,126.3
EXR.D.JPY.EUR.SP00.A,D,JPY,EUR,SP00,A,2020-12-08,126.18
EXR.D.JPY.EUR.SP00.A,D,JPY,EUR,SP00,A,2020-12-09,126.05
EXR.D.JPY.EUR.SP00.A,D,JPY,EUR,SP00,A,2020-12-10,126.53
EXR.D.JPY.EUR.SP00.A,D,JPY,EUR,SP00,A,2020-12-11,126.28
EXR.D.JPY.EUR.SP00.A,D,JPY,EUR,SP00,A,2020-12-14,126.11
EXR.D.JPY.EUR.SP00.A,D,JPY,EUR,SP00,A,2020-12-15,126.08
EXR.D.JPY.EUR.SP00.A,D,JPY,EUR,SP00,A,2020-12-16,125.97
EXR.D.JPY.EUR.SP00.A,D,JPY,EUR,SP00,A,2020-12-17,126.19
EXR.D.JPY.EUR.SP00.A,D,JPY,EUR,SP00,A,2020-12-18,126.69
EXR.D.JPY.EUR.SP00.A,D,JPY,EUR,SP00,A,2020-12-21,126.04
EXR.D.JPY.EUR.SP00.A,D,JPY,EUR,SP00,A,2020-12-22,126.52
EXR.D.JPY.EUR.SP00.A,D,JPY,EUR,SP00,A,2020-12-23,125.99
EXR.D.JPY.EUR.SP00.A,D,JPY,EUR,SP00,A,2020-12-24,126.38
EXR.D.JPY.EUR.SP00.A,D,JPY,EUR,SP00,A,2020-12-28,126.54
EXR.D.JPY.EUR.SP00.A,D,JPY,EUR,SP00,A,2020-12-29,127.23
EXR.D.JPY.EUR.SP00.A,D,JPY,EUR,SP00,A,2020-12-30,126.57
EXR.D.JPY.EUR.SP00.A,D,JPY,EUR,SP00,A,2020-12-31,126.49
EXR.D.JPY.EUR.SP00.A,D,JPY,EUR,SP00,A,2021-01-04,126.62
EXR.D.JPY.EUR.SP00.A,D,JPY,EUR,SP00,A,2021-01-05,126.25
EXR.D.JPY.EUR.SP00.A,D,JPY,EUR,SP00,A,2021-01-06,127.03
EXR.D.JPY.EUR.SP00.A,D,JPY,EUR,SP00,A,2021-01-07,127.13
EXR.D.JPY.EUR.SP00.A,D,JPY,EUR,SP00,A,2021-01-08,127.26
EXR.D.JPY.EUR.SP00.A,D,JPY,EUR,SP00,A,2021-01-11,126.76
EXR.D.JPY.EUR.SP00.A,D,JPY,EUR,SP00,A,2021-01-12,126.74
EXR.D.JPY.EUR.SP00.A,D,JPY,EUR,SP00,A,2021-01-13,126.44
EXR.D.JPY.EUR.SP00.A,D,JPY,EUR,SP00,A,2021-01-14,126.21
EXR.D.JPY.EUR.SP00.A,D,JPY,EUR,SP00,A,2021-01-15,125.74
EXR.D.JPY.EUR.SP00.A,D,JPY,EUR,SP00,A,2021-01-18,125.18
EXR.D.JPY.EUR.SP00.A,D,JPY,EUR,SP00,A,2021-01-19,126.16
EXR.D.JPY.EUR.SP00.A,D,JPY,EUR,SP00,A,2021-01-20,125.62
EXR.D.JPY.EUR.SP00.A,D,JPY,EUR,SP00,A,2021-01-21,125.72
EXR.D.JPY.EUR.SP00.A,D,JPY,EUR,SP00,A,2021-01-22,126.19
EXR.D.JPY.EUR.SP00.A,D,JPY,EUR,SP00,A,2021-01-25,126.06
EXR.D.JPY.EUR.SP00.A,D,JPY,EUR,SP00,A,2021-01-26,125.93
EXR.D.JPY.EUR.SP00.A,D,JPY,EUR,SP00,A,2021-01-27,125.87
EXR.D.JPY.EUR.SP00.A,D,JPY,EUR,SP00,A,2021-01-28,126.2
EXR.D.JPY.EUR.SP00.A,D,JPY,EUR,SP00,A,2021-01-29,127.05
EXR.D.JPY.EUR.SP00.A,D,JPY,EUR,SP00,A,2021-02-01,126.77
EXR.D.JPY.EUR.SP00.A,D,JPY,EUR,SP00,A,2021-02-02,126.46
EXR.D.JPY.EUR.SP00.A,D,JPY,EUR,SP00,A,2021-02-03,126.25
EXR.D.JPY.EUR.SP00.A,D,JPY,EUR,SP00,A,2021-02-04,126.24
EXR.D.JPY.EUR.SP00.A,D,JPY,EUR,SP00,A,2021-02-05,126.72
EXR.D.JPY.EUR.SP00.A,D,JPY,EUR,SP00,A,2021-02-08,126.97
EXR.D.JPY.EUR.SP00.A,D,JPY,EUR,SP00,A,2021-02-09,126.58
EXR.D.JPY.EUR.SP00.A,D,JPY,EUR,SP00,A,2021-02-10,127.04
EXR.D.JPY.EUR.SP00.A,D,JPY,EUR,SP00,A,2021-02-11,127.12
EXR.D.JPY.EUR.SP00.A,D,JPY,EUR,SP00,A,2021-02-12,127.15
EXR.D.JPY.EUR.SP00.A,D,JPY,EUR,SP00,A,2021-02-15,127.72
EXR.D.JPY.EUR.SP00.A,D,JPY,EUR,SP00,A,2021-02-16,128.16
EXR.D.JPY.EUR.SP00.A,D,JPY,EUR,SP00,A,2021-02-17,127.94
EXR.D.JPY.EUR.SP00.A,D,JPY,EUR,SP00,A,2021-02-18,127.69
EXR.D.JPY.EUR.SP00.A,D,JPY,EUR,SP00,A,2021-02-19,127.81
EXR.D.JPY.EUR.SP00.A,D,JPY,EUR,SP00,A,2021-02-22,128
EXR.D.JPY.EUR.SP00.A,D,JPY,EUR,SP00,A,2021-02-23,127.98
EXR.D.JPY.EUR.SP00.A,D,JPY,EUR,SP00,A,2021-02-24,128.69
EXR.D.JPY.EUR.SP00.A,D,JPY,EUR,SP00,A,2021-02-25,129.73
EXR.D.JPY.EUR.SP00.A,D,JPY,EUR,SP00,A,2021-02-26,128.83
EXR.D.JPY.EUR.SP00.A,D,JPY,EUR,SP00,A,2021-03-01,128.63
EXR.D.JPY.EUR.SP00.A,D,JPY,EUR,SP00,A,2021-03-02,128.58
EXR.D.JPY.EUR.SP00.A,D,JPY,EUR,SP00,A,2021-03-03,128.81
EXR.D.JPY.EUR.SP00.A,D,JPY,EUR,SP00,A,2021-03-04,129.23
EXR.D.JPY.EUR.SP00.A,D,JPY,EUR,SP00,A,2021-03-05,129.3
EXR.D.JPY.EUR.SP00.A,D,JPY,EUR,SP00,A,2021-03-08,128.9
EXR.D.JPY.EUR.SP00.A,D,JPY,EUR,SP00,A,2021-03-09,129.5
EXR.D.JPY.EUR.SP00.A,D,JPY,EUR,SP00,A,2021-03-10,129.12
EXR.D.JPY.EUR.SP00.A,D,JPY,EUR,SP00,A,2021-03-11,129.82
EXR.D.JPY.EUR.SP00.A,D,JPY,EUR,SP00,A,2021-03-12,130.14
EXR.D.JPY.EUR.SP00.A,D,JPY,EUR,SP00,A,2021-03-15,130.17
EXR.D.JPY.EUR.SP00.A,D,JPY,EUR,SP00,A,2021-03-16,129.88
EXR.D.JPY.EUR.SP00.A,D,JPY,EUR,SP00,A,2021-03-17,130.02
EXR.D.JPY.EUR.SP00.A,D,JPY,EUR,SP00,A,2021-03-18,130.08
EXR.D.JPY.EUR.SP00.A,D,JPY,EUR,SP00,A,2021-03-19,129.54
EXR.D.JPY.EUR.SP00.A,D,JPY,EUR,SP00,A,2021-03-22,129.77
EXR.D.JPY.EUR.SP00.A,D,JPY,EUR,SP00,A,2021-03-23,128.99
EXR.D.JPY.EUR.SP00.A,D,JPY,EUR,SP00,A,2021-03-24,128.6
EXR.D.JPY.EUR.SP00.A,D,JPY,EUR,SP00,A,2021-03-25,128.75
EXR.D.JPY.EUR.SP00.A,D,JPY,EUR,SP00,A,2021-03-26,129.34
EXR.D.JPY.EUR.SP00.A,D,JPY,EUR,SP00,A,2021-03-29,129.19
EXR.D.JPY.EUR.SP00.A,D,JPY,EUR,SP00,A,2021-03-30,129.48
EXR.D.JPY.EUR.SP00.A,D,JPY,EUR,SP00,A,2021-03-31,129.91
EXR.D.JPY.EUR.SP00.A,D,JPY,EUR,SP00,A,2021-04-01,130.03
EXR.D.JPY.EUR.SP00.A,D,JPY,EUR,SP00,A,2021-04-06,130.27
EXR.D.JPY.EUR.SP00.A,D,JPY,EUR,SP00,A,2021-04-07,130.56
EXR.D.JPY.EUR.SP00.A,D,JPY,EUR,SP00,A,2021-04-08,129.71
EXR.D.JPY.EUR.SP00.A,D,JPY,EUR,SP00,A,2021-04-09,130.42
EXR.D.JPY.EUR.SP00.A,D,JPY,EUR,SP00,A,2021-04-12,130.2
EXR.D.JPY.EUR.SP00.A,D,JPY,EUR,SP00,A,2021-04-13,130.23
EXR.D.JPY.EUR.SP00.A,D,JPY,EUR,SP00,A,2021-04-14,130.33
EXR.D.JPY.EUR.SP00.A,D,JPY,EUR,SP00,A,2021-04-15,130.14
EXR.D.JPY.EUR.SP00.A,D,JPY,EUR,SP00,A,2021-04-16,130.37
EXR.D.JPY.EUR.SP00.A,D,JPY,EUR,SP00,A,2021-04-19,130.09
EXR.D.JPY.EUR.SP00.A,D,JPY,EUR,SP00,A,2021-04-20,130.64
EXR.D.JPY.EUR.SP00.A,D,JPY,EUR,SP00,A,2021-04-21,129.8
EXR.D.JPY.EUR.SP00.A,D,JPY,EUR,SP00,A,2021-04-22,130.3
EXR.D.JPY.EUR.SP00.A,D,JPY,EUR,SP00,A,2021-04-23,129.98
EXR.D.JPY.EUR.SP00.A,D,JPY,EUR,SP00,A,2021-04-26,130.54
EXR.D.JPY.EUR.SP00.A,D,JPY,EUR,SP00,A,2021-04-27,130.88
EXR.D.JPY.EUR.SP00.A,D,JPY,EUR,SP00,A,2021-04-28,131.47
EXR.D.JPY.EUR.SP00.A,D,JPY,EUR,SP00,A,2021-04-29,132.2
EXR.D.JPY.EUR.SP00.A,D,JPY,EUR,SP00,A,2021-04-30,131.62
EXR.D.JPY.EUR.SP00.A,D,JPY,EUR,SP00,A,2021-05-03,131.9
EXR.D.JPY.EUR.SP00.A,D,JPY,EUR,SP00,A,2021-05-04,131.26
EXR.D.JPY.EUR.SP00.A,D,JPY,EUR,SP00,A,2021-05-05,131.2
EXR.D.JPY.EUR.SP00.A,D,JPY,EUR,SP00,A,2021-05-06,131.69
EXR.D.JPY.EUR.SP00.A,D,JPY,EUR,SP00,A,2021-05-07,131.76
EXR.D.JPY.EUR.SP00.A,D,JPY,EUR,SP00,A,2021-05-10,132.31
EXR.D.JPY.EUR.SP00.A,D,JPY,EUR,SP00,A,2021-05-11,132.12
EXR.D.JPY.EUR.SP00.A,D,JPY,EUR,SP00,A,2021-05-12,131.82
EXR.D.JPY.EUR.SP00.A,D,JPY,EUR,SP00,A,2021-05-13,132.37
EXR.D.JPY.EUR.SP00.A,D,JPY,EUR,SP00,A,2021-05-14,132.49
EXR.D.JPY.EUR.SP00.A,D,JPY,EUR,SP00,A,2021-05-17,132.6
EXR.D.JPY.EUR.SP00.A,D,JPY,EUR,SP00,A,2021-05-18,133.09
EXR.D.JPY.EUR.SP00.A,D,JPY,EUR,SP00,A,2021-05-19,133.3
EXR.D.JPY.EUR.SP00.A,D,JPY,EUR,SP00,A,2021-05-20,132.95
EXR.D.JPY.EUR.SP00.A,D,JPY,EUR,SP00,A,2021-05-21,132.61
EXR.D.JPY.EUR.SP00.A,D,JPY,EUR,SP00,A,2021-05-24,132.97
EXR.D.JPY.EUR.SP00.A,D,JPY,EUR,SP00,A,2021-05-25,133.49
EXR.D.JPY.EUR.SP00.A,D,JPY,EUR,SP00,A,2021-05-26,133.16
EXR.D.JPY.EUR.SP00.A,D,JPY,EUR,SP00,A,2021-05-27,133.42
EXR.D.JPY.EUR.SP00.A,D,JPY,EUR,SP00,A,2021-05-28,133.65
EXR.D.JPY.EUR.SP00.A,D,JPY,EUR,SP00,A,2021-05-31,133.79
EXR.D.JPY.EUR.SP00.A,D,JPY,EUR,SP00,A,2021-06-01,134.05
EXR.D.JPY.EUR.SP00.A,D,JPY,EUR,SP00,A,2021-06-02,133.72
EXR.D.JPY.EUR.SP00.A,D,JPY,EUR,SP00,A,2021-06-03,133.81
EXR.D.JPY.EUR.SP00.A,D,JPY,EUR,SP00,A,2021-06-04,133.39
EXR.D.JPY.EUR.SP00.A,D,JPY,EUR,SP00,A,2021-06-07,132.98
EXR.D.JPY.EUR.SP00.A,D,JPY,EUR,SP00,A,2021-06-08,133.28
EXR.D.JPY.EUR.SP00.A,D,JPY,EUR,SP00,A,2021-06-09,133.38
EXR.D.JPY.EUR.SP00.A,D,JPY,EUR,SP00,A,2021-06-10,133.35
EXR.D.JPY.EUR.SP00.A,D,JPY,EUR,SP00,A,2021-06-11,132.88
EXR.D.JPY.EUR.SP00.A,D,JPY,EUR,SP00,A,2021-06-14,132.95
EXR.D.JPY.EUR.SP00.A,D,JPY,EUR,SP00,A,2021-06-15,133.28
EXR.D.JPY.EUR.SP00.A,D,JPY,EUR,SP00,A,2021-06-16,133.19
EXR.D.JPY.EUR.SP00.A,D,JPY,EUR,SP00,A,2021-06-17,132.09
EXR.D.JPY.EUR.SP00.A,D,JPY,EUR,SP00,A,2021-06-18,131.12
EXR.D.JPY.EUR.SP00.A,D,JPY,EUR,SP00,A,2021-06-21,130.91
EXR.D.JPY.EUR.SP00.A,D,JPY,EUR,SP00,A,2021-06-22,131.5
EXR.D.JPY.EUR.SP00.A,D,JPY,EUR,SP00,A,2021-06-23,132.44
EXR.D.JPY.EUR.SP00.A,D,JPY,EUR,SP00,A,2021-06-24,132.2
EXR.D.JPY.EUR.SP00.A,D,JPY,EUR,SP00,A,2021-06-25,132.27
EXR.D.JPY.EUR.SP00.A,D,JPY,EUR,SP00,A,2021-06-28,132.13
EXR.D.JPY.EUR.SP00.A,D,JPY,EUR,SP00,A,2021-06-29,131.54
EXR.D.JPY.EUR.SP00.A,D,JPY,EUR,SP00,A,2021-06-30,131.43
EXR.D.JPY.EUR.SP00.A,D,JPY,EUR,SP00,A,2021-07-01,132.42
EXR.D.JPY.EUR.SP00.A,D,JPY,EUR,SP00,A,2021-07-02,131.74
EXR.D.JPY.EUR.SP00.A,D,JPY,EUR,SP00,A,2021-07-05,131.58
EXR.D.JPY.EUR.SP00.A,D,JPY,EUR,SP00,A,2021-07-06,130.99
EXR.D.JPY.EUR.SP00.A,D,JPY,EUR,SP00,A,2021-07-07,130.86
EXR.D.JPY.EUR.SP00.A,D,JPY,EUR,SP00,A,2021-07-08,129.91
EXR.D.JPY.EUR.SP00.A,D,JPY,EUR,SP00,A,2021-07-09,130.46
EXR.D.JPY.EUR.SP00.A,D,JPY,EUR,SP00,A,2021-07-12,130.55
EXR.D.JPY.EUR.SP00.A,D,JPY,EUR,SP00,A,2021-07-13,130.55
EXR.D.JPY.EUR.SP00.A,D,JPY,EUR,SP00,A,2021-07-14,130.3
EXR.D.JPY.EUR.SP00.A,D,JPY,EUR,SP00,A,2021-07-15,129.93
EXR.D.JPY.EUR.SP00.A,D,JPY,EUR,SP00,A,2021-07-16,130.03
EXR.D.JPY.EUR.SP00.A,D,JPY,EUR,SP00,A,2021-07-19,128.96
EXR.D.JPY.EUR.SP00.A,D,JPY,EUR,SP00,A,2021-07-20,129.03
EXR.D.JPY.EUR.SP00.A,D,JPY,EUR,SP00,A,2021-07-21,129.63
EXR.D.JPY.EUR.SP00.A,D,JPY,EUR,SP00,A,2021-07-22,129.83
EXR.D.JPY.EUR.SP00.A,D,JPY,EUR,SP00,A,2021-07-23,130.11
EXR.D.JPY.EUR.SP00.A,D,JPY,EUR,SP00,A,2021-07-26,130.05
EXR.D.JPY.EUR.SP00.A,D,JPY,EUR,SP00,A,2021-07-27,129.98
EXR.D.JPY.EUR.SP00.A,D,JPY,EUR,SP00,A,2021-07-28,129.97
EXR.D.JPY.EUR.SP00.A,D,JPY,EUR,SP00,A,2021-07-29,130.41
EXR.D.JPY.EUR.SP00.A,D,JPY,EUR,SP00,A,2021-07-30,130.39
EXR.D.JPY.EUR.SP00.A,D,JPY,EUR,SP00,A,2021-08-02,130.17
EXR.D.JPY.EUR.SP00.A,D,JPY,EUR,SP00,A,2021-08-03,129.7
EXR.D.JPY.EUR.SP00.A,D,JPY,EUR,SP00,A,2021-08-04,129.31
EXR.D.JPY.EUR.SP00.A,D,JPY,EUR,SP00,A,2021-08-05,129.79
EXR.D.JPY.EUR.SP00.A,D,JPY,EUR,SP00,A,2021-08-06,129.64
EXR.D.JPY.EUR.SP00.A,D,JPY,EUR,SP00,A,2021-08-09,129.5
EXR.D.JPY.EUR.SP00.A,D,JPY,EUR,SP00,A,2021-08-10,129.48
EXR.D.JPY.EUR.SP00.A,D,JPY,EUR,SP00,A,2021-08-11,129.68
EXR.D.JPY.EUR.SP00.A,D,JPY,EUR,SP00,A,2021-08-12,129.61
EXR.D.JPY.EUR.SP00.A,D,JPY,EUR,SP00,A,2021-08-13,129.64
EXR.D.JPY.EUR.SP00.A,D,JPY,EUR,SP00,A,2021-08-16,128.75
EXR.D.JPY.EUR.SP00.A,D,JPY,EUR,SP00,A,2021-08-17,128.57
EXR.D.JPY.EUR.SP00.A,D,JPY,EUR,SP00,A,2021-08-18,128.67
EXR.D.JPY.EUR.SP00.A,D,JPY,EUR,SP00,A,2021-08-19,128.21
EXR.D.JPY.EUR.SP00.A,D,JPY,EUR,SP00,A,2021-08-20,127.97
EXR.D.JPY.EUR.SP00.A,D,JPY,EUR,SP00,A,2021-08-23,129.02
EXR.D.JPY.EUR.SP00.A,D,JPY,EUR,SP00,A,2021-08-24,128.74
EXR.D.JPY.EUR.SP00.A,D,JPY,EUR,SP00,A,2021-08-25,129
EXR.D.JPY.EUR.SP00.A,D,JPY,EUR,SP00,A,2021-08-26,129.6
EXR.D.JPY.EUR.SP00.A,D,JPY,EUR,SP00,A,2021-08-27,129.59
EXR.D.JPY.EUR.SP00.A,D,JPY,EUR,SP00,A,2021-08-30,129.66
EXR.D.JPY.EUR.SP00.A,D,JPY,EUR,SP00,A,2021-08-31,129.95
EXR.D.JPY.EUR.SP00.A,D,JPY,EUR,SP00,A,2021-09-01,130.35
EXR.D.JPY.EUR.SP00.A,D,JPY,EUR,SP00,A,2021-09-02,130.31
EXR.D.JPY.EUR.SP00.A,D,JPY,EUR,SP00,A,2021-09-03,130.54
EXR.D.JPY.EUR.SP00.A,D,JPY,EUR,SP00,A,2021-09-06,130.34
EXR.D.JPY.EUR.SP00.A,D,JPY,EUR,SP00,A,2021-09-07,130.51
EXR.D.JPY.EUR.SP00.A,D,JPY,EUR,SP00,A,2021-09-08,130.31
EXR.D.JPY.EUR.SP00.A,D,JPY,EUR,SP00,A,2021-09-09,130.1
EXR.D.JPY.EUR.SP00.A,D,JPY,EUR,SP00,A,2021-09-10,130.03
EXR.D.JPY.EUR.SP00.A,D,JPY,EUR,SP00,A,2021-09-13,129.62
EXR.D.JPY.EUR.SP00.A,D,JPY,EUR,SP00,A,2021-09-14,130.08
EXR.D.JPY.EUR.SP00.A,D,JPY,EUR,SP00,A,2021-09-15,129.11
EXR.D.JPY.EUR.SP00.A,D,JPY,EUR,SP00,A,2021-09-16,128.67
EXR.D.JPY.EUR.SP00.A,D,JPY,EUR,SP00,A,2021-09-17,129.61
EXR.D.JPY.EUR.SP00.A,D,JPY,EUR,SP00,A,2021-09-20,128.18
EXR.D.JPY.EUR.SP00.A,D,JPY,EUR,SP00,A,2021-09-21,128.34
EXR.D.JPY.EUR.SP00.A,D,JPY,EUR,SP00,A,2021-09-22,128.5
EXR.D.JPY.EUR.SP00.A,D,JPY,EUR,SP00,A,2021-09-23,128.88
EXR.D.JPY.EUR.SP00.A,D,JPY,EUR,SP00,A,2021-09-24,129.49
EXR.D.JPY.EUR.SP00.A,D,JPY,EUR,SP00,A,2021-09-27,129.74
EXR.D.JPY.EUR.SP00.A,D,JPY,EUR,SP00,A,2021-09-28,130.17
EXR.D.JPY.EUR.SP00.A,D,JPY,EUR,SP00,A,2021-09-29,129.89
EXR.D.JPY.EUR.SP00.A,D,JPY,EUR,SP00,A,2021-09-30,129.67
EXR.D.JPY.EUR.SP00.A,D,JPY,EUR,SP00,A,2021-10-01,128.97
EXR.D.JPY.EUR.SP00.A,D,JPY,EUR,SP00,A,2021-10-04,129.21
EXR.D.JPY.EUR.SP00.A,D,JPY,EUR,SP00,A,2021-10-05,128.99
EXR.D.JPY.EUR.SP00.A,D,JPY,EUR,SP00,A,2021-10-06,128.52
EXR.D.JPY.EUR.SP00.A,D,JPY,EUR,SP00,A,2021-10-07,128.78
EXR.D.JPY.EUR.SP00.A,D,JPY,EUR,SP00,A,2021-10-08,129.32
EXR.D.JPY.EUR.SP00.A,D,JPY,EUR,SP00,A,2021-10-11,130.7
EXR.D.JPY.EUR.SP00.A,D,JPY,EUR,SP00,A,2021-10-12,131.06
EXR.D.JPY.EUR.SP00.A,D,JPY,EUR,SP00,A,2021-10-13,131.3
EXR.D.JPY.EUR.SP00.A,D,JPY,EUR,SP00,A,2021-10-14,131.65
EXR.D.JPY.EUR.SP00.A,D,JPY,EUR,SP00,A,2021-10-15,132.65
EXR.D.JPY.EUR.SP00.A,D,JPY,EUR,SP00,A,2021-10-18,132.46
EXR.D.JPY.EUR.SP00.A,D,JPY,EUR,SP00,A,2021-10-19,133.12
EXR.D.JPY.EUR.SP00.A,D,JPY,EUR,SP00,A,2021-10-20,132.78
EXR.D.JPY.EUR.SP00.A,D,JPY,EUR,SP00,A,2021-10-21,132.85
EXR.D.JPY.EUR.SP00.A,D,JPY,EUR,SP00,A,2021-10-22,132.43
EXR.D.JPY.EUR.SP00.A,D,JPY,EUR,SP00,A,2021-10-25,131.88
EXR.D.JPY.EUR.SP00.A,D,JPY,EUR,SP00,A,2021-10-26,132.47
EXR.D.JPY.EUR.SP00.A,D,JPY,EUR,SP00,A,2021-10-27,132
EXR.D.JPY.EUR.SP00.A,D,JPY,EUR,SP00,A,2021-10-28,131.7
EXR.D.JPY.EUR.SP00.A,D,JPY,EUR,SP00,A,2021-10-29,132.62
EXR.D.JPY.EUR.SP00.A,D,JPY,EUR,SP00,A,2021-11-01,132.19
EXR.D.JPY.EUR.SP00.A,D,JPY,EUR,SP00,A,2021-11-02,132.03
EXR.D.JPY.EUR.SP00.A,D,JPY,EUR,SP00,A,2021-11-03,131.9
EXR.D.JPY.EUR.SP00.A,D,JPY,EUR,SP00,A,2021-11-04,131.77
EXR.D.JPY.EUR.SP00.A,D,JPY,EUR,SP00,A,2021-11-05,130.98
EXR.D.JPY.EUR.SP00.A,D,JPY,EUR,SP00,A,2021-11-08,131.29
EXR.D.JPY.EUR.SP00.A,D,JPY,EUR,SP00,A,2021-11-09,130.9
EXR.D.JPY.EUR.SP00.A,D,JPY,EUR,SP00,A,2021-11-10,130.9
EXR.D.JPY.EUR.SP00.A,D,JPY,EUR,SP00,A,2021-11-11,130.59
EXR.D.JPY.EUR.SP00.A,D,JPY,EUR,SP00,A,2021-11-12,130.5
EXR.D.JPY.EUR.SP00.A,D,JPY,EUR,SP00,A,2021-11-15,130.32
EXR.D.JPY.EUR.SP00.A,D,JPY,EUR,SP00,A,2021-11-16,129.89
EXR.D.JPY.EUR.SP00.A,D,JPY,EUR,SP00,A,2021-11-17,129.78
EXR.D.JPY.EUR.SP00.A,D,JPY,EUR,SP00,A,2021-11-18,129.58
EXR.D.JPY.EUR.SP00.A,D,JPY,EUR,SP00,A,2021-11-19,128.22
EXR.D.JPY.EUR.SP00.A,D,JPY,EUR,SP00,A,2021-11-22,128.69
EXR.D.JPY.EUR.SP00.A,D,JPY,EUR,SP00,A,2021-11-23,129.36
EXR.D.JPY.EUR.SP00.A,D,JPY,EUR,SP00,A,2021-11-24,129.06
EXR.D.JPY.EUR.SP00.A,D,JPY,EUR,SP00,A,2021-11-25,129.41
EXR.D.JPY.EUR.SP00.A,D,JPY,EUR,SP00,A,2021-11-26,128.82
EXR.D.JPY.EUR.SP00.A,D,JPY,EUR,SP00,A,2021-11-29,128.21
EXR.D.JPY.EUR.SP00.A,D,JPY,EUR,SP00,A,2021-11-30,128.2
EXR.D.JPY.EUR.SP00.A,D,JPY,EUR,SP00,A,2021-12-01,128.27
EXR.D.JPY.EUR.SP00.A,D,JPY,EUR,SP00,A,2021-12-02,127.94
EXR.D.JPY.EUR.SP00.A,D,JPY,EUR,SP00,A,2021-12-03,127.97
EXR.D.JPY.EUR.SP00.A,D,JPY,EUR,SP00,A,2021-12-06,127.78
EXR.D.JPY.EUR.SP00.A,D,JPY,EUR,SP00,A,2021-12-07,127.83
EXR.D.JPY.EUR.SP00.A,D,JPY,EUR,SP00,A,2021-12-08,128.57
EXR.D.JPY.EUR.SP00.A,D,JPY,EUR,SP00,A,2021-12-09,128.21
EXR.D.JPY.EUR.SP00.A,D,JPY,EUR,SP00,A,2021-12-10,128.2
EXR.D.JPY.EUR.SP00.A,D,JPY,EUR,SP00,A,2021-12-13,128.19
EXR.D.JPY.EUR.SP00.A,D,JPY,EUR,SP00,A,2021-12-14,128.45
EXR.D.JPY.EUR.SP00.A,D,JPY,EUR,SP00,A,2021-12-15,128.25
EXR.D.JPY.EUR.SP00.A,D,JPY,EUR,SP00,A,2021-12-16,129.37
EXR.D.JPY.EUR.SP00.A,D,JPY,EUR,SP00,A,2021-12-17,128.28
EXR.D.JPY.EUR.SP00.A,D,JPY,EUR,SP00,A,2021-12-20,127.98
EXR.D.JPY.EUR.SP00.A,D,JPY,EUR,SP00,A,2021-12-21,128.44
EXR.D.JPY.EUR.SP00.A,D,JPY,EUR,SP00,A,2021-12-22,129.08
EXR.D.JPY.EUR.SP00.A,D,JPY,EUR,SP00,A,2021-12-23,129.39
EXR.D.JPY.EUR.SP00.A,D,JPY,EUR,SP00,A,2021-12-24,129.45
EXR.D.JPY.EUR.SP00.A,D,JPY,EUR,SP00,A,2021-12-27,129.79
EXR.D.JPY.EUR.SP00.A,D,JPY,EUR,SP00,A,2021-12-28,130.16
EXR.D.JPY.EUR.SP00.A,D,JPY,EUR,SP00,A,2021-12-29,129.97
EXR.D.JPY.EUR.SP00.A,D,JPY,EUR,SP00,A,2021-12-30,130.44
EXR.D.JPY.EUR.SP00.A,D,JPY,EUR,SP00,A,2021-12-31,130.38
EXR.D.JPY.EUR.SP00.A,D,JPY,EUR,SP00,A,2022-01-03,130.56
EXR.D.JPY.EUR.SP00.A,D,JPY,EUR,SP00,A,2022-01-04,131.17
EXR.D.JPY.EUR.SP00.A,D,JPY,EUR,SP00,A,2022-01-05,131.03
EXR.D.JPY.EUR.SP00.A,D,JPY,EUR,SP00,A,2022-01-06,131.05
EXR.D.JPY.EUR.SP00.A,D,JPY,EUR,SP00,A,2022-01-07,130.9
EXR.D.JPY.EUR.SP00.A,D,JPY,EUR,SP00,A,2022-01-10,130.45
EXR.D.JPY.EUR.SP00.A,D,JPY,EUR,SP00,A,2022-01-11,130.95
EXR.D.JPY.EUR.SP00.A,D,JPY,EUR,SP00,A,2022-01-12,131.19
EXR.D.JPY.EUR.SP00.A,D,JPY,EUR,SP00,A,2022-01-13,130.98
EXR.D.JPY.EUR.SP00.A,D,JPY,EUR,SP00,A,2022-01-14,130.17
EXR.D.JPY.EUR.SP00.A,D,JPY,EUR,SP00,A,2022-01-17,130.64
EXR.D.JPY.EUR.SP00.A,D,JPY,EUR,SP00,A,2022-01-18,130.39
EXR.D.JPY.EUR.SP00.A,D,JPY,EUR,SP00,A,2022-01-19,129.86
EXR.D.JPY.EUR.SP00.A,D,JPY,EUR,SP00,A,2022-01-20,129.53
EXR.D.JPY.EUR.SP00.A,D,JPY,EUR,SP00,A,2022-01-21,129.14
EXR.D.JPY.EUR.SP00.A,D,JPY,EUR,SP00,A,2022-01-24,128.62
EXR.D.JPY.EUR.SP00.A,D,JPY,EUR,SP00,A,2022-01-25,128.49
EXR.D.JPY.EUR.SP00.A,D,JPY,EUR,SP00,A,2022-01-26,128.86
EXR.D.JPY.EUR.SP00.A,D,JPY,EUR,SP00,A,2022-01-27,128.74
EXR.D.JPY.EUR.SP00.A,D,JPY,EUR,SP00,A,2022-01-28,128.68
EXR.D.JPY.EUR.SP00.A,D,JPY,EUR,SP00,A,2022-01-31,128.79
EXR.D.JPY.EUR.SP00.A,D,JPY,EUR,SP00,A,2022-02-01,129.12
EXR.D.JPY.EUR.SP00.A,D,JPY,EUR,SP00,A,2022-02-02,129.37
EXR.D.JPY.EUR.SP00.A,D,JPY,EUR,SP00,A,2022-02-03,129.63
EXR.D.JPY.EUR.SP00.A,D,JPY,EUR,SP00,A,2022-02-04,131.72
EXR.D.JPY.EUR.SP00.A,D,JPY,EUR,SP00,A,2022-02-07,131.59
EXR.D.JPY.EUR.SP00.A,D,JPY,EUR,SP00,A,2022-02-08,131.68
EXR.D.JPY.EUR.SP00.A,D,JPY,EUR,SP00,A,2022-02-09,132.04
EXR.D.JPY.EUR.SP00.A,D,JPY,EUR,SP00,A,2022-02-10,132.42
EXR.D.JPY.EUR.SP00.A,D,JPY,EUR,SP00,A,2022-02-11,132.24
EXR.D.JPY.EUR.SP00.A,D,JPY,EUR,SP00,A,2022-02-14,130.6
EXR.D.JPY.EUR.SP00.A,D,JPY,EUR,SP00,A,2022-02-15,131.18
EXR.D.JPY.EUR.SP00.A,D,JPY,EUR,SP00,A,2022-02-16,131.56
EXR.D.JPY.EUR.SP00.A,D,JPY,EUR,SP00,A,2022-02-17,130.84
EXR.D.JPY.EUR.SP00.A,D,JPY,EUR,SP00,A,2022-02-18,130.59
EXR.D.JPY.EUR.SP00.A,D,JPY,EUR,SP00,A,2022-02-21,130.2
EXR.D.JPY.EUR.SP00.A,D,JPY,EUR,SP00,A,2022-02-22,130.54
EXR.D.JPY.EUR.SP00.A,D,JPY,EUR,SP00,A,2022-02-23,130.58
EXR.D.JPY.EUR.SP00.A,D,JPY,EUR,SP00,A,2022-02-24,128.28
EXR.D.JPY.EUR.SP00.A,D,JPY,EUR,SP00,A,2022-02-25,129.64
EXR.D.JPY.EUR.SP00.A,D,JPY,EUR,SP00,A,2022-02-28,129.31
EXR.D.JPY.EUR.SP00.A,D,JPY,EUR,SP00,A,2022-03-01,128.15
EXR.D.JPY.EUR.SP00.A,D,JPY,EUR,SP00,A,2022-03-02,128.08
EXR.D.JPY.EUR.SP00.A,D,JPY,EUR,SP00,A,2022-03-03,128.18
EXR.D.JPY.EUR.SP00.A,D,JPY,EUR,SP00,A,2022-03-04,126.17
EXR.D.JPY.EUR.SP00.A,D,JPY,EUR,SP00,A,2022-03-07,125.55
EXR.D.JPY.EUR.SP00.A,D,JPY,EUR,SP00,A,2022-03-08,126.03
EXR.D.JPY.EUR.SP00.A,D,JPY,EUR,SP00,A,2022-03-09,127.31
EXR.D.JPY.EUR.SP00.A,D,JPY,EUR,SP00,A,2022-03-10,128.54
EXR.D.JPY.EUR.SP00.A,D,JPY,EUR,SP00,A,2022-03-11,128.46
EXR.D.JPY.EUR.SP00.A,D,JPY,EUR,SP00,A,2022-03-14,129.3
EXR.D.JPY.EUR.SP00.A,D,JPY,EUR,SP00,A,2022-03-15,129.67
EXR.D.JPY.EUR.SP00.A,D,JPY,EUR,SP00,A,2022-03-16,130.05
EXR.D.JPY.EUR.SP00.A,D,JPY,EUR,SP00,A,2022-03-17,131.27
EXR.D.JPY.EUR.SP00.A,D,JPY,EUR,SP00,A,2022-03-18,131.4
EXR.D.JPY.EUR.SP00.A,D,JPY,EUR,SP00,A,2022-03-21,131.57
EXR.D.JPY.EUR.SP00.A,D,JPY,EUR,SP00,A,2022-03-22,132.96
EXR.D.JPY.EUR.SP00.A,D,JPY,EUR,SP00,A,2022-03-23,132.65
EXR.D.JPY.EUR.SP00.A,D,JPY,EUR,SP00,A,2022-03-24,133.71
EXR.D.JPY.EUR.SP00.A,D,JPY,EUR,SP00,A,2022-03-25,134.07
EXR.D.JPY.EUR.SP00.A,D,JPY,EUR,SP00,A,2022-03-28,135.93
EXR.D.JPY.EUR.SP00.A,D,JPY,EUR,SP00,A,2022-03-29,136.66
EXR.D.JPY.EUR.SP00.A,D,JPY,EUR,SP00,A,2022-03-30,135.47
EXR.D.JPY.EUR.SP00.A,D,JPY,EUR,SP00,A,2022-03-31,135.17
EXR.D.JPY.EUR.SP00.A,D,JPY,EUR,SP00,A,2022-04-01,135.35
EXR.D.JPY.EUR.SP00.A,D,JPY,EUR,SP00,A,2022-04-04,135.08
EXR.D.JPY.EUR.SP00.A,D,JPY,EUR,SP00,A,2022-04-05,134.76
EXR.D.JPY.EUR.SP00.A,D,JPY,EUR,SP00,A,2022-04-06,135.3
EXR.D.JPY.EUR.SP00.A,D,JPY,EUR,SP00,A,2022-04-07,135.32
EXR.D.JPY.EUR.SP00.A,D,JPY,EUR,SP00,A,2022-04-08,134.87
EXR.D.JPY.EUR.SP00.A,D,JPY,EUR,SP00,A,2022-04-11,137.01
EXR.D.JPY.EUR.SP00.A,D,JPY,EUR,SP00,A,2022-04-12,136.29
EXR.D.JPY.EUR.SP00.A,D,JPY,EUR,SP00,A,2022-04-13,136.26
EXR.D.JPY.EUR.SP00.A,D,JPY,EUR,SP00,A,2022-04-14,136.32
EXR.D.JPY.EUR.SP00.A,D,JPY,EUR,SP00,A,2022-04-19,138.4
EXR.D.JPY.EUR.SP00.A,D,JPY,EUR,SP00,A,2022-04-20,138.53
EXR.D.JPY.EUR.SP00.A,D,JPY,EUR,SP00,A,2022-04-21,139.61
EXR.D.JPY.EUR.SP00.A,D,JPY,EUR,SP00,A,2022-04-22,138.83
EXR.D.JPY.EUR.SP00.A,D,JPY,EUR,SP00,A,2022-04-25,137.73
EXR.D.JPY.EUR.SP00.A,D,JPY,EUR,SP00,A,2022-04-26,136.15
EXR.D.JPY.EUR.SP00.A,D,JPY,EUR,SP00,A,2022-04-27,135.57
EXR.D.JPY.EUR.SP00.A,D,JPY,EUR,SP00,A,2022-04-28,137.13
EXR.D.JPY.EUR.SP00.A,D,JPY,EUR,SP00,A,2022-04-29,137.01
EXR.D.JPY.EUR.SP00.A,D,JPY,EUR,SP00,A,2022-05-02,136.63
EXR.D.JPY.EUR.SP00.A,D,JPY,EUR,SP00,A,2022-05-03,137.06
EXR.D.JPY.EUR.SP00.A,D,JPY,EUR,SP00,A,2022-05-04,136.84
EXR.D.JPY.EUR.SP00.A,D,JPY,EUR,SP00,A,2022-05-05,137.18
EXR.D.JPY.EUR.SP00.A,D,JPY,EUR,SP00,A,2022-05-06,137.9
EXR.D.JPY.EUR.SP00.A,D,JPY,EUR,SP00,A,2022-05-09,138.1
EXR.D.JPY.EUR.SP00.A,D,JPY,EUR,SP00,A,2022-05-10,137.38
EXR.D.JPY.EUR.SP00.A,D,JPY,EUR,SP00,A,2022-05-11,137.07
EXR.D.JPY.EUR.SP00.A,D,JPY,EUR,SP00,A,2022-05-12,133.85
EXR.D.JPY.EUR.SP00.A,D,JPY,EUR,SP00,A,2022-05-13,133.91
EXR.D.JPY.EUR.SP00.A,D,JPY,EUR,SP00,A,2022-05-16,135.01
EXR.D.JPY.EUR.SP00.A,D,JPY,EUR,SP00,A,2022-05-17,136.32
EXR.D.JPY.EUR.SP00.A,D,JPY,EUR,SP00,A,2022-05-18,135.76
EXR.D.JPY.EUR.SP00.A,D,JPY,EUR,SP00,A,2022-05-19,134.46
EXR.D.JPY.EUR.SP00.A,D,JPY,EUR,SP00,A,2022-05-20,135.34
EXR.D.JPY.EUR.SP00.A,D,JPY,EUR,SP00,A,2022-05-23,136.05
EXR.D.JPY.EUR.SP00.A,D,JPY,EUR,SP00,A,2022-05-24,136.49
EXR.D.JPY.EUR.SP00.A,D,JPY,EUR,SP00,A,2022-05-25,135.34
EXR.D.JPY.EUR.SP00.A,D,JPY,EUR,SP00,A,2022-05-26,135.95
EXR.D.JPY.EUR.SP00.A,D,JPY,EUR,SP00,A,2022-05-27,136.05
EXR.D.JPY.EUR.SP00.A,D,JPY,EUR,SP00,A,2022-05-30,137.25
EXR.D.JPY.EUR.SP00.A,D,JPY,EUR,SP00,A,2022-05-31,137.36
EXR.D.JPY.EUR.SP00.A,D,JPY,EUR,SP00,A,2022-06-01,138.68
EXR.D.JPY.EUR.SP00.A,D,JPY,EUR,SP00,A,2022-06-02,138.72
EXR.D.JPY.EUR.SP00.A,D,JPY,EUR,SP00,A,2022-06-03,139.59
EXR.D.JPY.EUR.SP00.A,D,JPY,EUR,SP00,A,2022-06-06,140.16
EXR.D.JPY.EUR.SP00.A,D,JPY,EUR,SP00,A,2022-06-07,141.66
EXR.D.JPY.EUR.SP00.A,D,JPY,EUR,SP00,A,2022-06-08,143.92
EXR.D.JPY.EUR.SP00.A,D,JPY,EUR,SP00,A,2022-06-09,143.93
EXR.D.JPY.EUR.SP00.A,D,JPY,EUR,SP00,A,2022-06-10,141.69
EXR.D.JPY.EUR.SP00.A,D,JPY,EUR,SP00,A,2022-06-13,140.51
EXR.D.JPY.EUR.SP00.A,D,JPY,EUR,SP00,A,2022-06-14,140.62
EXR.D.JPY.EUR.SP00.A,D,JPY,EUR,SP00,A,2022-06-15,140.49
EXR.D.JPY.EUR.SP00.A,D,JPY,EUR,SP00,A,2022-06-16,138.24
EXR.D.JPY.EUR.SP00.A,D,JPY,EUR,SP00,A,2022-06-17,141.21
EXR.D.JPY.EUR.SP00.A,D,JPY,EUR,SP00,A,2022-06-20,141.94
EXR.D.JPY.EUR.SP00.A,D,JPY,EUR,SP00,A,2022-06-21,143.75
EXR.D.JPY.EUR.SP00.A,D,JPY,EUR,SP00,A,2022-06-22,143.11
EXR.D.JPY.EUR.SP00.A,D,JPY,EUR,SP00,A,2022-06-23,142.11
EXR.D.JPY.EUR.SP00.A,D,JPY,EUR,SP00,A,2022-06-24,142.19
EXR.D.JPY.EUR.SP00.A,D,JPY,EUR,SP00,A,2022-06-27,143.25
EXR.D.JPY.EUR.SP00.A,D,JPY,EUR,SP00,A,2022-06-28,143.67
EXR.D.JPY.EUR.SP00.A,D,JPY,EUR,SP00,A,2022-06-29,143.53
EXR.D.JPY.EUR.SP00.A,D,JPY,EUR,SP00,A,2022-06-30,141.54
EXR.D.JPY.EUR.SP00.A,D,JPY,EUR,SP00,A,2022-07-01,141.05
EXR.D.JPY.EUR.SP00.A,D,JPY,EUR,SP00,A,2022-07-04,141.51
EXR.D.JPY.EUR.SP00.A,D,JPY,EUR,SP00,A,2022-07-05,139.77
EXR.D.JPY.EUR.SP00.A,D,JPY,EUR,SP00,A,2022-07-06,137.71
EXR.D.JPY.EUR.SP00.A,D,JPY,EUR,SP00,A,2022-07-07,138.11
EXR.D.JPY.EUR.SP00.A,D,JPY,EUR,SP00,A,2022-07-08,138.05
EXR.D.JPY.EUR.SP00.A,D,JPY,EUR,SP00,A,2022-07-11,138.77
EXR.D.JPY.EUR.SP00.A,D,JPY,EUR,SP00,A,2022-07-12,137.31
EXR.D.JPY.EUR.SP00.A,D,JPY,EUR,SP00,A,2022-07-13,138.02
EXR.D.JPY.EUR.SP00.A,D,JPY,EUR,SP00,A,2022-07-14,139.04
EXR.D.JPY.EUR.SP00.A,D,JPY,EUR,SP00,A,2022-07-15,139.49
EXR.D.JPY.EUR.SP00.A,D,JPY,EUR,SP00,A,2022-07-18,140.16
EXR.D.JPY.EUR.SP00.A,D,JPY,EUR,SP00,A,2022-07-19,141.01
EXR.D.JPY.EUR.SP00.A,D,JPY,EUR,SP00,A,2022-07-20,140.92
EXR.D.JPY.EUR.SP00.A,D,JPY,EUR,SP00,A,2022-07-21,141.46
EXR.D.JPY.EUR.SP00.A,D,JPY,EUR,SP00,A,2022-07-22,139.51
EXR.D.JPY.EUR.SP00.A,D,JPY,EUR,SP00,A,2022-07-25,139.84
EXR.D.JPY.EUR.SP00.A,D,JPY,EUR,SP00,A,2022-07-26,138.35
EXR.D.JPY.EUR.SP00.A,D,JPY,EUR,SP00,A,2022-07-27,138.89
EXR.D.JPY.EUR.SP00.A,D,JPY,EUR,SP00,A,2022-07-28,137.26
EXR.D.JPY.EUR.SP00.A,D,JPY,EUR,SP00,A,2022-07-29,136.42
EXR.D.JPY.EUR.SP00.A,D,JPY,EUR,SP00,A,2022-08-01,135.38
EXR.D.JPY.EUR.SP00.A,D,JPY,EUR,SP00,A,2022-08-02,133.9
EXR.D.JPY.EUR.SP00.A,D,JPY,EUR,SP00,A,2022-08-03,136.18
EXR.D.JPY.EUR.SP00.A,D,JPY,EUR,SP00,A,2022-08-04,135.81
EXR.D.JPY.EUR.SP00.A,D,JPY,EUR,SP00,A,2022-08-05,136.22
EXR.D.JPY.EUR.SP00.A,D,JPY,EUR,SP00,A,2022-08-08,137.62
EXR.D.JPY.EUR.SP00.A,D,JPY,EUR,SP00,A,2022-08-09,138.26
EXR.D.JPY.EUR.SP00.A,D,JPY,EUR,SP00,A,2022-08-10,138.16
EXR.D.JPY.EUR.SP00.A,D,JPY,EUR,SP00,A,2022-08-11,136.57
EXR.D.JPY.EUR.SP00.A,D,JPY,EUR,SP00,A,2022-08-12,137.47
EXR.D.JPY.EUR.SP00.A,D,JPY,EUR,SP00,A,2022-08-15,135.61
EXR.D.JPY.EUR.SP00.A,D,JPY,EUR,SP00,A,2022-08-16,136.11
EXR.D.JPY.EUR.SP00.A,D,JPY,EUR,SP00,A,2022-08-17,137.36
EXR.D.JPY.EUR.SP00.A,D,JPY,EUR,SP00,A,2022-08-18,137.17
EXR.D.JPY.EUR.SP00.A,D,JPY,EUR,SP00,A,2022-08-19,137.67
EXR.D.JPY.EUR.SP00.A,D,JPY,EUR,SP00,A,2022-08-22,137.08
EXR.D.JPY.EUR.SP00.A,D,JPY,EUR,SP00,A,2022-08-23,136.34
EXR.D.JPY.EUR.SP00.A,D,JPY,EUR,SP00,A,2022-08-24,135.74
EXR.D.JPY.EUR.SP00.A,D,JPY,EUR,SP00,A,2022-08-25,136.07
EXR.D.JPY.EUR.SP00.A,D,JPY,EUR,SP00,A,2022-08-26,137.02
EXR.D.JPY.EUR.SP00.A,D,JPY,EUR,SP00,A,2022-08-29,138.49
EXR.D.JPY.EUR.SP00.A,D,JPY,EUR,SP00,A,2022-08-30,138.71
EXR.D.JPY.EUR.SP00.A,D,JPY,EUR,SP00,A,2022-08-31,138.72
EXR.D.JPY.EUR.SP00.A,D,JPY,EUR,SP00,A,2022-09-01,139.34
EXR.D.JPY.EUR.SP00.A,D,JPY,EUR,SP00,A,2022-09-02,140.36
EXR.D.JPY.EUR.SP00.A,D,JPY,EUR,SP00,A,2022-09-05,139.47
EXR.D.JPY.EUR.SP00.A,D,JPY,EUR,SP00,A,2022-09-06,140.91
EXR.D.JPY.EUR.SP00.A,D,JPY,EUR,SP00,A,2022-09-07,143.2
EXR.D.JPY.EUR.SP00.A,D,JPY,EUR,SP00,A,2022-09-08,143.65
EXR.D.JPY.EUR.SP00.A,D,JPY,EUR,SP00,A,2022-09-09,143.3
EXR.D.JPY.EUR.SP00.A,D,JPY,EUR,SP00,A,2022-09-12,144.49
EXR.D.JPY.EUR.SP00.A,D,JPY,EUR,SP00,A,2022-09-13,144.5
EXR.D.JPY.EUR.SP00.A,D,JPY,EUR,SP00,A,2022-09-14,143.08
EXR.D.JPY.EUR.SP00.A,D,JPY,EUR,SP00,A,2022-09-15,143.43
EXR.D.JPY.EUR.SP00.A,D,JPY,EUR,SP00,A,2022-09-16,142.53
EXR.D.JPY.EUR.SP00.A,D,JPY,EUR,SP00,A,2022-09-19,143.42
EXR.D.JPY.EUR.SP00.A,D,JPY,EUR,SP00,A,2022-09-20,143.34
EXR.D.JPY.EUR.SP00.A,D,JPY,EUR,SP00,A,2022-09-21,142.66
EXR.D.JPY.EUR.SP00.A,D,JPY,EUR,SP00,A,2022-09-22,139.18
EXR.D.JPY.EUR.SP00.A,D,JPY,EUR,SP00,A,2022-09-23,139.43
EXR.D.JPY.EUR.SP00.A,D,JPY,EUR,SP00,A,2022-09-26,139.07
EXR.D.JPY.EUR.SP00.A,D,JPY,EUR,SP00,A,2022-09-27,139.28
EXR.D.JPY.EUR.SP00.A,D,JPY,EUR,SP00,A,2022-09-28,138.39
EXR.D.JPY.EUR.SP00.A,D,JPY,EUR,SP00,A,2022-09-29,140.46
EXR.D.JPY.EUR.SP00.A,D,JPY,EUR,SP00,A,2022-09-30,141.01
EXR.D.JPY.EUR.SP00.A,D,JPY,EUR,SP00,A,2022-10-03,141.49
EXR.D.JPY.EUR.SP00.A,D,JPY,EUR,SP00,A,2022-10-04,143.3
EXR.D.JPY.EUR.SP00.A,D,JPY,EUR,SP00,A,2022-10-05,143.18
EXR.D.JPY.EUR.SP00.A,D,JPY,EUR,SP00,A,2022-10-06,142.68
EXR.D.JPY.EUR.SP00.A,D,JPY,EUR,SP00,A,2022-10-07,141.92
EXR.D.JPY.EUR.SP00.A,D,JPY,EUR,SP00,A,2022-10-10,141.16
EXR.D.JPY.EUR.SP00.A,D,JPY,EUR,SP00,A,2022-10-11,141.54
EXR.D.JPY.EUR.SP00.A,D,JPY,EUR,SP00,A,2022-10-12,142.34
EXR.D.JPY.EUR.SP00.A,D,JPY,EUR,SP00,A,2022-10-13,142.94
EXR.D.JPY.EUR.SP00.A,D,JPY,EUR,SP00,A,2022-10-14,143.63
EXR.D.JPY.EUR.SP00.A,D,JPY,EUR,SP00,A,2022-10-17,145
EXR.D.JPY.EUR.SP00.A,D,JPY,EUR,SP00,A,2022-10-18,146.65
EXR.D.JPY.EUR.SP00.A,D,JPY,EUR,SP00,A,2022-10-19,146.34
EXR.D.JPY.EUR.SP00.A,D,JPY,EUR,SP00,A,2022-10-20,146.99
EXR.D.JPY.EUR.SP00.A,D,JPY,EUR,SP00,A,2022-10-21,147.59
EXR.D.JPY.EUR.SP00.A,D,JPY,EUR,SP00,A,2022-10-24,146.76
EXR.D.JPY.EUR.SP00.A,D,JPY,EUR,SP00,A,2022-10-25,146.84
EXR.D.JPY.EUR.SP00.A,D,JPY,EUR,SP00,A,2022-10-26,147.32
EXR.D.JPY.EUR.SP00.A,D,JPY,EUR,SP00,A,2022-10-27,147.37
EXR.D.JPY.EUR.SP00.A,D,JPY,EUR,SP00,A,2022-10-28,146.79
EXR.D.JPY.EUR.SP00.A,D,JPY,EUR,SP00,A,2022-10-31,147.4
EXR.D.JPY.EUR.SP00.A,D,JPY,EUR,SP00,A,2022-11-01,146.35
EXR.D.JPY.EUR.SP00.A,D,JPY,EUR,SP00,A,2022-11-02,145.75
EXR.D.JPY.EUR.SP00.A,D,JPY,EUR,SP00,A,2022-11-03,144.58
EXR.D.JPY.EUR.SP00.A,D,JPY,EUR,SP00,A,2022-11-04,145.19
EXR.D.JPY.EUR.SP00.A,D,JPY,EUR,SP00,A,2022-11-07,146.18
EXR.D.JPY.EUR.SP00.A,D,JPY,EUR,SP00,A,2022-11-08,146.25
EXR.D.JPY.EUR.SP00.A,D,JPY,EUR,SP00,A,2022-11-09,146.82
EXR.D.JPY.EUR.SP00.A,D,JPY,EUR,SP00,A,2022-11-10,145.47
EXR.D.JPY.EUR.SP00.A,D,JPY,EUR,SP00,A,2022-11-11,143.89
EXR.D.JPY.EUR.SP00.A,D,JPY,EUR,SP00,A,2022-11-14,144.86
EXR.D.JPY.EUR.SP00.A,D,JPY,EUR,SP00,A,2022-11-15,144.84
EXR.D.JPY.EUR.SP00.A,D,JPY,EUR,SP00,A,2022-11-16,145.29
EXR.D.JPY.EUR.SP00.A,D,JPY,EUR,SP00,A,2022-11-17,144.8
EXR.D.JPY.EUR.SP00.A,D,JPY,EUR,SP00,A,2022-11-18,145.12
EXR.D.JPY.EUR.SP00.A,D,JPY,EUR,SP00,A,2022-11-21,145.33
EXR.D.JPY.EUR.SP00.A,D,JPY,EUR,SP00,A,2022-11-22,145.2
EXR.D.JPY.EUR.SP00.A,D,JPY,EUR,SP00,A,2022-11-23,145.75
EXR.D.JPY.EUR.SP00.A,D,JPY,EUR,SP00,A,2022-11-24,143.9
EXR.D.JPY.EUR.SP00.A,D,JPY,EUR,SP00,A,2022-11-25,144.62
EXR.D.JPY.EUR.SP00.A,D,JPY,EUR,SP00,A,2022-11-28,144.9
EXR.D.JPY.EUR.SP00.A,D,JPY,EUR,SP00,A,2022-11-29,143.36
EXR.D.JPY.EUR.SP00.A,D,JPY,EUR,SP00,A,2022-11-30,144.28
EXR.D.JPY.EUR.SP00.A,D,JPY,EUR,SP00,A,2022-12-01,142.48
EXR.D.JPY.EUR.SP00.A,D,JPY,EUR,SP00,A,2022-12-02,141.32
EXR.D.JPY.EUR.SP00.A,D,JPY,EUR,SP00,A,2022-12-05,143.07
EXR.D.JPY.EUR.SP00.A,D,JPY,EUR,SP00,A,2022-12-06,143.33
EXR.D.JPY.EUR.SP00.A,D,JPY,EUR,SP00,A,2022-12-07,144.44
EXR.D.JPY.EUR.SP00.A,D,JPY,EUR,SP00,A,2022-12-08,143.75
EXR.D.JPY.EUR.SP00.A,D,JPY,EUR,SP00,A,2022-12-09,143.3
EXR.D.JPY.EUR.SP00.A,D,JPY,EUR,SP00,A,2022-12-12,144.86
EXR.D.JPY.EUR.SP00.A,D,JPY,EUR,SP00,A,2022-12-13,144.85
EXR.D.JPY.EUR.SP00.A,D,JPY,EUR,SP00,A,2022-12-14,143.68
EXR.D.JPY.EUR.SP00.A,D,JPY,EUR,SP00,A,2022-12-15,145.07
EXR.D.JPY.EUR.SP00.A,D,JPY,EUR,SP00,A,2022-12-16,145.53
EXR.D.JPY.EUR.SP00.A,D,JPY,EUR,SP00,A,2022-12-19,144.65
EXR.D.JPY.EUR.SP00.A,D,JPY,EUR,SP00,A,2022-12-20,140.58
EXR.D.JPY.EUR.SP00.A,D,JPY,EUR,SP00,A,2022-12-21,140.29
EXR.D.JPY.EUR.SP00.A,D,JPY,EUR,SP00,A,2022-12-22,140.42
EXR.D.JPY.EUR.SP00.A,D,JPY,EUR,SP00,A,2022-12-23,140.86
EXR.D.JPY.EUR.SP00.A,D,JPY,EUR,SP00,A,2022-12-27,141.68
EXR.D.JPY.EUR.SP00.A,D,JPY,EUR,SP00,A,2022-12-28,142.21
EXR.D.JPY.EUR.SP00.A,D,JPY,EUR,SP00,A,2022-12-29,142.24
EXR.D.JPY.EUR.SP00.A,D,JPY,EUR,SP00,A,2022-12-30,140.66
EXR.D.JPY.EUR.SP00.A,D,JPY,EUR,SP00,A,2023-01-02,139.62
EXR.D.JPY.EUR.SP00.A,D,JPY,EUR,SP00,A,2023-01-03,137.93
EXR.D.JPY.EUR.SP00.A,D,JPY,EUR,SP00,A,2023-01-04,138.74
EXR.D.JPY.EUR.SP00.A,D,JPY,EUR,SP00,A,2023-01-05,140.95
EXR.D.JPY.EUR.SP00.A,D,JPY,EUR,SP00,A,2023-01-06,141.3
EXR.D.JPY.EUR.SP00.A,D,JPY,EUR,SP00,A,2023-01-09,141.35
EXR.D.JPY.EUR.SP00.A,D,JPY,EUR,SP00,A,2023-01-10,141.92
EXR.D.JPY.EUR.SP00.A,D,JPY,EUR,SP00,A,2023-01-11,142.61
EXR.D.JPY.EUR.SP00.A,D,JPY,EUR,SP00,A,2023-01-12,140.61
EXR.D.JPY.EUR.SP00.A,D,JPY,EUR,SP00,A,2023-01-13,139.02
EXR.D.JPY.EUR.SP00.A,D,JPY,EUR,SP00,A,2023-01-16,138.92
EXR.D.JPY.EUR.SP00.A,D,JPY,EUR,SP00,A,2023-01-17,139.5
EXR.D.JPY.EUR.SP00.A,D,JPY,EUR,SP00,A,2023-01-18,139.79
EXR.D.JPY.EUR.SP00.A,D,JPY,EUR,SP00,A,2023-01-19,139.02
EXR.D.JPY.EUR.SP00.A,D,JPY,EUR,SP00,A,2023-01-20,140.86
EXR.D.JPY.EUR.SP00.A,D,JPY,EUR,SP00,A,2023-01-23,141.65
EXR.D.JPY.EUR.SP00.A,D,JPY,EUR,SP00,A,2023-01-24,141.47
EXR.D.JPY.EUR.SP00.A,D,JPY,EUR,SP00,A,2023-01-25,141.17
EXR.D.JPY.EUR.SP00.A,D,JPY,EUR,SP00,A,2023-01-26,141.38
EXR.D.JPY.EUR.SP00.A,D,JPY,EUR,SP00,A,2023-01-27,141.1
EXR.D.JPY.EUR.SP00.A,D,JPY,EUR,SP00,A,2023-01-30,141.79
EXR.D.JPY.EUR.SP00.A,D,JPY,EUR,SP00,A,2023-01-31,141.27
EXR.D.JPY.EUR.SP00.A,D,JPY,EUR,SP00,A,2023-02-01,141.37
EXR.D.JPY.EUR.SP00.A,D,JPY,EUR,SP00,A,2023-02-02,141.12
EXR.D.JPY.EUR.SP00.A,D,JPY,EUR,SP00,A,2023-02-03,140.45
EXR.D.JPY.EUR.SP00.A,D,JPY,EUR,SP00,A,2023-02-06,142.41
EXR.D.JPY.EUR.SP00.A,D,JPY,EUR,SP00,A,2023-02-07,141.3
EXR.D.JPY.EUR.SP00.A,D,JPY,EUR,SP00,A,2023-02-08,140.81
EXR.D.JPY.EUR.SP00.A,D,JPY,EUR,SP00,A,2023-02-09,140.8
EXR.D.JPY.EUR.SP00.A,D,JPY,EUR,SP00,A,2023-02-10,139.88
EXR.D.JPY.EUR.SP00.A,D,JPY,EUR,SP00,A,2023-02-13,141.65
EXR.D.JPY.EUR.SP00.A,D,JPY,EUR,SP00,A,2023-02-14,142.14
EXR.D.JPY.EUR.SP00.A,D,JPY,EUR,SP00,A,2023-02-15,143.05
EXR.D.JPY.EUR.SP00.A,D,JPY,EUR,SP00,A,2023-02-16,143.31
EXR.D.JPY.EUR.SP00.A,D,JPY,EUR,SP00,A,2023-02-17,143.18
EXR.D.JPY.EUR.SP00.A,D,JPY,EUR,SP00,A,2023-02-20,143.09
EXR.D.JPY.EUR.SP00.A,D,JPY,EUR,SP00,A,2023-02-21,143.76
EXR.D.JPY.EUR.SP00.A,D,JPY,EUR,SP00,A,2023-02-22,143.24
EXR.D.JPY.EUR.SP00.A,D,JPY,EUR,SP00,A,2023-02-23,143.32
EXR.D.JPY.EUR.SP00.A,D,JPY,EUR,SP00,A,2023-02-24,143.55
EXR.D.JPY.EUR.SP00.A,D,JPY,EUR,SP00,A,2023-02-27,143.88
EXR.D.JPY.EUR.SP00.A,D,JPY,EUR,SP00,A,2023-02-28,145.23
EXR.D.JPY.EUR.SP00.A,D,JPY,EUR,SP00,A,2023-03-01,144.82
EXR.D.JPY.EUR.SP00.A,D,JPY,EUR,SP00,A,2023-03-02,145.07
EXR.D.JPY.EUR.SP00.A,D,JPY,EUR,SP00,A,2023-03-03,144.55
EXR.D.JPY.EUR.SP00.A,D,JPY,EUR,SP00,A,2023-03-06,144.64
EXR.D.JPY.EUR.SP00.A,D,JPY,EUR,SP00,A,2023-03-07,145.21
EXR.D.JPY.EUR.SP00.A,D,JPY,EUR,SP00,A,2023-03-08,144.7
EXR.D.JPY.EUR.SP00.A,D,JPY,EUR,SP00,A,2023-03-09,143.82
EXR.D.JPY.EUR.SP00.A,D,JPY,EUR,SP00,A,2023-03-10,144.7
EXR.D.JPY.EUR.SP00.A,D,JPY,EUR,SP00,A,2023-03-13,141.96
EXR.D.JPY.EUR.SP00.A,D,JPY,EUR,SP00,A,2023-03-14,144.09
EXR.D.JPY.EUR.SP00.A,D,JPY,EUR,SP00,A,2023-03-15,139.51
EXR.D.JPY.EUR.SP00.A,D,JPY,EUR,SP00,A,2023-03-16,140.18
EXR.D.JPY.EUR.SP00.A,D,JPY,EUR,SP00,A,2023-03-17,140.57
EXR.D.JPY.EUR.SP00.A,D,JPY,EUR,SP00,A,2023-03-20,140.77
EXR.D.JPY.EUR.SP00.A,D,JPY,EUR,SP00,A,2023-03-21,142.63
EXR.D.JPY.EUR.SP00.A,D,JPY,EUR,SP00,A,2023-03-22,143.13
EXR.D.JPY.EUR.SP00.A,D,JPY,EUR,SP00,A,2023-03-23,142.87
EXR.D.JPY.EUR.SP00.A,D,JPY,EUR,SP00,A,2023-03-24,139.85
EXR.D.JPY.EUR.SP00.A,D,JPY,EUR,SP00,A,2023-03-27,141.64
EXR.D.JPY.EUR.SP00.A,D,JPY,EUR,SP00,A,2023-03-28,141.69
EXR.D.JPY.EUR.SP00.A,D,JPY,EUR,SP00,A,2023-03-29,143.58
EXR.D.JPY.EUR.SP00.A,D,JPY,EUR,SP00,A,2023-03-30,144.42
EXR.D.JPY.EUR.SP00.A,D,JPY,EUR,SP00,A,2023-03-31,144.83
EXR.D.JPY.EUR.SP00.A,D,JPY,EUR,SP00,A,2023-04-03,144.51
EXR.D.JPY.EUR.SP00.A,D,JPY,EUR,SP00,A,2023-04-04,144.94
EXR.D.JPY.EUR.SP00.A,D,JPY,EUR,SP00,A,2023-04-05,143.74
EXR.D.JPY.EUR.SP00.A,D,JPY,EUR,SP00,A,2023-04-06,143.49
EXR.D.JPY.EUR.SP00.A,D,JPY,EUR,SP00,A,2023-04-11,145.28
EXR.D.JPY.EUR.SP00.A,D,JPY,EUR,SP00,A,2023-04-12,146.09
EXR.D.JPY.EUR.SP00.A,D,JPY,EUR,SP00,A,2023-04-13,146.81
EXR.D.JPY.EUR.SP00.A,D,JPY,EUR,SP00,A,2023-04-14,146.6
EXR.D.JPY.EUR.SP00.A,D,JPY,EUR,SP00,A,2023-04-17,146.97
EXR.D.JPY.EUR.SP00.A,D,JPY,EUR,SP00,A,2023-04-18,146.89
EXR.D.JPY.EUR.SP00.A,D,JPY,EUR,SP00,A,2023-04-19,147.24
EXR.D.JPY.EUR.SP00.A,D,JPY,EUR,SP00,A,2023-04-20,147.46
EXR.D.JPY.EUR.SP00.A,D,JPY,EUR,SP00,A,2023-04-21,146.92
EXR.D.JPY.EUR.SP00.A,D,JPY,EUR,SP00,A,2023-04-24,148.17
EXR.D.JPY.EUR.SP00.A,D,JPY,EUR,SP00,A,2023-04-25,147.91
EXR.D.JPY.EUR.SP00.A,D,JPY,EUR,SP00,A,2023-04-26,147.67
EXR.D.JPY.EUR.SP00.A,D,JPY,EUR,SP00,A,2023-04-27,147.16
EXR.D.JPY.EUR.SP00.A,D,JPY,EUR,SP00,A,2023-04-28,149.35
EXR.D.JPY.EUR.SP00.A,D,JPY,EUR,SP00,A,2023-05-02,150.7
EXR.D.JPY.EUR.SP00.A,D,JPY,EUR,SP00,A,2023-05-03,149.66
EXR.D.JPY.EUR.SP00.A,D,JPY,EUR,SP00,A,2023-05-04,148.92
EXR.D.JPY.EUR.SP00.A,D,JPY,EUR,SP00,A,2023-05-05,147.8
EXR.D.JPY.EUR.SP00.A,D,JPY,EUR,SP00,A,2023-05-08,149.15
EXR.D.JPY.EUR.SP00.A,D,JPY,EUR,SP00,A,2023-05-09,147.97
EXR.D.JPY.EUR.SP00.A,D,JPY,EUR,SP00,A,2023-05-10,148.18
EXR.D.JPY.EUR.SP00.A,D,JPY,EUR,SP00,A,2023-05-11,146.54
EXR.D.JPY.EUR.SP00.A,D,JPY,EUR,SP00,A,2023-05-12,147.02
EXR.D.JPY.EUR.SP00.A,D,JPY,EUR,SP00,A,2023-05-15,148.15
EXR.D.JPY.EUR.SP00.A,D,JPY,EUR,SP00,A,2023-05-16,147.89
EXR.D.JPY.EUR.SP00.A,D,JPY,EUR,SP00,A,2023-05-17,148.31
EXR.D.JPY.EUR.SP00.A,D,JPY,EUR,SP00,A,2023-05-18,149.08
EXR.D.JPY.EUR.SP00.A,D,JPY,EUR,SP00,A,2023-05-19,149.55
EXR.D.JPY.EUR.SP00.A,D,JPY,EUR,SP00,A,2023-05-22,149.64
EXR.D.JPY.EUR.SP00.A,D,JPY,EUR,SP00,A,2023-05-23,149.2
EXR.D.JPY.EUR.SP00.A,D,JPY,EUR,SP00,A,2023-05-24,149.3
EXR.D.JPY.EUR.SP00.A,D,JPY,EUR,SP00,A,2023-05-25,149.63
EXR.D.JPY.EUR.SP00.A,D,JPY,EUR,SP00,A,2023-05-26,150.24
EXR.D.JPY.EUR.SP00.A,D,JPY,EUR,SP00,A,2023-05-29,150.29
EXR.D.JPY.EUR.SP00.A,D,JPY,EUR,SP00,A,2023-05-30,150.01
EXR.D.JPY.EUR.SP00.A,D,JPY,EUR,SP00,A,2023-05-31,149.13
EXR.D.JPY.EUR.SP00.A,D,JPY,EUR,SP00,A,2023-06-01,149.25
EXR.D.JPY.EUR.SP00.A,D,JPY,EUR,SP00,A,2023-06-02,149.46
EXR.D.JPY.EUR.SP00.A,D,JPY,EUR,SP00,A,2023-06-05,149.96
EXR.D.JPY.EUR.SP00.A,D,JPY,EUR,SP00,A,2023-06-06,149.09
EXR.D.JPY.EUR.SP00.A,D,JPY,EUR,SP00,A,2023-06-07,149.42
EXR.D.JPY.EUR.SP00.A,D,JPY,EUR,SP00,A,2023-06-08,149.98
EXR.D.JPY.EUR.SP00.A,D,JPY,EUR,SP00,A,2023-06-09,150.24
EXR.D.JPY.EUR.SP00.A,D,JPY,EUR,SP00,A,2023-06-12,150.03
EXR.D.JPY.EUR.SP00.A,D,JPY,EUR,SP00,A,2023-06-13,150.62
EXR.D.JPY.EUR.SP00.A,D,JPY,EUR,SP00,A,2023-06-14,151.21
EXR.D.JPY.EUR.SP00.A,D,JPY,EUR,SP00,A,2023-06-15,152.86
EXR.D.JPY.EUR.SP00.A,D,JPY,EUR,SP00,A,2023-06-16,154.65
EXR.D.JPY.EUR.SP00.A,D,JPY,EUR,SP00,A,2023-06-19,154.94
EXR.D.JPY.EUR.SP00.A,D,JPY,EUR,SP00,A,2023-06-20,154.51
EXR.D.JPY.EUR.SP00.A,D,JPY,EUR,SP00,A,2023-06-21,154.89
EXR.D.JPY.EUR.SP00.A,D,JPY,EUR,SP00,A,2023-06-22,156.05
EXR.D.JPY.EUR.SP00.A,D,JPY,EUR,SP00,A,2023-06-23,155.84
EXR.D.JPY.EUR.SP00.A,D,JPY,EUR,SP00,A,2023-06-26,156.41
EXR.D.JPY.EUR.SP00.A,D,JPY,EUR,SP00,A,2023-06-27,157.14
EXR.D.JPY.EUR.SP00.A,D,JPY,EUR,SP00,A,2023-06-28,157.82
EXR.D.JPY.EUR.SP00.A,D,JPY,EUR,SP00,A,2023-06-29,157.74
EXR.D.JPY.EUR.SP00.A,D,JPY,EUR,SP00,A,2023-06-30,157.16
EXR.D.JPY.EUR.SP00.A,D,JPY,EUR,SP00,A,2023-07-03,157.81
EXR.D.JPY.EUR.SP00.A,D,JPY,EUR,SP00,A,2023-07-04,157.34
EXR.D.JPY.EUR.SP00.A,D,JPY,EUR,SP00,A,2023-07-05,157.26
EXR.D.JPY.EUR.SP00.A,D,JPY,EUR,SP00,A,2023-07-06,156.57
EXR.D.JPY.EUR.SP00.A,D,JPY,EUR,SP00,A,2023-07-07,156.01
EXR.D.JPY.EUR.SP00.A,D,JPY,EUR,SP00,A,2023-07-10,155.73
EXR.D.JPY.EUR.SP00.A,D,JPY,EUR,SP00,A,2023-07-11,154.27
EXR.D.JPY.EUR.SP00.A,D,JPY,EUR,SP00,A,2023-07-12,153.84
EXR.D.JPY.EUR.SP00.A,D,JPY,EUR,SP00,A,2023-07-13,154.84
EXR.D.JPY.EUR.SP00.A,D,JPY,EUR,SP00,A,2023-07-14,155.51
EXR.D.JPY.EUR.SP00.A,D,JPY,EUR,SP00,A,2023-07-17,155.38
EXR.D.JPY.EUR.SP00.A,D,JPY,EUR,SP00,A,2023-07-18,155.4
EXR.D.JPY.EUR.SP00.A,D,JPY,EUR,SP00,A,2023-07-19,156.76
EXR.D.JPY.EUR.SP00.A,D,JPY,EUR,SP00,A,2023-07-20,156.35
EXR.D.JPY.EUR.SP00.A,D,JPY,EUR,SP00,A,2023-07-21,157.63
EXR.D.JPY.EUR.SP00.A,D,JPY,EUR,SP00,A,2023-07-24,156.47
EXR.D.JPY.EUR.SP00.A,D,JPY,EUR,SP00,A,2023-07-25,156.18
EXR.D.JPY.EUR.SP00.A,D,JPY,EUR,SP00,A,2023-07-26,155.3
EXR.D.JPY.EUR.SP00.A,D,JPY,EUR,SP00,A,2023-07-27,155.95
EXR.D.JPY.EUR.SP00.A,D,JPY,EUR,SP00,A,2023-07-28,153.35
EXR.D.JPY.EUR.SP00.A,D,JPY,EUR,SP00,A,2023-07-31,156.73
EXR.D.JPY.EUR.SP00.A,D,JPY,EUR,SP00,A,2023-08-01,156.85
EXR.D.JPY.EUR.SP00.A,D,JPY,EUR,SP00,A,2023-08-02,156.88
EXR.D.JPY.EUR.SP00.A,D,JPY,EUR,SP00,A,2023-08-03,156.24
EXR.D.JPY.EUR.SP00.A,D,JPY,EUR,SP00,A,2023-08-04,156.11
EXR.D.JPY.EUR.SP00.A,D,JPY,EUR,SP00,A,2023-08-07,156.21
EXR.D.JPY.EUR.SP00.A,D,JPY,EUR,SP00,A,2023-08-08,156.55
EXR.D.JPY.EUR.SP00.A,D,JPY,EUR,SP00,A,2023-08-09,157.35
EXR.D.JPY.EUR.SP00.A,D,JPY,EUR,SP00,A,2023-08-10,158.43
EXR.D.JPY.EUR.SP00.A,D,JPY,EUR,SP00,A,2023-08-11,158.97
EXR.D.JPY.EUR.SP00.A,D,JPY,EUR,SP00,A,2023-08-14,158.68
EXR.D.JPY.EUR.SP00.A,D,JPY,EUR,SP00,A,2023-08-15,159.04
EXR.D.JPY.EUR.SP00.A,D,JPY,EUR,SP00,A,2023-08-16,159.07
EXR.D.JPY.EUR.SP00.A,D,JPY,EUR,SP00,A,2023-08-17,158.88
EXR.D.JPY.EUR.SP00.A,D,JPY,EUR,SP00,A,2023-08-18,158.11
EXR.D.JPY.EUR.SP00.A,D,JPY,EUR,SP00,A,2023-08-21,159.15
EXR.D.JPY.EUR.SP00.A,D,JPY,EUR,SP00,A,2023-08-22,158.7
EXR.D.JPY.EUR.SP00.A,D,JPY,EUR,SP00,A,2023-08-23,157.28
EXR.D.JPY.EUR.SP00.A,D,JPY,EUR,SP00,A,2023-08-24,157.96
EXR.D.JPY.EUR.SP00.A,D,JPY,EUR,SP00,A,2023-08-25,157.75
EXR.D.JPY.EUR.SP00.A,D,JPY,EUR,SP00,A,2023-08-28,158.35
EXR.D.JPY.EUR.SP00.A,D,JPY,EUR,SP00,A,2023-08-29,158.93
EXR.D.JPY.EUR.SP00.A,D,JPY,EUR,SP00,A,2023-08-30,159.15
EXR.D.JPY.EUR.SP00.A,D,JPY,EUR,SP00,A,2023-08-31,158.49
EXR.D.JPY.EUR.SP00.A,D,JPY,EUR,SP00,A,2023-09-01,157.47
EXR.D.JPY.EUR.SP00.A,D,JPY,EUR,SP00,A,2023-09-04,158.11
EXR.D.JPY.EUR.SP00.A,D,JPY,EUR,SP00,A,2023-09-05,158.2
EXR.D.JPY.EUR.SP00.A,D,JPY,EUR,SP00,A,2023-09-06,158.18
EXR.D.JPY.EUR.SP00.A,D,JPY,EUR,SP00,A,2023-09-07,157.7
EXR.D.JPY.EUR.SP00.A,D,JPY,EUR,SP00,A,2023-09-08,157.84
EXR.D.JPY.EUR.SP00.A,D,JPY,EUR,SP00,A,2023-09-11,157.16
EXR.D.JPY.EUR.SP00.A,D,JPY,EUR,SP00,A,2023-09-12,157.42
EXR.D.JPY.EUR.SP00.A,D,JPY,EUR,SP00,A,2023-09-13,158.28
EXR.D.JPY.EUR.SP00.A,D,JPY,EUR,SP00,A,2023-09-14,158.13
EXR.D.JPY.EUR.SP00.A,D,JPY,EUR,SP00,A,2023-09-15,157.5
EXR.D.JPY.EUR.SP00.A,D,JPY,EUR,SP00,A,2023-09-18,157.44
EXR.D.JPY.EUR.SP00.A,D,JPY,EUR,SP00,A,2023-09-19,158.2
EXR.D.JPY.EUR.SP00.A,D,JPY,EUR,SP00,A,2023-09-20,158.28
EXR.D.JPY.EUR.SP00.A,D,JPY,EUR,SP00,A,2023-09-21,157.34
EXR.D.JPY.EUR.SP00.A,D,JPY,EUR,SP00,A,2023-09-22,157.87
EXR.D.JPY.EUR.SP00.A,D,JPY,EUR,SP00,A,2023-09-25,158.08
EXR.D.JPY.EUR.SP00.A,D,JPY,EUR,SP00,A,2023-09-26,157.87
EXR.D.JPY.EUR.SP00.A,D,JPY,EUR,SP00,A,2023-09-27,157.2
EXR.D.JPY.EUR.SP00.A,D,JPY,EUR,SP00,A,2023-09-28,157.33
EXR.D.JPY.EUR.SP00.A,D,JPY,EUR,SP00,A,2023-09-29,158.1
EXR.D.JPY.EUR.SP00.A,D,JPY,EUR,SP00,A,2023-10-02,157.67
EXR.D.JPY.EUR.SP00.A,D,JPY,EUR,SP00,A,2023-10-03,157.01
EXR.D.JPY.EUR.SP00.A,D,JPY,EUR,SP00,A,2023-10-04,156.48
EXR.D.JPY.EUR.SP00.A,D,JPY,EUR,SP00,A,2023-10-05,156.71
EXR.D.JPY.EUR.SP00.A,D,JPY,EUR,SP00,A,2023-10-06,157.47
EXR.D.JPY.EUR.SP00.A,D,JPY,EUR,SP00,A,2023-10-09,157.06
EXR.D.JPY.EUR.SP00.A,D,JPY,EUR,SP00,A,2023-10-10,157.71
EXR.D.JPY.EUR.SP00.A,D,JPY,EUR,SP00,A,2023-10-11,157.87
EXR.D.JPY.EUR.SP00.A,D,JPY,EUR,SP00,A,2023-10-12,158.35
EXR.D.JPY.EUR.SP00.A,D,JPY,EUR,SP00,A,2023-10-13,157.44
EXR.D.JPY.EUR.SP00.A,D,JPY,EUR,SP00,A,2023-10-16,157.54
EXR.D.JPY.EUR.SP00.A,D,JPY,EUR,SP00,A,2023-10-17,158.03
EXR.D.JPY.EUR.SP00.A,D,JPY,EUR,SP00,A,2023-10-18,158.1
EXR.D.JPY.EUR.SP00.A,D,JPY,EUR,SP00,A,2023-10-19,158.21
EXR.D.JPY.EUR.SP00.A,D,JPY,EUR,SP00,A,2023-10-20,158.8
EXR.D.JPY.EUR.SP00.A,D,JPY,EUR,SP00,A,2023-10-23,158.91
EXR.D.JPY.EUR.SP00.A,D,JPY,EUR,SP00,A,2023-10-24,159.26
EXR.D.JPY.EUR.SP00.A,D,JPY,EUR,SP00,A,2023-10-25,158.55
EXR.D.JPY.EUR.SP00.A,D,JPY,EUR,SP00,A,2023-10-26,158.48
EXR.D.JPY.EUR.SP00.A,D,JPY,EUR,SP00,A,2023-10-27,158.08
EXR.D.JPY.EUR.SP00.A,D,JPY,EUR,SP00,A,2023-10-30,158.8
EXR.D.JPY.EUR.SP00.A,D,JPY,EUR,SP00,A,2023-10-31,160.3
EXR.D.JPY.EUR.SP00.A,D,JPY,EUR,SP00,A,2023-11-01,159.33
EXR.D.JPY.EUR.SP00.A,D,JPY,EUR,SP00,A,2023-11-02,159.89
EXR.D.JPY.EUR.SP00.A,D,JPY,EUR,SP00,A,2023-11-03,159.87
EXR.D.JPY.EUR.SP00.A,D,JPY,EUR,SP00,A,2023-11-06,160.87
EXR.D.JPY.EUR.SP00.A,D,JPY,EUR,SP00,A,2023-11-07,160.77
EXR.D.JPY.EUR.SP00.A,D,JPY,EUR,SP00,A,2023-11-08,160.97
EXR.D.JPY.EUR.SP00.A,D,JPY,EUR,SP00,A,2023-11-09,161.57
EXR.D.JPY.EUR.SP00.A,D,JPY,EUR,SP00,A,2023-11-10,161.77
EXR.D.JPY.EUR.SP00.A,D,JPY,EUR,SP00,A,2023-11-13,161.96
EXR.D.JPY.EUR.SP00.A,D,JPY,EUR,SP00,A,2023-11-14,162.67
EXR.D.JPY.EUR.SP00.A,D,JPY,EUR,SP00,A,2023-11-15,163.39
EXR.D.JPY.EUR.SP00.A,D,JPY,EUR,SP00,A,2023-11-16,164.05
EXR.D.JPY.EUR.SP00.A,D,JPY,EUR,SP00,A,2023-11-17,162.29
EXR.D.JPY.EUR.SP00.A,D,JPY,EUR,SP00,A,2023-11-20,162.12
EXR.D.JPY.EUR.SP00.A,D,JPY,EUR,SP00,A,2023-11-21,161.61
EXR.D.JPY.EUR.SP00.A,D,JPY,EUR,SP00,A,2023-11-22,162.25
EXR.D.JPY.EUR.SP00.A,D,JPY,EUR,SP00,A,2023-11-23,162.98
EXR.D.JPY.EUR.SP00.A,D,JPY,EUR,SP00,A,2023-11-24,163.3
EXR.D.JPY.EUR.SP00.A,D,JPY,EUR,SP00,A,2023-11-27,162.86
EXR.D.JPY.EUR.SP00.A,D,JPY,EUR,SP00,A,2023-11-28,162.74
EXR.D.JPY.EUR.SP00.A,D,JPY,EUR,SP00,A,2023-11-29,162.12
EXR.D.JPY.EUR.SP00.A,D,JPY,EUR,SP00,A,2023-11-30,161.19
EXR.D.JPY.EUR.SP00.A,D,JPY,EUR,SP00,A,2023-12-01,161.14
EXR.D.JPY.EUR.SP00.A,D,JPY,EUR,SP00,A,2023-12-04,159.47
EXR.D.JPY.EUR.SP00.A,D,JPY,EUR,SP00,A,2023-12-05,159.13
EXR.D.JPY.EUR.SP00.A,D,JPY,EUR,SP00,A,2023-12-06,158.7
EXR.D.JPY.EUR.SP00.A,D,JPY,EUR,SP00,A,2023-12-07,156.18
EXR.D.JPY.EUR.SP00.A,D,JPY,EUR,SP00,A,2023-12-08,155.53
EXR.D.JPY.EUR.SP00.A,D,JPY,EUR,SP00,A,2023-12-11,157.54
EXR.D.JPY.EUR.SP00.A,D,JPY,EUR,SP00,A,2023-12-12,156.84
EXR.D.JPY.EUR.SP00.A,D,JPY,EUR,SP00,A,2023-12-13,157.13
EXR.D.JPY.EUR.SP00.A,D,JPY,EUR,SP00,A,2023-12-14,154.8
EXR.D.JPY.EUR.SP00.A,D,JPY,EUR,SP00,A,2023-12-15,155.15
EXR.D.JPY.EUR.SP00.A,D,JPY,EUR,SP00,A,2023-12-18,155.95
EXR.D.JPY.EUR.SP00.A,D,JPY,EUR,SP00,A,2023-12-19,158.2
EXR.D.JPY.EUR.SP00.A,D,JPY,EUR,SP00,A,2023-12-20,157.12
EXR.D.JPY.EUR.SP00.A,D,JPY,EUR,SP00,A,2023-12-21,156.79
EXR.D.JPY.EUR.SP00.A,D,JPY,EUR,SP00,A,2023-12-22,156.66
EXR.D.JPY.EUR.SP00.A,D,JPY,EUR,SP00,A,2023-12-27,157.81
EXR.D.JPY.EUR.SP00.A,D,JPY,EUR,SP00,A,2023-12-28,156.57
EXR.D.JPY.EUR.SP00.A,D,JPY,EUR,SP00,A,2023-12-29,156.33
EXR.D.JPY.EUR.SP00.A,D,JPY,EUR,SP00,A,2024-01-02,155.68
EXR.D.JPY.EUR.SP00.A,D,JPY,EUR,SP00,A,2024-01-03,156.16
EXR.D.JPY.EUR.SP00.A,D,JPY,EUR,SP00,A,2024-01-04,157.91
EXR.D.JPY.EUR.SP00.A,D,JPY,EUR,SP00,A,2024-01-05,158.57
EXR.D.JPY.EUR.SP00.A,D,JPY,EUR,SP00,A,2024-01-08,158.19
EXR.D.JPY.EUR.SP00.A,D,JPY,EUR,SP00,A,2024-01-09,157.63
EXR.D.JPY.EUR.SP00.A,D,JPY,EUR,SP00,A,2024-01-10,159.03
EXR.D.JPY.EUR.SP00.A,D,JPY,EUR,SP00,A,2024-01-11,159.71
EXR.D.JPY.EUR.SP00.A,D,JPY,EUR,SP00,A,2024-01-12,159.17
EXR.D.JPY.EUR.SP00.A,D,JPY,EUR,SP00,A,2024-01-15,159.67
EXR.D.JPY.EUR.SP00.A,D,JPY,EUR,SP00,A,2024-01-16,159.64
EXR.D.JPY.EUR.SP00.A,D,JPY,EUR,SP00,A,2024-01-17,160.65
EXR.D.JPY.EUR.SP00.A,D,JPY,EUR,SP00,A,2024-01-18,160.89
EXR.D.JPY.EUR.SP00.A,D,JPY,EUR,SP00,A,2024-01-19,161.17
EXR.D.JPY.EUR.SP00.A,D,JPY,EUR,SP00,A,2024-01-22,160.95
EXR.D.JPY.EUR.SP00.A,D,JPY,EUR,SP00,A,2024-01-23,160.88
EXR.D.JPY.EUR.SP00.A,D,JPY,EUR,SP00,A,2024-01-24,160.46
EXR.D.JPY.EUR.SP00.A,D,JPY,EUR,SP00,A,2024-01-25,160.81
EXR.D.JPY.EUR.SP00.A,D,JPY,EUR,SP00,A,2024-01-26,160.62
EXR.D.JPY.EUR.SP00.A,D,JPY,EUR,SP00,A,2024-01-29,160.13
EXR.D.JPY.EUR.SP00.A,D,JPY,EUR,SP00,A,2024-01-30,159.97
EXR.D.JPY.EUR.SP00.A,D,JPY,EUR,SP00,A,2024-01-31,160.19
EXR.D.JPY.EUR.SP00.A,D,JPY,EUR,SP00,A,2024-02-01,158.96
EXR.D.JPY.EUR.SP00.A,D,JPY,EUR,SP00,A,2024-02-02,159.58
EXR.D.JPY.EUR.SP00.A,D,JPY,EUR,SP00,A,2024-02-05,159.72
EXR.D.JPY.EUR.SP00.A,D,JPY,EUR,SP00,A,2024-02-06,159.56
EXR.D.JPY.EUR.SP00.A,D,JPY,EUR,SP00,A,2024-02-07,159.71
EXR.D.JPY.EUR.SP00.A,D,JPY,EUR,SP00,A,2024-02-08,160.55
EXR.D.JPY.EUR.SP00.A,D,JPY,EUR,SP00,A,2024-02-09,161
EXR.D.JPY.EUR.SP00.A,D,JPY,EUR,SP00,A,2024-02-12,160.51
EXR.D.JPY.EUR.SP00.A,D,JPY,EUR,SP00,A,2024-02-13,161.17
EXR.D.JPY.EUR.SP00.A,D,JPY,EUR,SP00,A,2024-02-14,161.28
EXR.D.JPY.EUR.SP00.A,D,JPY,EUR,SP00,A,2024-02-15,161.26
EXR.D.JPY.EUR.SP00.A,D,JPY,EUR,SP00,A,2024-02-16,161.88
EXR.D.JPY.EUR.SP00.A,D,JPY,EUR,SP00,A,2024-02-19,161.59
EXR.D.JPY.EUR.SP00.A,D,JPY,EUR,SP00,A,2024-02-20,162.18
EXR.D.JPY.EUR.SP00.A,D,JPY,EUR,SP00,A,2024-02-21,162.12
EXR.D.JPY.EUR.SP00.A,D,JPY,EUR,SP00,A,2024-02-22,163.12
EXR.D.JPY.EUR.SP00.A,D,JPY,EUR,SP00,A,2024-02-23,162.91
EXR.D.JPY.EUR.SP00.A,D,JPY,EUR,SP00,A,2024-02-26,163.38
EXR.D.JPY.EUR.SP00.A,D,JPY,EUR,SP00,A,2024-02-27,163.04
EXR.D.JPY.EUR.SP00.A,D,JPY,EUR,SP00,A,2024-02-28,162.87
EXR.D.JPY.EUR.SP00.A,D,JPY,EUR,SP00,A,2024-02-29,162.53
EXR.D.JPY.EUR.SP00.A,D,JPY,EUR,SP00,A,2024-03-01,162.82
EXR.D.JPY.EUR.SP00.A,D,JPY,EUR,SP00,A,2024-03-04,163.22
EXR.D.JPY.EUR.SP00.A,D,JPY,EUR,SP00,A,2024-03-05,163.01
EXR.D.JPY.EUR.SP00.A,D,JPY,EUR,SP00,A,2024-03-06,162.67
EXR.D.JPY.EUR.SP00.A,D,JPY,EUR,SP00,A,2024-03-07,161.09
EXR.D.JPY.EUR.SP00.A,D,JPY,EUR,SP00,A,2024-03-08,160.99
EXR.D.JPY.EUR.SP00.A,D,JPY,EUR,SP00,A,2024-03-11,160.43
EXR.D.JPY.EUR.SP00.A,D,JPY,EUR,SP00,A,2024-03-12,161.39
EXR.D.JPY.EUR.SP00.A,D,JPY,EUR,SP00,A,2024-03-13,161.83
EXR.D.JPY.EUR.SP00.A,D,JPY,EUR,SP00,A,2024-03-14,161.7
EXR.D.JPY.EUR.SP00.A,D,JPY,EUR,SP00,A,2024-03-15,162.03
EXR.D.JPY.EUR.SP00.A,D,JPY,EUR,SP00,A,2024-03-18,162.51
EXR.D.JPY.EUR.SP00.A,D,JPY,EUR,SP00,A,2024-03-19,163.37
EXR.D.JPY.EUR.SP00.A,D,JPY,EUR,SP00,A,2024-03-20,164.54
EXR.D.JPY.EUR.SP00.A,D,JPY,EUR,SP00,A,2024-03-21,164.96
EXR.D.JPY.EUR.SP00.A,D,JPY,EUR,SP00,A,2024-03-22,163.74
EXR.D.JPY.EUR.SP00.A,D,JPY,EUR,SP00,A,2024-03-25,163.78
EXR.D.JPY.EUR.SP00.A,D,JPY,EUR,SP00,A,2024-03-26,164.4
EXR.D.JPY.EUR.SP00.A,D,JPY,EUR,SP00,A,2024-03-27,163.52
EXR.D.JPY.EUR.SP00.A,D,JPY,EUR,SP00,A,2024-03-28,163.45
EXR.D.JPY.EUR.SP00.A,D,JPY,EUR,SP00,A,2024-04-02,163.01
EXR.D.JPY.EUR.SP00.A,D,JPY,EUR,SP00,A,2024-04-03,163.66
EXR.D.JPY.EUR.SP00.A,D,JPY,EUR,SP00,A,2024-04-04,164.69
EXR.D.JPY.EUR.SP00.A,D,JPY,EUR,SP00,A,2024-04-05,164.1
EXR.D.JPY.EUR.SP00.A,D,JPY,EUR,SP00,A,2024-04-08,164.43
EXR.D.JPY.EUR.SP00.A,D,JPY,EUR,SP00,A,2024-04-09,164.97
EXR.D.JPY.EUR.SP00.A,D,JPY,EUR,SP00,A,2024-04-10,164.89
EXR.D.JPY.EUR.SP00.A,D,JPY,EUR,SP00,A,2024-04-11,164.18
EXR.D.JPY.EUR.SP00.A,D,JPY,EUR,SP00,A,2024-04-12,163.16
EXR.D.JPY.EUR.SP00.A,D,JPY,EUR,SP00,A,2024-04-15,164.05
EXR.D.JPY.EUR.SP00.A,D,JPY,EUR,SP00,A,2024-04-16,164.54
EXR.D.JPY.EUR.SP00.A,D,JPY,EUR,SP00,A,2024-04-17,164.54
EXR.D.JPY.EUR.SP00.A,D,JPY,EUR,SP00,A,2024-04-18,164.82
EXR.D.JPY.EUR.SP00.A,D,JPY,EUR,SP00,A,2024-04-19,164.68
EXR.D.JPY.EUR.SP00.A,D,JPY,EUR,SP00,A,2024-04-22,164.51
EXR.D.JPY.EUR.SP00.A,D,JPY,EUR,SP00,A,2024-04-23,165.23
EXR.D.JPY.EUR.SP00.A,D,JPY,EUR,SP00,A,2024-04-24,165.57
EXR.D.JPY.EUR.SP00.A,D,JPY,EUR,SP00,A,2024-04-25,166.76
EXR.D.JPY.EUR.SP00.A,D,JPY,EUR,SP00,A,2024-04-26,168.03
EXR.D.JPY.EUR.SP00.A,D,JPY,EUR,SP00,A,2024-04-29,167.53
EXR.D.JPY.EUR.SP00.A,D,JPY,EUR,SP00,A,2024-04-30,168.27
EXR.D.JPY.EUR.SP00.A,D,JPY,EUR,SP00,A,2024-05-02,165.63
EXR.D.JPY.EUR.SP00.A,D,JPY,EUR,SP00,A,2024-05-03,164.62
EXR.D.JPY.EUR.SP00.A,D,JPY,EUR,SP00,A,2024-05-06,165.7
EXR.D.JPY.EUR.SP00.A,D,JPY,EUR,SP00,A,2024-05-07,166.45
EXR.D.JPY.EUR.SP00.A,D,JPY,EUR,SP00,A,2024-05-08,167.15
EXR.D.JPY.EUR.SP00.A,D,JPY,EUR,SP00,A,2024-05-09,167.32
EXR.D.JPY.EUR.SP00.A,D,JPY,EUR,SP00,A,2024-05-10,167.87
EXR.D.JPY.EUR.SP00.A,D,JPY,EUR,SP00,A,2024-05-13,168.25
EXR.D.JPY.EUR.SP00.A,D,JPY,EUR,SP00,A,2024-05-14,168.89
EXR.D.JPY.EUR.SP00.A,D,JPY,EUR,SP00,A,2024-05-15,168.43
EXR.D.JPY.EUR.SP00.A,D,JPY,EUR,SP00,A,2024-05-16,168.33
EXR.D.JPY.EUR.SP00.A,D,JPY,EUR,SP00,A,2024-05-17,168.96
EXR.D.JPY.EUR.SP00.A,D,JPY,EUR,SP00,A,2024-05-20,169.25
EXR.D.JPY.EUR.SP00.A,D,JPY,EUR,SP00,A,2024-05-21,169.86
EXR.D.JPY.EUR.SP00.A,D,JPY,EUR,SP00,A,2024-05-22,169.54
EXR.D.JPY.EUR.SP00.A,D,JPY,EUR,SP00,A,2024-05-23,169.9
EXR.D.JPY.EUR.SP00.A,D,JPY,EUR,SP00,A,2024-05-24,170.28
EXR.D.JPY.EUR.SP00.A,D,JPY,EUR,SP00,A,2024-05-27,170.07
EXR.D.JPY.EUR.SP00.A,D,JPY,EUR,SP00,A,2024-05-28,170.54
EXR.D.JPY.EUR.SP00.A,D,JPY,EUR,SP00,A,2024-05-29,170.74
EXR.D.JPY.EUR.SP00.A,D,JPY,EUR,SP00,A,2024-05-30,169.5
EXR.D.JPY.EUR.SP00.A,D,JPY,EUR,SP00,A,2024-05-31,170.52
EXR.D.JPY.EUR.SP00.A,D,JPY,EUR,SP00,A,2024-06-03,170.09
EXR.D.JPY.EUR.SP00.A,D,JPY,EUR,SP00,A,2024-06-04,168.29
EXR.D.JPY.EUR.SP00.A,D,JPY,EUR,SP00,A,2024-06-05,169.72
EXR.D.JPY.EUR.SP00.A,D,JPY,EUR,SP00,A,2024-06-06,169.74
EXR.D.JPY.EUR.SP00.A,D,JPY,EUR,SP00,A,2024-06-07,169.52
EXR.D.JPY.EUR.SP00.A,D,JPY,EUR,SP00,A,2024-06-10,168.74
EXR.D.JPY.EUR.SP00.A,D,JPY,EUR,SP00,A,2024-06-11,168.46
EXR.D.JPY.EUR.SP00.A,D,JPY,EUR,SP00,A,2024-06-12,169.35
EXR.D.JPY.EUR.SP00.A,D,JPY,EUR,SP00,A,2024-06-13,169.58
EXR.D.JPY.EUR.SP00.A,D,JPY,EUR,SP00,A,2024-06-14,167.8
EXR.D.JPY.EUR.SP00.A,D,JPY,EUR,SP00,A,2024-06-17,169.11
EXR.D.JPY.EUR.SP00.A,D,JPY,EUR,SP00,A,2024-06-18,169.41
EXR.D.JPY.EUR.SP00.A,D,JPY,EUR,SP00,A,2024-06-19,169.78
EXR.D.JPY.EUR.SP00.A,D,JPY,EUR,SP00,A,2024-06-20,169.82
EXR.D.JPY.EUR.SP00.A,D,JPY,EUR,SP00,A,2024-06-21,169.82
EXR.D.JPY.EUR.SP00.A,D,JPY,EUR,SP00,A,2024-06-24,171.17
EXR.D.JPY.EUR.SP00.A,D,JPY,EUR,SP00,A,2024-06-25,170.84
EXR.D.JPY.EUR.SP00.A,D,JPY,EUR,SP00,A,2024-06-26,171.42
EXR.D.JPY.EUR.SP00.A,D,JPY,EUR,SP00,A,2024-06-27,171.66
EXR.D.JPY.EUR.SP00.A,D,JPY,EUR,SP00,A,2024-06-28,171.94
EXR.D.JPY.EUR.SP00.A,D,JPY,EUR,SP00,A,2024-07-01,173.15
EXR.D.JPY.EUR.SP00.A,D,JPY,EUR,SP00,A,2024-07-02,173.31
EXR.D.JPY.EUR.SP00.A,D,JPY,EUR,SP00,A,2024-07-03,174.18
EXR.D.JPY.EUR.SP00.A,D,JPY,EUR,SP00,A,2024-07-04,173.84
EXR.D.JPY.EUR.SP00.A,D,JPY,EUR,SP00,A,2024-07-05,174.06
EXR.D.JPY.EUR.SP00.A,D,JPY,EUR,SP00,A,2024-07-08,174.37
EXR.D.JPY.EUR.SP00.A,D,JPY,EUR,SP00,A,2024-07-09,174.2
EXR.D.JPY.EUR.SP00.A,D,JPY,EUR,SP00,A,2024-07-10,174.79
EXR.D.JPY.EUR.SP00.A,D,JPY,EUR,SP00,A,2024-07-11,175.39
EXR.D.JPY.EUR.SP00.A,D,JPY,EUR,SP00,A,2024-07-12,172.87
EXR.D.JPY.EUR.SP00.A,D,JPY,EUR,SP00,A,2024-07-15,172.34
EXR.D.JPY.EUR.SP00.A,D,JPY,EUR,SP00,A,2024-07-16,172.65
EXR.D.JPY.EUR.SP00.A,D,JPY,EUR,SP00,A,2024-07-17,171.21
EXR.D.JPY.EUR.SP00.A,D,JPY,EUR,SP00,A,2024-07-18,171.02
EXR.D.JPY.EUR.SP00.A,D,JPY,EUR,SP00,A,2024-07-19,171.61
EXR.D.JPY.EUR.SP00.A,D,JPY,EUR,SP00,A,2024-07-22,170.8
EXR.D.JPY.EUR.SP00.A,D,JPY,EUR,SP00,A,2024-07-23,169.64
EXR.D.JPY.EUR.SP00.A,D,JPY,EUR,SP00,A,2024-07-24,167.23
EXR.D.JPY.EUR.SP00.A,D,JPY,EUR,SP00,A,2024-07-25,165.62
EXR.D.JPY.EUR.SP00.A,D,JPY,EUR,SP00,A,2024-07-26,167.84
EXR.D.JPY.EUR.SP00.A,D,JPY,EUR,SP00,A,2024-07-29,166.44
EXR.D.JPY.EUR.SP00.A,D,JPY,EUR,SP00,A,2024-07-30,167.61
EXR.D.JPY.EUR.SP00.A,D,JPY,EUR,SP00,A,2024-07-31,162.76
EXR.D.JPY.EUR.SP00.A,D,JPY,EUR,SP00,A,2024-08-01,162.66
EXR.D.JPY.EUR.SP00.A,D,JPY,EUR,SP00,A,2024-08-02,161.37
EXR.D.JPY.EUR.SP00.A,D,JPY,EUR,SP00,A,2024-08-05,155.98
EXR.D.JPY.EUR.SP00.A,D,JPY,EUR,SP00,A,2024-08-06,158.29
EXR.D.JPY.EUR.SP00.A,D,JPY,EUR,SP00,A,2024-08-07,160.62
EXR.D.JPY.EUR.SP00.A,D,JPY,EUR,SP00,A,2024-08-08,159.74
EXR.D.JPY.EUR.SP00.A,D,JPY,EUR,SP00,A,2024-08-09,160.33
EXR.D.JPY.EUR.SP00.A,D,JPY,EUR,SP00,A,2024-08-12,161.25
EXR.D.JPY.EUR.SP00.A,D,JPY,EUR,SP00,A,2024-08-13,161.17
EXR.D.JPY.EUR.SP00.A,D,JPY,EUR,SP00,A,2024-08-14,161.98
EXR.D.JPY.EUR.SP00.A,D,JPY,EUR,SP00,A,2024-08-15,162.14
EXR.D.JPY.EUR.SP00.A,D,JPY,EUR,SP00,A,2024-08-16,162.72
EXR.D.JPY.EUR.SP00.A,D,JPY,EUR,SP00,A,2024-08-19,161.22
EXR.D.JPY.EUR.SP00.A,D,JPY,EUR,SP00,A,2024-08-20,162.18
EXR.D.JPY.EUR.SP00.A,D,JPY,EUR,SP00,A,2024-08-21,162.26
EXR.D.JPY.EUR.SP00.A,D,JPY,EUR,SP00,A,2024-08-22,162.64
EXR.D.JPY.EUR.SP00.A,D,JPY,EUR,SP00,A,2024-08-23,162.37
EXR.D.JPY.EUR.SP00.A,D,JPY,EUR,SP00,A,2024-08-26,160.94
EXR.D.JPY.EUR.SP00.A,D,JPY,EUR,SP00,A,2024-08-27,161.24
EXR.D.JPY.EUR.SP00.A,D,JPY,EUR,SP00,A,2024-08-28,160.57
EXR.D.JPY.EUR.SP00.A,D,JPY,EUR,SP00,A,2024-08-29,160.36
EXR.D.JPY.EUR.SP00.A,D,JPY,EUR,SP00,A,2024-08-30,161.19
EXR.D.JPY.EUR.SP00.A,D,JPY,EUR,SP00,A,2024-09-02,162.56
EXR.D.JPY.EUR.SP00.A,D,JPY,EUR,SP00,A,2024-09-03,161.26
EXR.D.JPY.EUR.SP00.A,D,JPY,EUR,SP00,A,2024-09-04,160.26
EXR.D.JPY.EUR.SP00.A,D,JPY,EUR,SP00,A,2024-09-05,159.2
EXR.D.JPY.EUR.SP00.A,D,JPY,EUR,SP00,A,2024-09-06,158.93
EXR.D.JPY.EUR.SP00.A,D,JPY,EUR,SP00,A,2024-09-09,158.53
EXR.D.JPY.EUR.SP00.A,D,JPY,EUR,SP00,A,2024-09-10,157.81
EXR.D.JPY.EUR.SP00.A,D,JPY,EUR,SP00,A,2024-09-11,156.6
EXR.D.JPY.EUR.SP00.A,D,JPY,EUR,SP00,A,2024-09-12,157.02
EXR.D.JPY.EUR.SP00.A,D,JPY,EUR,SP00,A,2024-09-13,156.17
EXR.D.JPY.EUR.SP00.A,D,JPY,EUR,SP00,A,2024-09-16,155.66
EXR.D.JPY.EUR.SP00.A,D,JPY,EUR,SP00,A,2024-09-17,156.71
EXR.D.JPY.EUR.SP00.A,D,JPY,EUR,SP00,A,2024-09-18,157.94
EXR.D.JPY.EUR.SP00.A,D,JPY,EUR,SP00,A,2024-09-19,159.53
EXR.D.JPY.EUR.SP00.A,D,JPY,EUR,SP00,A,2024-09-20,161.08
EXR.D.JPY.EUR.SP00.A,D,JPY,EUR,SP00,A,2024-09-23,159.58
EXR.D.JPY.EUR.SP00.A,D,JPY,EUR,SP00,A,2024-09-24,160.14
EXR.D.JPY.EUR.SP00.A,D,JPY,EUR,SP00,A,2024-09-25,161.49
EXR.D.JPY.EUR.SP00.A,D,JPY,EUR,SP00,A,2024-09-26,160.78
EXR.D.JPY.EUR.SP00.A,D,JPY,EUR,SP00,A,2024-09-27,159.63
EXR.D.JPY.EUR.SP00.A,D,JPY,EUR,SP00,A,2024-09-30,159.82
EXR.D.JPY.EUR.SP00.A,D,JPY,EUR,SP00,A,2024-10-01,159.37
EXR.D.JPY.EUR.SP00.A,D,JPY,EUR,SP00,A,2024-10-02,160.26
EXR.D.JPY.EUR.SP00.A,D,JPY,EUR,SP00,A,2024-10-03,161.98
EXR.D.JPY.EUR.SP00.A,D,JPY,EUR,SP00,A,2024-10-04,161.69
EXR.D.JPY.EUR.SP00.A,D,JPY,EUR,SP00,A,2024-10-07,162.63
EXR.D.JPY.EUR.SP00.A,D,JPY,EUR,SP00,A,2024-10-08,162.49
EXR.D.JPY.EUR.SP00.A,D,JPY,EUR,SP00,A,2024-10-09,162.97
EXR.D.JPY.EUR.SP00.A,D,JPY,EUR,SP00,A,2024-10-10,162.85
EXR.D.JPY.EUR.SP00.A,D,JPY,EUR,SP00,A,2024-10-11,162.94
EXR.D.JPY.EUR.SP00.A,D,JPY,EUR,SP00,A,2024-10-14,163.39
EXR.D.JPY.EUR.SP00.A,D,JPY,EUR,SP00,A,2024-10-15,162.85
EXR.D.JPY.EUR.SP00.A,D,JPY,EUR,SP00,A,2024-10-16,162.57
EXR.D.JPY.EUR.SP00.A,D,JPY,EUR,SP00,A,2024-10-17,162.5
EXR.D.JPY.EUR.SP00.A,D,JPY,EUR,SP00,A,2024-10-18,162.75
EXR.D.JPY.EUR.SP00.A,D,JPY,EUR,SP00,A,2024-10-21,162.79
EXR.D.JPY.EUR.SP00.A,D,JPY,EUR,SP00,A,2024-10-22,163.22
EXR.D.JPY.EUR.SP00.A,D,JPY,EUR,SP00,A,2024-10-23,164.66
EXR.D.JPY.EUR.SP00.A,D,JPY,EUR,SP00,A,2024-10-24,164.12
EXR.D.JPY.EUR.SP00.A,D,JPY,EUR,SP00,A,2024-10-25,164.45
EXR.D.JPY.EUR.SP00.A,D,JPY,EUR,SP00,A,2024-10-28,165.18
EXR.D.JPY.EUR.SP00.A,D,JPY,EUR,SP00,A,2024-10-29,165.66
EXR.D.JPY.EUR.SP00.A,D,JPY,EUR,SP00,A,2024-10-30,165.91
EXR.D.JPY.EUR.SP00.A,D,JPY,EUR,SP00,A,2024-10-31,166.3
EXR.D.JPY.EUR.SP00.A,D,JPY,EUR,SP00,A,2024-11-01,165.54
EXR.D.JPY.EUR.SP00.A,D,JPY,EUR,SP00,A,2024-11-04,165.47
EXR.D.JPY.EUR.SP00.A,D,JPY,EUR,SP00,A,2024-11-05,165.93
EXR.D.JPY.EUR.SP00.A,D,JPY,EUR,SP00,A,2024-11-06,165.05
EXR.D.JPY.EUR.SP00.A,D,JPY,EUR,SP00,A,2024-11-07,165.71
EXR.D.JPY.EUR.SP00.A,D,JPY,EUR,SP00,A,2024-11-08,164.18
EXR.D.JPY.EUR.SP00.A,D,JPY,EUR,SP00,A,2024-11-11,163.82
EXR.D.JPY.EUR.SP00.A,D,JPY,EUR,SP00,A,2024-11-12,163.71
EXR.D.JPY.EUR.SP00.A,D,JPY,EUR,SP00,A,2024-11-13,164.71
EXR.D.JPY.EUR.SP00.A,D,JPY,EUR,SP00,A,2024-11-14,164.24
EXR.D.JPY.EUR.SP00.A,D,JPY,EUR,SP00,A,2024-11-15,164.36
EXR.D.JPY.EUR.SP00.A,D,JPY,EUR,SP00,A,2024-11-18,163.74
EXR.D.JPY.EUR.SP00.A,D,JPY,EUR,SP00,A,2024-11-19,162.71
EXR.D.JPY.EUR.SP00.A,D,JPY,EUR,SP00,A,2024-11-20,164.42
EXR.D.JPY.EUR.SP00.A,D,JPY,EUR,SP00,A,2024-11-21,162.53
EXR.D.JPY.EUR.SP00.A,D,JPY,EUR,SP00,A,2024-11-22,160.84
EXR.D.JPY.EUR.SP00.A,D,JPY,EUR,SP00,A,2024-11-25,161.64
EXR.D.JPY.EUR.SP00.A,D,JPY,EUR,SP00,A,2024-11-26,161.13
EXR.D.JPY.EUR.SP00.A,D,JPY,EUR,SP00,A,2024-11-27,159.65
EXR.D.JPY.EUR.SP00.A,D,JPY,EUR,SP00,A,2024-11-28,159.89
EXR.D.JPY.EUR.SP00.A,D,JPY,EUR,SP00,A,2024-11-29,158.64
EXR.D.JPY.EUR.SP00.A,D,JPY,EUR,SP00,A,2024-12-02,157.74
EXR.D.JPY.EUR.SP00.A,D,JPY,EUR,SP00,A,2024-12-03,157.3
EXR.D.JPY.EUR.SP00.A,D,JPY,EUR,SP00,A,2024-12-04,158.59
EXR.D.JPY.EUR.SP00.A,D,JPY,EUR,SP00,A,2024-12-05,158.52
EXR.D.JPY.EUR.SP00.A,D,JPY,EUR,SP00,A,2024-12-06,159.25
EXR.D.JPY.EUR.SP00.A,D,JPY,EUR,SP00,A,2024-12-09,159.4
EXR.D.JPY.EUR.SP00.A,D,JPY,EUR,SP00,A,2024-12-10,159.74
EXR.D.JPY.EUR.SP00.A,D,JPY,EUR,SP00,A,2024-12-11,160.35
EXR.D.JPY.EUR.SP00.A,D,JPY,EUR,SP00,A,2024-12-12,159.6
EXR.D.JPY.EUR.SP00.A,D,JPY,EUR,SP00,A,2024-12-13,161.45
EXR.D.JPY.EUR.SP00.A,D,JPY,EUR,SP00,A,2024-12-16,161.73
EXR.D.JPY.EUR.SP00.A,D,JPY,EUR,SP00,A,2024-12-17,161.63
EXR.D.JPY.EUR.SP00.A,D,JPY,EUR,SP00,A,2024-12-18,161.52
EXR.D.JPY.EUR.SP00.A,D,JPY,EUR,SP00,A,2024-12-19,163.07
EXR.D.JPY.EUR.SP00.A,D,JPY,EUR,SP00,A,2024-12-20,162.89
EXR.D.JPY.EUR.SP00.A,D,JPY,EUR,SP00,A,2024-12-23,163.36
EXR.D.JPY.EUR.SP00.A,D,JPY,EUR,SP00,A,2024-12-24,163.25
EXR.D.JPY.EUR.SP00.A,D,JPY,EUR,SP00,A,2024-12-27,164.65
EXR.D.JPY.EUR.SP00.A,D,JPY,EUR,SP00,A,2024-12-30,164.57
EXR.D.JPY.EUR.SP00.A,D,JPY,EUR,SP00,A,2024-12-31,163.06
EXR.D.JPY.EUR.SP00.A,D,JPY,EUR,SP00,A,2025-01-02,162.04
EXR.D.JPY.EUR.SP00.A,D,JPY,EUR,SP00,A,2025-01-03,161.77
EXR.D.JPY.EUR.SP00.A,D,JPY,EUR,SP00,A,2025-01-06,163.25
EXR.D.JPY.EUR.SP00.A,D,JPY,EUR,SP00,A,2025-01-07,163.86
EXR.D.JPY.EUR.SP00.A,D,JPY,EUR,SP00,A,2025-01-08,162.94
EXR.D.JPY.EUR.SP00.A,D,JPY,EUR,SP00,A,2025-01-09,162.56
EXR.D.JPY.EUR.SP00.A,D,JPY,EUR,SP00,A,2025-01-10,162.86
EXR.D.JPY.EUR.SP00.A,D,JPY,EUR,SP00,A,2025-01-13,160.22
EXR.D.JPY.EUR.SP00.A,D,JPY,EUR,SP00,A,2025-01-14,161.63
EXR.D.JPY.EUR.SP00.A,D,JPY,EUR,SP00,A,2025-01-15,161.75
EXR.D.JPY.EUR.SP00.A,D,JPY,EUR,SP00,A,2025-01-16,160.46
EXR.D.JPY.EUR.SP00.A,D,JPY,EUR,SP00,A,2025-01-17,160.23
EXR.D.JPY.EUR.SP00.A,D,JPY,EUR,SP00,A,2025-01-20,161.36
EXR.D.JPY.EUR.SP00.A,D,JPY,EUR,SP00,A,2025-01-21,161.26
EXR.D.JPY.EUR.SP00.A,D,JPY,EUR,SP00,A,2025-01-22,162.72
EXR.D.JPY.EUR.SP00.A,D,JPY,EUR,SP00,A,2025-01-23,162.58
EXR.D.JPY.EUR.SP00.A,D,JPY,EUR,SP00,A,2025-01-24,163.9
EXR.D.JPY.EUR.SP00.A,D,JPY,EUR,SP00,A,2025-01-27,162.21
EXR.D.JPY.EUR.SP00.A,D,JPY,EUR,SP00,A,2025-01-28,161.86
EXR.D.JPY.EUR.SP00.A,D,JPY,EUR,SP00,A,2025-01-29,161.5
EXR.D.JPY.EUR.SP00.A,D,JPY,EUR,SP00,A,2025-01-30,160.32
EXR.D.JPY.EUR.SP00.A,D,JPY,EUR,SP00,A,2025-01-31,160.99
EXR.D.JPY.EUR.SP00.A,D,JPY,EUR,SP00,A,2025-02-03,158.87
EXR.D.JPY.EUR.SP00.A,D,JPY,EUR,SP00,A,2025-02-04,160.52
EXR.D.JPY.EUR.SP00.A,D,JPY,EUR,SP00,A,2025-02-05,159.25
EXR.D.JPY.EUR.SP00.A,D,JPY,EUR,SP00,A,2025-02-06,157.95
EXR.D.JPY.EUR.SP00.A,D,JPY,EUR,SP00,A,2025-02-07,157.77
EXR.D.JPY.EUR.SP00.A,D,JPY,EUR,SP00,A,2025-02-10,156.92
EXR.D.JPY.EUR.SP00.A,D,JPY,EUR,SP00,A,2025-02-11,157.28
EXR.D.JPY.EUR.SP00.A,D,JPY,EUR,SP00,A,2025-02-12,159.22
EXR.D.JPY.EUR.SP00.A,D,JPY,EUR,SP00,A,2025-02-13,159.79
EXR.D.JPY.EUR.SP00.A,D,JPY,EUR,SP00,A,2025-02-14,160.09
EXR.D.JPY.EUR.SP00.A,D,JPY,EUR,SP00,A,2025-02-17,158.67
EXR.D.JPY.EUR.SP00.A,D,JPY,EUR,SP00,A,2025-02-18,158.55
EXR.D.JPY.EUR.SP00.A,D,JPY,EUR,SP00,A,2025-02-19,158.41
EXR.D.JPY.EUR.SP00.A,D,JPY,EUR,SP00,A,2025-02-20,156.6
EXR.D.JPY.EUR.SP00.A,D,JPY,EUR,SP00,A,2025-02-21,157.46
EXR.D.JPY.EUR.SP00.A,D,JPY,EUR,SP00,A,2025-02-24,156.81
EXR.D.JPY.EUR.SP00.A,D,JPY,EUR,SP00,A,2025-02-25,157.19
EXR.D.JPY.EUR.SP00.A,D,JPY,EUR,SP00,A,2025-02-26,156.7
EXR.D.JPY.EUR.SP00.A,D,JPY,EUR,SP00,A,2025-02-27,156.73
EXR.D.JPY.EUR.SP00.A,D,JPY,EUR,SP00,A,2025-02-28,156.96
EXR.D.JPY.EUR.SP00.A,D,JPY,EUR,SP00,A,2025-03-03,158.33
EXR.D.JPY.EUR.SP00.A,D,JPY,EUR,SP00,A,2025-03-04,156.5
EXR.D.JPY.EUR.SP00.A,D,JPY,EUR,SP00,A,2025-03-05,160.09
EXR.D.JPY.EUR.SP00.A,D,JPY,EUR,SP00,A,2025-03-06,159.24
EXR.D.JPY.EUR.SP00.A,D,JPY,EUR,SP00,A,2025-03-07,160.35
EXR.D.JPY.EUR.SP00.A,D,JPY,EUR,SP00,A,2025-03-10,159.39
EXR.D.JPY.EUR.SP00.A,D,JPY,EUR,SP00,A,2025-03-11,161.52
EXR.D.JPY.EUR.SP00.A,D,JPY,EUR,SP00,A,2025-03-12,162.23
EXR.D.JPY.EUR.SP00.A,D,JPY,EUR,SP00,A,2025-03-13,160.64
EXR.D.JPY.EUR.SP00.A,D,JPY,EUR,SP00,A,2025-03-14,161.88
EXR.D.JPY.EUR.SP00.A,D,JPY,EUR,SP00,A,2025-03-17,162.26
EXR.D.JPY.EUR.SP00.A,D,JPY,EUR,SP00,A,2025-03-18,163.5
EXR.D.JPY.EUR.SP00.A,D,JPY,EUR,SP00,A,2025-03-19,163.27
EXR.D.JPY.EUR.SP00.A,D,JPY,EUR,SP00,A,2025-03-20,160.85
EXR.D.JPY.EUR.SP00.A,D,JPY,EUR,SP00,A,2025-03-21,160.99
EXR.D.JPY.EUR.SP00.A,D,JPY,EUR,SP00,A,2025-03-24,162.15
EXR.D.JPY.EUR.SP00.A,D,JPY,EUR,SP00,A,2025-03-25,162.32
EXR.D.JPY.EUR.SP00.A,D,JPY,EUR,SP00,A,2025-03-26,162.2
EXR.D.JPY.EUR.SP00.A,D,JPY,EUR,SP00,A,2025-03-27,162.55
EXR.D.JPY.EUR.SP00.A,D,JPY,EUR,SP00,A,2025-03-28,162.64
EXR.D.JPY.EUR.SP00.A,D,JPY,EUR,SP00,A,2025-03-31,161.6
EXR.D.JPY.EUR.SP00.A,D,JPY,EUR,SP00,A,2025-04-01,160.93
EXR.D.JPY.EUR.SP00.A,D,JPY,EUR,SP00,A,2025-04-02,161.22
EXR.D.JPY.EUR.SP00.A,D,JPY,EUR,SP00,A,2025-04-03,162.17
EXR.D.JPY.EUR.SP00.A,D,JPY,EUR,SP00,A,2025-04-04,160.56
EXR.D.JPY.EUR.SP00.A,D,JPY,EUR,SP00,A,2025-04-07,160.58
EXR.D.JPY.EUR.SP00.A,D,JPY,EUR,SP00,A,2025-04-08,160.65
EXR.D.JPY.EUR.SP00.A,D,JPY,EUR,SP00,A,2025-04-09,159.61
EXR.D.JPY.EUR.SP00.A,D,JPY,EUR,SP00,A,2025-04-10,161.28
EXR.D.JPY.EUR.SP00.A,D,JPY,EUR,SP00,A,2025-04-11,162.07
EXR.D.JPY.EUR.SP00.A,D,JPY,EUR,SP00,A,2025-04-14,162.97
EXR.D.JPY.EUR.SP00.A,D,JPY,EUR,SP00,A,2025-04-15,161.85
EXR.D.JPY.EUR.SP00.A,D,JPY,EUR,SP00,A,2025-04-16,162.09
EXR.D.JPY.EUR.SP00.A,D,JPY,EUR,SP00,A,2025-04-17,161.98
EXR.D.JPY.EUR.SP00.A,D,JPY,EUR,SP00,A,2025-04-22,161.05
EXR.D.JPY.EUR.SP00.A,D,JPY,EUR,SP00,A,2025-04-23,161.68
EXR.D.JPY.EUR.SP00.A,D,JPY,EUR,SP00,A,2025-04-24,162.16
EXR.D.JPY.EUR.SP00.A,D,JPY,EUR,SP00,A,2025-04-25,162.8
EXR.D.JPY.EUR.SP00.A,D,JPY,EUR,SP00,A,2025-04-28,162.8
EXR.D.JPY.EUR.SP00.A,D,JPY,EUR,SP00,A,2025-04-29,162.28
EXR.D.JPY.EUR.SP00.A,D,JPY,EUR,SP00,A,2025-04-30,162.68
EXR.D.JPY.EUR.SP00.A,D,JPY,EUR,SP00,A,2025-05-02,163.93
EXR.D.JPY.EUR.SP00.A,D,JPY,EUR,SP00,A,2025-05-05,163.19
EXR.D.JPY.EUR.SP00.A,D,JPY,EUR,SP00,A,2025-05-06,161.64
EXR.D.JPY.EUR.SP00.A,D,JPY,EUR,SP00,A,2025-05-07,162.89
EXR.D.JPY.EUR.SP00.A,D,JPY,EUR,SP00,A,2025-05-08,163.45
EXR.D.JPY.EUR.SP00.A,D,JPY,EUR,SP00,A,2025-05-09,163.36
EXR.D.JPY.EUR.SP00.A,D,JPY,EUR,SP00,A,2025-05-12,164.46
EXR.D.JPY.EUR.SP00.A,D,JPY,EUR,SP00,A,2025-05-13,164.61
EXR.D.JPY.EUR.SP00.A,D,JPY,EUR,SP00,A,2025-05-14,164.01
EXR.D.JPY.EUR.SP00.A,D,JPY,EUR,SP00,A,2025-05-15,163.3
EXR.D.JPY.EUR.SP00.A,D,JPY,EUR,SP00,A,2025-05-16,163.05
EXR.D.JPY.EUR.SP00.A,D,JPY,EUR,SP00,A,2025-05-19,163.26
EXR.D.JPY.EUR.SP00.A,D,JPY,EUR,SP00,A,2025-05-20,162.59
EXR.D.JPY.EUR.SP00.A,D,JPY,EUR,SP00,A,2025-05-21,162.76
EXR.D.JPY.EUR.SP00.A,D,JPY,EUR,SP00,A,2025-05-22,162.19
EXR.D.JPY.EUR.SP00.A,D,JPY,EUR,SP00,A,2025-05-23,161.13
EXR.D.JPY.EUR.SP00.A,D,JPY,EUR,SP00,A,2025-05-26,162.63
EXR.D.JPY.EUR.SP00.A,D,JPY,EUR,SP00,A,2025-05-27,163.72
EXR.D.JPY.EUR.SP00.A,D,JPY,EUR,SP00,A,2025-05-28,163.43
EXR.D.JPY.EUR.SP00.A,D,JPY,EUR,SP00,A,2025-05-29,163.47
EXR.D.JPY.EUR.SP00.A,D,JPY,EUR,SP00,A,2025-05-30,162.96
EXR.D.JPY.EUR.SP00.A,D,JPY,EUR,SP00,A,2025-06-02,162.98
EXR.D.JPY.EUR.SP00.A,D,JPY,EUR,SP00,A,2025-06-03,163
EXR.D.JPY.EUR.SP00.A,D,JPY,EUR,SP00,A,2025-06-04,164.15
EXR.D.JPY.EUR.SP00.A,D,JPY,EUR,SP00,A,2025-06-05,163.66
EXR.D.JPY.EUR.SP00.A,D,JPY,EUR,SP00,A,2025-06-06,164.62
EXR.D.JPY.EUR.SP00.A,D,JPY,EUR,SP00,A,2025-06-09,164.88
EXR.D.JPY.EUR.SP00.A,D,JPY,EUR,SP00,A,2025-06-10,165.23
EXR.D.JPY.EUR.SP00.A,D,JPY,EUR,SP00,A,2025-06-11,166.17
EXR.D.JPY.EUR.SP00.A,D,JPY,EUR,SP00,A,2025-06-12,166.64
EXR.D.JPY.EUR.SP00.A,D,JPY,EUR,SP00,A,2025-06-13,165.94
EXR.D.JPY.EUR.SP00.A,D,JPY,EUR,SP00,A,2025-06-16,166.89
EXR.D.JPY.EUR.SP00.A,D,JPY,EUR,SP00,A,2025-06-17,167.35
EXR.D.JPY.EUR.SP00.A,D,JPY,EUR,SP00,A,2025-06-18,166.67
EXR.D.JPY.EUR.SP00.A,D,JPY,EUR,SP00,A,2025-06-19,167.2
EXR.D.JPY.EUR.SP00.A,D,JPY,EUR,SP00,A,2025-06-20,167.67
EXR.D.JPY.EUR.SP00.A,D,JPY,EUR,SP00,A,2025-06-23,169.27
EXR.D.JPY.EUR.SP00.A,D,JPY,EUR,SP00,A,2025-06-24,168.27
EXR.D.JPY.EUR.SP00.A,D,JPY,EUR,SP00,A,2025-06-25,169.07
EXR.D.JPY.EUR.SP00.A,D,JPY,EUR,SP00,A,2025-06-26,168.92
EXR.D.JPY.EUR.SP00.A,D,JPY,EUR,SP00,A,2025-06-27,169.24
EXR.D.JPY.EUR.SP00.A,D,JPY,EUR,SP00,A,2025-06-30,169.17
EXR.D.JPY.EUR.SP00.A,D,JPY,EUR,SP00,A,2025-07-01,168.7
EXR.D.JPY.EUR.SP00.A,D,JPY,EUR,SP00,A,2025-07-02,169.45
EXR.D.JPY.EUR.SP00.A,D,JPY,EUR,SP00,A,2025-07-03,169.58
EXR.D.JPY.EUR.SP00.A,D,JPY,EUR,SP00,A,2025-07-04,169.92
EXR.D.JPY.EUR.SP00.A,D,JPY,EUR,SP00,A,2025-07-07,170.71
EXR.D.JPY.EUR.SP00.A,D,JPY,EUR,SP00,A,2025-07-08,171.7
EXR.D.JPY.EUR.SP00.A,D,JPY,EUR,SP00,A,2025-07-09,171.63
EXR.D.JPY.EUR.SP00.A,D,JPY,EUR,SP00,A,2025-07-10,171.33
EXR.D.JPY.EUR.SP00.A,D,JPY,EUR,SP00,A,2025-07-11,171.81
EXR.D.JPY.EUR.SP00.A,D,JPY,EUR,SP00,A,2025-07-14,172.27
EXR.D.JPY.EUR.SP00.A,D,JPY,EUR,SP00,A,2025-07-15,172.58
EXR.D.JPY.EUR.SP00.A,D,JPY,EUR,SP00,A,2025-07-16,172.56
EXR.D.JPY.EUR.SP00.A,D,JPY,EUR,SP00,A,2025-07-17,172.28
EXR.D.JPY.EUR.SP00.A,D,JPY,EUR,SP00,A,2025-07-18,172.94
EXR.D.JPY.EUR.SP00.A,D,JPY,EUR,SP00,A,2025-07-21,172.02
EXR.D.JPY.EUR.SP00.A,D,JPY,EUR,SP00,A,2025-07-22,172.17
EXR.D.JPY.EUR.SP00.A,D,JPY,EUR,SP00,A,2025-07-23,171.53
EXR.D.JPY.EUR.SP00.A,D,JPY,EUR,SP00,A,2025-07-24,172.22
EXR.D.JPY.EUR.SP00.A,D,JPY,EUR,SP00,A,2025-07-25,173.11
EXR.D.JPY.EUR.SP00.A,D,JPY,EUR,SP00,A,2025-07-28,172.65
EXR.D.JPY.EUR.SP00.A,D,JPY,EUR,SP00,A,2025-07-29,171.58
EXR.D.JPY.EUR.SP00.A,D,JPY,EUR,SP00,A,2025-07-30,170.96
EXR.D.JPY.EUR.SP00.A,D,JPY,EUR,SP00,A,2025-07-31,171.52
EXR.D.JPY.EUR.SP00.A,D,JPY,EUR,SP00,A,2025-08-01,171.61
EXR.D.JPY.EUR.SP00.A,D,JPY,EUR,SP00,A,2025-08-04,170.45
EXR.D.JPY.EUR.SP00.A,D,JPY,EUR,SP00,A,2025-08-05,170.42
EXR.D.JPY.EUR.SP00.A,D,JPY,EUR,SP00,A,2025-08-06,171.22
EXR.D.JPY.EUR.SP00.A,D,JPY,EUR,SP00,A,2025-08-07,171.6
EXR.D.JPY.EUR.SP00.A,D,JPY,EUR,SP00,A,2025-08-08,172.18
EXR.D.JPY.EUR.SP00.A,D,JPY,EUR,SP00,A,2025-08-11,171.86
EXR.D.JPY.EUR.SP00.A,D,JPY,EUR,SP00,A,2025-08-12,172.3
EXR.D.JPY.EUR.SP00.A,D,JPY,EUR,SP00,A,2025-08-13,172.47
EXR.D.JPY.EUR.SP00.A,D,JPY,EUR,SP00,A,2025-08-14,171.3
EXR.D.JPY.EUR.SP00.A,D,JPY,EUR,SP00,A,2025-08-15,171.81
EXR.D.JPY.EUR.SP00.A,D,JPY,EUR,SP00,A,2025-08-18,172.27
EXR.D.JPY.EUR.SP00.A,D,JPY,EUR,SP00,A,2025-08-19,172.67
EXR.D.JPY.EUR.SP00.A,D,JPY,EUR,SP00,A,2025-08-20,171.77
EXR.D.JPY.EUR.SP00.A,D,JPY,EUR,SP00,A,2025-08-21,172.09
EXR.D.JPY.EUR.SP00.A,D,JPY,EUR,SP00,A,2025-08-22,172.6
EXR.D.JPY.EUR.SP00.A,D,JPY,EUR,SP00,A,2025-08-25,172.36
EXR.D.JPY.EUR.SP00.A,D,JPY,EUR,SP00,A,2025-08-26,171.77
EXR.D.JPY.EUR.SP00.A,D,JPY,EUR,SP00,A,2025-08-27,171.63
EXR.D.JPY.EUR.SP00.A,D,JPY,EUR,SP00,A,2025-08-28,171.48
EXR.D.JPY.EUR.SP00.A,D,JPY,EUR,SP00,A,2025-08-29,171.72
EXR.D.JPY.EUR.SP00.A,D,JPY,EUR,SP00,A,2025-09-01,172.47
EXR.D.JPY.EUR.SP00.A,D,JPY,EUR,SP00,A,2025-09-02,173.1
EXR.D.JPY.EUR.SP00.A,D,JPY,EUR,SP00,A,2025-09-03,173.17
EXR.D.JPY.EUR.SP00.A,D,JPY,EUR,SP00,A,2025-09-04,172.76
EXR.D.JPY.EUR.SP00.A,D,JPY,EUR,SP00,A,2025-09-05,173.09
EXR.D.JPY.EUR.SP00.A,D,JPY,EUR,SP00,A,2025-09-08,173.39
EXR.D.JPY.EUR.SP00.A,D,JPY,EUR,SP00,A,2025-09-09,172.36
EXR.D.JPY.EUR.SP00.A,D,JPY,EUR,SP00,A,2025-09-10,172.67
EXR.D.JPY.EUR.SP00.A,D,JPY,EUR,SP00,A,2025-09-11,172.88
EXR.D.JPY.EUR.SP00.A,D,JPY,EUR,SP00,A,2025-09-12,173.33
EXR.D.JPY.EUR.SP00.A,D,JPY,EUR,SP00,A,2025-09-15,173.38
EXR.D.JPY.EUR.SP00.A,D,JPY,EUR,SP00,A,2025-09-16,173.55
EXR.D.JPY.EUR.SP00.A,D,JPY,EUR,SP00,A,2025-09-17,173.28
EXR.D.JPY.EUR.SP00.A,D,JPY,EUR,SP00,A,2025-09-18,174.24
EXR.D.JPY.EUR.SP00.A,D,JPY,EUR,SP00,A,2025-09-19,173.79
EXR.D.JPY.EUR.SP00.A,D,JPY,EUR,SP00,A,2025-09-22,174.17
EXR.D.JPY.EUR.SP00.A,D,JPY,EUR,SP00,A,2025-09-23,174.3
EXR.D.JPY.EUR.SP00.A,D,JPY,EUR,SP00,A,2025-09-24,174.51
EXR.D.JPY.EUR.SP00.A,D,JPY,EUR,SP00,A,2025-09-25,174.7
EXR.D.JPY.EUR.SP00.A,D,JPY,EUR,SP00,A,2025-09-26,174.79
EXR.D.JPY.EUR.SP00.A,D,JPY,EUR,SP00,A,2025-09-29,174.38
EXR.D.JPY.EUR.SP00.A,D,JPY,EUR,SP00,A,2025-09-30,173.76
EXR.D.USD.EUR.SP00.A,D,USD,EUR,SP00,A,2020-12-01,1.1968
EXR.D.USD.EUR.SP00.A,D,USD,EUR,SP00,A,2020-12-02,1.2066
EXR.D.USD.EUR.SP00.A,D,USD,EUR,SP00,A,2020-12-03,1.2151
EXR.D.USD.EUR.SP00.A,D,USD,EUR,SP00,A,2020-12-04,1.2159
EXR.D.USD.EUR.SP00.A,D,USD,EUR,SP00,A,2020-12-07,1.2128
EXR.D.USD.EUR.SP00.A,D,USD,EUR,SP00,A,2020-12-08,1.2114
EXR.D.USD.EUR.SP00.A,D,USD,EUR,SP00,A,2020-12-09,1.2109
EXR.D.USD.EUR.SP00.A,D,USD,EUR,SP00,A,2020-12-10,1.2115
EXR.D.USD.EUR.SP00.A,D,USD,EUR,SP00,A,2020-12-11,1.2127
EXR.D.USD.EUR.SP00.A,D,USD,EUR,SP00,A,2020-12-14,1.2162
EXR.D.USD.EUR.SP00.A,D,USD,EUR,SP00,A,2020-12-15,1.214
EXR.D.USD.EUR.SP00.A,D,USD,EUR,SP00,A,2020-12-16,1.2189
EXR.D.USD.EUR.SP00.A,D,USD,EUR,SP00,A,2020-12-17,1.2246
EXR.D.USD.EUR.SP00.A,D,USD,EUR,SP00,A,2020-12-18,1.2259
EXR.D.USD.EUR.SP00.A,D,USD,EUR,SP00,A,2020-12-21,1.2173
EXR.D.USD.EUR.SP00.A,D,USD,EUR,SP00,A,2020-12-22,1.2239
EXR.D.USD.EUR.SP00.A,D,USD,EUR,SP00,A,2020-12-23,1.2166
EXR.D.USD.EUR.SP00.A,D,USD,EUR,SP00,A,2020-12-24,1.2193
EXR.D.USD.EUR.SP00.A,D,USD,EUR,SP00,A,2020-12-28,1.2219
EXR.D.USD.EUR.SP00.A,D,USD,EUR,SP00,A,2020-12-29,1.2259
EXR.D.USD.EUR.SP00.A,D,USD,EUR,SP00,A,2020-12-30,1.2281
EXR.D.USD.EUR.SP00.A,D,USD,EUR,SP00,A,2020-12-31,1.2271
EXR.D.USD.EUR.SP00.A,D,USD,EUR,SP00,A,2021-01-04,1.2296
EXR.D.USD.EUR.SP00.A,D,USD,EUR,SP00,A,2021-01-05,1.2271
EXR.D.USD.EUR.SP00.A,D,USD,EUR,SP00,A,2021-01-06,1.2338
EXR.D.USD.EUR.SP00.A,D,USD,EUR,SP00,A,2021-01-07,1.2276
EXR.D.USD.EUR.SP00.A,D,USD,EUR,SP00,A,2021-01-08,1.225
EXR.D.USD.EUR.SP00.A,D,USD,EUR,SP00,A,2021-01-11,1.2163
EXR.D.USD.EUR.SP00.A,D,USD,EUR,SP00,A,2021-01-12,1.2161
EXR.D.USD.EUR.SP00.A,D,USD,EUR,SP00,A,2021-01-13,1.2166
EXR.D.USD.EUR.SP00.A,D,USD,EUR,SP00,A,2021-01-14,1.2124
EXR.D.USD.EUR.SP00.A,D,USD,EUR,SP00,A,2021-01-15,1.2123
EXR.D.USD.EUR.SP00.A,D,USD,EUR,SP00,A,2021-01-18,1.2064
EXR.D.USD.EUR.SP00.A,D,USD,EUR,SP00,A,2021-01-19,1.2132
EXR.D.USD.EUR.SP00.A,D,USD,EUR,SP00,A,2021-01-20,1.2101
EXR.D.USD.EUR.SP00.A,D,USD,EUR,SP00,A,2021-01-21,1.2158
EXR.D.USD.EUR.SP00.A,D,USD,EUR,SP00,A,2021-01-22,1.2158
EXR.D.USD.EUR.SP00.A,D,USD,EUR,SP00,A,2021-01-25,1.2152
EXR.D.USD.EUR.SP00.A,D,USD,EUR,SP00,A,2021-01-26,1.2143
EXR.D.USD.EUR.SP00.A,D,USD,EUR,SP00,A,2021-01-27,1.2114
EXR.D.USD.EUR.SP00.A,D,USD,EUR,SP00,A,2021-01-28,1.2091
EXR.D.USD.EUR.SP00.A,D,USD,EUR,SP00,A,2021-01-29,1.2136
EXR.D.USD.EUR.SP00.A,D,USD,EUR,SP00,A,2021-02-01,1.2084
EXR.D.USD.EUR.SP00.A,D,USD,EUR,SP00,A,2021-02-02,1.2044
EXR.D.USD.EUR.SP00.A,D,USD,EUR,SP00,A,2021-02-03,1.2017
EXR.D.USD.EUR.SP00.A,D,USD,EUR,SP00,A,2021-02-04,1.1996
EXR.D.USD.EUR.SP00.A,D,USD,EUR,SP00,A,2021-02-05,1.1983
EXR.D.USD.EUR.SP00.A,D,USD,EUR,SP00,A,2021-02-08,1.2025
EXR.D.USD.EUR.SP00.A,D,USD,EUR,SP00,A,2021-02-09,1.2104
EXR.D.USD.EUR.SP00.A,D,USD,EUR,SP00,A,2021-02-10,1.2127
EXR.D.USD.EUR.SP00.A,D,USD,EUR,SP00,A,2021-02-11,1.2147
EXR.D.USD.EUR.SP00.A,D,USD,EUR,SP00,A,2021-02-12,1.2108
EXR.D.USD.EUR.SP00.A,D,USD,EUR,SP00,A,2021-02-15,1.2129
EXR.D.USD.EUR.SP00.A,D,USD,EUR,SP00,A,2021-02-16,1.2143
EXR.D.USD.EUR.SP00.A,D,USD,EUR,SP00,A,2021-02-17,1.206
EXR.D.USD.EUR.SP00.A,D,USD,EUR,SP00,A,2021-02-18,1.2084
EXR.D.USD.EUR.SP00.A,D,USD,EUR,SP00,A,2021-02-19,1.2139
EXR.D.USD.EUR.SP00.A,D,USD,EUR,SP00,A,2021-02-22,1.2133
EXR.D.USD.EUR.SP00.A,D,USD,EUR,SP00,A,2021-02-23,1.2143
EXR.D.USD.EUR.SP00.A,D,USD,EUR,SP00,A,2021-02-24,1.2146
EXR.D.USD.EUR.SP00.A,D,USD,EUR,SP00,A,2021-02-25,1.2225
EXR.D.USD.EUR.SP00.A,D,USD,EUR,SP00,A,2021-02-26,1.2121
EXR.D.USD.EUR.SP00.A,D,USD,EUR,SP00,A,2021-03-01,1.2053
EXR.D.USD.EUR.SP00.A,D,USD,EUR,SP00,A,2021-03-02,1.2028
EXR.D.USD.EUR.SP00.A,D,USD,EUR,SP00,A,2021-03-03,1.2048
EXR.D.USD.EUR.SP00.A,D,USD,EUR,SP00,A,2021-03-04,1.2034
EXR.D.USD.EUR.SP00.A,D,USD,EUR,SP00,A,2021-03-05,1.1938
EXR.D.USD.EUR.SP00.A,D,USD,EUR,SP00,A,2021-03-08,1.1866
EXR.D.USD.EUR.SP00.A,D,USD,EUR,SP00,A,2021-03-09,1.1894
EXR.D.USD.EUR.SP00.A,D,USD,EUR,SP00,A,2021-03-10,1.1892
EXR.D.USD.EUR.SP00.A,D,USD,EUR,SP00,A,2021-03-11,1.1969
EXR.D.USD.EUR.SP00.A,D,USD,EUR,SP00,A,2021-03-12,1.1933
EXR.D.USD.EUR.SP00.A,D,USD,EUR,SP00,A,2021-03-15,1.192
EXR.D.USD.EUR.SP00.A,D,USD,EUR,SP00,A,2021-03-16,1.1926
EXR.D.USD.EUR.SP00.A,D,USD,EUR,SP00,A,2021-03-17,1.1907
EXR.D.USD.EUR.SP00.A,D,USD,EUR,SP00,A,2021-03-18,1.1912
EXR.D.USD.EUR.SP00.A,D,USD,EUR,SP00,A,2021-03-19,1.1891
EXR.D.USD.EUR.SP00.A,D,USD,EUR,SP00,A,2021-03-22,1.1926
EXR.D.USD.EUR.SP00.A,D,USD,EUR,SP00,A,2021-03-23,1.1883
EXR.D.USD.EUR.SP00.A,D,USD,EUR,SP00,A,2021-03-24,1.1825
EXR.D.USD.EUR.SP00.A,D,USD,EUR,SP00,A,2021-03-25,1.1802
EXR.D.USD.EUR.SP00.A,D,USD,EUR,SP00,A,2021-03-26,1.1782
EXR.D.USD.EUR.SP00.A,D,USD,EUR,SP00,A,2021-03-29,1.1784
EXR.D.USD.EUR.SP00.A,D,USD,EUR,SP00,A,2021-03-30,1.1741
EXR.D.USD.EUR.SP00.A,D,USD,EUR,SP00,A,2021-03-31,1.1725
EXR.D.USD.EUR.SP00.A,D,USD,EUR,SP00,A,2021-04-01,1.1746
EXR.D.USD.EUR.SP00.A,D,USD,EUR,SP00,A,2021-04-06,1.1812
EXR.D.USD.EUR.SP00.A,D,USD,EUR,SP00,A,2021-04-07,1.1884
EXR.D.USD.EUR.SP00.A,D,USD,EUR,SP00,A,2021-04-08,1.1873
EXR.D.USD.EUR.SP00.A,D,USD,EUR,SP00,A,2021-04-09,1.1888
EXR.D.USD.EUR.SP00.A,D,USD,EUR,SP00,A,2021-04-12,1.1904
EXR.D.USD.EUR.SP00.A,D,USD,EUR,SP00,A,2021-04-13,1.1896
EXR.D.USD.EUR.SP00.A,D,USD,EUR,SP00,A,2021-04-14,1.1964
EXR.D.USD.EUR.SP00.A,D,USD,EUR,SP00,A,2021-04-15,1.197
EXR.D.USD.EUR.SP00.A,D,USD,EUR,SP00,A,2021-04-16,1.1986
EXR.D.USD.EUR.SP00.A,D,USD,EUR,SP00,A,2021-04-19,1.2035
EXR.D.USD.EUR.SP00.A,D,USD,EUR,SP00,A,2021-04-20,1.2051
EXR.D.USD.EUR.SP00.A,D,USD,EUR,SP00,A,2021-04-21,1.2007
EXR.D.USD.EUR.SP00.A,D,USD,EUR,SP00,A,2021-04-22,1.2046
EXR.D.USD.EUR.SP00.A,D,USD,EUR,SP00,A,2021-04-23,1.2066
EXR.D.USD.EUR.SP00.A,D,USD,EUR,SP00,A,2021-04-26,1.2085
EXR.D.USD.EUR.SP00.A,D,USD,EUR,SP00,A,2021-04-27,1.2088
EXR.D.USD.EUR.SP00.A,D,USD,EUR,SP00,A,2021-04-28,1.207
EXR.D.USD.EUR.SP00.A,D,USD,EUR,SP00,A,2021-04-29,1.2129
EXR.D.USD.EUR.SP00.A,D,USD,EUR,SP00,A,2021-04-30,1.2082
EXR.D.USD.EUR.SP00.A,D,USD,EUR,SP00,A,2021-05-03,1.2044
EXR.D.USD.EUR.SP00.A,D,USD,EUR,SP00,A,2021-05-04,1.2021
EXR.D.USD.EUR.SP00.A,D,USD,EUR,SP00,A,2021-05-05,1.2005
EXR.D.USD.EUR.SP00.A,D,USD,EUR,SP00,A,2021-05-06,1.206
EXR.D.USD.EUR.SP00.A,D,USD,EUR,SP00,A,2021-05-07,1.2059
EXR.D.USD.EUR.SP00.A,D,USD,EUR,SP00,A,2021-05-10,1.2169
EXR.D.USD.EUR.SP00.A,D,USD,EUR,SP00,A,2021-05-11,1.217
EXR.D.USD.EUR.SP00.A,D,USD,EUR,SP00,A,2021-05-12,1.2118
EXR.D.USD.EUR.SP00.A,D,USD,EUR,SP00,A,2021-05-13,1.2081
EXR.D.USD.EUR.SP00.A,D,USD,EUR,SP00,A,2021-05-14,1.2123
EXR.D.USD.EUR.SP00.A,D,USD,EUR,SP00,A,2021-05-17,1.2143
EXR.D.USD.EUR.SP00.A,D,USD,EUR,SP00,A,2021-05-18,1.2222
EXR.D.USD.EUR.SP00.A,D,USD,EUR,SP00,A,2021-05-19,1.2212
EXR.D.USD.EUR.SP00.A,D,USD,EUR,SP00,A,2021-05-20,1.2203
EXR.D.USD.EUR.SP00.A,D,USD,EUR,SP00,A,2021-05-21,1.2188
EXR.D.USD.EUR.SP00.A,D,USD,EUR,SP00,A,2021-05-24,1.2212
EXR.D.USD.EUR.SP00.A,D,USD,EUR,SP00,A,2021-05-25,1.2264
EXR.D.USD.EUR.SP00.A,D,USD,EUR,SP00,A,2021-05-26,1.2229
EXR.D.USD.EUR.SP00.A,D,USD,EUR,SP00,A,2021-05-27,1.2198
EXR.D.USD.EUR.SP00.A,D,USD,EUR,SP00,A,2021-05-28,1.2142
EXR.D.USD.EUR.SP00.A,D,USD,EUR,SP00,A,2021-05-31,1.2201
EXR.D.USD.EUR.SP00.A,D,USD,EUR,SP00,A,2021-06-01,1.2225
EXR.D.USD.EUR.SP00.A,D,USD,EUR,SP00,A,2021-06-02,1.2186
EXR.D.USD.EUR.SP00.A,D,USD,EUR,SP00,A,2021-06-03,1.2187
EXR.D.USD.EUR.SP00.A,D,USD,EUR,SP00,A,2021-06-04,1.2117
EXR.D.USD.EUR.SP00.A,D,USD,EUR,SP00,A,2021-06-07,1.2162
EXR.D.USD.EUR.SP00.A,D,USD,EUR,SP00,A,2021-06-08,1.2182
EXR.D.USD.EUR.SP00.A,D,USD,EUR,SP00,A,2021-06-09,1.2195
EXR.D.USD.EUR.SP00.A,D,USD,EUR,SP00,A,2021-06-10,1.2174
EXR.D.USD.EUR.SP00.A,D,USD,EUR,SP00,A,2021-06-11,1.2125
EXR.D.USD.EUR.SP00.A,D,USD,EUR,SP00,A,2021-06-14,1.2112
EXR.D.USD.EUR.SP00.A,D,USD,EUR,SP00,A,2021-06-15,1.2108
EXR.D.USD.EUR.SP00.A,D,USD,EUR,SP00,A,2021-06-16,1.2124
EXR.D.USD.EUR.SP00.A,D,USD,EUR,SP00,A,2021-06-17,1.1937
EXR.D.USD.EUR.SP00.A,D,USD,EUR,SP00,A,2021-06-18,1.1898
EXR.D.USD.EUR.SP00.A,D,USD,EUR,SP00,A,2021-06-21,1.1891
EXR.D.USD.EUR.SP00.A,D,USD,EUR,SP00,A,2021-06-22,1.1894
EXR.D.USD.EUR.SP00.A,D,USD,EUR,SP00,A,2021-06-23,1.1951
EXR.D.USD.EUR.SP00.A,D,USD,EUR,SP00,A,2021-06-24,1.1936
EXR.D.USD.EUR.SP00.A,D,USD,EUR,SP00,A,2021-06-25,1.195
EXR.D.USD.EUR.SP00.A,D,USD,EUR,SP00,A,2021-06-28,1.191
EXR.D.USD.EUR.SP00.A,D,USD,EUR,SP00,A,2021-06-29,1.1888
EXR.D.USD.EUR.SP00.A,D,USD,EUR,SP00,A,2021-06-30,1.1884
EXR.D.USD.EUR.SP00.A,D,USD,EUR,SP00,A,2021-07-01,1.1884
EXR.D.USD.EUR.SP00.A,D,USD,EUR,SP00,A,2021-07-02,1.1823
EXR.D.USD.EUR.SP00.A,D,USD,EUR,SP00,A,2021-07-05,1.1866
EXR.D.USD.EUR.SP00.A,D,USD,EUR,SP00,A,2021-07-06,1.1838
EXR.D.USD.EUR.SP00.A,D,USD,EUR,SP00,A,2021-07-07,1.1831
EXR.D.USD.EUR.SP00.A,D,USD,EUR,SP00,A,2021-07-08,1.1838
EXR.D.USD.EUR.SP00.A,D,USD,EUR,SP00,A,2021-07-09,1.1858
EXR.D.USD.EUR.SP00.A,D,USD,EUR,SP00,A,2021-07-12,1.1852
EXR.D.USD.EUR.SP00.A,D,USD,EUR,SP00,A,2021-07-13,1.1844
EXR.D.USD.EUR.SP00.A,D,USD,EUR,SP00,A,2021-07-14,1.1812
EXR.D.USD.EUR.SP00.A,D,USD,EUR,SP00,A,2021-07-15,1.1809
EXR.D.USD.EUR.SP00.A,D,USD,EUR,SP00,A,2021-07-16,1.1802
EXR.D.USD.EUR.SP00.A,D,USD,EUR,SP00,A,2021-07-19,1.1766
EXR.D.USD.EUR.SP00.A,D,USD,EUR,SP00,A,2021-07-20,1.1775
EXR.D.USD.EUR.SP00.A,D,USD,EUR,SP00,A,2021-07-21,1.1772
EXR.D.USD.EUR.SP00.A,D,USD,EUR,SP00,A,2021-07-22,1.1775
EXR.D.USD.EUR.SP00.A,D,USD,EUR,SP00,A,2021-07-23,1.1767
EXR.D.USD.EUR.SP00.A,D,USD,EUR,SP00,A,2021-07-26,1.1787
EXR.D.USD.EUR.SP00.A,D,USD,EUR,SP00,A,2021-07-27,1.181
EXR.D.USD.EUR.SP00.A,D,USD,EUR,SP00,A,2021-07-28,1.1807
EXR.D.USD.EUR.SP00.A,D,USD,EUR,SP00,A,2021-07-29,1.1873
EXR.D.USD.EUR.SP00.A,D,USD,EUR,SP00,A,2021-07-30,1.1891
EXR.D.USD.EUR.SP00.A,D,USD,EUR,SP00,A,2021-08-02,1.1886
EXR.D.USD.EUR.SP00.A,D,USD,EUR,SP00,A,2021-08-03,1.1885
EXR.D.USD.EUR.SP00.A,D,USD,EUR,SP00,A,2021-08-04,1.1861
EXR.D.USD.EUR.SP00.A,D,USD,EUR,SP00,A,2021-08-05,1.185
EXR.D.USD.EUR.SP00.A,D,USD,EUR,SP00,A,2021-08-06,1.1807
EXR.D.USD.EUR.SP00.A,D,USD,EUR,SP00,A,2021-08-09,1.1761
EXR.D.USD.EUR.SP00.A,D,USD,EUR,SP00,A,2021-08-10,1.1722
EXR.D.USD.EUR.SP00.A,D,USD,EUR,SP00,A,2021-08-11,1.1718
EXR.D.USD.EUR.SP00.A,D,USD,EUR,SP00,A,2021-08-12,1.1739
EXR.D.USD.EUR.SP00.A,D,USD,EUR,SP00,A,2021-08-13,1.1765
EXR.D.USD.EUR.SP00.A,D,USD,EUR,SP00,A,2021-08-16,1.1772
EXR.D.USD.EUR.SP00.A,D,USD,EUR,SP00,A,2021-08-17,1.1767
EXR.D.USD.EUR.SP00.A,D,USD,EUR,SP00,A,2021-08-18,1.1723
EXR.D.USD.EUR.SP00.A,D,USD,EUR,SP00,A,2021-08-19,1.1696
EXR.D.USD.EUR.SP00.A,D,USD,EUR,SP00,A,2021-08-20,1.1671
EXR.D.USD.EUR.SP00.A,D,USD,EUR,SP00,A,2021-08-23,1.1718
EXR.D.USD.EUR.SP00.A,D,USD,EUR,SP00,A,2021-08-24,1.174
EXR.D.USD.EUR.SP00.A,D,USD,EUR,SP00,A,2021-08-25,1.1736
EXR.D.USD.EUR.SP00.A,D,USD,EUR,SP00,A,2021-08-26,1.1767
EXR.D.USD.EUR.SP00.A,D,USD,EUR,SP00,A,2021-08-27,1.1761
EXR.D.USD.EUR.SP00.A,D,USD,EUR,SP00,A,2021-08-30,1.1801
EXR.D.USD.EUR.SP00.A,D,USD,EUR,SP00,A,2021-08-31,1.1834
EXR.D.USD.EUR.SP00.A,D,USD,EUR,SP00,A,2021-09-01,1.1817
EXR.D.USD.EUR.SP00.A,D,USD,EUR,SP00,A,2021-09-02,1.1846
EXR.D.USD.EUR.SP00.A,D,USD,EUR,SP00,A,2021-09-03,1.1872
EXR.D.USD.EUR.SP00.A,D,USD,EUR,SP00,A,2021-09-06,1.1864
EXR.D.USD.EUR.SP00.A,D,USD,EUR,SP00,A,2021-09-07,1.186
EXR.D.USD.EUR.SP00.A,D,USD,EUR,SP00,A,2021-09-08,1.1827
EXR.D.USD.EUR.SP00.A,D,USD,EUR,SP00,A,2021-09-09,1.1838
EXR.D.USD.EUR.SP00.A,D,USD,EUR,SP00,A,2021-09-10,1.1841
EXR.D.USD.EUR.SP00.A,D,USD,EUR,SP00,A,2021-09-13,1.178
EXR.D.USD.EUR.SP00.A,D,USD,EUR,SP00,A,2021-09-14,1.1814
EXR.D.USD.EUR.SP00.A,D,USD,EUR,SP00,A,2021-09-15,1.1824
EXR.D.USD.EUR.SP00.A,D,USD,EUR,SP00,A,2021-09-16,1.1763
EXR.D.USD.EUR.SP00.A,D,USD,EUR,SP00,A,2021-09-17,1.178
EXR.D.USD.EUR.SP00.A,D,USD,EUR,SP00,A,2021-09-20,1.1711
EXR.D.USD.EUR.SP00.A,D,USD,EUR,SP00,A,2021-09-21,1.1738
EXR.D.USD.EUR.SP00.A,D,USD,EUR,SP00,A,2021-09-22,1.1729
EXR.D.USD.EUR.SP00.A,D,USD,EUR,SP00,A,2021-09-23,1.1715
EXR.D.USD.EUR.SP00.A,D,USD,EUR,SP00,A,2021-09-24,1.1719
EXR.D.USD.EUR.SP00.A,D,USD,EUR,SP00,A,2021-09-27,1.1698
EXR.D.USD.EUR.SP00.A,D,USD,EUR,SP00,A,2021-09-28,1.1678
EXR.D.USD.EUR.SP00.A,D,USD,EUR,SP00,A,2021-09-29,1.1654
EXR.D.USD.EUR.SP00.A,D,USD,EUR,SP00,A,2021-09-30,1.1579
EXR.D.USD.EUR.SP00.A,D,USD,EUR,SP00,A,2021-10-01,1.16
EXR.D.USD.EUR.SP00.A,D,USD,EUR,SP00,A,2021-10-04,1.1636
EXR.D.USD.EUR.SP00.A,D,USD,EUR,SP00,A,2021-10-05,1.1602
EXR.D.USD.EUR.SP00.A,D,USD,EUR,SP00,A,2021-10-06,1.1542
EXR.D.USD.EUR.SP00.A,D,USD,EUR,SP00,A,2021-10-07,1.1562
EXR.D.USD.EUR.SP00.A,D,USD,EUR,SP00,A,2021-10-08,1.1569
EXR.D.USD.EUR.SP00.A,D,USD,EUR,SP00,A,2021-10-11,1.1574
EXR.D.USD.EUR.SP00.A,D,USD,EUR,SP00,A,2021-10-12,1.1555
EXR.D.USD.EUR.SP00.A,D,USD,EUR,SP00,A,2021-10-13,1.1562
EXR.D.USD.EUR.SP00.A,D,USD,EUR,SP00,A,2021-10-14,1.1602
EXR.D.USD.EUR.SP00.A,D,USD,EUR,SP00,A,2021-10-15,1.1602
EXR.D.USD.EUR.SP00.A,D,USD,EUR,SP00,A,2021-10-18,1.1604
EXR.D.USD.EUR.SP00.A,D,USD,EUR,SP00,A,2021-10-19,1.1655
EXR.D.USD.EUR.SP00.A,D,USD,EUR,SP00,A,2021-10-20,1.1623
EXR.D.USD.EUR.SP00.A,D,USD,EUR,SP00,A,2021-10-21,1.1637
EXR.D.USD.EUR.SP00.A,D,USD,EUR,SP00,A,2021-10-22,1.163
EXR.D.USD.EUR.SP00.A,D,USD,EUR,SP00,A,2021-10-25,1.1603
EXR.D.USD.EUR.SP00.A,D,USD,EUR,SP00,A,2021-10-26,1.1618
EXR.D.USD.EUR.SP00.A,D,USD,EUR,SP00,A,2021-10-27,1.1617
EXR.D.USD.EUR.SP00.A,D,USD,EUR,SP00,A,2021-10-28,1.1593
EXR.D.USD.EUR.SP00.A,D,USD,EUR,SP00,A,2021-10-29,1.1645
EXR.D.USD.EUR.SP00.A,D,USD,EUR,SP00,A,2021-11-01,1.1578
EXR.D.USD.EUR.SP00.A,D,USD,EUR,SP00,A,2021-11-02,1.1603
EXR.D.USD.EUR.SP00.A,D,USD,EUR,SP00,A,2021-11-03,1.1578
EXR.D.USD.EUR.SP00.A,D,USD,EUR,SP00,A,2021-11-04,1.1569
EXR.D.USD.EUR.SP00.A,D,USD,EUR,SP00,A,2021-11-05,1.1519
EXR.D.USD.EUR.SP00.A,D,USD,EUR,SP00,A,2021-11-08,1.1579
EXR.D.USD.EUR.SP00.A,D,USD,EUR,SP00,A,2021-11-09,1.1577
EXR.D.USD.EUR.SP00.A,D,USD,EUR,SP00,A,2021-11-10,1.1558
EXR.D.USD.EUR.SP00.A,D,USD,EUR,SP00,A,2021-11-11,1.146
EXR.D.USD.EUR.SP00.A,D,USD,EUR,SP00,A,2021-11-12,1.1448
EXR.D.USD.EUR.SP00.A,D,USD,EUR,SP00,A,2021-11-15,1.1444
EXR.D.USD.EUR.SP00.A,D,USD,EUR,SP00,A,2021-11-16,1.1368
EXR.D.USD.EUR.SP00.A,D,USD,EUR,SP00,A,2021-11-17,1.1316
EXR.D.USD.EUR.SP00.A,D,USD,EUR,SP00,A,2021-11-18,1.1345
EXR.D.USD.EUR.SP00.A,D,USD,EUR,SP00,A,2021-11-19,1.1271
EXR.D.USD.EUR.SP00.A,D,USD,EUR,SP00,A,2021-11-22,1.1278
EXR.D.USD.EUR.SP00.A,D,USD,EUR,SP00,A,2021-11-23,1.1259
EXR.D.USD.EUR.SP00.A,D,USD,EUR,SP00,A,2021-11-24,1.1206
EXR.D.USD.EUR.SP00.A,D,USD,EUR,SP00,A,2021-11-25,1.1223
EXR.D.USD.EUR.SP00.A,D,USD,EUR,SP00,A,2021-11-26,1.1291
EXR.D.USD.EUR.SP00.A,D,USD,EUR,SP00,A,2021-11-29,1.1276
EXR.D.USD.EUR.SP00.A,D,USD,EUR,SP00,A,2021-11-30,1.1363
EXR.D.USD.EUR.SP00.A,D,USD,EUR,SP00,A,2021-12-01,1.1314
EXR.D.USD.EUR.SP00.A,D,USD,EUR,SP00,A,2021-12-02,1.1339
EXR.D.USD.EUR.SP00.A,D,USD,EUR,SP00,A,2021-12-03,1.1291
EXR.D.USD.EUR.SP00.A,D,USD,EUR,SP00,A,2021-12-06,1.1287
EXR.D.USD.EUR.SP00.A,D,USD,EUR,SP00,A,2021-12-07,1.1256
EXR.D.USD.EUR.SP00.A,D,USD,EUR,SP00,A,2021-12-08,1.1299
EXR.D.USD.EUR.SP00.A,D,USD,EUR,SP00,A,2021-12-09,1.1311
EXR.D.USD.EUR.SP00.A,D,USD,EUR,SP00,A,2021-12-10,1.1273
EXR.D.USD.EUR.SP00.A,D,USD,EUR,SP00,A,2021-12-13,1.1278
EXR.D.USD.EUR.SP00.A,D,USD,EUR,SP00,A,2021-12-14,1.1309
EXR.D.USD.EUR.SP00.A,D,USD,EUR,SP00,A,2021-12-15,1.1262
EXR.D.USD.EUR.SP00.A,D,USD,EUR,SP00,A,2021-12-16,1.1336
EXR.D.USD.EUR.SP00.A,D,USD,EUR,SP00,A,2021-12-17,1.133
EXR.D.USD.EUR.SP00.A,D,USD,EUR,SP00,A,2021-12-20,1.1273
EXR.D.USD.EUR.SP00.A,D,USD,EUR,SP00,A,2021-12-21,1.1295
EXR.D.USD.EUR.SP00.A,D,USD,EUR,SP00,A,2021-12-22,1.1301
EXR.D.USD.EUR.SP00.A,D,USD,EUR,SP00,A,2021-12-23,1.131
EXR.D.USD.EUR.SP00.A,D,USD,EUR,SP00,A,2021-12-24,1.1317
EXR.D.USD.EUR.SP00.A,D,USD,EUR,SP00,A,2021-12-27,1.1312
EXR.D.USD.EUR.SP00.A,D,USD,EUR,SP00,A,2021-12-28,1.1331
EXR.D.USD.EUR.SP00.A,D,USD,EUR,SP00,A,2021-12-29,1.1303
EXR.D.USD.EUR.SP00.A,D,USD,EUR,SP00,A,2021-12-30,1.1334
EXR.D.USD.EUR.SP00.A,D,USD,EUR,SP00,A,2021-12-31,1.1326
EXR.D.USD.EUR.SP00.A,D,USD,EUR,SP00,A,2022-01-03,1.1355
EXR.D.USD.EUR.SP00.A,D,USD,EUR,SP00,A,2022-01-04,1.1279
EXR.D.USD.EUR.SP00.A,D,USD,EUR,SP00,A,2022-01-05,1.1319
EXR.D.USD.EUR.SP00.A,D,USD,EUR,SP00,A,2022-01-06,1.1315
EXR.D.USD.EUR.SP00.A,D,USD,EUR,SP00,A,2022-01-07,1.1298
EXR.D.USD.EUR.SP00.A,D,USD,EUR,SP00,A,2022-01-10,1.1318
EXR.D.USD.EUR.SP00.A,D,USD,EUR,SP00,A,2022-01-11,1.1336
EXR.D.USD.EUR.SP00.A,D,USD,EUR,SP00,A,2022-01-12,1.137
EXR.D.USD.EUR.SP00.A,D,USD,EUR,SP00,A,2022-01-13,1.1463
EXR.D.USD.EUR.SP00.A,D,USD,EUR,SP00,A,2022-01-14,1.1447
EXR.D.USD.EUR.SP00.A,D,USD,EUR,SP00,A,2022-01-17,1.1403
EXR.D.USD.EUR.SP00.A,D,USD,EUR,SP00,A,2022-01-18,1.1367
EXR.D.USD.EUR.SP00.A,D,USD,EUR,SP00,A,2022-01-19,1.1345
EXR.D.USD.EUR.SP00.A,D,USD,EUR,SP00,A,2022-01-20,1.1338
EXR.D.USD.EUR.SP00.A,D,USD,EUR,SP00,A,2022-01-21,1.1348
EXR.D.USD.EUR.SP00.A,D,USD,EUR,SP00,A,2022-01-24,1.1304
EXR.D.USD.EUR.SP00.A,D,USD,EUR,SP00,A,2022-01-25,1.1268
EXR.D.USD.EUR.SP00.A,D,USD,EUR,SP00,A,2022-01-26,1.1277
EXR.D.USD.EUR.SP00.A,D,USD,EUR,SP00,A,2022-01-27,1.116
EXR.D.USD.EUR.SP00.A,D,USD,EUR,SP00,A,2022-01-28,1.1138
EXR.D.USD.EUR.SP00.A,D,USD,EUR,SP00,A,2022-01-31,1.1156
EXR.D.USD.EUR.SP00.A,D,USD,EUR,SP00,A,2022-02-01,1.126
EXR.D.USD.EUR.SP00.A,D,USD,EUR,SP00,A,2022-02-02,1.1323
EXR.D.USD.EUR.SP00.A,D,USD,EUR,SP00,A,2022-02-03,1.1286
EXR.D.USD.EUR.SP00.A,D,USD,EUR,SP00,A,2022-02-04,1.1464
EXR.D.USD.EUR.SP00.A,D,USD,EUR,SP00,A,2022-02-07,1.1447
EXR.D.USD.EUR.SP00.A,D,USD,EUR,SP00,A,2022-02-08,1.1408
EXR.D.USD.EUR.SP00.A,D,USD,EUR,SP00,A,2022-02-09,1.1435
EXR.D.USD.EUR.SP00.A,D,USD,EUR,SP00,A,2022-02-10,1.1439
EXR.D.USD.EUR.SP00.A,D,USD,EUR,SP00,A,2022-02-11,1.1417
EXR.D.USD.EUR.SP00.A,D,USD,EUR,SP00,A,2022-02-14,1.1316
EXR.D.USD.EUR.SP00.A,D,USD,EUR,SP00,A,2022-02-15,1.1345
EXR.D.USD.EUR.SP00.A,D,USD,EUR,SP00,A,2022-02-16,1.1372
EXR.D.USD.EUR.SP00.A,D,USD,EUR,SP00,A,2022-02-17,1.137
EXR.D.USD.EUR.SP00.A,D,USD,EUR,SP00,A,2022-02-18,1.1354
EXR.D.USD.EUR.SP00.A,D,USD,EUR,SP00,A,2022-02-21,1.1338
EXR.D.USD.EUR.SP00.A,D,USD,EUR,SP00,A,2022-02-22,1.1342
EXR.D.USD.EUR.SP00.A,D,USD,EUR,SP00,A,2022-02-23,1.1344
EXR.D.USD.EUR.SP00.A,D,USD,EUR,SP00,A,2022-02-24,1.1163
EXR.D.USD.EUR.SP00.A,D,USD,EUR,SP00,A,2022-02-25,1.1216
EXR.D.USD.EUR.SP00.A,D,USD,EUR,SP00,A,2022-02-28,1.1199
EXR.D.USD.EUR.SP00.A,D,USD,EUR,SP00,A,2022-03-01,1.1162
EXR.D.USD.EUR.SP00.A,D,USD,EUR,SP00,A,2022-03-02,1.1106
EXR.D.USD.EUR.SP00.A,D,USD,EUR,SP00,A,2022-03-03,1.1076
EXR.D.USD.EUR.SP00.A,D,USD,EUR,SP00,A,2022-03-04,1.0929
EXR.D.USD.EUR.SP00.A,D,USD,EUR,SP00,A,2022-03-07,1.0895
EXR.D.USD.EUR.SP00.A,D,USD,EUR,SP00,A,2022-03-08,1.0892
EXR.D.USD.EUR.SP00.A,D,USD,EUR,SP00,A,2022-03-09,1.0993
EXR.D.USD.EUR.SP00.A,D,USD,EUR,SP00,A,2022-03-10,1.1084
EXR.D.USD.EUR.SP00.A,D,USD,EUR,SP00,A,2022-03-11,1.099
EXR.D.USD.EUR.SP00.A,D,USD,EUR,SP00,A,2022-03-14,1.096
EXR.D.USD.EUR.SP00.A,D,USD,EUR,SP00,A,2022-03-15,1.0991
EXR.D.USD.EUR.SP00.A,D,USD,EUR,SP00,A,2022-03-16,1.0994
EXR.D.USD.EUR.SP00.A,D,USD,EUR,SP00,A,2022-03-17,1.1051
EXR.D.USD.EUR.SP00.A,D,USD,EUR,SP00,A,2022-03-18,1.1008
EXR.D.USD.EUR.SP00.A,D,USD,EUR,SP00,A,2022-03-21,1.1038
EXR.D.USD.EUR.SP00.A,D,USD,EUR,SP00,A,2022-03-22,1.1024
EXR.D.USD.EUR.SP00.A,D,USD,EUR,SP00,A,2022-03-23,1.0985
EXR.D.USD.EUR.SP00.A,D,USD,EUR,SP00,A,2022-03-24,1.0978
EXR.D.USD.EUR.SP00.A,D,USD,EUR,SP00,A,2022-03-25,1.1002
EXR.D.USD.EUR.SP00.A,D,USD,EUR,SP00,A,2022-03-28,1.0966
EXR.D.USD.EUR.SP00.A,D,USD,EUR,SP00,A,2022-03-29,1.1085
EXR.D.USD.EUR.SP00.A,D,USD,EUR,SP00,A,2022-03-30,1.1126
EXR.D.USD.EUR.SP00.A,D,USD,EUR,SP00,A,2022-03-31,1.1101
EXR.D.USD.EUR.SP00.A,D,USD,EUR,SP00,A,2022-04-01,1.1052
EXR.D.USD.EUR.SP00.A,D,USD,EUR,SP00,A,2022-04-04,1.1005
EXR.D.USD.EUR.SP00.A,D,USD,EUR,SP00,A,2022-04-05,1.0969
EXR.D.USD.EUR.SP00.A,D,USD,EUR,SP00,A,2022-04-06,1.0923
EXR.D.USD.EUR.SP00.A,D,USD,EUR,SP00,A,2022-04-07,1.0916
EXR.D.USD.EUR.SP00.A,D,USD,EUR,SP00,A,2022-04-08,1.0861
EXR.D.USD.EUR.SP00.A,D,USD,EUR,SP00,A,2022-04-11,1.09
EXR.D.USD.EUR.SP00.A,D,USD,EUR,SP00,A,2022-04-12,1.0861
EXR.D.USD.EUR.SP00.A,D,USD,EUR,SP00,A,2022-04-13,1.0826
EXR.D.USD.EUR.SP00.A,D,USD,EUR,SP00,A,2022-04-14,1.0878
EXR.D.USD.EUR.SP00.A,D,USD,EUR,SP00,A,2022-04-19,1.0803
EXR.D.USD.EUR.SP00.A,D,USD,EUR,SP00,A,2022-04-20,1.083
EXR.D.USD.EUR.SP00.A,D,USD,EUR,SP00,A,2022-04-21,1.0887
EXR.D.USD.EUR.SP00.A,D,USD,EUR,SP00,A,2022-04-22,1.0817
EXR.D.USD.EUR.SP00.A,D,USD,EUR,SP00,A,2022-04-25,1.0746
EXR.D.USD.EUR.SP00.A,D,USD,EUR,SP00,A,2022-04-26,1.0674
EXR.D.USD.EUR.SP00.A,D,USD,EUR,SP00,A,2022-04-27,1.0583
EXR.D.USD.EUR.SP00.A,D,USD,EUR,SP00,A,2022-04-28,1.0485
EXR.D.USD.EUR.SP00.A,D,USD,EUR,SP00,A,2022-04-29,1.054
EXR.D.USD.EUR.SP00.A,D,USD,EUR,SP00,A,2022-05-02,1.0524
EXR.D.USD.EUR.SP00.A,D,USD,EUR,SP00,A,2022-05-03,1.0556
EXR.D.USD.EUR.SP00.A,D,USD,EUR,SP00,A,2022-05-04,1.0531
EXR.D.USD.EUR.SP00.A,D,USD,EUR,SP00,A,2022-05-05,1.0568
EXR.D.USD.EUR.SP00.A,D,USD,EUR,SP00,A,2022-05-06,1.057
EXR.D.USD.EUR.SP00.A,D,USD,EUR,SP00,A,2022-05-09,1.0559
EXR.D.USD.EUR.SP00.A,D,USD,EUR,SP00,A,2022-05-10,1.0554
EXR.D.USD.EUR.SP00.A,D,USD,EUR,SP00,A,2022-05-11,1.0553
EXR.D.USD.EUR.SP00.A,D,USD,EUR,SP00,A,2022-05-12,1.0408
EXR.D.USD.EUR.SP00.A,D,USD,EUR,SP00,A,2022-05-13,1.0385
EXR.D.USD.EUR.SP00.A,D,USD,EUR,SP00,A,2022-05-16,1.0422
EXR.D.USD.EUR.SP00.A,D,USD,EUR,SP00,A,2022-05-17,1.0541
EXR.D.USD.EUR.SP00.A,D,USD,EUR,SP00,A,2022-05-18,1.0523
EXR.D.USD.EUR.SP00.A,D,USD,EUR,SP00,A,2022-05-19,1.0525
EXR.D.USD.EUR.SP00.A,D,USD,EUR,SP00,A,2022-05-20,1.0577
EXR.D.USD.EUR.SP00.A,D,USD,EUR,SP00,A,2022-05-23,1.0659
EXR.D.USD.EUR.SP00.A,D,USD,EUR,SP00,A,2022-05-24,1.072
EXR.D.USD.EUR.SP00.A,D,USD,EUR,SP00,A,2022-05-25,1.0656
EXR.D.USD.EUR.SP00.A,D,USD,EUR,SP00,A,2022-05-26,1.0697
EXR.D.USD.EUR.SP00.A,D,USD,EUR,SP00,A,2022-05-27,1.0722
EXR.D.USD.EUR.SP00.A,D,USD,EUR,SP00,A,2022-05-30,1.0764
EXR.D.USD.EUR.SP00.A,D,USD,EUR,SP00,A,2022-05-31,1.0713
EXR.D.USD.EUR.SP00.A,D,USD,EUR,SP00,A,2022-06-01,1.0712
EXR.D.USD.EUR.SP00.A,D,USD,EUR,SP00,A,2022-06-02,1.0692
EXR.D.USD.EUR.SP00.A,D,USD,EUR,SP00,A,2022-06-03,1.073
EXR.D.USD.EUR.SP00.A,D,USD,EUR,SP00,A,2022-06-06,1.0726
EXR.D.USD.EUR.SP00.A,D,USD,EUR,SP00,A,2022-06-07,1.0662
EXR.D.USD.EUR.SP00.A,D,USD,EUR,SP00,A,2022-06-08,1.0739
EXR.D.USD.EUR.SP00.A,D,USD,EUR,SP00,A,2022-06-09,1.0743
EXR.D.USD.EUR.SP00.A,D,USD,EUR,SP00,A,2022-06-10,1.0578
EXR.D.USD.EUR.SP00.A,D,USD,EUR,SP00,A,2022-06-13,1.0455
EXR.D.USD.EUR.SP00.A,D,USD,EUR,SP00,A,2022-06-14,1.0452
EXR.D.USD.EUR.SP00.A,D,USD,EUR,SP00,A,2022-06-15,1.0431
EXR.D.USD.EUR.SP00.A,D,USD,EUR,SP00,A,2022-06-16,1.04
EXR.D.USD.EUR.SP00.A,D,USD,EUR,SP00,A,2022-06-17,1.0486
EXR.D.USD.EUR.SP00.A,D,USD,EUR,SP00,A,2022-06-20,1.0517
EXR.D.USD.EUR.SP00.A,D,USD,EUR,SP00,A,2022-06-21,1.055
EXR.D.USD.EUR.SP00.A,D,USD,EUR,SP00,A,2022-06-22,1.0521
EXR.D.USD.EUR.SP00.A,D,USD,EUR,SP00,A,2022-06-23,1.0493
EXR.D.USD.EUR.SP00.A,D,USD,EUR,SP00,A,2022-06-24,1.0524
EXR.D.USD.EUR.SP00.A,D,USD,EUR,SP00,A,2022-06-27,1.0572
EXR.D.USD.EUR.SP00.A,D,USD,EUR,SP00,A,2022-06-28,1.0561
EXR.D.USD.EUR.SP00.A,D,USD,EUR,SP00,A,2022-06-29,1.0517
EXR.D.USD.EUR.SP00.A,D,USD,EUR,SP00,A,2022-06-30,1.0387
EXR.D.USD.EUR.SP00.A,D,USD,EUR,SP00,A,2022-07-01,1.0425
EXR.D.USD.EUR.SP00.A,D,USD,EUR,SP00,A,2022-07-04,1.0455
EXR.D.USD.EUR.SP00.A,D,USD,EUR,SP00,A,2022-07-05,1.029
EXR.D.USD.EUR.SP00.A,D,USD,EUR,SP00,A,2022-07-06,1.0177
EXR.D.USD.EUR.SP00.A,D,USD,EUR,SP00,A,2022-07-07,1.018
EXR.D.USD.EUR.SP00.A,D,USD,EUR,SP00,A,2022-07-08,1.0163
EXR.D.USD.EUR.SP00.A,D,USD,EUR,SP00,A,2022-07-11,1.0098
EXR.D.USD.EUR.SP00.A,D,USD,EUR,SP00,A,2022-07-12,1.0042
EXR.D.USD.EUR.SP00.A,D,USD,EUR,SP00,A,2022-07-13,1.0067
EXR.D.USD.EUR.SP00.A,D,USD,EUR,SP00,A,2022-07-14,1.0005
EXR.D.USD.EUR.SP00.A,D,USD,EUR,SP00,A,2022-07-15,1.0059
EXR.D.USD.EUR.SP00.A,D,USD,EUR,SP00,A,2022-07-18,1.0131
EXR.D.USD.EUR.SP00.A,D,USD,EUR,SP00,A,2022-07-19,1.0245
EXR.D.USD.EUR.SP00.A,D,USD,EUR,SP00,A,2022-07-20,1.0199
EXR.D.USD.EUR.SP00.A,D,USD,EUR,SP00,A,2022-07-21,1.0199
EXR.D.USD.EUR.SP00.A,D,USD,EUR,SP00,A,2022-07-22,1.019
EXR.D.USD.EUR.SP00.A,D,USD,EUR,SP00,A,2022-07-25,1.0236
EXR.D.USD.EUR.SP00.A,D,USD,EUR,SP00,A,2022-07-26,1.0124
EXR.D.USD.EUR.SP00.A,D,USD,EUR,SP00,A,2022-07-27,1.0152
EXR.D.USD.EUR.SP00.A,D,USD,EUR,SP00,A,2022-07-28,1.0122
EXR.D.USD.EUR.SP00.A,D,USD,EUR,SP00,A,2022-07-29,1.0198
EXR.D.USD.EUR.SP00.A,D,USD,EUR,SP00,A,2022-08-01,1.0233
EXR.D.USD.EUR.SP00.A,D,USD,EUR,SP00,A,2022-08-02,1.0224
EXR.D.USD.EUR.SP00.A,D,USD,EUR,SP00,A,2022-08-03,1.0194
EXR.D.USD.EUR.SP00.A,D,USD,EUR,SP00,A,2022-08-04,1.0181
EXR.D.USD.EUR.SP00.A,D,USD,EUR,SP00,A,2022-08-05,1.0233
EXR.D.USD.EUR.SP00.A,D,USD,EUR,SP00,A,2022-08-08,1.0199
EXR.D.USD.EUR.SP00.A,D,USD,EUR,SP00,A,2022-08-09,1.0234
EXR.D.USD.EUR.SP00.A,D,USD,EUR,SP00,A,2022-08-10,1.0252
EXR.D.USD.EUR.SP00.A,D,USD,EUR,SP00,A,2022-08-11,1.0338
EXR.D.USD.EUR.SP00.A,D,USD,EUR,SP00,A,2022-08-12,1.0285
EXR.D.USD.EUR.SP00.A,D,USD,EUR,SP00,A,2022-08-15,1.0195
EXR.D.USD.EUR.SP00.A,D,USD,EUR,SP00,A,2022-08-16,1.0131
EXR.D.USD.EUR.SP00.A,D,USD,EUR,SP00,A,2022-08-17,1.0164
EXR.D.USD.EUR.SP00.A,D,USD,EUR,SP00,A,2022-08-18,1.0178
EXR.D.USD.EUR.SP00.A,D,USD,EUR,SP00,A,2022-08-19,1.0054
EXR.D.USD.EUR.SP00.A,D,USD,EUR,SP00,A,2022-08-22,1.0001
EXR.D.USD.EUR.SP00.A,D,USD,EUR,SP00,A,2022-08-23,0.9927
EXR.D.USD.EUR.SP00.A,D,USD,EUR,SP00,A,2022-08-24,0.9934
EXR.D.USD.EUR.SP00.A,D,USD,EUR,SP00,A,2022-08-25,0.997
EXR.D.USD.EUR.SP00.A,D,USD,EUR,SP00,A,2022-08-26,1.0007
EXR.D.USD.EUR.SP00.A,D,USD,EUR,SP00,A,2022-08-29,0.9986
EXR.D.USD.EUR.SP00.A,D,USD,EUR,SP00,A,2022-08-30,1.0034
EXR.D.USD.EUR.SP00.A,D,USD,EUR,SP00,A,2022-08-31,1
EXR.D.USD.EUR.SP00.A,D,USD,EUR,SP00,A,2022-09-01,1.0004
EXR.D.USD.EUR.SP00.A,D,USD,EUR,SP00,A,2022-09-02,0.9993
EXR.D.USD.EUR.SP00.A,D,USD,EUR,SP00,A,2022-09-05,0.992
EXR.D.USD.EUR.SP00.A,D,USD,EUR,SP00,A,2022-09-06,0.9928
EXR.D.USD.EUR.SP00.A,D,USD,EUR,SP00,A,2022-09-07,0.9885
EXR.D.USD.EUR.SP00.A,D,USD,EUR,SP00,A,2022-09-08,1.0009
EXR.D.USD.EUR.SP00.A,D,USD,EUR,SP00,A,2022-09-09,1.0049
EXR.D.USD.EUR.SP00.A,D,USD,EUR,SP00,A,2022-09-12,1.0155
EXR.D.USD.EUR.SP00.A,D,USD,EUR,SP00,A,2022-09-13,1.0175
EXR.D.USD.EUR.SP00.A,D,USD,EUR,SP00,A,2022-09-14,0.999
EXR.D.USD.EUR.SP00.A,D,USD,EUR,SP00,A,2022-09-15,0.9992
EXR.D.USD.EUR.SP00.A,D,USD,EUR,SP00,A,2022-09-16,0.9954
EXR.D.USD.EUR.SP00.A,D,USD,EUR,SP00,A,2022-09-19,0.999
EXR.D.USD.EUR.SP00.A,D,USD,EUR,SP00,A,2022-09-20,0.9986
EXR.D.USD.EUR.SP00.A,D,USD,EUR,SP00,A,2022-09-21,0.9906
EXR.D.USD.EUR.SP00.A,D,USD,EUR,SP00,A,2022-09-22,0.9884
EXR.D.USD.EUR.SP00.A,D,USD,EUR,SP00,A,2022-09-23,0.9754
EXR.D.USD.EUR.SP00.A,D,USD,EUR,SP00,A,2022-09-26,0.9646
EXR.D.USD.EUR.SP00.A,D,USD,EUR,SP00,A,2022-09-27,0.9644
EXR.D.USD.EUR.SP00.A,D,USD,EUR,SP00,A,2022-09-28,0.9565
EXR.D.USD.EUR.SP00.A,D,USD,EUR,SP00,A,2022-09-29,0.9706
EXR.D.USD.EUR.SP00.A,D,USD,EUR,SP00,A,2022-09-30,0.9748
EXR.D.USD.EUR.SP00.A,D,USD,EUR,SP00,A,2022-10-03,0.9764
EXR.D.USD.EUR.SP00.A,D,USD,EUR,SP00,A,2022-10-04,0.9891
EXR.D.USD.EUR.SP00.A,D,USD,EUR,SP00,A,2022-10-05,0.9915
EXR.D.USD.EUR.SP00.A,D,USD,EUR,SP00,A,2022-10-06,0.986
EXR.D.USD.EUR.SP00.A,D,USD,EUR,SP00,A,2022-10-07,0.9797
EXR.D.USD.EUR.SP00.A,D,USD,EUR,SP00,A,2022-10-10,0.9697
EXR.D.USD.EUR.SP00.A,D,USD,EUR,SP00,A,2022-10-11,0.9723
EXR.D.USD.EUR.SP00.A,D,USD,EUR,SP00,A,2022-10-12,0.9706
EXR.D.USD.EUR.SP00.A,D,USD,EUR,SP00,A,2022-10-13,0.9739
EXR.D.USD.EUR.SP00.A,D,USD,EUR,SP00,A,2022-10-14,0.9717
EXR.D.USD.EUR.SP00.A,D,USD,EUR,SP00,A,2022-10-17,0.9739
EXR.D.USD.EUR.SP00.A,D,USD,EUR,SP00,A,2022-10-18,0.9835
EXR.D.USD.EUR.SP00.A,D,USD,EUR,SP00,A,2022-10-19,0.9778
EXR.D.USD.EUR.SP00.A,D,USD,EUR,SP00,A,2022-10-20,0.9811
EXR.D.USD.EUR.SP00.A,D,USD,EUR,SP00,A,2022-10-21,0.973
EXR.D.USD.EUR.SP00.A,D,USD,EUR,SP00,A,2022-10-24,0.9851
EXR.D.USD.EUR.SP00.A,D,USD,EUR,SP00,A,2022-10-25,0.9861
EXR.D.USD.EUR.SP00.A,D,USD,EUR,SP00,A,2022-10-26,1.0023
EXR.D.USD.EUR.SP00.A,D,USD,EUR,SP00,A,2022-10-27,1.0037
EXR.D.USD.EUR.SP00.A,D,USD,EUR,SP00,A,2022-10-28,0.9951
EXR.D.USD.EUR.SP00.A,D,USD,EUR,SP00,A,2022-10-31,0.9914
EXR.D.USD.EUR.SP00.A,D,USD,EUR,SP00,A,2022-11-01,0.9947
EXR.D.USD.EUR.SP00.A,D,USD,EUR,SP00,A,2022-11-02,0.9908
EXR.D.USD.EUR.SP00.A,D,USD,EUR,SP00,A,2022-11-03,0.9753
EXR.D.USD.EUR.SP00.A,D,USD,EUR,SP00,A,2022-11-04,0.9872
EXR.D.USD.EUR.SP00.A,D,USD,EUR,SP00,A,2022-11-07,0.9993
EXR.D.USD.EUR.SP00.A,D,USD,EUR,SP00,A,2022-11-08,0.9996
EXR.D.USD.EUR.SP00.A,D,USD,EUR,SP00,A,2022-11-09,1.0039
EXR.D.USD.EUR.SP00.A,D,USD,EUR,SP00,A,2022-11-10,0.9954
EXR.D.USD.EUR.SP00.A,D,USD,EUR,SP00,A,2022-11-11,1.0308
EXR.D.USD.EUR.SP00.A,D,USD,EUR,SP00,A,2022-11-14,1.0319
EXR.D.USD.EUR.SP00.A,D,USD,EUR,SP00,A,2022-11-15,1.0404
EXR.D.USD.EUR.SP00.A,D,USD,EUR,SP00,A,2022-11-16,1.0412
EXR.D.USD.EUR.SP00.A,D,USD,EUR,SP00,A,2022-11-17,1.0319
EXR.D.USD.EUR.SP00.A,D,USD,EUR,SP00,A,2022-11-18,1.0366
EXR.D.USD.EUR.SP00.A,D,USD,EUR,SP00,A,2022-11-21,1.0246
EXR.D.USD.EUR.SP00.A,D,USD,EUR,SP00,A,2022-11-22,1.0274
EXR.D.USD.EUR.SP00.A,D,USD,EUR,SP00,A,2022-11-23,1.0325
EXR.D.USD.EUR.SP00.A,D,USD,EUR,SP00,A,2022-11-24,1.0413
EXR.D.USD.EUR.SP00.A,D,USD,EUR,SP00,A,2022-11-25,1.0375
EXR.D.USD.EUR.SP00.A,D,USD,EUR,SP00,A,2022-11-28,1.0463
EXR.D.USD.EUR.SP00.A,D,USD,EUR,SP00,A,2022-11-29,1.0366
EXR.D.USD.EUR.SP00.A,D,USD,EUR,SP00,A,2022-11-30,1.0376
EXR.D.USD.EUR.SP00.A,D,USD,EUR,SP00,A,2022-12-01,1.0454
EXR.D.USD.EUR.SP00.A,D,USD,EUR,SP00,A,2022-12-02,1.0538
EXR.D.USD.EUR.SP00.A,D,USD,EUR,SP00,A,2022-12-05,1.0587
EXR.D.USD.EUR.SP00.A,D,USD,EUR,SP00,A,2022-12-06,1.0516
EXR.D.USD.EUR.SP00.A,D,USD,EUR,SP00,A,2022-12-07,1.0529
EXR.D.USD.EUR.SP00.A,D,USD,EUR,SP00,A,2022-12-08,1.0519
EXR.D.USD.EUR.SP00.A,D,USD,EUR,SP00,A,2022-12-09,1.0559
EXR.D.USD.EUR.SP00.A,D,USD,EUR,SP00,A,2022-12-12,1.0562
EXR.D.USD.EUR.SP00.A,D,USD,EUR,SP00,A,2022-12-13,1.0545
EXR.D.USD.EUR.SP00.A,D,USD,EUR,SP00,A,2022-12-14,1.0649
EXR.D.USD.EUR.SP00.A,D,USD,EUR,SP00,A,2022-12-15,1.0621
EXR.D.USD.EUR.SP00.A,D,USD,EUR,SP00,A,2022-12-16,1.0619
EXR.D.USD.EUR.SP00.A,D,USD,EUR,SP00,A,2022-12-19,1.0598
EXR.D.USD.EUR.SP00.A,D,USD,EUR,SP00,A,2022-12-20,1.0599
EXR.D.USD.EUR.SP00.A,D,USD,EUR,SP00,A,2022-12-21,1.0636
EXR.D.USD.EUR.SP00.A,D,USD,EUR,SP00,A,2022-12-22,1.0633
EXR.D.USD.EUR.SP00.A,D,USD,EUR,SP00,A,2022-12-23,1.0622
EXR.D.USD.EUR.SP00.A,D,USD,EUR,SP00,A,2022-12-27,1.0624
EXR.D.USD.EUR.SP00.A,D,USD,EUR,SP00,A,2022-12-28,1.064
EXR.D.USD.EUR.SP00.A,D,USD,EUR,SP00,A,2022-12-29,1.0649
EXR.D.USD.EUR.SP00.A,D,USD,EUR,SP00,A,2022-12-30,1.0666
EXR.D.USD.EUR.SP00.A,D,USD,EUR,SP00,A,2023-01-02,1.0683
EXR.D.USD.EUR.SP00.A,D,USD,EUR,SP00,A,2023-01-03,1.0545
EXR.D.USD.EUR.SP00.A,D,USD,EUR,SP00,A,2023-01-04,1.0599
EXR.D.USD.EUR.SP00.A,D,USD,EUR,SP00,A,2023-01-05,1.0601
EXR.D.USD.EUR.SP00.A,D,USD,EUR,SP00,A,2023-01-06,1.05
EXR.D.USD.EUR.SP00.A,D,USD,EUR,SP00,A,2023-01-09,1.0696
EXR.D.USD.EUR.SP00.A,D,USD,EUR,SP00,A,2023-01-10,1.0723
EXR.D.USD.EUR.SP00.A,D,USD,EUR,SP00,A,2023-01-11,1.0747
EXR.D.USD.EUR.SP00.A,D,USD,EUR,SP00,A,2023-01-12,1.0772
EXR.D.USD.EUR.SP00.A,D,USD,EUR,SP00,A,2023-01-13,1.0814
EXR.D.USD.EUR.SP00.A,D,USD,EUR,SP00,A,2023-01-16,1.0812
EXR.D.USD.EUR.SP00.A,D,USD,EUR,SP00,A,2023-01-17,1.0843
EXR.D.USD.EUR.SP00.A,D,USD,EUR,SP00,A,2023-01-18,1.0839
EXR.D.USD.EUR.SP00.A,D,USD,EUR,SP00,A,2023-01-19,1.0815
EXR.D.USD.EUR.SP00.A,D,USD,EUR,SP00,A,2023-01-20,1.0826
EXR.D.USD.EUR.SP00.A,D,USD,EUR,SP00,A,2023-01-23,1.0871
EXR.D.USD.EUR.SP00.A,D,USD,EUR,SP00,A,2023-01-24,1.0858
EXR.D.USD.EUR.SP00.A,D,USD,EUR,SP00,A,2023-01-25,1.0878
EXR.D.USD.EUR.SP00.A,D,USD,EUR,SP00,A,2023-01-26,1.0895
EXR.D.USD.EUR.SP00.A,D,USD,EUR,SP00,A,2023-01-27,1.0865
EXR.D.USD.EUR.SP00.A,D,USD,EUR,SP00,A,2023-01-30,1.0903
EXR.D.USD.EUR.SP00.A,D,USD,EUR,SP00,A,2023-01-31,1.0833
EXR.D.USD.EUR.SP00.A,D,USD,EUR,SP00,A,2023-02-01,1.0894
EXR.D.USD.EUR.SP00.A,D,USD,EUR,SP00,A,2023-02-02,1.0988
EXR.D.USD.EUR.SP00.A,D,USD,EUR,SP00,A,2023-02-03,1.0937
EXR.D.USD.EUR.SP00.A,D,USD,EUR,SP00,A,2023-02-06,1.0776
EXR.D.USD.EUR.SP00.A,D,USD,EUR,SP00,A,2023-02-07,1.07
EXR.D.USD.EUR.SP00.A,D,USD,EUR,SP00,A,2023-02-08,1.0735
EXR.D.USD.EUR.SP00.A,D,USD,EUR,SP00,A,2023-02-09,1.0771
EXR.D.USD.EUR.SP00.A,D,USD,EUR,SP00,A,2023-02-10,1.069
EXR.D.USD.EUR.SP00.A,D,USD,EUR,SP00,A,2023-02-13,1.0686
EXR.D.USD.EUR.SP00.A,D,USD,EUR,SP00,A,2023-02-14,1.0759
EXR.D.USD.EUR.SP00.A,D,USD,EUR,SP00,A,2023-02-15,1.07
EXR.D.USD.EUR.SP00.A,D,USD,EUR,SP00,A,2023-02-16,1.07
EXR.D.USD.EUR.SP00.A,D,USD,EUR,SP00,A,2023-02-17,1.0625
EXR.D.USD.EUR.SP00.A,D,USD,EUR,SP00,A,2023-02-20,1.0674
EXR.D.USD.EUR.SP00.A,D,USD,EUR,SP00,A,2023-02-21,1.0664
EXR.D.USD.EUR.SP00.A,D,USD,EUR,SP00,A,2023-02-22,1.0644
EXR.D.USD.EUR.SP00.A,D,USD,EUR,SP00,A,2023-02-23,1.0616
EXR.D.USD.EUR.SP00.A,D,USD,EUR,SP00,A,2023-02-24,1.057
EXR.D.USD.EUR.SP00.A,D,USD,EUR,SP00,A,2023-02-27,1.0554
EXR.D.USD.EUR.SP00.A,D,USD,EUR,SP00,A,2023-02-28,1.0619
EXR.D.USD.EUR.SP00.A,D,USD,EUR,SP00,A,2023-03-01,1.0684
EXR.D.USD.EUR.SP00.A,D,USD,EUR,SP00,A,2023-03-02,1.0605
EXR.D.USD.EUR.SP00.A,D,USD,EUR,SP00,A,2023-03-03,1.0615
EXR.D.USD.EUR.SP00.A,D,USD,EUR,SP00,A,2023-03-06,1.0646
EXR.D.USD.EUR.SP00.A,D,USD,EUR,SP00,A,2023-03-07,1.0665
EXR.D.USD.EUR.SP00.A,D,USD,EUR,SP00,A,2023-03-08,1.0545
EXR.D.USD.EUR.SP00.A,D,USD,EUR,SP00,A,2023-03-09,1.0554
EXR.D.USD.EUR.SP00.A,D,USD,EUR,SP00,A,2023-03-10,1.0586
EXR.D.USD.EUR.SP00.A,D,USD,EUR,SP00,A,2023-03-13,1.0706
EXR.D.USD.EUR.SP00.A,D,USD,EUR,SP00,A,2023-03-14,1.0737
EXR.D.USD.EUR.SP00.A,D,USD,EUR,SP00,A,2023-03-15,1.0549
EXR.D.USD.EUR.SP00.A,D,USD,EUR,SP00,A,2023-03-16,1.0595
EXR.D.USD.EUR.SP00.A,D,USD,EUR,SP00,A,2023-03-17,1.0623
EXR.D.USD.EUR.SP00.A,D,USD,EUR,SP00,A,2023-03-20,1.0717
EXR.D.USD.EUR.SP00.A,D,USD,EUR,SP00,A,2023-03-21,1.0776
EXR.D.USD.EUR.SP00.A,D,USD,EUR,SP00,A,2023-03-22,1.0785
EXR.D.USD.EUR.SP00.A,D,USD,EUR,SP00,A,2023-03-23,1.0879
EXR.D.USD.EUR.SP00.A,D,USD,EUR,SP00,A,2023-03-24,1.0745
EXR.D.USD.EUR.SP00.A,D,USD,EUR,SP00,A,2023-03-27,1.0773
EXR.D.USD.EUR.SP00.A,D,USD,EUR,SP00,A,2023-03-28,1.0841
EXR.D.USD.EUR.SP00.A,D,USD,EUR,SP00,A,2023-03-29,1.0847
EXR.D.USD.EUR.SP00.A,D,USD,EUR,SP00,A,2023-03-30,1.0886
EXR.D.USD.EUR.SP00.A,D,USD,EUR,SP00,A,2023-03-31,1.0875
EXR.D.USD.EUR.SP00.A,D,USD,EUR,SP00,A,2023-04-03,1.087
EXR.D.USD.EUR.SP00.A,D,USD,EUR,SP00,A,2023-04-04,1.0901
EXR.D.USD.EUR.SP00.A,D,USD,EUR,SP00,A,2023-04-05,1.094
EXR.D.USD.EUR.SP00.A,D,USD,EUR,SP00,A,2023-04-06,1.0915
EXR.D.USD.EUR.SP00.A,D,USD,EUR,SP00,A,2023-04-11,1.0905
EXR.D.USD.EUR.SP00.A,D,USD,EUR,SP00,A,2023-04-12,1.0922
EXR.D.USD.EUR.SP00.A,D,USD,EUR,SP00,A,2023-04-13,1.1015
EXR.D.USD.EUR.SP00.A,D,USD,EUR,SP00,A,2023-04-14,1.1057
EXR.D.USD.EUR.SP00.A,D,USD,EUR,SP00,A,2023-04-17,1.0981
EXR.D.USD.EUR.SP00.A,D,USD,EUR,SP00,A,2023-04-18,1.0972
EXR.D.USD.EUR.SP00.A,D,USD,EUR,SP00,A,2023-04-19,1.0933
EXR.D.USD.EUR.SP00.A,D,USD,EUR,SP00,A,2023-04-20,1.0944
EXR.D.USD.EUR.SP00.A,D,USD,EUR,SP00,A,2023-04-21,1.0978
EXR.D.USD.EUR.SP00.A,D,USD,EUR,SP00,A,2023-04-24,1.1002
EXR.D.USD.EUR.SP00.A,D,USD,EUR,SP00,A,2023-04-25,1.1022
EXR.D.USD.EUR.SP00.A,D,USD,EUR,SP00,A,2023-04-26,1.1039
EXR.D.USD.EUR.SP00.A,D,USD,EUR,SP00,A,2023-04-27,1.1042
EXR.D.USD.EUR.SP00.A,D,USD,EUR,SP00,A,2023-04-28,1.0981
EXR.D.USD.EUR.SP00.A,D,USD,EUR,SP00,A,2023-05-02,1.0965
EXR.D.USD.EUR.SP00.A,D,USD,EUR,SP00,A,2023-05-03,1.1043
EXR.D.USD.EUR.SP00.A,D,USD,EUR,SP00,A,2023-05-04,1.1074
EXR.D.USD.EUR.SP00.A,D,USD,EUR,SP00,A,2023-05-05,1.1014
EXR.D.USD.EUR.SP00.A,D,USD,EUR,SP00,A,2023-05-08,1.1037
EXR.D.USD.EUR.SP00.A,D,USD,EUR,SP00,A,2023-05-09,1.0959
EXR.D.USD.EUR.SP00.A,D,USD,EUR,SP00,A,2023-05-10,1.095
EXR.D.USD.EUR.SP00.A,D,USD,EUR,SP00,A,2023-05-11,1.093
EXR.D.USD.EUR.SP00.A,D,USD,EUR,SP00,A,2023-05-12,1.0892
EXR.D.USD.EUR.SP00.A,D,USD,EUR,SP00,A,2023-05-15,1.0876
EXR.D.USD.EUR.SP00.A,D,USD,EUR,SP00,A,2023-05-16,1.0881
EXR.D.USD.EUR.SP00.A,D,USD,EUR,SP00,A,2023-05-17,1.0829
EXR.D.USD.EUR.SP00.A,D,USD,EUR,SP00,A,2023-05-18,1.0813
EXR.D.USD.EUR.SP00.A,D,USD,EUR,SP00,A,2023-05-19,1.0808
EXR.D.USD.EUR.SP00.A,D,USD,EUR,SP00,A,2023-05-22,1.0822
EXR.D.USD.EUR.SP00.A,D,USD,EUR,SP00,A,2023-05-23,1.0779
EXR.D.USD.EUR.SP00.A,D,USD,EUR,SP00,A,2023-05-24,1.0785
EXR.D.USD.EUR.SP00.A,D,USD,EUR,SP00,A,2023-05-25,1.0735
EXR.D.USD.EUR.SP00.A,D,USD,EUR,SP00,A,2023-05-26,1.0751
EXR.D.USD.EUR.SP00.A,D,USD,EUR,SP00,A,2023-05-29,1.0715
EXR.D.USD.EUR.SP00.A,D,USD,EUR,SP00,A,2023-05-30,1.0744
EXR.D.USD.EUR.SP00.A,D,USD,EUR,SP00,A,2023-05-31,1.0683
EXR.D.USD.EUR.SP00.A,D,USD,EUR,SP00,A,2023-06-01,1.0697
EXR.D.USD.EUR.SP00.A,D,USD,EUR,SP00,A,2023-06-02,1.0763
EXR.D.USD.EUR.SP00.A,D,USD,EUR,SP00,A,2023-06-05,1.069
EXR.D.USD.EUR.SP00.A,D,USD,EUR,SP00,A,2023-06-06,1.0683
EXR.D.USD.EUR.SP00.A,D,USD,EUR,SP00,A,2023-06-07,1.0717
EXR.D.USD.EUR.SP00.A,D,USD,EUR,SP00,A,2023-06-08,1.0737
EXR.D.USD.EUR.SP00.A,D,USD,EUR,SP00,A,2023-06-09,1.078
EXR.D.USD.EUR.SP00.A,D,USD,EUR,SP00,A,2023-06-12,1.0765
EXR.D.USD.EUR.SP00.A,D,USD,EUR,SP00,A,2023-06-13,1.0793
EXR.D.USD.EUR.SP00.A,D,USD,EUR,SP00,A,2023-06-14,1.0809
EXR.D.USD.EUR.SP00.A,D,USD,EUR,SP00,A,2023-06-15,1.0819
EXR.D.USD.EUR.SP00.A,D,USD,EUR,SP00,A,2023-06-16,1.0966
EXR.D.USD.EUR.SP00.A,D,USD,EUR,SP00,A,2023-06-19,1.0922
EXR.D.USD.EUR.SP00.A,D,USD,EUR,SP00,A,2023-06-20,1.0933
EXR.D.USD.EUR.SP00.A,D,USD,EUR,SP00,A,2023-06-21,1.0923
EXR.D.USD.EUR.SP00.A,D,USD,EUR,SP00,A,2023-06-22,1.0985
EXR.D.USD.EUR.SP00.A,D,USD,EUR,SP00,A,2023-06-23,1.0884
EXR.D.USD.EUR.SP00.A,D,USD,EUR,SP00,A,2023-06-26,1.0918
EXR.D.USD.EUR.SP00.A,D,USD,EUR,SP00,A,2023-06-27,1.0951
EXR.D.USD.EUR.SP00.A,D,USD,EUR,SP00,A,2023-06-28,1.0938
EXR.D.USD.EUR.SP00.A,D,USD,EUR,SP00,A,2023-06-29,1.0938
EXR.D.USD.EUR.SP00.A,D,USD,EUR,SP00,A,2023-06-30,1.0866
EXR.D.USD.EUR.SP00.A,D,USD,EUR,SP00,A,2023-07-03,1.0899
EXR.D.USD.EUR.SP00.A,D,USD,EUR,SP00,A,2023-07-04,1.0895
EXR.D.USD.EUR.SP00.A,D,USD,EUR,SP00,A,2023-07-05,1.0879
EXR.D.USD.EUR.SP00.A,D,USD,EUR,SP00,A,2023-07-06,1.0899
EXR.D.USD.EUR.SP00.A,D,USD,EUR,SP00,A,2023-07-07,1.0888
EXR.D.USD.EUR.SP00.A,D,USD,EUR,SP00,A,2023-07-10,1.0956
EXR.D.USD.EUR.SP00.A,D,USD,EUR,SP00,A,2023-07-11,1.0989
EXR.D.USD.EUR.SP00.A,D,USD,EUR,SP00,A,2023-07-12,1.1022
EXR.D.USD.EUR.SP00.A,D,USD,EUR,SP00,A,2023-07-13,1.1182
EXR.D.USD.EUR.SP00.A,D,USD,EUR,SP00,A,2023-07-14,1.1221
EXR.D.USD.EUR.SP00.A,D,USD,EUR,SP00,A,2023-07-17,1.123
EXR.D.USD.EUR.SP00.A,D,USD,EUR,SP00,A,2023-07-18,1.1255
EXR.D.USD.EUR.SP00.A,D,USD,EUR,SP00,A,2023-07-19,1.1222
EXR.D.USD.EUR.SP00.A,D,USD,EUR,SP00,A,2023-07-20,1.1197
EXR.D.USD.EUR.SP00.A,D,USD,EUR,SP00,A,2023-07-21,1.1123
EXR.D.USD.EUR.SP00.A,D,USD,EUR,SP00,A,2023-07-24,1.1096
EXR.D.USD.EUR.SP00.A,D,USD,EUR,SP00,A,2023-07-25,1.1051
EXR.D.USD.EUR.SP00.A,D,USD,EUR,SP00,A,2023-07-26,1.1059
EXR.D.USD.EUR.SP00.A,D,USD,EUR,SP00,A,2023-07-27,1.1125
EXR.D.USD.EUR.SP00.A,D,USD,EUR,SP00,A,2023-07-28,1.101
EXR.D.USD.EUR.SP00.A,D,USD,EUR,SP00,A,2023-07-31,1.1023
EXR.D.USD.EUR.SP00.A,D,USD,EUR,SP00,A,2023-08-01,1.097
EXR.D.USD.EUR.SP00.A,D,USD,EUR,SP00,A,2023-08-02,1.0985
EXR.D.USD.EUR.SP00.A,D,USD,EUR,SP00,A,2023-08-03,1.0932
EXR.D.USD.EUR.SP00.A,D,USD,EUR,SP00,A,2023-08-04,1.0946
EXR.D.USD.EUR.SP00.A,D,USD,EUR,SP00,A,2023-08-07,1.0984
EXR.D.USD.EUR.SP00.A,D,USD,EUR,SP00,A,2023-08-08,1.0944
EXR.D.USD.EUR.SP00.A,D,USD,EUR,SP00,A,2023-08-09,1.0968
EXR.D.USD.EUR.SP00.A,D,USD,EUR,SP00,A,2023-08-10,1.1019
EXR.D.USD.EUR.SP00.A,D,USD,EUR,SP00,A,2023-08-11,1.1004
EXR.D.USD.EUR.SP00.A,D,USD,EUR,SP00,A,2023-08-14,1.093
EXR.D.USD.EUR.SP00.A,D,USD,EUR,SP00,A,2023-08-15,1.0926
EXR.D.USD.EUR.SP00.A,D,USD,EUR,SP00,A,2023-08-16,1.0916
EXR.D.USD.EUR.SP00.A,D,USD,EUR,SP00,A,2023-08-17,1.09
EXR.D.USD.EUR.SP00.A,D,USD,EUR,SP00,A,2023-08-18,1.0867
EXR.D.USD.EUR.SP00.A,D,USD,EUR,SP00,A,2023-08-21,1.0908
EXR.D.USD.EUR.SP00.A,D,USD,EUR,SP00,A,2023-08-22,1.0887
EXR.D.USD.EUR.SP00.A,D,USD,EUR,SP00,A,2023-08-23,1.0805
EXR.D.USD.EUR.SP00.A,D,USD,EUR,SP00,A,2023-08-24,1.084
EXR.D.USD.EUR.SP00.A,D,USD,EUR,SP00,A,2023-08-25,1.0808
EXR.D.USD.EUR.SP00.A,D,USD,EUR,SP00,A,2023-08-28,1.0808
EXR.D.USD.EUR.SP00.A,D,USD,EUR,SP00,A,2023-08-29,1.0803
EXR.D.USD.EUR.SP00.A,D,USD,EUR,SP00,A,2023-08-30,1.0886
EXR.D.USD.EUR.SP00.A,D,USD,EUR,SP00,A,2023-08-31,1.0868
EXR.D.USD.EUR.SP00.A,D,USD,EUR,SP00,A,2023-09-01,1.0844
EXR.D.USD.EUR.SP00.A,D,USD,EUR,SP00,A,2023-09-04,1.0801
EXR.D.USD.EUR.SP00.A,D,USD,EUR,SP00,A,2023-09-05,1.0731
EXR.D.USD.EUR.SP00.A,D,USD,EUR,SP00,A,2023-09-06,1.0745
EXR.D.USD.EUR.SP00.A,D,USD,EUR,SP00,A,2023-09-07,1.071
EXR.D.USD.EUR.SP00.A,D,USD,EUR,SP00,A,2023-09-08,1.0704
EXR.D.USD.EUR.SP00.A,D,USD,EUR,SP00,A,2023-09-11,1.0724
EXR.D.USD.EUR.SP00.A,D,USD,EUR,SP00,A,2023-09-12,1.0713
EXR.D.USD.EUR.SP00.A,D,USD,EUR,SP00,A,2023-09-13,1.0733
EXR.D.USD.EUR.SP00.A,D,USD,EUR,SP00,A,2023-09-14,1.073
EXR.D.USD.EUR.SP00.A,D,USD,EUR,SP00,A,2023-09-15,1.0658
EXR.D.USD.EUR.SP00.A,D,USD,EUR,SP00,A,2023-09-18,1.0663
EXR.D.USD.EUR.SP00.A,D,USD,EUR,SP00,A,2023-09-19,1.0713
EXR.D.USD.EUR.SP00.A,D,USD,EUR,SP00,A,2023-09-20,1.0702
EXR.D.USD.EUR.SP00.A,D,USD,EUR,SP00,A,2023-09-21,1.0635
EXR.D.USD.EUR.SP00.A,D,USD,EUR,SP00,A,2023-09-22,1.0647
EXR.D.USD.EUR.SP00.A,D,USD,EUR,SP00,A,2023-09-25,1.0633
EXR.D.USD.EUR.SP00.A,D,USD,EUR,SP00,A,2023-09-26,1.0605
EXR.D.USD.EUR.SP00.A,D,USD,EUR,SP00,A,2023-09-27,1.0536
EXR.D.USD.EUR.SP00.A,D,USD,EUR,SP00,A,2023-09-28,1.0539
EXR.D.USD.EUR.SP00.A,D,USD,EUR,SP00,A,2023-09-29,1.0594
EXR.D.USD.EUR.SP00.A,D,USD,EUR,SP00,A,2023-10-02,1.053
EXR.D.USD.EUR.SP00.A,D,USD,EUR,SP00,A,2023-10-03,1.0469
EXR.D.USD.EUR.SP00.A,D,USD,EUR,SP00,A,2023-10-04,1.0497
EXR.D.USD.EUR.SP00.A,D,USD,EUR,SP00,A,2023-10-05,1.0526
EXR.D.USD.EUR.SP00.A,D,USD,EUR,SP00,A,2023-10-06,1.0563
EXR.D.USD.EUR.SP00.A,D,USD,EUR,SP00,A,2023-10-09,1.0531
EXR.D.USD.EUR.SP00.A,D,USD,EUR,SP00,A,2023-10-10,1.0582
EXR.D.USD.EUR.SP00.A,D,USD,EUR,SP00,A,2023-10-11,1.0604
EXR.D.USD.EUR.SP00.A,D,USD,EUR,SP00,A,2023-10-12,1.0619
EXR.D.USD.EUR.SP00.A,D,USD,EUR,SP00,A,2023-10-13,1.0524
EXR.D.USD.EUR.SP00.A,D,USD,EUR,SP00,A,2023-10-16,1.0538
EXR.D.USD.EUR.SP00.A,D,USD,EUR,SP00,A,2023-10-17,1.0569
EXR.D.USD.EUR.SP00.A,D,USD,EUR,SP00,A,2023-10-18,1.0565
EXR.D.USD.EUR.SP00.A,D,USD,EUR,SP00,A,2023-10-19,1.0558
EXR.D.USD.EUR.SP00.A,D,USD,EUR,SP00,A,2023-10-20,1.0591
EXR.D.USD.EUR.SP00.A,D,USD,EUR,SP00,A,2023-10-23,1.0597
EXR.D.USD.EUR.SP00.A,D,USD,EUR,SP00,A,2023-10-24,1.0632
EXR.D.USD.EUR.SP00.A,D,USD,EUR,SP00,A,2023-10-25,1.0576
EXR.D.USD.EUR.SP00.A,D,USD,EUR,SP00,A,2023-10-26,1.054
EXR.D.USD.EUR.SP00.A,D,USD,EUR,SP00,A,2023-10-27,1.0541
EXR.D.USD.EUR.SP00.A,D,USD,EUR,SP00,A,2023-10-30,1.0605
EXR.D.USD.EUR.SP00.A,D,USD,EUR,SP00,A,2023-10-31,1.0619
EXR.D.USD.EUR.SP00.A,D,USD,EUR,SP00,A,2023-11-01,1.0537
EXR.D.USD.EUR.SP00.A,D,USD,EUR,SP00,A,2023-11-02,1.0661
EXR.D.USD.EUR.SP00.A,D,USD,EUR,SP00,A,2023-11-03,1.0702
EXR.D.USD.EUR.SP00.A,D,USD,EUR,SP00,A,2023-11-06,1.0741
EXR.D.USD.EUR.SP00.A,D,USD,EUR,SP00,A,2023-11-07,1.0686
EXR.D.USD.EUR.SP00.A,D,USD,EUR,SP00,A,2023-11-08,1.0671
EXR.D.USD.EUR.SP00.A,D,USD,EUR,SP00,A,2023-11-09,1.0691
EXR.D.USD.EUR.SP00.A,D,USD,EUR,SP00,A,2023-11-10,1.0683
EXR.D.USD.EUR.SP00.A,D,USD,EUR,SP00,A,2023-11-13,1.067
EXR.D.USD.EUR.SP00.A,D,USD,EUR,SP00,A,2023-11-14,1.0724
EXR.D.USD.EUR.SP00.A,D,USD,EUR,SP00,A,2023-11-15,1.0868
EXR.D.USD.EUR.SP00.A,D,USD,EUR,SP00,A,2023-11-16,1.0849
EXR.D.USD.EUR.SP00.A,D,USD,EUR,SP00,A,2023-11-17,1.0872
EXR.D.USD.EUR.SP00.A,D,USD,EUR,SP00,A,2023-11-20,1.0928
EXR.D.USD.EUR.SP00.A,D,USD,EUR,SP00,A,2023-11-21,1.0955
EXR.D.USD.EUR.SP00.A,D,USD,EUR,SP00,A,2023-11-22,1.0911
EXR.D.USD.EUR.SP00.A,D,USD,EUR,SP00,A,2023-11-23,1.09
EXR.D.USD.EUR.SP00.A,D,USD,EUR,SP00,A,2023-11-24,1.0916
EXR.D.USD.EUR.SP00.A,D,USD,EUR,SP00,A,2023-11-27,1.0951
EXR.D.USD.EUR.SP00.A,D,USD,EUR,SP00,A,2023-11-28,1.0949
EXR.D.USD.EUR.SP00.A,D,USD,EUR,SP00,A,2023-11-29,1.0985
EXR.D.USD.EUR.SP00.A,D,USD,EUR,SP00,A,2023-11-30,1.0931
EXR.D.USD.EUR.SP00.A,D,USD,EUR,SP00,A,2023-12-01,1.0875
EXR.D.USD.EUR.SP00.A,D,USD,EUR,SP00,A,2023-12-04,1.0868
EXR.D.USD.EUR.SP00.A,D,USD,EUR,SP00,A,2023-12-05,1.0817
EXR.D.USD.EUR.SP00.A,D,USD,EUR,SP00,A,2023-12-06,1.0778
EXR.D.USD.EUR.SP00.A,D,USD,EUR,SP00,A,2023-12-07,1.0771
EXR.D.USD.EUR.SP00.A,D,USD,EUR,SP00,A,2023-12-08,1.0777
EXR.D.USD.EUR.SP00.A,D,USD,EUR,SP00,A,2023-12-11,1.0757
EXR.D.USD.EUR.SP00.A,D,USD,EUR,SP00,A,2023-12-12,1.0804
EXR.D.USD.EUR.SP00.A,D,USD,EUR,SP00,A,2023-12-13,1.0787
EXR.D.USD.EUR.SP00.A,D,USD,EUR,SP00,A,2023-12-14,1.0919
EXR.D.USD.EUR.SP00.A,D,USD,EUR,SP00,A,2023-12-15,1.0946
EXR.D.USD.EUR.SP00.A,D,USD,EUR,SP00,A,2023-12-18,1.0918
EXR.D.USD.EUR.SP00.A,D,USD,EUR,SP00,A,2023-12-19,1.0962
EXR.D.USD.EUR.SP00.A,D,USD,EUR,SP00,A,2023-12-20,1.0944
EXR.D.USD.EUR.SP00.A,D,USD,EUR,SP00,A,2023-12-21,1.0983
EXR.D.USD.EUR.SP00.A,D,USD,EUR,SP00,A,2023-12-22,1.1023
EXR.D.USD.EUR.SP00.A,D,USD,EUR,SP00,A,2023-12-27,1.1065
EXR.D.USD.EUR.SP00.A,D,USD,EUR,SP00,A,2023-12-28,1.1114
EXR.D.USD.EUR.SP00.A,D,USD,EUR,SP00,A,2023-12-29,1.105
EXR.D.USD.EUR.SP00.A,D,USD,EUR,SP00,A,2024-01-02,1.0956
EXR.D.USD.EUR.SP00.A,D,USD,EUR,SP00,A,2024-01-03,1.0919
EXR.D.USD.EUR.SP00.A,D,USD,EUR,SP00,A,2024-01-04,1.0953
EXR.D.USD.EUR.SP00.A,D,USD,EUR,SP00,A,2024-01-05,1.0921
EXR.D.USD.EUR.SP00.A,D,USD,EUR,SP00,A,2024-01-08,1.0946
EXR.D.USD.EUR.SP00.A,D,USD,EUR,SP00,A,2024-01-09,1.094
EXR.D.USD.EUR.SP00.A,D,USD,EUR,SP00,A,2024-01-10,1.0946
EXR.D.USD.EUR.SP00.A,D,USD,EUR,SP00,A,2024-01-11,1.0987
EXR.D.USD.EUR.SP00.A,D,USD,EUR,SP00,A,2024-01-12,1.0942
EXR.D.USD.EUR.SP00.A,D,USD,EUR,SP00,A,2024-01-15,1.0945
EXR.D.USD.EUR.SP00.A,D,USD,EUR,SP00,A,2024-01-16,1.0882
EXR.D.USD.EUR.SP00.A,D,USD,EUR,SP00,A,2024-01-17,1.0877
EXR.D.USD.EUR.SP00.A,D,USD,EUR,SP00,A,2024-01-18,1.0875
EXR.D.USD.EUR.SP00.A,D,USD,EUR,SP00,A,2024-01-19,1.0887
EXR.D.USD.EUR.SP00.A,D,USD,EUR,SP00,A,2024-01-22,1.089
EXR.D.USD.EUR.SP00.A,D,USD,EUR,SP00,A,2024-01-23,1.0872
EXR.D.USD.EUR.SP00.A,D,USD,EUR,SP00,A,2024-01-24,1.0905
EXR.D.USD.EUR.SP00.A,D,USD,EUR,SP00,A,2024-01-25,1.0893
EXR.D.USD.EUR.SP00.A,D,USD,EUR,SP00,A,2024-01-26,1.0871
EXR.D.USD.EUR.SP00.A,D,USD,EUR,SP00,A,2024-01-29,1.0823
EXR.D.USD.EUR.SP00.A,D,USD,EUR,SP00,A,2024-01-30,1.0846
EXR.D.USD.EUR.SP00.A,D,USD,EUR,SP00,A,2024-01-31,1.0837
EXR.D.USD.EUR.SP00.A,D,USD,EUR,SP00,A,2024-02-01,1.0814
EXR.D.USD.EUR.SP00.A,D,USD,EUR,SP00,A,2024-02-02,1.0883
EXR.D.USD.EUR.SP00.A,D,USD,EUR,SP00,A,2024-02-05,1.0746
EXR.D.USD.EUR.SP00.A,D,USD,EUR,SP00,A,2024-02-06,1.0743
EXR.D.USD.EUR.SP00.A,D,USD,EUR,SP00,A,2024-02-07,1.0776
EXR.D.USD.EUR.SP00.A,D,USD,EUR,SP00,A,2024-02-08,1.0758
EXR.D.USD.EUR.SP00.A,D,USD,EUR,SP00,A,2024-02-09,1.0772
EXR.D.USD.EUR.SP00.A,D,USD,EUR,SP00,A,2024-02-12,1.0773
EXR.D.USD.EUR.SP00.A,D,USD,EUR,SP00,A,2024-02-13,1.0793
EXR.D.USD.EUR.SP00.A,D,USD,EUR,SP00,A,2024-02-14,1.0713
EXR.D.USD.EUR.SP00.A,D,USD,EUR,SP00,A,2024-02-15,1.0743
EXR.D.USD.EUR.SP00.A,D,USD,EUR,SP00,A,2024-02-16,1.0768
EXR.D.USD.EUR.SP00.A,D,USD,EUR,SP00,A,2024-02-19,1.0776
EXR.D.USD.EUR.SP00.A,D,USD,EUR,SP00,A,2024-02-20,1.0802
EXR.D.USD.EUR.SP00.A,D,USD,EUR,SP00,A,2024-02-21,1.0809
EXR.D.USD.EUR.SP00.A,D,USD,EUR,SP00,A,2024-02-22,1.0844
EXR.D.USD.EUR.SP00.A,D,USD,EUR,SP00,A,2024-02-23,1.0834
EXR.D.USD.EUR.SP00.A,D,USD,EUR,SP00,A,2024-02-26,1.0852
EXR.D.USD.EUR.SP00.A,D,USD,EUR,SP00,A,2024-02-27,1.0856
EXR.D.USD.EUR.SP00.A,D,USD,EUR,SP00,A,2024-02-28,1.0808
EXR.D.USD.EUR.SP00.A,D,USD,EUR,SP00,A,2024-02-29,1.0826
EXR.D.USD.EUR.SP00.A,D,USD,EUR,SP00,A,2024-03-01,1.0813
EXR.D.USD.EUR.SP00.A,D,USD,EUR,SP00,A,2024-03-04,1.0846
EXR.D.USD.EUR.SP00.A,D,USD,EUR,SP00,A,2024-03-05,1.0849
EXR.D.USD.EUR.SP00.A,D,USD,EUR,SP00,A,2024-03-06,1.0874
EXR.D.USD.EUR.SP00.A,D,USD,EUR,SP00,A,2024-03-07,1.0895
EXR.D.USD.EUR.SP00.A,D,USD,EUR,SP00,A,2024-03-08,1.0932
EXR.D.USD.EUR.SP00.A,D,USD,EUR,SP00,A,2024-03-11,1.0926
EXR.D.USD.EUR.SP00.A,D,USD,EUR,SP00,A,2024-03-12,1.0916
EXR.D.USD.EUR.SP00.A,D,USD,EUR,SP00,A,2024-03-13,1.0939
EXR.D.USD.EUR.SP00.A,D,USD,EUR,SP00,A,2024-03-14,1.0925
EXR.D.USD.EUR.SP00.A,D,USD,EUR,SP00,A,2024-03-15,1.0892
EXR.D.USD.EUR.SP00.A,D,USD,EUR,SP00,A,2024-03-18,1.0892
EXR.D.USD.EUR.SP00.A,D,USD,EUR,SP00,A,2024-03-19,1.0854
EXR.D.USD.EUR.SP00.A,D,USD,EUR,SP00,A,2024-03-20,1.0844
EXR.D.USD.EUR.SP00.A,D,USD,EUR,SP00,A,2024-03-21,1.0907
EXR.D.USD.EUR.SP00.A,D,USD,EUR,SP00,A,2024-03-22,1.0823
EXR.D.USD.EUR.SP00.A,D,USD,EUR,SP00,A,2024-03-25,1.0835
EXR.D.USD.EUR.SP00.A,D,USD,EUR,SP00,A,2024-03-26,1.0855
EXR.D.USD.EUR.SP00.A,D,USD,EUR,SP00,A,2024-03-27,1.0816
EXR.D.USD.EUR.SP00.A,D,USD,EUR,SP00,A,2024-03-28,1.0811
EXR.D.USD.EUR.SP00.A,D,USD,EUR,SP00,A,2024-04-02,1.0749
EXR.D.USD.EUR.SP00.A,D,USD,EUR,SP00,A,2024-04-03,1.0783
EXR.D.USD.EUR.SP00.A,D,USD,EUR,SP00,A,2024-04-04,1.0852
EXR.D.USD.EUR.SP00.A,D,USD,EUR,SP00,A,2024-04-05,1.0841
EXR.D.USD.EUR.SP00.A,D,USD,EUR,SP00,A,2024-04-08,1.0823
EXR.D.USD.EUR.SP00.A,D,USD,EUR,SP00,A,2024-04-09,1.0867
EXR.D.USD.EUR.SP00.A,D,USD,EUR,SP00,A,2024-04-10,1.086
EXR.D.USD.EUR.SP00.A,D,USD,EUR,SP00,A,2024-04-11,1.0729
EXR.D.USD.EUR.SP00.A,D,USD,EUR,SP00,A,2024-04-12,1.0652
EXR.D.USD.EUR.SP00.A,D,USD,EUR,SP00,A,2024-04-15,1.0656
EXR.D.USD.EUR.SP00.A,D,USD,EUR,SP00,A,2024-04-16,1.0637
EXR.D.USD.EUR.SP00.A,D,USD,EUR,SP00,A,2024-04-17,1.0638
EXR.D.USD.EUR.SP00.A,D,USD,EUR,SP00,A,2024-04-18,1.0679
EXR.D.USD.EUR.SP00.A,D,USD,EUR,SP00,A,2024-04-19,1.0653
EXR.D.USD.EUR.SP00.A,D,USD,EUR,SP00,A,2024-04-22,1.0632
EXR.D.USD.EUR.SP00.A,D,USD,EUR,SP00,A,2024-04-23,1.0674
EXR.D.USD.EUR.SP00.A,D,USD,EUR,SP00,A,2024-04-24,1.0686
EXR.D.USD.EUR.SP00.A,D,USD,EUR,SP00,A,2024-04-25,1.072
EXR.D.USD.EUR.SP00.A,D,USD,EUR,SP00,A,2024-04-26,1.0714
EXR.D.USD.EUR.SP00.A,D,USD,EUR,SP00,A,2024-04-29,1.072
EXR.D.USD.EUR.SP00.A,D,USD,EUR,SP00,A,2024-04-30,1.0718
EXR.D.USD.EUR.SP00.A,D,USD,EUR,SP00,A,2024-05-02,1.0698
EXR.D.USD.EUR.SP00.A,D,USD,EUR,SP00,A,2024-05-03,1.0744
EXR.D.USD.EUR.SP00.A,D,USD,EUR,SP00,A,2024-05-06,1.0776
EXR.D.USD.EUR.SP00.A,D,USD,EUR,SP00,A,2024-05-07,1.0766
EXR.D.USD.EUR.SP00.A,D,USD,EUR,SP00,A,2024-05-08,1.0743
EXR.D.USD.EUR.SP00.A,D,USD,EUR,SP00,A,2024-05-09,1.0732
EXR.D.USD.EUR.SP00.A,D,USD,EUR,SP00,A,2024-05-10,1.0779
EXR.D.USD.EUR.SP00.A,D,USD,EUR,SP00,A,2024-05-13,1.0795
EXR.D.USD.EUR.SP00.A,D,USD,EUR,SP00,A,2024-05-14,1.0796
EXR.D.USD.EUR.SP00.A,D,USD,EUR,SP00,A,2024-05-15,1.0832
EXR.D.USD.EUR.SP00.A,D,USD,EUR,SP00,A,2024-05-16,1.0866
EXR.D.USD.EUR.SP00.A,D,USD,EUR,SP00,A,2024-05-17,1.0844
EXR.D.USD.EUR.SP00.A,D,USD,EUR,SP00,A,2024-05-20,1.0861
EXR.D.USD.EUR.SP00.A,D,USD,EUR,SP00,A,2024-05-21,1.0864
EXR.D.USD.EUR.SP00.A,D,USD,EUR,SP00,A,2024-05-22,1.083
EXR.D.USD.EUR.SP00.A,D,USD,EUR,SP00,A,2024-05-23,1.0854
EXR.D.USD.EUR.SP00.A,D,USD,EUR,SP00,A,2024-05-24,1.084
EXR.D.USD.EUR.SP00.A,D,USD,EUR,SP00,A,2024-05-27,1.0843
EXR.D.USD.EUR.SP00.A,D,USD,EUR,SP00,A,2024-05-28,1.0882
EXR.D.USD.EUR.SP00.A,D,USD,EUR,SP00,A,2024-05-29,1.0857
EXR.D.USD.EUR.SP00.A,D,USD,EUR,SP00,A,2024-05-30,1.0815
EXR.D.USD.EUR.SP00.A,D,USD,EUR,SP00,A,2024-05-31,1.0852
EXR.D.USD.EUR.SP00.A,D,USD,EUR,SP00,A,2024-06-03,1.0842
EXR.D.USD.EUR.SP00.A,D,USD,EUR,SP00,A,2024-06-04,1.0865
EXR.D.USD.EUR.SP00.A,D,USD,EUR,SP00,A,2024-06-05,1.0872
EXR.D.USD.EUR.SP00.A,D,USD,EUR,SP00,A,2024-06-06,1.0865
EXR.D.USD.EUR.SP00.A,D,USD,EUR,SP00,A,2024-06-07,1.0898
EXR.D.USD.EUR.SP00.A,D,USD,EUR,SP00,A,2024-06-10,1.0756
EXR.D.USD.EUR.SP00.A,D,USD,EUR,SP00,A,2024-06-11,1.073
EXR.D.USD.EUR.SP00.A,D,USD,EUR,SP00,A,2024-06-12,1.0765
EXR.D.USD.EUR.SP00.A,D,USD,EUR,SP00,A,2024-06-13,1.0784
EXR.D.USD.EUR.SP00.A,D,USD,EUR,SP00,A,2024-06-14,1.0686
EXR.D.USD.EUR.SP00.A,D,USD,EUR,SP00,A,2024-06-17,1.0712
EXR.D.USD.EUR.SP00.A,D,USD,EUR,SP00,A,2024-06-18,1.0715
EXR.D.USD.EUR.SP00.A,D,USD,EUR,SP00,A,2024-06-19,1.0749
EXR.D.USD.EUR.SP00.A,D,USD,EUR,SP00,A,2024-06-20,1.0719
EXR.D.USD.EUR.SP00.A,D,USD,EUR,SP00,A,2024-06-21,1.0688
EXR.D.USD.EUR.SP00.A,D,USD,EUR,SP00,A,2024-06-24,1.073
EXR.D.USD.EUR.SP00.A,D,USD,EUR,SP00,A,2024-06-25,1.0714
EXR.D.USD.EUR.SP00.A,D,USD,EUR,SP00,A,2024-06-26,1.0689
EXR.D.USD.EUR.SP00.A,D,USD,EUR,SP00,A,2024-06-27,1.0696
EXR.D.USD.EUR.SP00.A,D,USD,EUR,SP00,A,2024-06-28,1.0705
EXR.D.USD.EUR.SP00.A,D,USD,EUR,SP00,A,2024-07-01,1.0745
EXR.D.USD.EUR.SP00.A,D,USD,EUR,SP00,A,2024-07-02,1.0729
EXR.D.USD.EUR.SP00.A,D,USD,EUR,SP00,A,2024-07-03,1.0758
EXR.D.USD.EUR.SP00.A,D,USD,EUR,SP00,A,2024-07-04,1.08
EXR.D.USD.EUR.SP00.A,D,USD,EUR,SP00,A,2024-07-05,1.0824
EXR.D.USD.EUR.SP00.A,D,USD,EUR,SP00,A,2024-07-08,1.0835
EXR.D.USD.EUR.SP00.A,D,USD,EUR,SP00,A,2024-07-09,1.0814
EXR.D.USD.EUR.SP00.A,D,USD,EUR,SP00,A,2024-07-10,1.0825
EXR.D.USD.EUR.SP00.A,D,USD,EUR,SP00,A,2024-07-11,1.0855
EXR.D.USD.EUR.SP00.A,D,USD,EUR,SP00,A,2024-07-12,1.089
EXR.D.USD.EUR.SP00.A,D,USD,EUR,SP00,A,2024-07-15,1.0907
EXR.D.USD.EUR.SP00.A,D,USD,EUR,SP00,A,2024-07-16,1.0902
EXR.D.USD.EUR.SP00.A,D,USD,EUR,SP00,A,2024-07-17,1.0934
EXR.D.USD.EUR.SP00.A,D,USD,EUR,SP00,A,2024-07-18,1.093
EXR.D.USD.EUR.SP00.A,D,USD,EUR,SP00,A,2024-07-19,1.089
EXR.D.USD.EUR.SP00.A,D,USD,EUR,SP00,A,2024-07-22,1.0888
EXR.D.USD.EUR.SP00.A,D,USD,EUR,SP00,A,2024-07-23,1.086
EXR.D.USD.EUR.SP00.A,D,USD,EUR,SP00,A,2024-07-24,1.0848
EXR.D.USD.EUR.SP00.A,D,USD,EUR,SP00,A,2024-07-25,1.0851
EXR.D.USD.EUR.SP00.A,D,USD,EUR,SP00,A,2024-07-26,1.086
EXR.D.USD.EUR.SP00.A,D,USD,EUR,SP00,A,2024-07-29,1.0817
EXR.D.USD.EUR.SP00.A,D,USD,EUR,SP00,A,2024-07-30,1.0824
EXR.D.USD.EUR.SP00.A,D,USD,EUR,SP00,A,2024-07-31,1.0828
EXR.D.USD.EUR.SP00.A,D,USD,EUR,SP00,A,2024-08-01,1.0789
EXR.D.USD.EUR.SP00.A,D,USD,EUR,SP00,A,2024-08-02,1.0835
EXR.D.USD.EUR.SP00.A,D,USD,EUR,SP00,A,2024-08-05,1.0966
EXR.D.USD.EUR.SP00.A,D,USD,EUR,SP00,A,2024-08-06,1.0915
EXR.D.USD.EUR.SP00.A,D,USD,EUR,SP00,A,2024-08-07,1.0922
EXR.D.USD.EUR.SP00.A,D,USD,EUR,SP00,A,2024-08-08,1.093
EXR.D.USD.EUR.SP00.A,D,USD,EUR,SP00,A,2024-08-09,1.0917
EXR.D.USD.EUR.SP00.A,D,USD,EUR,SP00,A,2024-08-12,1.0925
EXR.D.USD.EUR.SP00.A,D,USD,EUR,SP00,A,2024-08-13,1.0931
EXR.D.USD.EUR.SP00.A,D,USD,EUR,SP00,A,2024-08-14,1.1019
EXR.D.USD.EUR.SP00.A,D,USD,EUR,SP00,A,2024-08-15,1.1011
EXR.D.USD.EUR.SP00.A,D,USD,EUR,SP00,A,2024-08-16,1.0994
EXR.D.USD.EUR.SP00.A,D,USD,EUR,SP00,A,2024-08-19,1.1041
EXR.D.USD.EUR.SP00.A,D,USD,EUR,SP00,A,2024-08-20,1.1084
EXR.D.USD.EUR.SP00.A,D,USD,EUR,SP00,A,2024-08-21,1.1116
EXR.D.USD.EUR.SP00.A,D,USD,EUR,SP00,A,2024-08-22,1.1135
EXR.D.USD.EUR.SP00.A,D,USD,EUR,SP00,A,2024-08-23,1.1121
EXR.D.USD.EUR.SP00.A,D,USD,EUR,SP00,A,2024-08-26,1.1163
EXR.D.USD.EUR.SP00.A,D,USD,EUR,SP00,A,2024-08-27,1.1162
EXR.D.USD.EUR.SP00.A,D,USD,EUR,SP00,A,2024-08-28,1.1117
EXR.D.USD.EUR.SP00.A,D,USD,EUR,SP00,A,2024-08-29,1.1088
EXR.D.USD.EUR.SP00.A,D,USD,EUR,SP00,A,2024-08-30,1.1087
EXR.D.USD.EUR.SP00.A,D,USD,EUR,SP00,A,2024-09-02,1.1061
EXR.D.USD.EUR.SP00.A,D,USD,EUR,SP00,A,2024-09-03,1.1035
EXR.D.USD.EUR.SP00.A,D,USD,EUR,SP00,A,2024-09-04,1.105
EXR.D.USD.EUR.SP00.A,D,USD,EUR,SP00,A,2024-09-05,1.1097
EXR.D.USD.EUR.SP00.A,D,USD,EUR,SP00,A,2024-09-06,1.1103
EXR.D.USD.EUR.SP00.A,D,USD,EUR,SP00,A,2024-09-09,1.1043
EXR.D.USD.EUR.SP00.A,D,USD,EUR,SP00,A,2024-09-10,1.1031
EXR.D.USD.EUR.SP00.A,D,USD,EUR,SP00,A,2024-09-11,1.1043
EXR.D.USD.EUR.SP00.A,D,USD,EUR,SP00,A,2024-09-12,1.1016
EXR.D.USD.EUR.SP00.A,D,USD,EUR,SP00,A,2024-09-13,1.1081
EXR.D.USD.EUR.SP00.A,D,USD,EUR,SP00,A,2024-09-16,1.1126
EXR.D.USD.EUR.SP00.A,D,USD,EUR,SP00,A,2024-09-17,1.1139
EXR.D.USD.EUR.SP00.A,D,USD,EUR,SP00,A,2024-09-18,1.1124
EXR.D.USD.EUR.SP00.A,D,USD,EUR,SP00,A,2024-09-19,1.1156
EXR.D.USD.EUR.SP00.A,D,USD,EUR,SP00,A,2024-09-20,1.1166
EXR.D.USD.EUR.SP00.A,D,USD,EUR,SP00,A,2024-09-23,1.1119
EXR.D.USD.EUR.SP00.A,D,USD,EUR,SP00,A,2024-09-24,1.1133
EXR.D.USD.EUR.SP00.A,D,USD,EUR,SP00,A,2024-09-25,1.1194
EXR.D.USD.EUR.SP00.A,D,USD,EUR,SP00,A,2024-09-26,1.1155
EXR.D.USD.EUR.SP00.A,D,USD,EUR,SP00,A,2024-09-27,1.1158
EXR.D.USD.EUR.SP00.A,D,USD,EUR,SP00,A,2024-09-30,1.1196
EXR.D.USD.EUR.SP00.A,D,USD,EUR,SP00,A,2024-10-01,1.1086
EXR.D.USD.EUR.SP00.A,D,USD,EUR,SP00,A,2024-10-02,1.1071
EXR.D.USD.EUR.SP00.A,D,USD,EUR,SP00,A,2024-10-03,1.1039
EXR.D.USD.EUR.SP00.A,D,USD,EUR,SP00,A,2024-10-04,1.1029
EXR.D.USD.EUR.SP00.A,D,USD,EUR,SP00,A,2024-10-07,1.0982
EXR.D.USD.EUR.SP00.A,D,USD,EUR,SP00,A,2024-10-08,1.0982
EXR.D.USD.EUR.SP00.A,D,USD,EUR,SP00,A,2024-10-09,1.0957
EXR.D.USD.EUR.SP00.A,D,USD,EUR,SP00,A,2024-10-10,1.0932
EXR.D.USD.EUR.SP00.A,D,USD,EUR,SP00,A,2024-10-11,1.0938
EXR.D.USD.EUR.SP00.A,D,USD,EUR,SP00,A,2024-10-14,1.0915
EXR.D.USD.EUR.SP00.A,D,USD,EUR,SP00,A,2024-10-15,1.0903
EXR.D.USD.EUR.SP00.A,D,USD,EUR,SP00,A,2024-10-16,1.0897
EXR.D.USD.EUR.SP00.A,D,USD,EUR,SP00,A,2024-10-17,1.0866
EXR.D.USD.EUR.SP00.A,D,USD,EUR,SP00,A,2024-10-18,1.0847
EXR.D.USD.EUR.SP00.A,D,USD,EUR,SP00,A,2024-10-21,1.0853
EXR.D.USD.EUR.SP00.A,D,USD,EUR,SP00,A,2024-10-22,1.0821
EXR.D.USD.EUR.SP00.A,D,USD,EUR,SP00,A,2024-10-23,1.0767
EXR.D.USD.EUR.SP00.A,D,USD,EUR,SP00,A,2024-10-24,1.0801
EXR.D.USD.EUR.SP00.A,D,USD,EUR,SP00,A,2024-10-25,1.0825
EXR.D.USD.EUR.SP00.A,D,USD,EUR,SP00,A,2024-10-28,1.0818
EXR.D.USD.EUR.SP00.A,D,USD,EUR,SP00,A,2024-10-29,1.0774
EXR.D.USD.EUR.SP00.A,D,USD,EUR,SP00,A,2024-10-30,1.0815
EXR.D.USD.EUR.SP00.A,D,USD,EUR,SP00,A,2024-10-31,1.0882
EXR.D.USD.EUR.SP00.A,D,USD,EUR,SP00,A,2024-11-01,1.0885
EXR.D.USD.EUR.SP00.A,D,USD,EUR,SP00,A,2024-11-04,1.0904
EXR.D.USD.EUR.SP00.A,D,USD,EUR,SP00,A,2024-11-05,1.0897
EXR.D.USD.EUR.SP00.A,D,USD,EUR,SP00,A,2024-11-06,1.0695
EXR.D.USD.EUR.SP00.A,D,USD,EUR,SP00,A,2024-11-07,1.0785
EXR.D.USD.EUR.SP00.A,D,USD,EUR,SP00,A,2024-11-08,1.0772
EXR.D.USD.EUR.SP00.A,D,USD,EUR,SP00,A,2024-11-11,1.0651
EXR.D.USD.EUR.SP00.A,D,USD,EUR,SP00,A,2024-11-12,1.0617
EXR.D.USD.EUR.SP00.A,D,USD,EUR,SP00,A,2024-11-13,1.0629
EXR.D.USD.EUR.SP00.A,D,USD,EUR,SP00,A,2024-11-14,1.0533
EXR.D.USD.EUR.SP00.A,D,USD,EUR,SP00,A,2024-11-15,1.0583
EXR.D.USD.EUR.SP00.A,D,USD,EUR,SP00,A,2024-11-18,1.0552
EXR.D.USD.EUR.SP00.A,D,USD,EUR,SP00,A,2024-11-19,1.0578
EXR.D.USD.EUR.SP00.A,D,USD,EUR,SP00,A,2024-11-20,1.0562
EXR.D.USD.EUR.SP00.A,D,USD,EUR,SP00,A,2024-11-21,1.0526
EXR.D.USD.EUR.SP00.A,D,USD,EUR,SP00,A,2024-11-22,1.0412
EXR.D.USD.EUR.SP00.A,D,USD,EUR,SP00,A,2024-11-25,1.0495
EXR.D.USD.EUR.SP00.A,D,USD,EUR,SP00,A,2024-11-26,1.0522
EXR.D.USD.EUR.SP00.A,D,USD,EUR,SP00,A,2024-11-27,1.0531
EXR.D.USD.EUR.SP00.A,D,USD,EUR,SP00,A,2024-11-28,1.0542
EXR.D.USD.EUR.SP00.A,D,USD,EUR,SP00,A,2024-11-29,1.0562
EXR.D.USD.EUR.SP00.A,D,USD,EUR,SP00,A,2024-12-02,1.0507
EXR.D.USD.EUR.SP00.A,D,USD,EUR,SP00,A,2024-12-03,1.0512
EXR.D.USD.EUR.SP00.A,D,USD,EUR,SP00,A,2024-12-04,1.0492
EXR.D.USD.EUR.SP00.A,D,USD,EUR,SP00,A,2024-12-05,1.054
EXR.D.USD.EUR.SP00.A,D,USD,EUR,SP00,A,2024-12-06,1.0581
EXR.D.USD.EUR.SP00.A,D,USD,EUR,SP00,A,2024-12-09,1.0568
EXR.D.USD.EUR.SP00.A,D,USD,EUR,SP00,A,2024-12-10,1.0527
EXR.D.USD.EUR.SP00.A,D,USD,EUR,SP00,A,2024-12-11,1.0507
EXR.D.USD.EUR.SP00.A,D,USD,EUR,SP00,A,2024-12-12,1.0491
EXR.D.USD.EUR.SP00.A,D,USD,EUR,SP00,A,2024-12-13,1.0518
EXR.D.USD.EUR.SP00.A,D,USD,EUR,SP00,A,2024-12-16,1.0498
EXR.D.USD.EUR.SP00.A,D,USD,EUR,SP00,A,2024-12-17,1.0497
EXR.D.USD.EUR.SP00.A,D,USD,EUR,SP00,A,2024-12-18,1.0496
EXR.D.USD.EUR.SP00.A,D,USD,EUR,SP00,A,2024-12-19,1.0395
EXR.D.USD.EUR.SP00.A,D,USD,EUR,SP00,A,2024-12-20,1.039
EXR.D.USD.EUR.SP00.A,D,USD,EUR,SP00,A,2024-12-23,1.0393
EXR.D.USD.EUR.SP00.A,D,USD,EUR,SP00,A,2024-12-24,1.0395
EXR.D.USD.EUR.SP00.A,D,USD,EUR,SP00,A,2024-12-27,1.0435
EXR.D.USD.EUR.SP00.A,D,USD,EUR,SP00,A,2024-12-30,1.0444
EXR.D.USD.EUR.SP00.A,D,USD,EUR,SP00,A,2024-12-31,1.0389
EXR.D.USD.EUR.SP00.A,D,USD,EUR,SP00,A,2025-01-02,1.0321
EXR.D.USD.EUR.SP00.A,D,USD,EUR,SP00,A,2025-01-03,1.0299
EXR.D.USD.EUR.SP00.A,D,USD,EUR,SP00,A,2025-01-06,1.0426
EXR.D.USD.EUR.SP00.A,D,USD,EUR,SP00,A,2025-01-07,1.0393
EXR.D.USD.EUR.SP00.A,D,USD,EUR,SP00,A,2025-01-08,1.0286
EXR.D.USD.EUR.SP00.A,D,USD,EUR,SP00,A,2025-01-09,1.0305
EXR.D.USD.EUR.SP00.A,D,USD,EUR,SP00,A,2025-01-10,1.0304
EXR.D.USD.EUR.SP00.A,D,USD,EUR,SP00,A,2025-01-13,1.0198
EXR.D.USD.EUR.SP00.A,D,USD,EUR,SP00,A,2025-01-14,1.0245
EXR.D.USD.EUR.SP00.A,D,USD,EUR,SP00,A,2025-01-15,1.03
EXR.D.USD.EUR.SP00.A,D,USD,EUR,SP00,A,2025-01-16,1.0272
EXR.D.USD.EUR.SP00.A,D,USD,EUR,SP00,A,2025-01-17,1.0298
EXR.D.USD.EUR.SP00.A,D,USD,EUR,SP00,A,2025-01-20,1.0316
EXR.D.USD.EUR.SP00.A,D,USD,EUR,SP00,A,2025-01-21,1.0357
EXR.D.USD.EUR.SP00.A,D,USD,EUR,SP00,A,2025-01-22,1.0443
EXR.D.USD.EUR.SP00.A,D,USD,EUR,SP00,A,2025-01-23,1.0404
EXR.D.USD.EUR.SP00.A,D,USD,EUR,SP00,A,2025-01-24,1.0472
EXR.D.USD.EUR.SP00.A,D,USD,EUR,SP00,A,2025-01-27,1.053
EXR.D.USD.EUR.SP00.A,D,USD,EUR,SP00,A,2025-01-28,1.0421
EXR.D.USD.EUR.SP00.A,D,USD,EUR,SP00,A,2025-01-29,1.0396
EXR.D.USD.EUR.SP00.A,D,USD,EUR,SP00,A,2025-01-30,1.0403
EXR.D.USD.EUR.SP00.A,D,USD,EUR,SP00,A,2025-01-31,1.0393
EXR.D.USD.EUR.SP00.A,D,USD,EUR,SP00,A,2025-02-03,1.0274
EXR.D.USD.EUR.SP00.A,D,USD,EUR,SP00,A,2025-02-04,1.0335
EXR.D.USD.EUR.SP00.A,D,USD,EUR,SP00,A,2025-02-05,1.0422
EXR.D.USD.EUR.SP00.A,D,USD,EUR,SP00,A,2025-02-06,1.036
EXR.D.USD.EUR.SP00.A,D,USD,EUR,SP00,A,2025-02-07,1.0377
EXR.D.USD.EUR.SP00.A,D,USD,EUR,SP00,A,2025-02-10,1.032
EXR.D.USD.EUR.SP00.A,D,USD,EUR,SP00,A,2025-02-11,1.0324
EXR.D.USD.EUR.SP00.A,D,USD,EUR,SP00,A,2025-02-12,1.037
EXR.D.USD.EUR.SP00.A,D,USD,EUR,SP00,A,2025-02-13,1.039
EXR.D.USD.EUR.SP00.A,D,USD,EUR,SP00,A,2025-02-14,1.0478
EXR.D.USD.EUR.SP00.A,D,USD,EUR,SP00,A,2025-02-17,1.0473
EXR.D.USD.EUR.SP00.A,D,USD,EUR,SP00,A,2025-02-18,1.0447
EXR.D.USD.EUR.SP00.A,D,USD,EUR,SP00,A,2025-02-19,1.0434
EXR.D.USD.EUR.SP00.A,D,USD,EUR,SP00,A,2025-02-20,1.0443
EXR.D.USD.EUR.SP00.A,D,USD,EUR,SP00,A,2025-02-21,1.0465
EXR.D.USD.EUR.SP00.A,D,USD,EUR,SP00,A,2025-02-24,1.0466
EXR.D.USD.EUR.SP00.A,D,USD,EUR,SP00,A,2025-02-25,1.0497
EXR.D.USD.EUR.SP00.A,D,USD,EUR,SP00,A,2025-02-26,1.0487
EXR.D.USD.EUR.SP00.A,D,USD,EUR,SP00,A,2025-02-27,1.0477
EXR.D.USD.EUR.SP00.A,D,USD,EUR,SP00,A,2025-02-28,1.0411
EXR.D.USD.EUR.SP00.A,D,USD,EUR,SP00,A,2025-03-03,1.0465
EXR.D.USD.EUR.SP00.A,D,USD,EUR,SP00,A,2025-03-04,1.0557
EXR.D.USD.EUR.SP00.A,D,USD,EUR,SP00,A,2025-03-05,1.0694
EXR.D.USD.EUR.SP00.A,D,USD,EUR,SP00,A,2025-03-06,1.0796
EXR.D.USD.EUR.SP00.A,D,USD,EUR,SP00,A,2025-03-07,1.0857
EXR.D.USD.EUR.SP00.A,D,USD,EUR,SP00,A,2025-03-10,1.0845
EXR.D.USD.EUR.SP00.A,D,USD,EUR,SP00,A,2025-03-11,1.0912
EXR.D.USD.EUR.SP00.A,D,USD,EUR,SP00,A,2025-03-12,1.0886
EXR.D.USD.EUR.SP00.A,D,USD,EUR,SP00,A,2025-03-13,1.083
EXR.D.USD.EUR.SP00.A,D,USD,EUR,SP00,A,2025-03-14,1.0889
EXR.D.USD.EUR.SP00.A,D,USD,EUR,SP00,A,2025-03-17,1.0903
EXR.D.USD.EUR.SP00.A,D,USD,EUR,SP00,A,2025-03-18,1.0918
EXR.D.USD.EUR.SP00.A,D,USD,EUR,SP00,A,2025-03-19,1.0897
EXR.D.USD.EUR.SP00.A,D,USD,EUR,SP00,A,2025-03-20,1.0833
EXR.D.USD.EUR.SP00.A,D,USD,EUR,SP00,A,2025-03-21,1.0827
EXR.D.USD.EUR.SP00.A,D,USD,EUR,SP00,A,2025-03-24,1.0824
EXR.D.USD.EUR.SP00.A,D,USD,EUR,SP00,A,2025-03-25,1.0825
EXR.D.USD.EUR.SP00.A,D,USD,EUR,SP00,A,2025-03-26,1.0788
EXR.D.USD.EUR.SP00.A,D,USD,EUR,SP00,A,2025-03-27,1.0785
EXR.D.USD.EUR.SP00.A,D,USD,EUR,SP00,A,2025-03-28,1.0797
EXR.D.USD.EUR.SP00.A,D,USD,EUR,SP00,A,2025-03-31,1.0815
EXR.D.USD.EUR.SP00.A,D,USD,EUR,SP00,A,2025-04-01,1.0788
EXR.D.USD.EUR.SP00.A,D,USD,EUR,SP00,A,2025-04-02,1.0803
EXR.D.USD.EUR.SP00.A,D,USD,EUR,SP00,A,2025-04-03,1.1097
EXR.D.USD.EUR.SP00.A,D,USD,EUR,SP00,A,2025-04-04,1.1057
EXR.D.USD.EUR.SP00.A,D,USD,EUR,SP00,A,2025-04-07,1.0967
EXR.D.USD.EUR.SP00.A,D,USD,EUR,SP00,A,2025-04-08,1.095
EXR.D.USD.EUR.SP00.A,D,USD,EUR,SP00,A,2025-04-09,1.1045
EXR.D.USD.EUR.SP00.A,D,USD,EUR,SP00,A,2025-04-10,1.1082
EXR.D.USD.EUR.SP00.A,D,USD,EUR,SP00,A,2025-04-11,1.1346
EXR.D.USD.EUR.SP00.A,D,USD,EUR,SP00,A,2025-04-14,1.1377
EXR.D.USD.EUR.SP00.A,D,USD,EUR,SP00,A,2025-04-15,1.1324
EXR.D.USD.EUR.SP00.A,D,USD,EUR,SP00,A,2025-04-16,1.1355
EXR.D.USD.EUR.SP00.A,D,USD,EUR,SP00,A,2025-04-17,1.136
EXR.D.USD.EUR.SP00.A,D,USD,EUR,SP00,A,2025-04-22,1.1476
EXR.D.USD.EUR.SP00.A,D,USD,EUR,SP00,A,2025-04-23,1.1415
EXR.D.USD.EUR.SP00.A,D,USD,EUR,SP00,A,2025-04-24,1.1376
EXR.D.USD.EUR.SP00.A,D,USD,EUR,SP00,A,2025-04-25,1.1357
EXR.D.USD.EUR.SP00.A,D,USD,EUR,SP00,A,2025-04-28,1.1358
EXR.D.USD.EUR.SP00.A,D,USD,EUR,SP00,A,2025-04-29,1.1373
EXR.D.USD.EUR.SP00.A,D,USD,EUR,SP00,A,2025-04-30,1.1373
EXR.D.USD.EUR.SP00.A,D,USD,EUR,SP00,A,2025-05-02,1.1343
EXR.D.USD.EUR.SP00.A,D,USD,EUR,SP00,A,2025-05-05,1.1343
EXR.D.USD.EUR.SP00.A,D,USD,EUR,SP00,A,2025-05-06,1.1325
EXR.D.USD.EUR.SP00.A,D,USD,EUR,SP00,A,2025-05-07,1.136
EXR.D.USD.EUR.SP00.A,D,USD,EUR,SP00,A,2025-05-08,1.1297
EXR.D.USD.EUR.SP00.A,D,USD,EUR,SP00,A,2025-05-09,1.1252
EXR.D.USD.EUR.SP00.A,D,USD,EUR,SP00,A,2025-05-12,1.1106
EXR.D.USD.EUR.SP00.A,D,USD,EUR,SP00,A,2025-05-13,1.1112
EXR.D.USD.EUR.SP00.A,D,USD,EUR,SP00,A,2025-05-14,1.1214
EXR.D.USD.EUR.SP00.A,D,USD,EUR,SP00,A,2025-05-15,1.1185
EXR.D.USD.EUR.SP00.A,D,USD,EUR,SP00,A,2025-05-16,1.1194
EXR.D.USD.EUR.SP00.A,D,USD,EUR,SP00,A,2025-05-19,1.1262
EXR.D.USD.EUR.SP00.A,D,USD,EUR,SP00,A,2025-05-20,1.1241
EXR.D.USD.EUR.SP00.A,D,USD,EUR,SP00,A,2025-05-21,1.1321
EXR.D.USD.EUR.SP00.A,D,USD,EUR,SP00,A,2025-05-22,1.1309
EXR.D.USD.EUR.SP00.A,D,USD,EUR,SP00,A,2025-05-23,1.1301
EXR.D.USD.EUR.SP00.A,D,USD,EUR,SP00,A,2025-05-26,1.1381
EXR.D.USD.EUR.SP00.A,D,USD,EUR,SP00,A,2025-05-27,1.1356
EXR.D.USD.EUR.SP00.A,D,USD,EUR,SP00,A,2025-05-28,1.1317
EXR.D.USD.EUR.SP00.A,D,USD,EUR,SP00,A,2025-05-29,1.1281
EXR.D.USD.EUR.SP00.A,D,USD,EUR,SP00,A,2025-05-30,1.1339
EXR.D.USD.EUR.SP00.A,D,USD,EUR,SP00,A,2025-06-02,1.1419
EXR.D.USD.EUR.SP00.A,D,USD,EUR,SP00,A,2025-06-03,1.1386
EXR.D.USD.EUR.SP00.A,D,USD,EUR,SP00,A,2025-06-04,1.1384
EXR.D.USD.EUR.SP00.A,D,USD,EUR,SP00,A,2025-06-05,1.1423
EXR.D.USD.EUR.SP00.A,D,USD,EUR,SP00,A,2025-06-06,1.1411
EXR.D.USD.EUR.SP00.A,D,USD,EUR,SP00,A,2025-06-09,1.141
EXR.D.USD.EUR.SP00.A,D,USD,EUR,SP00,A,2025-06-10,1.1429
EXR.D.USD.EUR.SP00.A,D,USD,EUR,SP00,A,2025-06-11,1.1433
EXR.D.USD.EUR.SP00.A,D,USD,EUR,SP00,A,2025-06-12,1.1594
EXR.D.USD.EUR.SP00.A,D,USD,EUR,SP00,A,2025-06-13,1.1512
EXR.D.USD.EUR.SP00.A,D,USD,EUR,SP00,A,2025-06-16,1.1574
EXR.D.USD.EUR.SP00.A,D,USD,EUR,SP00,A,2025-06-17,1.1568
EXR.D.USD.EUR.SP00.A,D,USD,EUR,SP00,A,2025-06-18,1.1508
EXR.D.USD.EUR.SP00.A,D,USD,EUR,SP00,A,2025-06-19,1.1478
EXR.D.USD.EUR.SP00.A,D,USD,EUR,SP00,A,2025-06-20,1.1515
EXR.D.USD.EUR.SP00.A,D,USD,EUR,SP00,A,2025-06-23,1.1472
EXR.D.USD.EUR.SP00.A,D,USD,EUR,SP00,A,2025-06-24,1.1607
EXR.D.USD.EUR.SP00.A,D,USD,EUR,SP00,A,2025-06-25,1.1598
EXR.D.USD.EUR.SP00.A,D,USD,EUR,SP00,A,2025-06-26,1.1695
EXR.D.USD.EUR.SP00.A,D,USD,EUR,SP00,A,2025-06-27,1.1704
EXR.D.USD.EUR.SP00.A,D,USD,EUR,SP00,A,2025-06-30,1.172
EXR.D.USD.EUR.SP00.A,D,USD,EUR,SP00,A,2025-07-01,1.181
EXR.D.USD.EUR.SP00.A,D,USD,EUR,SP00,A,2025-07-02,1.1755
EXR.D.USD.EUR.SP00.A,D,USD,EUR,SP00,A,2025-07-03,1.1782
EXR.D.USD.EUR.SP00.A,D,USD,EUR,SP00,A,2025-07-04,1.1767
EXR.D.USD.EUR.SP00.A,D,USD,EUR,SP00,A,2025-07-07,1.1728
EXR.D.USD.EUR.SP00.A,D,USD,EUR,SP00,A,2025-07-08,1.1718
EXR.D.USD.EUR.SP00.A,D,USD,EUR,SP00,A,2025-07-09,1.1698
EXR.D.USD.EUR.SP00.A,D,USD,EUR,SP00,A,2025-07-10,1.1709
EXR.D.USD.EUR.SP00.A,D,USD,EUR,SP00,A,2025-07-11,1.1683
EXR.D.USD.EUR.SP00.A,D,USD,EUR,SP00,A,2025-07-14,1.169
EXR.D.USD.EUR.SP00.A,D,USD,EUR,SP00,A,2025-07-15,1.1665
EXR.D.USD.EUR.SP00.A,D,USD,EUR,SP00,A,2025-07-16,1.1602
EXR.D.USD.EUR.SP00.A,D,USD,EUR,SP00,A,2025-07-17,1.1579
EXR.D.USD.EUR.SP00.A,D,USD,EUR,SP00,A,2025-07-18,1.165
EXR.D.USD.EUR.SP00.A,D,USD,EUR,SP00,A,2025-07-21,1.1667
EXR.D.USD.EUR.SP00.A,D,USD,EUR,SP00,A,2025-07-22,1.1699
EXR.D.USD.EUR.SP00.A,D,USD,EUR,SP00,A,2025-07-23,1.1726
EXR.D.USD.EUR.SP00.A,D,USD,EUR,SP00,A,2025-07-24,1.1756
EXR.D.USD.EUR.SP00.A,D,USD,EUR,SP00,A,2025-07-25,1.1724
EXR.D.USD.EUR.SP00.A,D,USD,EUR,SP00,A,2025-07-28,1.1654
EXR.D.USD.EUR.SP00.A,D,USD,EUR,SP00,A,2025-07-29,1.1533
EXR.D.USD.EUR.SP00.A,D,USD,EUR,SP00,A,2025-07-30,1.1527
EXR.D.USD.EUR.SP00.A,D,USD,EUR,SP00,A,2025-07-31,1.1446
EXR.D.USD.EUR.SP00.A,D,USD,EUR,SP00,A,2025-08-01,1.1404
EXR.D.USD.EUR.SP00.A,D,USD,EUR,SP00,A,2025-08-04,1.1565
EXR.D.USD.EUR.SP00.A,D,USD,EUR,SP00,A,2025-08-05,1.1546
EXR.D.USD.EUR.SP00.A,D,USD,EUR,SP00,A,2025-08-06,1.1604
EXR.D.USD.EUR.SP00.A,D,USD,EUR,SP00,A,2025-08-07,1.1643
EXR.D.USD.EUR.SP00.A,D,USD,EUR,SP00,A,2025-08-08,1.1648
EXR.D.USD.EUR.SP00.A,D,USD,EUR,SP00,A,2025-08-11,1.1622
EXR.D.USD.EUR.SP00.A,D,USD,EUR,SP00,A,2025-08-12,1.1606
EXR.D.USD.EUR.SP00.A,D,USD,EUR,SP00,A,2025-08-13,1.1711
EXR.D.USD.EUR.SP00.A,D,USD,EUR,SP00,A,2025-08-14,1.169
EXR.D.USD.EUR.SP00.A,D,USD,EUR,SP00,A,2025-08-15,1.1688
EXR.D.USD.EUR.SP00.A,D,USD,EUR,SP00,A,2025-08-18,1.1673
EXR.D.USD.EUR.SP00.A,D,USD,EUR,SP00,A,2025-08-19,1.1682
EXR.D.USD.EUR.SP00.A,D,USD,EUR,SP00,A,2025-08-20,1.1651
EXR.D.USD.EUR.SP00.A,D,USD,EUR,SP00,A,2025-08-21,1.1639
EXR.D.USD.EUR.SP00.A,D,USD,EUR,SP00,A,2025-08-22,1.1608
EXR.D.USD.EUR.SP00.A,D,USD,EUR,SP00,A,2025-08-25,1.1697
EXR.D.USD.EUR.SP00.A,D,USD,EUR,SP00,A,2025-08-26,1.1656
EXR.D.USD.EUR.SP00.A,D,USD,EUR,SP00,A,2025-08-27,1.1593
EXR.D.USD.EUR.SP00.A,D,USD,EUR,SP00,A,2025-08-28,1.1676
EXR.D.USD.EUR.SP00.A,D,USD,EUR,SP00,A,2025-08-29,1.1658
EXR.D.USD.EUR.SP00.A,D,USD,EUR,SP00,A,2025-09-01,1.1715
EXR.D.USD.EUR.SP00.A,D,USD,EUR,SP00,A,2025-09-02,1.1646
EXR.D.USD.EUR.SP00.A,D,USD,EUR,SP00,A,2025-09-03,1.1653
EXR.D.USD.EUR.SP00.A,D,USD,EUR,SP00,A,2025-09-04,1.1647
EXR.D.USD.EUR.SP00.A,D,USD,EUR,SP00,A,2025-09-05,1.1697
EXR.D.USD.EUR.SP00.A,D,USD,EUR,SP00,A,2025-09-08,1.1728
EXR.D.USD.EUR.SP00.A,D,USD,EUR,SP00,A,2025-09-09,1.1744
EXR.D.USD.EUR.SP00.A,D,USD,EUR,SP00,A,2025-09-10,1.1707
EXR.D.USD.EUR.SP00.A,D,USD,EUR,SP00,A,2025-09-11,1.1685
EXR.D.USD.EUR.SP00.A,D,USD,EUR,SP00,A,2025-09-12,1.1718
EXR.D.USD.EUR.SP00.A,D,USD,EUR,SP00,A,2025-09-15,1.1766
EXR.D.USD.EUR.SP00.A,D,USD,EUR,SP00,A,2025-09-16,1.1807
EXR.D.USD.EUR.SP00.A,D,USD,EUR,SP00,A,2025-09-17,1.1837
EXR.D.USD.EUR.SP00.A,D,USD,EUR,SP00,A,2025-09-18,1.1818
EXR.D.USD.EUR.SP00.A,D,USD,EUR,SP00,A,2025-09-19,1.1736
EXR.D.USD.EUR.SP00.A,D,USD,EUR,SP00,A,2025-09-22,1.1781
EXR.D.USD.EUR.SP00.A,D,USD,EUR,SP00,A,2025-09-23,1.1793
EXR.D.USD.EUR.SP00.A,D,USD,EUR,SP00,A,2025-09-24,1.1756
EXR.D.USD.EUR.SP00.A,D,USD,EUR,SP00,A,2025-09-25,1.1739
EXR.D.USD.EUR.SP00.A,D,USD,EUR,SP00,A,2025-09-26,1.1672
EXR.D.USD.EUR.SP00.A,D,USD,EUR,SP00,A,2025-09-29,1.1723
EXR.D.USD.EUR.SP00.A,D,USD,EUR,SP00,A,2025-09-30,1.1741
